netPnL,closeTime,openTime,tradeId,ticker,direction,setup,rMultiple,quantity,riskAmount,mae_r,mfe_r,mae_points,mfe_points,highestPrice,lowestPrice,plannedRR,entryPrice,exitPrice,stopLoss,takeProfit,commission_at_entry,spread_pips_at_entry,pip_value_at_entry,closeType,durationMinutes,status,originalRiskAmount,rewardToRiskRatio,mfe,mae,total_mfe_r,capture_ratio,management_gap,exit_timing_gap,would_have_won,exit_confirmed,dayOfWeek,hourOfEntry,hourOfExit,month,year,holdingTimeHours,holdingTimeMs,initial_sl,array_base_price,balance_at_creation,balance_at_exit,commission_total,planned_risk_pct,actual_risk_r,hasPartialCloses,hasMultipleTakeProfits,rulesFollowed,trading_session_id,sourceSessionName,bar_high_r,bar_low_r,bar_close_r,post_exit_bar_high_r,post_exit_bar_low_r,post_exit_bar_close_r
-21.47,2024-05-05T13:55:00.000Z,2024-05-05T07:36:00.000Z,22001,USDJPY,LONG,London Open Liquidity Scalp,-0.5221,0.35,41.12,-0.8794,0.4004,152.006,152.169,152.169,151.991,2.0,152.118,151.991,151.991,152.373,3.0,0.9,9.2,SL,379,closed,41.12,0.52,152.169,152.006,0.478,1.3039,0.2515,0.1758,true,true,Monday,7,13,May,2024,6.3167,22740000,151.991,152.118,10000.0,9978.53,6.0,0.4112,1.0,false,false,true,8801,London Open Liquidity Scalp — QA 200,"[0.1912, 0.306, 0.306, 0.306, 0.306, 0.306, 0.306, 0.306, 0.306, 0.4004, 0.4004, 0.4004, 0.4004, 0.4004, 0.4004, 0.4004, 0.4004, 0.4004, 0.4004, 0.4004, 0.4004, 0.4004, 0.4004, 0.4004, 0.4004, 0.4004, 0.4004, 0.4004, 0.4004, 0.4004, 0.4004, 0.4004, 0.4004, 0.4004, 0.4004, 0.4004, 0.4004, 0.4004, 0.4004, 0.4004, 0.4004, 0.4004, 0.4004, 0.4004, 0.4004, 0.4004, 0.4004, 0.4004, 0.4004, 0.4004, 0.4004, 0.4004, 0.4004, 0.4004, 0.4004, 0.4004, 0.4004, 0.4004, 0.4004, 0.4004, 0.4004, 0.4004, 0.4004, 0.4004, 0.4004, 0.4004, 0.4004, 0.4004, 0.4004, 0.4004, 0.4004, 0.4004, 0.4004, 0.4004, 0.5221]","[0.0285, 0.2276, 0.2276, 0.2276, 0.2276, 0.2659, 0.2963, 0.3412, 0.3412, 0.3412, 0.3412, 0.3412, 0.3847, 0.3847, 0.3847, 0.4164, 0.4164, 0.4164, 0.4164, 0.4164, 0.4164, 0.4164, 0.4778, 0.5251, 0.5251, 0.5251, 0.537, 0.5548, 0.5548, 0.5548, 0.5548, 0.5748, 0.5748, 0.5748, 0.5766, 0.5766, 0.5766, 0.6891, 0.6891, 0.6891, 0.6891, 0.7412, 0.7412, 0.7412, 0.7471, 0.7827, 0.7827, 0.7837, 0.7837, 0.7837, 0.7837, 0.7837, 0.7837, 0.8558, 0.8558, 0.8558, 0.8558, 0.8558, 0.8558, 0.8794, 0.8794, 0.8794, 0.8794, 0.8794, 0.8794, 0.8794, 0.8794, 0.8794, 0.8794, 0.8794, 0.8794, 0.8794, 0.8794, 0.8794, 0.8794]","[-0.0372, -0.0223, -0.0492, -0.009, -0.0213, -0.0391, -0.0433, -0.0465, -0.057, -0.098, -0.0504, -0.0463, -0.0488, -0.1395, -0.1315, -0.1041, -0.0923, -0.1425, -0.104, -0.136, -0.1392, -0.1597, -0.1867, -0.1858, -0.1733, -0.188, -0.1852, -0.2102, -0.2072, -0.1906, -0.2211, -0.247, -0.1886, -0.219, -0.2185, -0.2941, -0.2981, -0.2622, -0.3136, -0.2337, -0.3254, -0.3006, -0.2681, -0.2815, -0.2916, -0.2924, -0.3169, -0.3427, -0.3239, -0.3164, -0.3462, -0.3332, -0.3616, -0.3979, -0.3587, -0.3741, -0.3719, -0.4015, -0.4355, -0.413, -0.3879, -0.4054, -0.433, -0.4784, -0.413, -0.5004, -0.4488, -0.4344, -0.4477, -0.5287, -0.5167, -0.5243, -0.4728, -0.5283, -0.5221]","[0.4605, 0.4605, 0.4605, 0.4605, 0.4605, 0.4371, 0.4211, 0.3943, 0.4605, 0.4605, 0.4605, 0.4605, 0.4413, 0.4605, 0.4605, 0.4135, 0.4046, 0.4099, 0.4605, 0.4272, 0.4185, 0.4605, 0.4605, 0.4605, 0.4605]","[0.0095, 0.0862, 0.1085, 0.1185, 0.1387, 0.1806, 0.2403, 0.2415, 0.2511, 0.3302, 0.3822, 0.4522, 0.5223, 0.5695, 0.5942, 0.6063, 0.6642, 0.6828, 0.7087, 0.7818, 0.8399, 0.8853, 0.9532, 1.002, 1.0369]","[-0.342, -0.2898, -0.3556, -0.2877, -0.5111, -0.2305, -0.6482, -0.6373, -0.5405, -0.4333, -0.3397, -0.3056, -0.3091, -0.4772, -0.3488, -0.6125, -0.3557, -0.5724, -0.467, -0.2732, -0.4745, -0.4983, -0.7013, -0.2923, -0.2778]"
-1.02,2025-08-16T14:18:00.000Z,2025-08-16T08:47:00.000Z,22002,NQ,LONG,London Open Liquidity Scalp,-0.02,0.59,50.9,-0.117,1.618,18037.51786,18045.04064,18045.04064,18037.51786,2.0,18038.02516,18038.02516,18033.68927,18046.69695,4.5,0.75,5.0,BE,331,closed,50.9,0.02,18045.04064,18037.51786,1.6347,0.0124,1.598,0.2288,true,true,Monday,8,14,August,2025,5.5167,19860000,18033.68927,18038.02516,9978.53,9977.51,9.0,0.5101,1.0,false,false,false,8801,London Open Liquidity Scalp — QA 200,"[0.0785, 0.2906, 0.48, 0.6847, 0.6847, 0.6847, 0.825, 0.825, 0.8438, 0.9243, 0.9248, 1.2433, 1.2433, 1.2433, 1.342, 1.3445, 1.472, 1.618, 1.618, 1.618, 1.618, 1.618]","[0.0303, 0.117, 0.117, 0.117, 0.117, 0.117, 0.117, 0.117, 0.117, 0.117, 0.117, 0.117, 0.117, 0.117, 0.117, 0.117, 0.117, 0.117, 0.117, 0.117, 0.117, 0.117]","[-0.0317, 0.0192, -0.0194, -0.0045, 0.0363, -0.0462, 0.0365, 0.0299, -0.0463, -0.0124, -0.0361, -0.0254, -0.0392, -0.0136, 0.031, -0.0183, -0.0024, 0.027, -0.0431, -0.0367, -0.0175, -0.02]","[0.1279, 0.2257, 0.2172, 0.2874, 0.2994, 0.2612, 0.224, 0.1804, 0.2566, 0.2757, 0.2396, 0.2222, 0.3154, 0.2745, 0.3006, 0.2861, 0.3142, 0.3167, 0.4222, 0.3768, 0.4203, 0.4388, 0.5167, 0.5229, 0.5089]","[0.0752, 0.1242, 0.1624, 0.1914, 0.2258, 0.3006, 0.3685, 0.4149, 0.4735, 0.495, 0.5372, 0.562, 0.6281, 0.6367, 0.7053, 0.7518, 0.7773, 0.7924, 0.8145, 0.8925, 0.9519, 0.9549, 0.9777, 1.0334, 1.0701]","[0.1594, 0.2384, 0.0857, -0.1747, -0.191, 0.0004, -0.2149, 0.1509, -0.1527, 0.1079, 0.07, -0.0237, 0.1816, 0.2179, 0.048, -0.1036, -0.0159, -0.1098, -0.0462, -0.2064, -0.184, -0.1706, -0.1115, -0.0223, -0.0386]"
-51.94,2025-02-01T21:58:00.000Z,2025-02-01T15:02:00.000Z,22003,EURUSD,LONG,London Open Liquidity Scalp,-0.949,0.22,54.73,-1.0827,1.9137,1.08311,1.09048,1.09048,1.08311,2.0,1.08577,1.08343,1.08331,1.09069,3.0,0.8,10.0,STOP_OUT,416,closed,54.73,0.95,1.09048,1.08311,2.2409,0.4959,0.4044,0.0345,false,false,Monday,15,21,February,2025,6.9333,24960000,1.08331,1.08577,9977.51,9925.57,6.0,0.5485,1.0,false,false,false,8801,London Open Liquidity Scalp — QA 200,"[0.3017, 0.4435, 0.4435, 0.4435, 0.4934, 0.4934, 0.4934, 0.4934, 0.4934, 0.6371, 0.6371, 0.6371, 0.6371, 0.6371, 0.6371, 0.6371, 0.6371, 0.7804, 0.7804, 0.7804, 0.7804, 0.7804, 0.7804, 0.8134, 0.8134, 0.9329, 0.9329, 0.9329, 1.0348, 1.0348, 1.0348, 1.0348, 1.0348, 1.1971, 1.1971, 1.1971, 1.1971, 1.1971, 1.2728, 1.2728, 1.3203, 1.3203, 1.3203, 1.3203, 1.3203, 1.3203, 1.5219, 1.5219, 1.5219, 1.5219, 1.5219, 1.5219, 1.5219, 1.5406, 1.7066, 1.7066, 1.7066, 1.7408, 1.7408, 1.7408, 1.7408, 1.7408, 1.7408, 1.8831, 1.8831, 1.8999, 1.8999, 1.8999, 1.9137, 1.9137, 1.9137, 1.9137, 1.9137, 1.9137, 1.9137, 1.9137, 1.9137, 1.9137, 1.9137, 1.9137]","[0.1996, 0.1996, 0.1996, 0.226, 0.226, 0.226, 0.226, 0.3231, 0.3365, 0.3365, 0.3365, 0.3365, 0.3763, 0.3993, 0.3993, 0.3993, 0.3993, 0.3993, 0.4219, 0.5137, 0.5137, 0.5137, 0.5137, 0.5137, 0.5502, 0.5653, 0.5653, 0.5653, 0.6007, 0.6432, 0.6432, 0.6432, 0.664, 0.664, 0.664, 0.664, 0.664, 0.717, 0.717, 0.7533, 0.7533, 0.7533, 0.7533, 0.7533, 0.7533, 0.8109, 0.8109, 0.8109, 0.8954, 0.9248, 0.9248, 0.9384, 0.9384, 0.9384, 0.9384, 0.9384, 0.9384, 1.0143, 1.0143, 1.0143, 1.0143, 1.0395, 1.0827, 1.0827, 1.0827, 1.0827, 1.0827, 1.0827, 1.0827, 1.0827, 1.0827, 1.0827, 1.0827, 1.0827, 1.0827, 1.0827, 1.0827, 1.0827, 1.0827, 1.0827]","[0.0215, -0.0606, -0.0127, -0.03, -0.0584, -0.0789, -0.1118, -0.1098, -0.134, -0.0784, -0.1113, -0.1831, -0.1833, -0.1309, -0.1375, -0.2101, -0.1725, -0.2008, -0.2084, -0.275, -0.2365, -0.2794, -0.2494, -0.2593, -0.2747, -0.2883, -0.3254, -0.3352, -0.3137, -0.3306, -0.3431, -0.3421, -0.4187, -0.3597, -0.3727, -0.4681, -0.4657, -0.4866, -0.4606, -0.4722, -0.4493, -0.5308, -0.5544, -0.5015, -0.4981, -0.5647, -0.529, -0.5617, -0.5873, -0.5944, -0.5909, -0.5974, -0.6385, -0.6566, -0.64, -0.696, -0.6428, -0.6466, -0.6663, -0.684, -0.7412, -0.7716, -0.7728, -0.785, -0.7958, -0.8014, -0.8354, -0.8369, -0.7786, -0.8079, -0.8331, -0.8155, -0.8551, -0.8887, -0.8774, -0.9449, -0.9478, -0.9625, -0.9009, -0.949]","[0.9861, 1.0724, 1.054, 1.0975, 1.2022, 1.2988, 1.3908, 1.3901, 1.4255]","[0.0744, 0.1037, 0.1491, 0.187, 0.2491, 0.3161, 0.3875, 0.4319, 0.4585]","[-0.7643, -0.7115, -1.1088, -1.0852, -0.9089, -0.7091, -0.9948, -1.1103, -1.0191]"
37.99,2025-08-14T11:14:00.000Z,2025-08-14T10:32:00.000Z,22004,XAUUSD,LONG,London Open Liquidity Scalp,0.8044,1.85,47.23,-0.6918,2.0735,2041.964,2042.672,2042.672,2041.964,2.0,2042.141,2042.653,2041.885,2042.653,4.0,2.5,1.0,TP,42,closed,47.23,0.8,2042.672,2041.964,2.3095,0.3879,1.2691,0.316,false,false,Thursday,10,11,August,2025,0.7,2520000,2041.885,2042.141,9925.57,9963.56,8.0,0.4758,1.0,false,false,true,8801,London Open Liquidity Scalp — QA 200,"[0.6478, 0.6478, 1.0638, 1.1098, 1.5587, 1.734, 2.0735, 2.0735]","[0.1299, 0.1777, 0.4935, 0.4935, 0.6235, 0.6762, 0.6798, 0.6918]","[0.0633, 0.2401, 0.31, 0.437, 0.4591, 0.6178, 0.7193, 0.8044]","[0.9217, 0.9646, 0.9853, 0.9454, 0.9131, 1.0047, 0.9707, 0.9667, 0.9358, 0.9833, 0.9459, 0.8972, 0.9253, 0.9184, 0.9714, 0.9566, 0.9547]","[0.0672, 0.1012, 0.1091, 0.1174, 0.1788, 0.2312, 0.2761, 0.3215, 0.3443, 0.3588, 0.3894, 0.4376, 0.4578, 0.5314, 0.5782, 0.6096, 0.6853]","[0.8993, 0.9161, 0.9144, 0.777, 0.8699, 0.9004, 0.8305, 1.0178, 0.935, 0.643, 1.1036, 1.0095, 0.6795, 0.9189, 0.719, 0.7203, 0.9293]"
-46.79,2024-03-25T13:37:00.000Z,2024-03-25T07:13:00.000Z,22005,GBPUSD,LONG,London Open Liquidity Scalp,-0.9114,0.25,51.34,-0.6835,1.1784,1.26587,1.26973,1.26973,1.2654,3.0,1.26729,1.2654,1.26522,1.2735,3.5,1.2,10.0,MANUAL,384,closed,51.34,0.91,1.26973,1.26587,1.4456,0.7734,0.3094,0.0738,false,false,Monday,7,13,March,2024,6.4,23040000,1.26522,1.26729,9963.56,9916.77,7.0,0.5153,1.0,true,false,true,8801,London Open Liquidity Scalp — QA 200,"[0.2221, 0.404, 0.404, 0.404, 0.404, 0.5149, 0.5825, 0.7585, 0.7585, 0.8491, 0.8491, 0.8491, 0.9965, 0.9965, 1.0596, 1.0596, 1.1394, 1.1408, 1.1408, 1.1432, 1.1432, 1.1709, 1.1784, 1.1784, 1.1784]","[0.073, 0.2461, 0.2515, 0.2515, 0.2515, 0.2515, 0.2515, 0.3392, 0.3392, 0.3966, 0.4612, 0.4612, 0.5667, 0.5667, 0.6425, 0.6425, 0.6425, 0.6727, 0.6727, 0.6835, 0.6835, 0.6835, 0.6835, 0.6835, 0.6835]","[-0.0104, -0.0705, -0.1507, -0.1714, -0.2096, -0.2388, -0.2405, -0.3025, -0.3467, -0.3871, -0.3808, -0.4395, -0.464, -0.5462, -0.5601, -0.5391, -0.5933, -0.6178, -0.6845, -0.7367, -0.7519, -0.8085, -0.8342, -0.8893, -0.9114]","[0.9337, 0.9945, 0.985, 1.0198, 1.0903, 1.2103, 1.2203, 1.2007, 1.2996, 1.3552, 1.3552, 1.3552, 1.3552, 1.3402, 1.2954, 1.3552, 1.3552, 1.3552, 1.3552, 1.3552, 1.3552, 1.3375]","[0.0217, 0.0615, 0.0899, 0.139, 0.1401, 0.1774, 0.2094, 0.266, 0.3025, 0.3077, 0.3476, 0.4031, 0.4536, 0.4732, 0.4942, 0.5677, 0.6273, 0.6906, 0.7646, 0.8356, 0.8384, 0.8413]","[-0.7003, -0.9976, -0.6478, -0.6861, -0.7918, -1.0079, -0.6935, -0.8257, -0.8414, -0.6539, -1.0832, -0.7135, -0.6481, -0.9596, -0.7269, -0.9097, -1.0675, -0.6446, -0.7354, -1.0755, -0.9821, -0.7726]"
67.41,2025-10-23T16:38:00.000Z,2025-10-23T14:21:00.000Z,22006,XAUUSD,SHORT,London Open Liquidity Scalp,1.286,2.14,52.42,-0.8327,1.8143,2012.519,2011.87,2012.519,2011.87,3.0,2012.315,2012.0,2012.56,2011.579,4.0,2.5,1.0,Trailing SL,137,closed,52.42,1.29,2011.87,2012.519,1.8903,0.7088,0.5283,0.0302,false,true,Thursday,14,16,October,2025,2.2833,8220000,2012.56,2012.315,9916.77,9984.18,8.0,0.5286,1.0,false,false,true,8801,London Open Liquidity Scalp — QA 200,"[0.1952, 0.3993, 0.3993, 0.4631, 0.4631, 0.4631, 0.5145, 0.6948, 0.8377, 0.9043, 1.1177, 1.1738, 1.1738, 1.1939, 1.1939, 1.1939, 1.1939, 1.2738, 1.572, 1.572, 1.572, 1.7726, 1.7726, 1.8143, 1.8143, 1.8143, 1.8143]","[0.2519, 0.3115, 0.3115, 0.3115, 0.3379, 0.3379, 0.3379, 0.377, 0.4447, 0.4804, 0.4804, 0.5308, 0.5308, 0.578, 0.578, 0.578, 0.7068, 0.8004, 0.8004, 0.8004, 0.8004, 0.8004, 0.8004, 0.8327, 0.8327, 0.8327, 0.8327]","[0.089, 0.1339, 0.1698, 0.1705, 0.2105, 0.3196, 0.3284, 0.3692, 0.4642, 0.502, 0.5124, 0.56, 0.609, 0.624, 0.6813, 0.7273, 0.8471, 0.8422, 0.9314, 0.9681, 0.9963, 1.0544, 1.0991, 1.1299, 1.1513, 1.1966, 1.286]","[1.352, 1.3933, 1.4987, 1.5709, 1.5572, 1.6176, 1.7026, 1.7763, 1.7854, 1.7848, 1.8569, 1.925, 2.0106, 2.0282, 2.0702, 2.0864, 2.0864, 2.0864, 2.0864, 2.0594]","[0.0043, 0.0567, 0.0951, 0.1039, 0.1622, 0.2403, 0.2433, 0.2706, 0.3288, 0.3853, 0.4635, 0.519, 0.5819, 0.5888, 0.6438, 0.6713, 0.7243, 0.73, 0.7439, 0.8167]","[1.3564, 1.5292, 1.4643, 1.3317, 1.5069, 1.275, 1.5135, 1.326, 1.1951, 1.4516, 1.3354, 1.3908, 1.3747, 1.2087, 1.1936, 1.3937, 1.5078, 1.1342, 1.2621, 1.1845]"
88.15,2025-08-28T13:33:00.000Z,2025-08-28T07:19:00.000Z,22007,USDJPY,LONG,London Open Liquidity Scalp,1.6351,0.23,53.91,-0.8087,3.2899,148.293,149.32,149.32,148.293,2.0,148.496,148.997,148.246,148.997,3.0,0.9,9.2,TP,374,closed,53.91,1.64,149.32,148.293,3.4963,0.497,1.6548,0.2786,false,false,Thursday,7,13,August,2025,6.2333,22440000,148.246,148.496,9984.18,10072.33,6.0,0.54,1.0,false,false,true,8801,London Open Liquidity Scalp — QA 200,"[0.4206, 0.5289, 0.5289, 0.8044, 1.01, 1.01, 1.01, 1.4532, 1.517, 1.521, 1.5519, 1.7767, 1.9614, 2.1692, 2.1692, 2.343, 2.5731, 2.6296, 2.6296, 3.0357, 3.0527, 3.0795, 3.2899, 3.2899]","[0.1486, 0.3147, 0.3147, 0.3147, 0.3162, 0.3802, 0.4396, 0.4636, 0.4636, 0.4636, 0.4636, 0.4877, 0.4877, 0.5469, 0.6299, 0.666, 0.666, 0.8087, 0.8087, 0.8087, 0.8087, 0.8087, 0.8087, 0.8087]","[0.0989, 0.092, 0.2389, 0.3015, 0.3834, 0.4144, 0.4493, 0.5551, 0.6348, 0.6603, 0.7525, 0.8166, 0.8679, 0.9795, 1.033, 1.1158, 1.1399, 1.2157, 1.3191, 1.3956, 1.4298, 1.489, 1.5714, 1.6351]","[1.6363, 1.6178, 1.6815, 1.7282, 1.7823, 1.8123, 1.7989, 1.8446, 1.9307, 2.0178, 2.0458, 2.0266, 1.9894, 2.0471]","[0.0357, 0.1065, 0.1129, 0.1429, 0.1859, 0.196, 0.2576, 0.3014, 0.3331, 0.4116, 0.4398, 0.4903, 0.5424, 0.5965]","[1.6907, 1.568, 1.7102, 1.7587, 1.6306, 1.831, 1.5255, 1.6864, 1.4687, 1.8618, 1.6086, 1.8844, 1.4714, 1.7227]"
53.18,2025-05-05T19:59:00.000Z,2025-05-05T13:53:00.000Z,22008,EURUSD,SHORT,London Open Liquidity Scalp,1.2376,0.32,42.97,-0.6126,1.8961,1.0951,1.09178,1.0951,1.09178,1.5,1.09429,1.0923,1.09561,1.0923,3.0,0.8,10.0,TP,366,closed,42.97,1.24,1.09178,1.0951,2.1023,0.6527,0.6585,0.1263,false,true,Monday,13,19,May,2025,6.1,21960000,1.09561,1.09429,10072.33,10125.51,6.0,0.4266,1.0,true,false,true,8801,London Open Liquidity Scalp — QA 200,"[0.0438, 0.1845, 0.3499, 0.3499, 0.3499, 0.5073, 0.5073, 0.5073, 0.5073, 0.6257, 0.6257, 0.6257, 0.6257, 0.6257, 0.6257, 0.7838, 0.7838, 0.7838, 0.7838, 0.7838, 0.7838, 0.7838, 0.8391, 0.8391, 0.8567, 0.8873, 0.8973, 1.0167, 1.0167, 1.0167, 1.1312, 1.1312, 1.1312, 1.1376, 1.1376, 1.31, 1.31, 1.31, 1.3342, 1.3342, 1.4464, 1.4464, 1.4464, 1.4464, 1.4665, 1.4665, 1.4665, 1.4665, 1.4665, 1.4665, 1.6419, 1.6419, 1.6904, 1.7978, 1.7978, 1.7978, 1.7978, 1.7978, 1.7978, 1.8961, 1.8961, 1.8961, 1.8961, 1.8961, 1.8961, 1.8961, 1.8961, 1.8961, 1.8961, 1.8961, 1.8961, 1.8961, 1.8961]","[0.0295, 0.1568, 0.2493, 0.279, 0.279, 0.279, 0.279, 0.279, 0.279, 0.279, 0.279, 0.279, 0.279, 0.279, 0.279, 0.279, 0.279, 0.3543, 0.3543, 0.3636, 0.3636, 0.3636, 0.3636, 0.4475, 0.4475, 0.4475, 0.4625, 0.469, 0.469, 0.469, 0.469, 0.469, 0.469, 0.5293, 0.5293, 0.5293, 0.5293, 0.5293, 0.5293, 0.5293, 0.5293, 0.5293, 0.5669, 0.5669, 0.5669, 0.5669, 0.5669, 0.6054, 0.6054, 0.6054, 0.6054, 0.6054, 0.6126, 0.6126, 0.6126, 0.6126, 0.6126, 0.6126, 0.6126, 0.6126, 0.6126, 0.6126, 0.6126, 0.6126, 0.6126, 0.6126, 0.6126, 0.6126, 0.6126, 0.6126, 0.6126, 0.6126, 0.6126]","[-0.0197, 0.0162, 0.0618, 0.0557, 0.0411, 0.1345, 0.0976, 0.1438, 0.1439, 0.1862, 0.1616, 0.1801, 0.2326, 0.2574, 0.2386, 0.3015, 0.3013, 0.2741, 0.305, 0.3218, 0.3355, 0.4161, 0.3468, 0.3699, 0.3929, 0.4692, 0.4971, 0.444, 0.4499, 0.5282, 0.5083, 0.558, 0.5489, 0.5379, 0.6003, 0.5857, 0.5908, 0.6844, 0.6591, 0.6533, 0.6688, 0.6967, 0.7607, 0.7199, 0.7359, 0.821, 0.8331, 0.8229, 0.8362, 0.8195, 0.8221, 0.899, 0.9161, 0.9101, 0.9658, 0.9352, 0.9793, 0.9462, 1.0055, 0.9856, 1.0372, 1.0158, 1.0412, 1.0565, 1.1152, 1.1298, 1.1127, 1.1231, 1.1978, 1.2076, 1.16, 1.247, 1.2376]","[1.2768, 1.2558, 1.3373, 1.3493, 1.3992, 1.3705]","[0.0347, 0.1049, 0.1452, 0.2163, 0.2957, 0.2991]","[1.3246, 1.3466, 1.3955, 1.3091, 1.4065, 1.2296]"
91.36,2024-09-01T16:00:00.000Z,2024-09-01T09:27:00.000Z,22009,EURUSD,LONG,London Open Liquidity Scalp,1.7134,0.2,53.32,-0.4527,3.4411,1.0813,1.09168,1.09168,1.0813,2.5,1.08251,1.08708,1.07984,1.08918,3.0,0.8,10.0,Trailing SL,393,closed,53.32,1.71,1.09168,1.0813,3.4728,0.4979,1.7277,0.1163,false,true,Monday,9,16,September,2024,6.55,23580000,1.07984,1.08251,10125.51,10216.87,6.0,0.5266,1.0,false,true,false,8801,London Open Liquidity Scalp — QA 200,"[0.101, 0.266, 0.266, 0.358, 0.358, 0.4898, 0.4898, 0.5711, 0.5711, 0.5711, 0.6867, 0.8499, 0.8499, 0.8499, 0.8938, 1.0531, 1.0531, 1.0716, 1.0716, 1.2203, 1.2203, 1.2746, 1.3687, 1.3687, 1.4276, 1.4276, 1.4579, 1.4579, 1.465, 1.465, 1.6595, 1.6595, 1.688, 1.688, 1.688, 1.8305, 1.8305, 1.872, 1.872, 1.872, 1.872, 1.9215, 2.2465, 2.2519, 2.2519, 2.2519, 2.3776, 2.3776, 2.3776, 2.3776, 2.468, 2.4999, 2.4999, 2.4999, 2.4999, 2.6014, 2.6014, 2.8902, 2.8902, 2.8902, 2.8902, 2.8902, 2.8902, 3.0906, 3.0906, 3.0906, 3.0906, 3.3226, 3.3226, 3.3226, 3.3226, 3.3226, 3.3226, 3.4411, 3.4411, 3.4411, 3.4411, 3.4411, 3.4411, 3.4411]","[0.1708, 0.2158, 0.2158, 0.2158, 0.2331, 0.2331, 0.2331, 0.2331, 0.2331, 0.2791, 0.2791, 0.2791, 0.2791, 0.2791, 0.2791, 0.2791, 0.2791, 0.2791, 0.2791, 0.3622, 0.3622, 0.3622, 0.3622, 0.3622, 0.3622, 0.3714, 0.3714, 0.3714, 0.3714, 0.3714, 0.3714, 0.4167, 0.4167, 0.4167, 0.4167, 0.4167, 0.4167, 0.4167, 0.4167, 0.4167, 0.4247, 0.4247, 0.4247, 0.4247, 0.4247, 0.4247, 0.4247, 0.4527, 0.4527, 0.4527, 0.4527, 0.4527, 0.4527, 0.4527, 0.4527, 0.4527, 0.4527, 0.4527, 0.4527, 0.4527, 0.4527, 0.4527, 0.4527, 0.4527, 0.4527, 0.4527, 0.4527, 0.4527, 0.4527, 0.4527, 0.4527, 0.4527, 0.4527, 0.4527, 0.4527, 0.4527, 0.4527, 0.4527, 0.4527, 0.4527]","[0.0602, 0.0043, 0.1041, 0.1214, 0.0966, 0.1303, 0.1145, 0.1736, 0.2021, 0.2072, 0.2367, 0.2409, 0.264, 0.3355, 0.3153, 0.3228, 0.376, 0.3545, 0.4421, 0.4225, 0.4101, 0.4375, 0.5301, 0.4895, 0.5623, 0.5198, 0.5876, 0.6258, 0.6494, 0.6768, 0.6508, 0.6739, 0.708, 0.7074, 0.7728, 0.7508, 0.83, 0.8049, 0.8325, 0.8265, 0.8509, 0.8641, 0.9217, 0.9014, 0.9422, 0.9975, 0.9687, 1.0178, 1.0408, 1.1153, 1.1351, 1.097, 1.109, 1.1698, 1.1702, 1.2336, 1.248, 1.2329, 1.2564, 1.3106, 1.3186, 1.324, 1.3823, 1.3642, 1.4054, 1.438, 1.3946, 1.4563, 1.4615, 1.4832, 1.4934, 1.5651, 1.5354, 1.5825, 1.6483, 1.6107, 1.6309, 1.6366, 1.6962, 1.7134]","[1.6695, 1.7141, 1.8067, 1.9142, 1.9676, 2.0298, 2.0603, 2.0284, 2.1213, 2.1843, 2.2976, 2.3506, 2.3322, 2.3418]","[0.0473, 0.0656, 0.1218, 0.1903, 0.2153, 0.261, 0.2876, 0.34, 0.3562, 0.3629, 0.4276, 0.4928, 0.5372, 0.5486]","[1.7184, 1.8323, 1.9023, 1.9115, 1.9751, 1.7646, 1.9581, 1.5455, 1.6554, 1.7976, 1.7595, 1.7496, 1.89, 1.701]"
2.15,2024-08-28T11:29:00.000Z,2024-08-28T10:41:00.000Z,22010,XAUUSD,LONG,London Open Liquidity Scalp,0.0418,1.89,51.46,-0.1355,0.8877,2039.492,2039.771,2039.771,2039.492,3.0,2039.529,2039.529,2039.256,2040.347,4.0,2.5,1.0,BE,48,closed,51.46,0.04,2039.771,2039.492,1.0402,0.0471,0.8459,0.3431,false,false,Wednesday,10,11,August,2024,0.8,2880000,2039.256,2039.529,10216.87,10219.02,8.0,0.5037,1.0,false,false,true,8801,London Open Liquidity Scalp — QA 200,"[0.1341, 0.3427, 0.4008, 0.7272, 0.7272, 0.7272, 0.7272, 0.8877, 0.8877]","[0.1355, 0.1355, 0.1355, 0.1355, 0.1355, 0.1355, 0.1355, 0.1355, 0.1355]","[0.0055, -0.0199, 0.0093, 0.052, 0.0575, 0.0572, 0.0116, 0.0556, 0.0418]","[0.0851, 0.1327, 0.1657, 0.2381, 0.3503, 0.3932, 0.375, 0.404, 0.4802, 0.4721, 0.4703, 0.5427, 0.5471, 0.5166]","[0.0129, 0.03, 0.0779, 0.1133, 0.1859, 0.1995, 0.277, 0.2907, 0.355, 0.3703, 0.3732, 0.4105, 0.4877, 0.501]","[-0.0382, 0.209, 0.3403, 0.0562, -0.113, 0.2215, -0.0383, 0.311, -0.0505, 0.1324, 0.2601, 0.0059, -0.0519, 0.3283]"
2.76,2024-12-05T13:58:00.000Z,2024-12-05T09:06:00.000Z,22011,USDJPY,LONG,London Open Liquidity Scalp,0.0651,0.26,42.39,-0.1553,1.7361,145.989,146.323,146.323,145.989,2.0,146.016,146.016,145.839,146.369,3.0,0.9,9.2,BE,292,closed,42.39,0.07,146.323,145.989,1.8267,0.0375,1.671,0.0427,false,true,Thursday,9,13,December,2024,4.8667,17520000,145.839,146.016,10219.02,10221.78,6.0,0.4148,1.0,false,false,true,8801,London Open Liquidity Scalp — QA 200,"[0.2404, 0.3184, 0.4206, 0.4206, 0.4206, 0.4206, 0.5471, 0.548, 0.5773, 0.5773, 0.5773, 0.5773, 0.5773, 0.6448, 0.6448, 0.6448, 0.6448, 0.6448, 0.6448, 0.6448, 0.6448, 0.6448, 0.7691, 0.7691, 0.7691, 0.7691, 0.9167, 0.9167, 0.9167, 0.9331, 0.9584, 0.9677, 0.9677, 0.9677, 1.0437, 1.1674, 1.1674, 1.1674, 1.1674, 1.2451, 1.2451, 1.2451, 1.2451, 1.316, 1.3312, 1.3312, 1.3312, 1.3469, 1.3871, 1.3871, 1.4697, 1.4697, 1.5411, 1.5411, 1.5411, 1.5411, 1.5411, 1.5411, 1.5411, 1.5643, 1.6204, 1.6754, 1.6754, 1.6754, 1.6754, 1.6754, 1.6965, 1.6965, 1.7361, 1.7361, 1.7361, 1.7361, 1.7361, 1.7361, 1.7361, 1.7361, 1.7361, 1.7361, 1.7361, 1.7361]","[0.1132, 0.1214, 0.1214, 0.1214, 0.1214, 0.1553, 0.1553, 0.1553, 0.1553, 0.1553, 0.1553, 0.1553, 0.1553, 0.1553, 0.1553, 0.1553, 0.1553, 0.1553, 0.1553, 0.1553, 0.1553, 0.1553, 0.1553, 0.1553, 0.1553, 0.1553, 0.1553, 0.1553, 0.1553, 0.1553, 0.1553, 0.1553, 0.1553, 0.1553, 0.1553, 0.1553, 0.1553, 0.1553, 0.1553, 0.1553, 0.1553, 0.1553, 0.1553, 0.1553, 0.1553, 0.1553, 0.1553, 0.1553, 0.1553, 0.1553, 0.1553, 0.1553, 0.1553, 0.1553, 0.1553, 0.1553, 0.1553, 0.1553, 0.1553, 0.1553, 0.1553, 0.1553, 0.1553, 0.1553, 0.1553, 0.1553, 0.1553, 0.1553, 0.1553, 0.1553, 0.1553, 0.1553, 0.1553, 0.1553, 0.1553, 0.1553, 0.1553, 0.1553, 0.1553, 0.1553]","[0.0206, 0.0342, 0.0244, -0.0078, -0.0221, 0.0361, -0.0111, 0.0313, 0.0276, -0.0093, -0.0081, 0.0154, 0.0228, -0.0298, 0.0397, 0.0475, 0.0503, 0.0122, 0.0069, 0.0445, 0.0432, -0.0154, 0.0548, 0.034, -0.0004, 0.0043, 0.0373, 0.0194, 0.0478, 0.0225, 0.0361, 0.0263, 0.0604, 0.041, -0.0044, 0.0641, 0.0715, 0.0679, 0.0531, 0.0563, 0.0269, -0.0079, -0.0032, 0.0349, 0.025, 0.0402, 0.0639, 0.0388, 0.0017, 0.0659, 0.0177, 0.0441, 0.0609, 0.0883, 0.0525, 0.0252, 0.0429, 0.0722, 0.0068, 0.0831, 0.0364, 0.0862, 0.0932, 0.0756, 0.0638, 0.0707, 0.0835, 0.0542, 0.0419, 0.0427, 0.0595, 0.0283, 0.0763, 0.0381, 0.0897, 0.0264, 0.0492, 0.044, 0.0654, 0.0651]","[0.1497, 0.196, 0.199, 0.2291, 0.3001, 0.2519, 0.2299, 0.2801, 0.3986, 0.4939, 0.5134, 0.5853, 0.6075, 0.7231, 0.685, 0.7586, 0.8411, 0.911, 0.9223, 0.881, 0.9774]","[0.0012, 0.0046, 0.028, 0.1068, 0.1195, 0.167, 0.2015, 0.2053, 0.2682, 0.325, 0.3285, 0.4018, 0.4031, 0.4598, 0.4726, 0.5283, 0.6005, 0.6303, 0.7009, 0.7417, 0.7698]","[0.0734, 0.1852, -0.1073, 0.3376, 0.3459, 0.299, 0.3042, 0.2738, 0.3307, -0.134, 0.1619, 0.0385, 0.2648, 0.3628, 0.2598, -0.129, -0.1193, 0.0081, 0.3236, 0.02, 0.364]"
-20.55,2024-06-12T13:23:00.000Z,2024-06-12T10:08:00.000Z,22012,NQ,LONG,London Open Liquidity Scalp,-0.4623,0.32,44.45,-0.4937,0.9666,18259.07533,18269.18448,18269.18448,18255.57012,3.0,18262.49291,18255.57012,18255.57012,18283.26129,4.5,0.75,5.0,SL,195,closed,44.45,0.46,18269.18448,18259.07533,1.2923,0.4783,0.3973,0.0481,false,false,Wednesday,10,13,June,2024,3.25,11700000,18255.57012,18262.49291,10221.78,10201.23,9.0,0.4349,1.0,false,false,true,8801,London Open Liquidity Scalp — QA 200,"[0.409, 0.409, 0.409, 0.437, 0.4454, 0.479, 0.5226, 0.6894, 0.6894, 0.9666, 0.9666, 0.9666, 0.9666]","[0.1143, 0.2042, 0.2897, 0.2897, 0.2897, 0.4548, 0.4834, 0.4834, 0.4834, 0.4834, 0.4834, 0.4937, 0.4937]","[-0.0288, -0.1028, -0.1172, -0.1814, -0.1783, -0.1726, -0.2687, -0.3123, -0.3171, -0.3891, -0.361, -0.4265, -0.4623]","[0.578, 0.5308, 0.6231, 0.6988, 0.7682]","[0.0766, 0.1131, 0.1419, 0.1654, 0.1803]","[-0.5121, -0.4889, -0.2186, -0.3966, -0.23]"
126.24,2025-04-02T16:41:00.000Z,2025-04-02T10:48:00.000Z,22013,XAUUSD,LONG,London Open Liquidity Scalp,2.3632,2.96,53.42,-0.4996,3.4042,2045.052,2045.757,2045.757,2045.052,2.5,2045.142,2045.594,2044.961,2045.594,4.0,2.5,1.0,TP,353,closed,53.42,2.36,2045.757,2045.052,3.4728,0.6942,1.041,0.3303,false,true,Wednesday,10,16,April,2025,5.8833,21180000,2044.961,2045.142,10201.23,10327.47,8.0,0.5237,1.0,true,false,true,8801,London Open Liquidity Scalp — QA 200,"[0.4585, 0.6891, 0.6891, 0.6891, 0.8279, 1.2763, 1.3197, 1.4638, 1.7256, 1.7605, 1.7998, 2.1164, 2.2384, 2.2722, 2.434, 2.5172, 2.8121, 3.0476, 3.0476, 3.3355, 3.3614, 3.4042, 3.4042]","[0.1043, 0.1043, 0.14, 0.3145, 0.3443, 0.3725, 0.3725, 0.417, 0.417, 0.417, 0.417, 0.4233, 0.4996, 0.4996, 0.4996, 0.4996, 0.4996, 0.4996, 0.4996, 0.4996, 0.4996, 0.4996, 0.4996]","[0.0601, 0.2218, 0.3112, 0.4474, 0.5328, 0.6398, 0.7549, 0.8159, 0.9505, 1.0425, 1.1399, 1.2172, 1.2908, 1.4146, 1.5346, 1.6314, 1.7573, 1.8087, 1.9407, 2.0705, 2.1903, 2.3046, 2.3632]","[2.319, 2.333, 2.3333, 2.2934, 2.2902, 2.3401]","[0.0283, 0.0415, 0.1038, 0.1577, 0.1669, 0.2325]","[2.2337, 2.2803, 2.4962, 2.4509, 2.4403, 2.1849]"
81.52,2024-07-23T14:57:00.000Z,2024-07-23T13:49:00.000Z,22014,XAUUSD,LONG,London Open Liquidity Scalp,1.5254,3.16,53.44,-0.291,2.1962,2068.428,2068.848,2068.848,2068.428,2.0,2068.477,2068.815,2068.308,2068.815,4.0,2.5,1.0,TP,68,closed,53.44,1.53,2068.848,2068.428,2.3222,0.6946,0.6708,0.0325,false,false,Tuesday,13,14,July,2024,1.1333,4080000,2068.308,2068.477,10327.47,10408.99,8.0,0.5175,1.0,false,false,true,8801,London Open Liquidity Scalp — QA 200,"[0.2106, 0.2106, 0.3864, 0.3864, 0.3864, 0.3864, 0.3864, 0.4699, 0.5942, 0.5942, 0.5942, 0.7426, 0.7426, 0.8089, 0.8089, 0.8089, 0.9447, 0.9592, 0.9592, 1.0277, 1.0277, 1.0277, 1.0893, 1.0893, 1.1192, 1.1219, 1.1659, 1.2916, 1.2916, 1.2916, 1.2916, 1.2916, 1.3593, 1.3593, 1.4276, 1.4276, 1.4276, 1.6077, 1.6077, 1.6807, 1.6807, 1.6807, 1.6807, 1.6807, 1.8278, 1.8278, 1.8278, 1.8278, 1.8278, 1.8278, 1.9819, 1.9819, 2.1006, 2.1006, 2.1006, 2.1544, 2.1544, 2.1544, 2.1962, 2.1962, 2.1962, 2.1962, 2.1962, 2.1962, 2.1962, 2.1962, 2.1962, 2.1962]","[0.1375, 0.1375, 0.1375, 0.2439, 0.2656, 0.2656, 0.2656, 0.2656, 0.2669, 0.2669, 0.2669, 0.2669, 0.2669, 0.2669, 0.2669, 0.2669, 0.2669, 0.2669, 0.2669, 0.291, 0.291, 0.291, 0.291, 0.291, 0.291, 0.291, 0.291, 0.291, 0.291, 0.291, 0.291, 0.291, 0.291, 0.291, 0.291, 0.291, 0.291, 0.291, 0.291, 0.291, 0.291, 0.291, 0.291, 0.291, 0.291, 0.291, 0.291, 0.291, 0.291, 0.291, 0.291, 0.291, 0.291, 0.291, 0.291, 0.291, 0.291, 0.291, 0.291, 0.291, 0.291, 0.291, 0.291, 0.291, 0.291, 0.291, 0.291, 0.291]","[0.058, 0.0701, 0.0872, 0.1014, 0.1146, 0.1237, 0.1889, 0.1455, 0.1768, 0.2188, 0.212, 0.2254, 0.2828, 0.2954, 0.292, 0.3724, 0.3786, 0.4077, 0.392, 0.4835, 0.4623, 0.4508, 0.5548, 0.5239, 0.5329, 0.5463, 0.6146, 0.6388, 0.6787, 0.6835, 0.7399, 0.7119, 0.7007, 0.7456, 0.8018, 0.8157, 0.8102, 0.8451, 0.867, 0.8966, 0.9087, 0.9827, 0.9196, 1.0151, 1.0345, 1.0498, 1.0603, 1.0741, 1.1332, 1.1459, 1.1031, 1.1811, 1.2166, 1.244, 1.275, 1.2289, 1.2426, 1.2846, 1.2884, 1.3335, 1.3769, 1.4002, 1.4576, 1.4096, 1.4259, 1.5111, 1.5021, 1.5254]","[1.6026, 1.6245, 1.5909, 1.6436, 1.6074, 1.6169, 1.5816, 1.5406, 1.6233, 1.6901]","[0.0059, 0.013, 0.059, 0.109, 0.1563, 0.1855, 0.1919, 0.2423, 0.2969, 0.3679]","[1.7129, 1.78, 1.7149, 1.4199, 1.5699, 1.5176, 1.3271, 1.7351, 1.4693, 1.7035]"
108.46,2025-05-08T18:09:00.000Z,2025-05-08T15:40:00.000Z,22015,GBPUSD,LONG,London Open Liquidity Scalp,2.583,0.25,41.99,-0.3553,3.0583,1.28138,1.28701,1.28701,1.28138,3.0,1.28197,1.28692,1.28032,1.28692,3.5,1.2,10.0,TP,149,closed,41.99,2.58,1.28701,1.28138,3.3284,0.8446,0.4753,0.1215,false,true,Thursday,15,18,May,2025,2.4833,8940000,1.28032,1.28197,10408.99,10517.45,7.0,0.4034,1.0,false,false,true,8801,London Open Liquidity Scalp — QA 200,"[0.6552, 0.7911, 1.3603, 1.5573, 1.8875, 2.288, 2.561, 2.8568, 3.0583]","[0.0992, 0.117, 0.157, 0.3047, 0.3047, 0.3553, 0.3553, 0.3553, 0.3553]","[0.2501, 0.5731, 0.8435, 1.1783, 1.4175, 1.7271, 2.0176, 2.2939, 2.583]","[2.553, 2.592, 2.5531, 2.5956, 2.6061, 2.596, 2.5857, 2.6568, 2.6618, 2.7156, 2.7984, 2.753, 2.7795, 2.849, 2.823, 2.8729, 2.9278, 3.0278]","[0.0289, 0.0478, 0.1028, 0.1645, 0.1954, 0.1973, 0.2275, 0.2698, 0.2965, 0.3185, 0.3819, 0.3854, 0.448, 0.5213, 0.5938, 0.6076, 0.6613, 0.6623]","[2.5742, 2.8355, 2.6483, 2.395, 2.6464, 2.4252, 2.7352, 2.5489, 2.681, 2.8304, 2.4255, 2.7135, 2.7152, 2.6752, 2.4792, 2.4948, 2.4223, 2.5978]"
54.6,2024-05-10T17:10:00.000Z,2024-05-10T13:11:00.000Z,22016,XAUUSD,LONG,London Open Liquidity Scalp,1.0128,2.48,53.91,-0.7684,2.4907,2004.228,2004.937,2004.937,2004.228,2.0,2004.395,2004.615,2004.177,2004.83,4.0,2.5,1.0,MANUAL,239,closed,53.91,1.01,2004.937,2004.228,2.7977,0.4066,1.4779,0.2058,false,true,Friday,13,17,May,2024,3.9833,14340000,2004.177,2004.395,10517.45,10572.05,8.0,0.5126,1.0,false,false,true,8801,London Open Liquidity Scalp — QA 200,"[0.3381, 0.3381, 0.3381, 0.3381, 0.5338, 0.5338, 0.5912, 0.5912, 0.5912, 0.5912, 0.5912, 0.5912, 0.7456, 0.7456, 0.7456, 0.7456, 0.7456, 0.7914, 0.7914, 0.8698, 0.9656, 1.0409, 1.1003, 1.1003, 1.1003, 1.1003, 1.1003, 1.1003, 1.1003, 1.1003, 1.1003, 1.1003, 1.1349, 1.1349, 1.3993, 1.514, 1.514, 1.514, 1.514, 1.5445, 1.5445, 1.5955, 1.5955, 1.649, 1.7232, 1.7232, 1.7232, 1.7232, 1.7415, 1.7415, 1.7785, 1.8414, 2.0344, 2.0344, 2.0344, 2.0344, 2.1225, 2.1225, 2.1225, 2.1225, 2.1225, 2.3279, 2.3279, 2.3517, 2.3517, 2.4112, 2.4112, 2.4788, 2.4788, 2.4788, 2.4788, 2.4788, 2.4907, 2.4907, 2.4907, 2.4907, 2.4907, 2.4907, 2.4907, 2.4907]","[0.0529, 0.072, 0.1365, 0.1365, 0.1893, 0.216, 0.216, 0.216, 0.216, 0.216, 0.3346, 0.3346, 0.3346, 0.3346, 0.3346, 0.3781, 0.3781, 0.3781, 0.3793, 0.4199, 0.4199, 0.4199, 0.4682, 0.4682, 0.4682, 0.4682, 0.4682, 0.4682, 0.516, 0.516, 0.5438, 0.5438, 0.5438, 0.5438, 0.5695, 0.5695, 0.5695, 0.5856, 0.5856, 0.5856, 0.5856, 0.5988, 0.5988, 0.5988, 0.6702, 0.6702, 0.6702, 0.6702, 0.6702, 0.6702, 0.6702, 0.6702, 0.6702, 0.6702, 0.6702, 0.6702, 0.7584, 0.7584, 0.7584, 0.7684, 0.7684, 0.7684, 0.7684, 0.7684, 0.7684, 0.7684, 0.7684, 0.7684, 0.7684, 0.7684, 0.7684, 0.7684, 0.7684, 0.7684, 0.7684, 0.7684, 0.7684, 0.7684, 0.7684, 0.7684]","[-0.0026, 0.0203, 0.006, 0.0245, 0.098, 0.1144, 0.0936, 0.0692, 0.1265, 0.1157, 0.1731, 0.1467, 0.1903, 0.141, 0.1742, 0.1605, 0.2478, 0.2134, 0.2038, 0.2361, 0.2479, 0.2421, 0.2637, 0.3422, 0.3241, 0.2976, 0.3231, 0.3282, 0.3561, 0.4011, 0.3941, 0.3636, 0.4302, 0.4187, 0.41, 0.4422, 0.4683, 0.4817, 0.5053, 0.4888, 0.5584, 0.574, 0.5519, 0.572, 0.5489, 0.5901, 0.6153, 0.6055, 0.5844, 0.656, 0.6523, 0.6954, 0.6793, 0.6771, 0.7037, 0.6871, 0.686, 0.6939, 0.7205, 0.7191, 0.7843, 0.7686, 0.8187, 0.8425, 0.8475, 0.8173, 0.8248, 0.8166, 0.8605, 0.8757, 0.942, 0.9335, 0.8872, 0.9169, 0.9242, 0.9241, 1.0168, 0.9613, 0.9999, 1.0128]","[1.1135, 1.1659, 1.2315, 1.2247, 1.3038, 1.4093, 1.4006, 1.5023, 1.4538, 1.5616, 1.534]","[0.0353, 0.0437, 0.1218, 0.1679, 0.213, 0.2357, 0.2728, 0.3274, 0.3737, 0.4056, 0.4453]","[1.1033, 1.1572, 1.0834, 1.3114, 1.2832, 0.9049, 0.9168, 1.0273, 1.2012, 1.0076, 1.056]"
-21.87,2024-03-15T11:11:00.000Z,2024-03-15T07:58:00.000Z,22017,GBPUSD,SHORT,London Open Liquidity Scalp,-0.5272,0.22,41.48,-0.4667,0.4115,1.23626,1.23461,1.23726,1.23461,2.5,1.23538,1.23726,1.23726,1.23068,3.5,1.2,10.0,SL,193,closed,41.48,0.53,1.23461,1.23626,0.6041,1.2812,0.1509,0.2434,true,true,Friday,7,11,March,2024,3.2167,11580000,1.23726,1.23538,10572.05,10550.18,7.0,0.3924,1.0,false,false,true,8801,London Open Liquidity Scalp — QA 200,"[0.1672, 0.21, 0.21, 0.4107, 0.4107, 0.4107, 0.4115, 0.4115, 0.4115, 0.4115, 0.4115, 0.5272]","[0.1792, 0.3161, 0.3161, 0.3161, 0.3161, 0.3701, 0.4667, 0.4667, 0.4667, 0.4667, 0.4667, 0.4667]","[-0.0466, -0.0972, -0.1257, -0.1625, -0.1966, -0.2977, -0.3173, -0.3429, -0.3701, -0.4742, -0.5199, -0.5272]","[0.4732, 0.4732, 0.4732, 0.4732, 0.4732, 0.4732, 0.4658, 0.4432, 0.4732, 0.4732, 0.4489, 0.4732, 0.4237, 0.4732, 0.4612, 0.4732, 0.4732, 0.4732]","[0.0521, 0.0611, 0.0652, 0.0955, 0.1723, 0.2443, 0.2748, 0.282, 0.3517, 0.3896, 0.3912, 0.4094, 0.443, 0.5126, 0.5505, 0.5581, 0.5777, 0.6438]","[-0.3389, -0.6127, -0.3231, -0.5071, -0.7163, -0.3679, -0.2366, -0.6079, -0.6827, -0.6691, -0.5195, -0.5773, -0.5286, -0.5021, -0.5589, -0.3969, -0.5301, -0.3001]"
-45.07,2025-07-23T13:51:00.000Z,2025-07-23T09:12:00.000Z,22018,XAUUSD,LONG,London Open Liquidity Scalp,-0.9335,3.06,48.28,-0.7001,1.8852,2057.456,2057.864,2057.864,2057.419,2.0,2057.566,2057.419,2057.408,2057.882,4.0,2.5,1.0,STOP_OUT,279,closed,48.28,0.93,2057.864,2057.456,1.9794,0.4952,0.1846,0.0835,false,true,Wednesday,9,13,July,2025,4.65,16740000,2057.408,2057.566,10550.18,10505.11,8.0,0.4576,1.0,true,false,false,8801,London Open Liquidity Scalp — QA 200,"[0.3648, 0.3648, 0.6162, 0.6474, 0.8297, 0.8297, 0.9962, 1.1484, 1.1484, 1.334, 1.334, 1.5319, 1.5319, 1.7923, 1.8236, 1.8852, 1.8852, 1.8852]","[0.1051, 0.1867, 0.2565, 0.2619, 0.357, 0.357, 0.4851, 0.4851, 0.4851, 0.4851, 0.5409, 0.5925, 0.7001, 0.7001, 0.7001, 0.7001, 0.7001, 0.7001]","[-0.0104, -0.0844, -0.1543, -0.2006, -0.2752, -0.3001, -0.3794, -0.4543, -0.5035, -0.4798, -0.5744, -0.5947, -0.7103, -0.7427, -0.7933, -0.816, -0.9088, -0.9335]","[0.8921, 0.9916, 1.0041, 1.0002, 1.0997]","[0.0557, 0.1203, 0.1326, 0.1476, 0.1831]","[-1.0688, -1.0921, -1.0681, -0.6806, -1.0875]"
-39.74,2024-05-10T16:46:00.000Z,2024-05-10T15:45:00.000Z,22019,EURUSD,LONG,London Open Liquidity Scalp,-0.7835,0.19,50.72,-0.8179,0.5715,1.07739,1.08113,1.08113,1.0769,1.5,1.07959,1.0769,1.0769,1.08363,3.0,0.8,10.0,SL,61,closed,50.72,0.78,1.08113,1.07739,0.6557,1.371,0.5389,0.3051,true,false,Friday,15,16,May,2024,1.0167,3660000,1.0769,1.07959,10505.11,10465.37,6.0,0.4828,1.0,true,true,false,8801,London Open Liquidity Scalp — QA 200,"[0.3412, 0.3412, 0.3448, 0.5715, 0.5715, 0.5715, 0.5715, 0.5715, 0.5715, 0.5715, 0.5715, 0.7835]","[0.3004, 0.3004, 0.3004, 0.4193, 0.4922, 0.4922, 0.4922, 0.5694, 0.66, 0.7758, 0.8179, 0.8179]","[-0.0611, -0.0962, -0.2007, -0.271, -0.288, -0.3933, -0.4787, -0.5347, -0.6006, -0.6741, -0.6955, -0.7835]","[0.6572, 0.6572, 0.6572, 0.6572, 0.6476, 0.6572, 0.6572, 0.6192, 0.6572, 0.6572, 0.6572]","[0.0323, 0.1073, 0.1603, 0.2072, 0.2798, 0.3535, 0.3963, 0.4032, 0.4298, 0.4457, 0.5092]","[-0.7455, -0.5807, -0.8986, -0.88, -0.6939, -0.6774, -0.7635, -0.7266, -0.8198, -0.59, -0.8977]"
67.8,2024-02-07T17:32:00.000Z,2024-02-07T13:12:00.000Z,22020,XAUUSD,LONG,London Open Liquidity Scalp,1.5508,1.91,43.72,-0.6433,2.7914,2033.294,2034.081,2034.081,2033.294,3.0,2033.441,2033.796,2033.212,2034.129,4.0,2.5,1.0,MANUAL,260,closed,43.72,1.55,2034.081,2033.294,3.03,0.5556,1.2406,0.2001,false,true,Wednesday,13,17,February,2024,4.3333,15600000,2033.212,2033.441,10465.37,10533.17,8.0,0.4178,1.0,false,true,true,8801,London Open Liquidity Scalp — QA 200,"[0.1543, 0.3148, 0.3148, 0.3419, 0.4855, 0.5923, 0.5923, 0.642, 0.642, 0.642, 0.7362, 0.7362, 0.7362, 0.7362, 0.7362, 0.7931, 0.7931, 0.9615, 0.9615, 0.9615, 0.9615, 1.0749, 1.0749, 1.0749, 1.0964, 1.0964, 1.0964, 1.283, 1.283, 1.283, 1.283, 1.4172, 1.4172, 1.4172, 1.4172, 1.4205, 1.5532, 1.6971, 1.6971, 1.6971, 1.7561, 1.7561, 1.7561, 1.7561, 1.7561, 1.9513, 1.9513, 1.9513, 1.9647, 2.0386, 2.0754, 2.0822, 2.0822, 2.2547, 2.2547, 2.2547, 2.2547, 2.2547, 2.2547, 2.2547, 2.4946, 2.4946, 2.4946, 2.4946, 2.5464, 2.5464, 2.5894, 2.6584, 2.6584, 2.6584, 2.6584, 2.7914, 2.7914, 2.7914, 2.7914, 2.7914, 2.7914, 2.7914, 2.7914, 2.7914]","[0.2042, 0.2042, 0.2042, 0.2042, 0.2858, 0.2858, 0.2858, 0.2858, 0.2858, 0.2858, 0.2858, 0.3134, 0.3134, 0.3134, 0.3477, 0.3477, 0.3756, 0.3756, 0.3756, 0.3756, 0.3756, 0.3756, 0.3883, 0.3995, 0.3995, 0.4466, 0.4466, 0.4466, 0.4466, 0.4466, 0.4563, 0.4563, 0.4563, 0.4563, 0.4563, 0.4563, 0.4563, 0.4563, 0.4563, 0.4563, 0.5043, 0.5043, 0.5043, 0.5473, 0.5684, 0.5684, 0.5684, 0.5684, 0.5684, 0.6011, 0.6011, 0.6011, 0.6011, 0.6011, 0.6433, 0.6433, 0.6433, 0.6433, 0.6433, 0.6433, 0.6433, 0.6433, 0.6433, 0.6433, 0.6433, 0.6433, 0.6433, 0.6433, 0.6433, 0.6433, 0.6433, 0.6433, 0.6433, 0.6433, 0.6433, 0.6433, 0.6433, 0.6433, 0.6433, 0.6433]","[0.0113, 0.0837, 0.054, 0.0792, 0.1032, 0.161, 0.0914, 0.1147, 0.2075, 0.1901, 0.2071, 0.2076, 0.2163, 0.2929, 0.3295, 0.3529, 0.3091, 0.346, 0.3389, 0.3741, 0.442, 0.4419, 0.4193, 0.4368, 0.4404, 0.4654, 0.5414, 0.5324, 0.5301, 0.5705, 0.6037, 0.5937, 0.655, 0.6762, 0.6844, 0.6897, 0.6773, 0.7339, 0.7873, 0.7716, 0.7536, 0.8243, 0.7907, 0.8212, 0.9155, 0.9252, 0.9361, 0.9261, 0.9053, 0.9461, 0.9468, 1.0132, 1.0092, 1.0708, 1.0301, 1.0978, 1.1391, 1.0873, 1.1775, 1.1208, 1.1667, 1.1877, 1.1959, 1.2509, 1.2681, 1.2611, 1.2539, 1.3197, 1.3745, 1.3468, 1.3819, 1.4128, 1.379, 1.3908, 1.4444, 1.4591, 1.4777, 1.5371, 1.5354, 1.5508]","[1.6394, 1.6012, 1.5592, 1.6246, 1.6637, 1.7552, 1.7751, 1.8619, 1.8337, 1.8861, 2.0007, 2.0889, 2.1747, 2.1335, 2.1]","[0.0581, 0.1031, 0.1748, 0.2104, 0.2357, 0.3128, 0.3826, 0.3964, 0.43, 0.4361, 0.5147, 0.5672, 0.5905, 0.6097, 0.6715]","[1.5719, 1.7554, 1.6605, 1.6279, 1.7643, 1.8139, 1.5881, 1.5441, 1.5134, 1.6614, 1.4949, 1.5391, 1.6112, 1.3789, 1.4915]"
56.68,2024-12-09T11:38:00.000Z,2024-12-09T09:56:00.000Z,22021,GBPUSD,LONG,London Open Liquidity Scalp,1.0583,0.4,53.56,-0.7946,2.8441,1.25269,1.25755,1.25755,1.25269,1.5,1.25375,1.25575,1.25241,1.25575,3.5,1.2,10.0,TP,102,closed,53.56,1.06,1.25755,1.25269,2.9241,0.3721,1.7858,0.0662,false,true,Monday,9,11,December,2024,1.7,6120000,1.25241,1.25375,10533.17,10589.85,7.0,0.5085,1.0,true,false,true,8801,London Open Liquidity Scalp — QA 200,"[0.3084, 0.4646, 0.792, 0.8094, 0.9525, 1.0004, 1.2976, 1.3553, 1.6613, 1.6613, 1.709, 2.0879, 2.1343, 2.1578, 2.506, 2.6347, 2.7029, 2.8441, 2.8441, 2.8441]","[0.1518, 0.1686, 0.1686, 0.2543, 0.445, 0.445, 0.445, 0.445, 0.4541, 0.6436, 0.6436, 0.6436, 0.697, 0.697, 0.7188, 0.7259, 0.7946, 0.7946, 0.7946, 0.7946]","[0.0869, 0.1239, 0.1833, 0.221, 0.2401, 0.3398, 0.3389, 0.4251, 0.4669, 0.5242, 0.5681, 0.6578, 0.726, 0.7663, 0.8379, 0.872, 0.8852, 0.9573, 0.9763, 1.0583]","[1.0846, 1.1764, 1.18, 1.16, 1.1584, 1.1687, 1.2638, 1.2629, 1.3533, 1.3587, 1.3853, 1.4275, 1.3835]","[0.0278, 0.0434, 0.0882, 0.1379, 0.14, 0.1628, 0.2324, 0.2743, 0.2873, 0.3285, 0.3985, 0.4014, 0.4428]","[1.3513, 1.2384, 0.9243, 1.0456, 1.2916, 1.0018, 1.0633, 1.3543, 1.1141, 1.2132, 1.3438, 1.0755, 1.1728]"
-47.96,2025-10-25T14:20:00.000Z,2025-10-25T09:06:00.000Z,22022,NQ,SHORT,London Open Liquidity Scalp,-0.9236,0.56,51.93,-1.0343,2.1147,18775.59451,18761.07858,18775.59451,18761.07858,3.0,18770.82672,18775.08444,18775.43642,18756.99761,4.5,0.75,5.0,MANUAL,314,closed,51.93,0.92,18761.07858,18775.59451,2.4473,0.4368,0.5662,0.1997,true,false,Monday,9,14,October,2025,5.2333,18840000,18775.43642,18770.82672,10589.85,10541.89,9.0,0.4904,1.0,true,false,true,8801,London Open Liquidity Scalp — QA 200,"[0.1239, 0.4383, 0.4383, 0.4383, 0.4383, 0.4495, 0.4998, 0.4998, 0.4998, 0.559, 0.559, 0.6088, 0.7213, 0.7213, 0.7213, 0.7213, 0.7213, 0.7913, 0.882, 0.882, 0.882, 0.8896, 0.8896, 0.9337, 1.0201, 1.0201, 1.0201, 1.0201, 1.0201, 1.0201, 1.1158, 1.1158, 1.1158, 1.1257, 1.2696, 1.2696, 1.2696, 1.2696, 1.2696, 1.3347, 1.434, 1.4769, 1.4769, 1.4769, 1.4769, 1.4769, 1.4769, 1.4769, 1.4769, 1.5973, 1.5973, 1.5973, 1.5973, 1.6325, 1.6772, 1.8691, 1.8691, 1.8691, 1.942, 1.942, 1.942, 1.9857, 1.9857, 1.9857, 1.9857, 1.9857, 1.9857, 1.9857, 2.1147, 2.1147, 2.1147, 2.1147, 2.1147, 2.1147, 2.1147, 2.1147, 2.1147, 2.1147, 2.1147, 2.1147]","[0.048, 0.1888, 0.1888, 0.2378, 0.2769, 0.2769, 0.288, 0.3043, 0.3043, 0.3043, 0.3403, 0.3403, 0.3403, 0.3403, 0.3895, 0.3895, 0.3895, 0.3895, 0.3895, 0.3895, 0.428, 0.428, 0.5125, 0.5125, 0.5125, 0.5125, 0.5125, 0.5802, 0.5802, 0.5879, 0.6391, 0.6597, 0.6597, 0.6597, 0.6597, 0.7145, 0.7145, 0.7145, 0.7145, 0.7145, 0.7145, 0.7145, 0.7145, 0.7145, 0.756, 0.756, 0.8562, 0.8562, 0.8562, 0.8562, 0.8562, 0.8562, 0.8562, 0.8562, 0.8562, 0.8562, 0.8562, 0.9346, 1.0096, 1.0096, 1.0096, 1.0237, 1.0237, 1.0237, 1.0343, 1.0343, 1.0343, 1.0343, 1.0343, 1.0343, 1.0343, 1.0343, 1.0343, 1.0343, 1.0343, 1.0343, 1.0343, 1.0343, 1.0343, 1.0343]","[0.0142, -0.0327, -0.0012, -0.064, -0.075, -0.0529, -0.0856, -0.0688, -0.1393, -0.094, -0.0949, -0.1326, -0.1422, -0.1276, -0.1758, -0.1489, -0.1844, -0.1721, -0.1936, -0.1905, -0.2194, -0.2823, -0.231, -0.2604, -0.3133, -0.3362, -0.334, -0.3171, -0.3662, -0.3251, -0.3686, -0.3838, -0.41, -0.3602, -0.3925, -0.4351, -0.4027, -0.431, -0.4866, -0.4842, -0.4971, -0.448, -0.4822, -0.5049, -0.5275, -0.5028, -0.5018, -0.5606, -0.5567, -0.584, -0.5856, -0.6155, -0.6202, -0.6329, -0.6336, -0.6348, -0.632, -0.6359, -0.6493, -0.7086, -0.6664, -0.7441, -0.7606, -0.7019, -0.7528, -0.723, -0.8036, -0.7475, -0.8273, -0.8075, -0.7921, -0.8691, -0.8202, -0.8835, -0.9074, -0.9134, -0.9243, -0.928, -0.9028, -0.9236]","[1.0238, 1.1367, 1.1634, 1.2311, 1.2957, 1.4044, 1.448, 1.4322, 1.4877, 1.5029, 1.4767, 1.5149, 1.5219, 1.5585, 1.609, 1.6816, 1.6493, 1.725, 1.7067]","[0.0586, 0.1026, 0.1734, 0.1971, 0.2193, 0.2761, 0.3112, 0.381, 0.3887, 0.4103, 0.4792, 0.5267, 0.5365, 0.5551, 0.631, 0.6578, 0.725, 0.7976, 0.8295]","[-0.9615, -0.8666, -1.0941, -1.0533, -0.7748, -0.7485, -0.7425, -0.8565, -0.7927, -1.0193, -1.1231, -0.9509, -0.9822, -0.8432, -0.7715, -1.0527, -0.6608, -1.0383, -0.7089]"
-5.37,2025-05-16T15:17:00.000Z,2025-05-16T10:51:00.000Z,22023,XAUUSD,LONG,London Open Liquidity Scalp,-0.1276,1.63,42.08,-0.3704,0.4696,2015.821,2016.038,2016.038,2015.821,2.0,2015.917,2015.927,2015.659,2016.433,4.0,2.5,1.0,BE,266,closed,42.08,0.13,2016.038,2015.821,0.8464,0.2717,0.3342,0.3201,true,true,Friday,10,15,May,2025,4.4333,15960000,2015.659,2015.917,10541.89,10536.52,8.0,0.3992,1.0,false,false,true,8801,London Open Liquidity Scalp — QA 200,"[0.1683, 0.1683, 0.175, 0.2103, 0.2962, 0.2962, 0.2962, 0.2962, 0.2962, 0.2962, 0.2962, 0.2962, 0.443, 0.443, 0.443, 0.443, 0.443, 0.4696, 0.4696, 0.4696, 0.4696, 0.4696, 0.4696, 0.4696, 0.4696, 0.4696, 0.4696, 0.4696, 0.4696, 0.4696, 0.4696, 0.4696, 0.4696, 0.4696, 0.4696, 0.4696, 0.4696, 0.4696, 0.4696, 0.4696, 0.4696, 0.4696, 0.4696, 0.4696, 0.4696, 0.4696, 0.4696, 0.4696, 0.4696, 0.4696, 0.4696, 0.4696, 0.4696]","[0.0335, 0.1283, 0.1786, 0.1953, 0.1953, 0.1953, 0.2508, 0.2508, 0.3033, 0.3033, 0.3033, 0.3152, 0.3152, 0.3429, 0.3502, 0.3502, 0.3502, 0.3502, 0.3502, 0.3502, 0.3502, 0.362, 0.362, 0.3704, 0.3704, 0.3704, 0.3704, 0.3704, 0.3704, 0.3704, 0.3704, 0.3704, 0.3704, 0.3704, 0.3704, 0.3704, 0.3704, 0.3704, 0.3704, 0.3704, 0.3704, 0.3704, 0.3704, 0.3704, 0.3704, 0.3704, 0.3704, 0.3704, 0.3704, 0.3704, 0.3704, 0.3704, 0.3704]","[-0.0111, -0.0311, -0.02, 0.0124, 0.0103, -0.0043, 0.0229, -0.0255, -0.0131, -0.0269, -0.0137, -0.0704, -0.0742, -0.0622, -0.0457, -0.0515, -0.0199, -0.0675, -0.0146, -0.0919, -0.0922, -0.0915, -0.028, -0.0458, -0.1014, -0.0183, -0.0282, -0.024, -0.0594, -0.0603, -0.0852, -0.117, -0.0937, -0.1182, -0.1111, -0.1169, -0.086, -0.0764, -0.1034, -0.1334, -0.0817, -0.1405, -0.0728, -0.1262, -0.0921, -0.0919, -0.1319, -0.0821, -0.1455, -0.0919, -0.1023, -0.1624, -0.1276]","[0.1073, 0.0763, 0.0789, 0.1137, 0.2054, 0.2774, 0.2921, 0.3507, 0.4295, 0.5086, 0.54, 0.54, 0.54, 0.54, 0.54]","[0.0741, 0.1161, 0.1582, 0.18, 0.2542, 0.2768, 0.3397, 0.3649, 0.3876, 0.3889, 0.425, 0.4718, 0.4924, 0.5437, 0.5865]","[0.1424, -0.1378, -0.0809, -0.1192, 0.1424, -0.3206, -0.0665, -0.1981, -0.1112, -0.054, -0.1986, 0.0065, -0.1483, -0.1016, 0.0766]"
-20.13,2025-08-26T21:38:00.000Z,2025-08-26T15:15:00.000Z,22024,EURUSD,SHORT,London Open Liquidity Scalp,-0.3733,0.36,53.92,-0.2972,0.5443,1.10586,1.10461,1.10598,1.10461,3.0,1.10542,1.10598,1.10691,1.10095,3.0,0.8,10.0,MANUAL,383,closed,53.92,0.37,1.10461,1.10586,0.8552,0.6858,0.595,0.0212,false,true,Tuesday,15,21,August,2025,6.3833,22980000,1.10691,1.10542,10536.52,10516.39,6.0,0.5117,1.0,false,false,true,8801,London Open Liquidity Scalp — QA 200,"[0.0535, 0.2341, 0.243, 0.243, 0.3608, 0.3608, 0.3608, 0.3608, 0.3608, 0.3608, 0.3608, 0.3949, 0.3949, 0.3949, 0.4376, 0.4376, 0.4376, 0.5077, 0.5077, 0.514, 0.514, 0.514, 0.5362, 0.5362, 0.5362, 0.5362, 0.5362, 0.5362, 0.5362, 0.5362, 0.5362, 0.5362, 0.5443, 0.5443, 0.5443, 0.5443, 0.5443, 0.5443, 0.5443, 0.5443, 0.5443, 0.5443, 0.5443, 0.5443, 0.5443, 0.5443, 0.5443, 0.5443, 0.5443, 0.5443, 0.5443, 0.5443, 0.5443, 0.5443, 0.5443, 0.5443, 0.5443, 0.5443, 0.5443, 0.5443, 0.5443, 0.5443, 0.5443, 0.5443, 0.5443, 0.5443, 0.5443, 0.5443, 0.5443, 0.5443, 0.5443, 0.5443, 0.5443, 0.5443, 0.5443, 0.5443]","[0.1697, 0.1697, 0.1732, 0.1732, 0.1732, 0.1732, 0.1732, 0.1732, 0.2108, 0.2866, 0.2866, 0.2866, 0.2866, 0.2866, 0.2866, 0.2866, 0.2866, 0.2866, 0.2972, 0.2972, 0.2972, 0.2972, 0.2972, 0.2972, 0.2972, 0.2972, 0.2972, 0.2972, 0.2972, 0.2972, 0.2972, 0.2972, 0.2972, 0.2972, 0.2972, 0.2972, 0.2972, 0.2972, 0.2972, 0.2972, 0.2972, 0.2972, 0.2972, 0.2972, 0.2972, 0.2972, 0.2972, 0.2972, 0.2972, 0.2972, 0.2972, 0.2972, 0.2972, 0.2972, 0.2972, 0.2972, 0.2972, 0.2972, 0.2972, 0.2972, 0.2972, 0.2972, 0.2972, 0.2972, 0.2972, 0.2972, 0.2972, 0.2972, 0.2972, 0.2972, 0.2972, 0.2972, 0.2972, 0.2972, 0.2972, 0.2972]","[-0.0345, -0.0384, -0.0374, -0.0638, -0.0169, -0.0585, -0.0218, -0.065, -0.0842, -0.0836, -0.0789, -0.0724, -0.0779, -0.1102, -0.1166, -0.0846, -0.105, -0.0517, -0.1066, -0.1111, -0.0988, -0.1465, -0.1236, -0.1073, -0.1076, -0.1139, -0.1743, -0.1132, -0.1839, -0.1253, -0.1707, -0.1339, -0.1929, -0.1587, -0.1687, -0.1772, -0.213, -0.2253, -0.1974, -0.197, -0.2414, -0.1794, -0.2316, -0.2165, -0.1968, -0.2563, -0.2477, -0.2442, -0.2294, -0.2634, -0.2652, -0.2374, -0.2316, -0.2949, -0.2631, -0.2505, -0.2683, -0.279, -0.3319, -0.2741, -0.3178, -0.3392, -0.2807, -0.3589, -0.3464, -0.3335, -0.3444, -0.3668, -0.3698, -0.364, -0.3866, -0.3816, -0.3279, -0.3893, -0.3564, -0.3733]","[0.4348, 0.5493, 0.5169, 0.538, 0.5619, 0.5856, 0.6259]","[0.0591, 0.1078, 0.1514, 0.2259, 0.2551, 0.2797, 0.2846]","[-0.4809, -0.1112, -0.4242, -0.4927, -0.3394, -0.432, -0.3596]"
127.91,2024-04-17T10:33:00.000Z,2024-04-17T09:39:00.000Z,22025,XAUUSD,LONG,London Open Liquidity Scalp,2.4102,3.12,53.07,-0.7272,3.8488,1992.892,1993.671,1993.671,1992.892,3.0,1993.016,1993.527,1992.846,1993.527,4.0,2.5,1.0,TP,54,closed,53.07,2.41,1993.671,1992.892,4.1851,0.6262,1.4386,0.3305,false,false,Wednesday,9,10,April,2024,0.9,3240000,1992.846,1993.016,10516.39,10644.3,8.0,0.5046,1.0,false,false,true,8801,London Open Liquidity Scalp — QA 200,"[0.6111, 1.0356, 1.2474, 1.8601, 2.1393, 2.4524, 2.7659, 3.1144, 3.6449, 3.8488]","[0.1158, 0.3302, 0.3302, 0.4675, 0.5283, 0.6345, 0.6569, 0.7272, 0.7272, 0.7272]","[0.2534, 0.4548, 0.7458, 0.9434, 1.2006, 1.4814, 1.6667, 1.9066, 2.1913, 2.4102]","[2.3737, 2.4863, 2.5497, 2.65, 2.7503, 2.8608, 2.9169, 2.9854, 3.1046, 3.1912]","[0.052, 0.1111, 0.1553, 0.194, 0.2018, 0.2472, 0.2736, 0.323, 0.3811, 0.4577]","[2.5932, 2.2255, 2.4842, 2.5135, 2.2415, 2.6748, 2.6079, 2.289, 2.4743, 2.2307]"
57.0,2024-11-07T14:20:00.000Z,2024-11-07T09:19:00.000Z,22026,EURUSD,LONG,London Open Liquidity Scalp,1.2533,0.2,45.48,-0.8487,2.4271,1.10134,1.10867,1.10867,1.10134,1.5,1.10324,1.1066,1.101,1.1066,3.0,0.8,10.0,TP,301,closed,45.48,1.25,1.10867,1.10134,2.7615,0.5164,1.1738,0.3337,false,true,Thursday,9,14,November,2024,5.0167,18060000,1.101,1.10324,10644.3,10701.3,6.0,0.4273,1.0,false,false,true,8801,London Open Liquidity Scalp — QA 200,"[0.3003, 0.3003, 0.516, 0.516, 0.5211, 0.5211, 0.619, 0.6424, 0.6424, 0.6424, 0.6929, 0.6929, 0.6929, 0.8854, 0.8854, 0.9452, 1.0005, 1.0005, 1.0873, 1.1981, 1.1981, 1.1981, 1.1981, 1.1981, 1.1981, 1.1981, 1.3882, 1.3882, 1.3882, 1.4489, 1.4489, 1.6848, 1.6848, 1.6848, 1.6848, 1.6848, 1.8876, 1.9209, 1.9209, 1.9602, 1.9602, 1.9602, 1.9602, 2.0984, 2.0984, 2.0984, 2.1623, 2.1623, 2.2367, 2.2367, 2.2367, 2.2367, 2.3107, 2.3107, 2.4271, 2.4271, 2.4271, 2.4271, 2.4271, 2.4271]","[0.2449, 0.2449, 0.2449, 0.2703, 0.2703, 0.3297, 0.3297, 0.3297, 0.3297, 0.3297, 0.3297, 0.3634, 0.3913, 0.3913, 0.3913, 0.3913, 0.3913, 0.3913, 0.4551, 0.5147, 0.5147, 0.5147, 0.5147, 0.5147, 0.5991, 0.5991, 0.5991, 0.5991, 0.5991, 0.6502, 0.6502, 0.6502, 0.6502, 0.6502, 0.7358, 0.7358, 0.7358, 0.7358, 0.7358, 0.7358, 0.8049, 0.8049, 0.8049, 0.8049, 0.8487, 0.8487, 0.8487, 0.8487, 0.8487, 0.8487, 0.8487, 0.8487, 0.8487, 0.8487, 0.8487, 0.8487, 0.8487, 0.8487, 0.8487, 0.8487]","[0.027, 0.0677, 0.0518, 0.072, 0.1229, 0.1451, 0.1361, 0.1973, 0.1679, 0.235, 0.204, 0.2355, 0.2476, 0.2631, 0.2705, 0.3508, 0.338, 0.3358, 0.4257, 0.4464, 0.4222, 0.429, 0.5108, 0.5361, 0.5326, 0.5183, 0.5251, 0.6224, 0.6385, 0.6404, 0.6498, 0.7129, 0.6684, 0.673, 0.7117, 0.7072, 0.7853, 0.7887, 0.7974, 0.8096, 0.8716, 0.8727, 0.8777, 0.9153, 0.9195, 0.9697, 0.9729, 0.9968, 1.0415, 1.0083, 1.0917, 1.0824, 1.1136, 1.1278, 1.1485, 1.1519, 1.176, 1.1717, 1.2, 1.2533]","[1.3229, 1.3245, 1.4324, 1.4935, 1.5729, 1.6085, 1.6157, 1.6195, 1.6615, 1.6314, 1.5952]","[0.0386, 0.1069, 0.1457, 0.1591, 0.191, 0.2273, 0.23, 0.2929, 0.2992, 0.3516, 0.3735]","[1.2657, 1.3346, 1.2827, 1.298, 1.4476, 1.4463, 1.4819, 1.1183, 1.1267, 1.4022, 1.2945]"
1.44,2024-04-15T17:17:00.000Z,2024-04-15T10:35:00.000Z,22027,NQ,SHORT,London Open Liquidity Scalp,0.031,0.53,46.49,-0.1264,0.9738,18124.87529,18120.0768,18124.87529,18120.0768,2.0,18124.32419,18124.32419,18128.68585,18115.60087,4.5,0.75,5.0,BE,402,closed,46.49,0.03,18120.0768,18124.87529,1.2438,0.0318,0.9428,0.1711,false,true,Monday,10,17,April,2024,6.7,24120000,18128.68585,18124.32419,10701.3,10702.74,9.0,0.4344,1.0,true,false,true,8801,London Open Liquidity Scalp — QA 200,"[0.0192, 0.1436, 0.215, 0.4357, 0.4357, 0.4357, 0.4357, 0.4357, 0.5003, 0.5003, 0.5003, 0.5003, 0.5003, 0.5003, 0.5003, 0.5003, 0.5003, 0.5751, 0.5751, 0.5751, 0.5751, 0.5751, 0.5751, 0.5751, 0.5751, 0.5884, 0.5884, 0.5884, 0.5884, 0.6454, 0.6715, 0.6715, 0.6935, 0.6935, 0.7976, 0.7976, 0.8365, 0.8365, 0.8365, 0.8365, 0.8896, 0.8896, 0.8915, 0.8915, 0.8956, 0.8956, 0.9694, 0.9694, 0.9694, 0.9694, 0.9694, 0.9694, 0.9738, 0.9738, 0.9738, 0.9738, 0.9738, 0.9738, 0.9738, 0.9738, 0.9738, 0.9738, 0.9738, 0.9738, 0.9738, 0.9738, 0.9738, 0.9738, 0.9738, 0.9738, 0.9738, 0.9738, 0.9738, 0.9738, 0.9738, 0.9738, 0.9738, 0.9738, 0.9738, 0.9738]","[0.1098, 0.1098, 0.1098, 0.1098, 0.1264, 0.1264, 0.1264, 0.1264, 0.1264, 0.1264, 0.1264, 0.1264, 0.1264, 0.1264, 0.1264, 0.1264, 0.1264, 0.1264, 0.1264, 0.1264, 0.1264, 0.1264, 0.1264, 0.1264, 0.1264, 0.1264, 0.1264, 0.1264, 0.1264, 0.1264, 0.1264, 0.1264, 0.1264, 0.1264, 0.1264, 0.1264, 0.1264, 0.1264, 0.1264, 0.1264, 0.1264, 0.1264, 0.1264, 0.1264, 0.1264, 0.1264, 0.1264, 0.1264, 0.1264, 0.1264, 0.1264, 0.1264, 0.1264, 0.1264, 0.1264, 0.1264, 0.1264, 0.1264, 0.1264, 0.1264, 0.1264, 0.1264, 0.1264, 0.1264, 0.1264, 0.1264, 0.1264, 0.1264, 0.1264, 0.1264, 0.1264, 0.1264, 0.1264, 0.1264, 0.1264, 0.1264, 0.1264, 0.1264, 0.1264, 0.1264]","[-0.0208, -0.0438, 0.0158, 0.0465, -0.0396, -0.0154, -0.0419, -0.0053, -0.0327, -0.0286, -0.0171, -0.0245, -0.0377, 0.0447, -0.0098, -0.0079, -0.0236, -0.0053, 0.0311, -0.0199, -0.0199, 0.0329, 0.0007, -0.0258, -0.014, -0.0212, 0.006, -0.0028, -0.0181, 0.0472, 0.0074, 0.0069, 0.0463, 0.0256, -0.0311, 0.0061, 0.0175, 0.0272, -0.0102, 0.0565, -0.0106, 0.0206, 0.0427, 0.0178, 0.0413, 0.0488, 0.0555, 0.0622, -0.02, 0.042, 0.0078, 0.0159, 0.0374, -0.0136, -0.0097, 0.0372, 0.0032, 0.0528, 0.0606, -0.0047, -0.0063, 0.0648, 0.0362, 0.0305, -0.0025, 0.0273, 0.006, -0.0138, 0.06, 0.0544, -0.0144, 0.0129, 0.0637, 0.071, 0.0723, 0.0176, 0.0566, 0.0349, 0.0283, 0.031]","[0.068, 0.0203, 0.0085, 0.0687, 0.064, 0.0608, 0.1086, 0.1709, 0.1244, 0.1602, 0.2202, 0.2384, 0.2991, 0.2508, 0.2346, 0.3508, 0.3101, 0.324, 0.3635]","[0.0178, 0.0824, 0.1521, 0.2074, 0.2501, 0.2904, 0.3686, 0.4018, 0.438, 0.4478, 0.503, 0.5589, 0.6044, 0.6333, 0.7057, 0.7408, 0.7856, 0.7906, 0.8672]","[0.1339, 0.2256, 0.3276, 0.1975, 0.3035, 0.2688, 0.2703, 0.2057, 0.035, 0.2717, -0.1079, 0.2846, -0.0188, 0.1866, -0.0565, 0.196, 0.1104, 0.0241, 0.2523]"
116.04,2024-08-02T08:32:00.000Z,2024-08-02T07:24:00.000Z,22028,USDJPY,SHORT,London Open Liquidity Scalp,2.4774,0.25,46.84,-0.6418,3.0188,145.894,145.146,145.894,145.146,2.5,145.763,145.252,145.968,145.252,3.0,0.9,9.2,TP,68,closed,46.84,2.48,145.146,145.894,3.1395,0.8207,0.5414,0.3255,false,true,Friday,7,8,August,2024,1.1333,4080000,145.968,145.763,10702.74,10818.78,6.0,0.4376,1.0,false,false,false,8801,London Open Liquidity Scalp — QA 200,"[0.4333, 1.0586, 1.4595, 1.5869, 2.2746, 2.5644, 2.7158, 3.0188]","[0.1975, 0.3438, 0.3438, 0.4561, 0.6418, 0.6418, 0.6418, 0.6418]","[0.2798, 0.6468, 0.9323, 1.2436, 1.5171, 1.8905, 2.157, 2.4774]","[2.5791, 2.6585, 2.7441, 2.7878, 2.8782, 2.9686, 2.9759, 3.0358, 3.1126, 3.1807, 3.1525, 3.1913, 3.1883, 3.2725, 3.3581, 3.3967, 3.4716, 3.4716, 3.4401, 3.4716, 3.4716, 3.4716, 3.4698, 3.4712]","[0.027, 0.0677, 0.1165, 0.1815, 0.2334, 0.2987, 0.3168, 0.3463, 0.3846, 0.417, 0.4786, 0.5116, 0.5248, 0.5688, 0.6001, 0.6357, 0.7057, 0.7174, 0.723, 0.7836, 0.8267, 0.8994, 0.9331, 0.9511]","[2.4795, 2.3964, 2.3261, 2.4698, 2.5096, 2.4016, 2.3398, 2.5866, 2.7291, 2.6746, 2.5449, 2.4635, 2.6647, 2.3819, 2.6676, 2.6244, 2.5023, 2.5463, 2.7598, 2.288, 2.673, 2.371, 2.5329, 2.6466]"
-25.43,2025-07-17T17:44:00.000Z,2025-07-17T15:14:00.000Z,22029,USDJPY,SHORT,London Open Liquidity Scalp,-0.6163,0.16,41.26,-0.4622,1.4921,145.462,144.921,145.611,144.921,3.0,145.334,145.611,145.611,144.504,3.0,0.9,9.2,SL,150,closed,41.26,0.62,144.921,145.462,1.7733,0.413,0.4699,0.3476,true,true,Thursday,15,17,July,2025,2.5,9000000,145.611,145.334,10818.78,10793.35,6.0,0.3814,1.0,false,false,true,8801,London Open Liquidity Scalp — QA 200,"[0.4029, 0.4029, 0.4029, 0.4029, 0.4029, 0.4254, 0.5119, 0.5119, 0.792, 0.792, 0.8137, 0.9443, 0.9443, 0.9443, 0.9443, 1.117, 1.2404, 1.2404, 1.2404, 1.2404, 1.2404, 1.3054, 1.4254, 1.4254, 1.4254, 1.4921, 1.4921, 1.4921, 1.4921, 1.4921]","[0.2473, 0.2473, 0.2473, 0.2473, 0.2685, 0.2893, 0.2893, 0.305, 0.305, 0.305, 0.305, 0.401, 0.401, 0.429, 0.429, 0.429, 0.429, 0.429, 0.446, 0.446, 0.4509, 0.4509, 0.4622, 0.4622, 0.4622, 0.4622, 0.4622, 0.4622, 0.4622, 0.4622]","[-0.0449, -0.0477, -0.0846, -0.0532, -0.0803, -0.1021, -0.1099, -0.1194, -0.1952, -0.1894, -0.1982, -0.2111, -0.2815, -0.2442, -0.3201, -0.3386, -0.3492, -0.3658, -0.3727, -0.4362, -0.4022, -0.4749, -0.4321, -0.4493, -0.5341, -0.5192, -0.5637, -0.5717, -0.5532, -0.6163]","[0.5715, 0.6153, 0.567, 0.5447, 0.664, 0.6818, 0.7303, 0.7841, 0.9031, 0.9905, 0.9701, 1.006, 1.0745, 1.0641, 1.1423]","[0.0219, 0.0296, 0.061, 0.0677, 0.0689, 0.1359, 0.1604, 0.1881, 0.2298, 0.3019, 0.3282, 0.3375, 0.3574, 0.3659, 0.4274]","[-0.5038, -0.611, -0.5067, -0.5107, -0.5531, -0.4505, -0.5798, -0.632, -0.3669, -0.5824, -0.7444, -0.4371, -0.4349, -0.7556, -0.7962]"
45.9,2024-07-29T16:07:00.000Z,2024-07-29T15:12:00.000Z,22030,GBPUSD,LONG,London Open Liquidity Scalp,0.894,0.35,51.34,-0.8135,2.1493,1.29402,1.29838,1.29838,1.29402,2.5,1.29522,1.29653,1.29375,1.29889,3.5,1.2,10.0,Trailing SL,55,closed,51.34,0.89,1.29838,1.29402,2.5102,0.4159,1.2553,0.022,false,true,Monday,15,16,July,2024,0.9167,3300000,1.29375,1.29522,10793.35,10839.25,7.0,0.4757,1.0,true,false,true,8801,London Open Liquidity Scalp — QA 200,"[0.285, 0.7822, 0.9769, 1.055, 1.3325, 1.5157, 1.6088, 1.6388, 1.9289, 2.0492, 2.1493]","[0.0869, 0.2649, 0.3665, 0.4382, 0.4527, 0.5957, 0.5957, 0.8059, 0.8059, 0.8059, 0.8135]","[0.0601, 0.2032, 0.2652, 0.3178, 0.404, 0.4612, 0.5622, 0.6636, 0.6919, 0.7829, 0.894]","[0.8908, 0.9157, 0.9066, 0.8786, 0.9035, 0.9914, 0.9886, 1.0606, 1.0931, 1.1297]","[0.032, 0.0343, 0.0367, 0.043, 0.0446, 0.0652, 0.1109, 0.1598, 0.2332, 0.2614]","[1.1803, 0.8177, 1.0235, 0.7839, 1.1335, 0.8017, 0.7437, 1.0861, 0.7049, 0.816]"
79.46,2024-04-24T22:06:00.000Z,2024-04-24T15:43:00.000Z,22031,USDJPY,LONG,London Open Liquidity Scalp,1.917,0.17,41.45,-0.1978,2.5176,145.98,146.719,146.85,145.98,3.0,146.034,146.85,145.762,146.85,3.0,0.9,9.2,TP,383,closed,41.45,1.92,146.719,145.98,2.6022,0.7614,0.6006,0.1632,false,true,Wednesday,15,22,April,2024,6.3833,22980000,145.762,146.034,10839.25,10918.71,6.0,0.3824,1.0,false,false,true,8801,London Open Liquidity Scalp — QA 200,"[0.2381, 0.5872, 0.5872, 0.7384, 0.7384, 0.9205, 0.9205, 1.0702, 1.0702, 1.1893, 1.2705, 1.3497, 1.5085, 1.5943, 1.8123, 1.8123, 1.8123, 1.9338, 2.0752, 2.0752, 2.2926, 2.3416, 2.5176, 2.5176, 2.5176]","[0.0443, 0.0658, 0.1978, 0.1978, 0.1978, 0.1978, 0.1978, 0.1978, 0.1978, 0.1978, 0.1978, 0.1978, 0.1978, 0.1978, 0.1978, 0.1978, 0.1978, 0.1978, 0.1978, 0.1978, 0.1978, 0.1978, 0.1978, 0.1978, 0.1978]","[0.0564, 0.1182, 0.23, 0.3186, 0.4227, 0.4656, 0.5566, 0.5699, 0.6751, 0.7918, 0.8186, 0.9118, 1.0177, 1.0816, 1.1181, 1.2071, 1.3458, 1.3782, 1.4921, 1.5398, 1.5982, 1.691, 1.7373, 1.8475, 1.917]","[1.9284, 1.8861, 1.9632, 2.0141, 2.1313, 2.1754, 2.2188, 2.2044, 2.1696, 2.2896, 2.3908, 2.3895, 2.4422, 2.5172, 2.481, 2.5874, 2.6476, 2.7075, 2.7265, 2.8439, 2.8386]","[0.0144, 0.019, 0.0294, 0.0671, 0.0793, 0.1312, 0.1987, 0.2283, 0.2842, 0.2942, 0.2986, 0.3203, 0.3331, 0.4057, 0.4265, 0.4584, 0.5128, 0.5223, 0.5613, 0.6033, 0.6758]","[1.7589, 2.1023, 1.9797, 1.8002, 2.1535, 2.0535, 1.9072, 1.7187, 1.7458, 1.8134, 1.8922, 2.1308, 2.207, 1.8661, 1.755, 2.1257, 1.7467, 1.8433, 2.1185, 1.7533, 1.9025]"
62.9,2024-10-09T15:43:00.000Z,2024-10-09T09:17:00.000Z,22032,EURUSD,LONG,London Open Liquidity Scalp,1.3788,0.24,45.62,-0.7536,2.8013,1.06311,1.0699,1.0699,1.06311,2.0,1.06455,1.06837,1.06264,1.06837,3.0,0.8,10.0,TP,386,closed,45.62,1.38,1.0699,1.06311,3.1025,0.4922,1.4225,0.067,false,true,Wednesday,9,15,October,2024,6.4333,23160000,1.06264,1.06455,10918.71,10981.61,6.0,0.4178,1.0,false,false,true,8801,London Open Liquidity Scalp — QA 200,"[0.2499, 0.3487, 0.4106, 0.4349, 0.4349, 0.5996, 0.6348, 0.6348, 0.6348, 0.6348, 0.6348, 0.6348, 0.8112, 0.8112, 0.917, 0.917, 0.9551, 0.9551, 0.9551, 0.9551, 0.9551, 1.0116, 1.0116, 1.0116, 1.0116, 1.1975, 1.3318, 1.3318, 1.3318, 1.3318, 1.4763, 1.4981, 1.4981, 1.4981, 1.4981, 1.4981, 1.6854, 1.6854, 1.6854, 1.7851, 1.7851, 1.7851, 1.815, 1.9938, 1.9938, 2.013, 2.013, 2.013, 2.013, 2.0533, 2.2183, 2.2183, 2.2183, 2.2183, 2.3695, 2.3695, 2.4428, 2.4428, 2.4428, 2.4464, 2.4464, 2.4464, 2.5672, 2.5672, 2.5831, 2.7252, 2.78, 2.78, 2.8013, 2.8013, 2.8013, 2.8013, 2.8013, 2.8013, 2.8013, 2.8013, 2.8013]","[0.2331, 0.2331, 0.2331, 0.2331, 0.2331, 0.2331, 0.2331, 0.2331, 0.3319, 0.3319, 0.3319, 0.3319, 0.3319, 0.3508, 0.3508, 0.3508, 0.3719, 0.3719, 0.3719, 0.3719, 0.4135, 0.4135, 0.4559, 0.4559, 0.4559, 0.4559, 0.4833, 0.4833, 0.4833, 0.4833, 0.4833, 0.4833, 0.4833, 0.5667, 0.5667, 0.5668, 0.5668, 0.6111, 0.6111, 0.6263, 0.6263, 0.6263, 0.6263, 0.6263, 0.6263, 0.6882, 0.6882, 0.6882, 0.6882, 0.6882, 0.6882, 0.6882, 0.6882, 0.6882, 0.6882, 0.7231, 0.7231, 0.7231, 0.7377, 0.7377, 0.7536, 0.7536, 0.7536, 0.7536, 0.7536, 0.7536, 0.7536, 0.7536, 0.7536, 0.7536, 0.7536, 0.7536, 0.7536, 0.7536, 0.7536, 0.7536, 0.7536]","[0.0146, -0.0085, 0.0225, 0.1122, 0.1298, 0.0828, 0.1052, 0.1582, 0.192, 0.1853, 0.2276, 0.2305, 0.234, 0.2285, 0.2951, 0.3006, 0.3451, 0.3182, 0.3429, 0.3988, 0.3365, 0.3767, 0.4223, 0.4693, 0.4302, 0.4676, 0.4389, 0.4712, 0.5579, 0.5008, 0.5449, 0.6149, 0.6227, 0.5936, 0.6551, 0.6596, 0.6211, 0.7079, 0.7356, 0.6887, 0.7364, 0.7445, 0.7804, 0.7943, 0.8486, 0.8603, 0.8585, 0.8787, 0.8919, 0.9079, 0.903, 0.9074, 0.9129, 0.9982, 0.9792, 1.0461, 0.9917, 1.0535, 1.055, 1.0878, 1.0563, 1.1319, 1.1306, 1.1146, 1.1395, 1.2151, 1.164, 1.2342, 1.2502, 1.2185, 1.2633, 1.2565, 1.3431, 1.3476, 1.3682, 1.4035, 1.3788]","[1.3571, 1.311, 1.2851, 1.2557, 1.315]","[0.0103, 0.0384, 0.0934, 0.1013, 0.167]","[1.5139, 1.6595, 1.5122, 1.4476, 1.1892]"
64.82,2025-10-11T13:52:00.000Z,2025-10-11T08:51:00.000Z,22033,GBPUSD,LONG,London Open Liquidity Scalp,1.5526,0.2,41.75,-0.7559,2.2664,1.27568,1.28197,1.28197,1.27568,3.0,1.27725,1.28048,1.27517,1.28349,3.5,1.2,10.0,Trailing SL,301,closed,41.75,1.55,1.28197,1.27568,2.6476,0.6851,0.7138,0.1408,false,true,Monday,8,13,October,2025,5.0167,18060000,1.27517,1.27725,10981.61,11046.43,7.0,0.3802,1.0,false,false,true,8801,London Open Liquidity Scalp — QA 200,"[0.088, 0.4616, 0.4616, 0.4616, 0.5356, 0.5896, 0.5896, 0.5896, 0.5896, 0.5999, 0.6186, 0.6721, 0.6985, 0.7582, 0.9174, 0.9174, 0.9979, 0.9979, 0.9979, 0.9979, 1.0529, 1.0529, 1.1508, 1.1508, 1.3441, 1.3441, 1.3441, 1.3986, 1.3986, 1.4936, 1.4936, 1.4936, 1.4936, 1.4936, 1.4936, 1.7019, 1.7019, 1.7019, 1.7019, 1.7019, 1.7019, 1.7019, 1.7293, 1.8559, 1.8894, 1.9951, 2.1315, 2.1678, 2.1678, 2.2664, 2.2664, 2.2664, 2.2664, 2.2664, 2.2664, 2.2664, 2.2664, 2.2664, 2.2664, 2.2664]","[0.1629, 0.1629, 0.2229, 0.232, 0.232, 0.2633, 0.3316, 0.3316, 0.3316, 0.3447, 0.3447, 0.3463, 0.3463, 0.4091, 0.4091, 0.4091, 0.4623, 0.4623, 0.4623, 0.4623, 0.4623, 0.4623, 0.4623, 0.4623, 0.4623, 0.4623, 0.4975, 0.5792, 0.5854, 0.6268, 0.6268, 0.6268, 0.6268, 0.6268, 0.6268, 0.6268, 0.6268, 0.6268, 0.6268, 0.6268, 0.6268, 0.7374, 0.7559, 0.7559, 0.7559, 0.7559, 0.7559, 0.7559, 0.7559, 0.7559, 0.7559, 0.7559, 0.7559, 0.7559, 0.7559, 0.7559, 0.7559, 0.7559, 0.7559, 0.7559]","[0.0002, 0.0901, 0.0742, 0.1245, 0.1173, 0.1869, 0.1864, 0.1945, 0.2049, 0.2813, 0.3145, 0.273, 0.3131, 0.4027, 0.4302, 0.447, 0.452, 0.4817, 0.4962, 0.4944, 0.5041, 0.6086, 0.6383, 0.6042, 0.6519, 0.6987, 0.6722, 0.6819, 0.7768, 0.7985, 0.7674, 0.836, 0.8313, 0.8807, 0.8951, 0.8883, 0.9952, 1.0021, 1.0135, 1.0658, 1.0772, 1.0844, 1.1095, 1.1606, 1.1742, 1.2302, 1.2044, 1.2428, 1.274, 1.2997, 1.3507, 1.3456, 1.3781, 1.4135, 1.4183, 1.4736, 1.4535, 1.4853, 1.5269, 1.5526]","[1.599, 1.5797, 1.6889, 1.6499, 1.671, 1.6288, 1.6073, 1.6965, 1.6824, 1.6459, 1.6845]","[0.0352, 0.0955, 0.1114, 0.1577, 0.1598, 0.2103, 0.2742, 0.3321, 0.4022, 0.4054, 0.4463]","[1.6506, 1.4049, 1.5963, 1.83, 1.7418, 1.497, 1.4311, 1.6871, 1.6119, 1.628, 1.4816]"
3.97,2024-11-08T11:24:00.000Z,2024-11-08T08:00:00.000Z,22034,EURUSD,LONG,London Open Liquidity Scalp,0.0888,0.16,44.69,-0.1755,1.008,1.09272,1.096,1.096,1.09272,2.0,1.09321,1.09321,1.09044,1.09875,3.0,0.8,10.0,BE,204,closed,44.69,0.09,1.096,1.09272,1.3189,0.0881,0.9192,0.1176,false,false,Friday,8,11,November,2024,3.4,12240000,1.09044,1.09321,11046.43,11050.4,6.0,0.4046,1.0,false,false,true,8801,London Open Liquidity Scalp — QA 200,"[0.3204, 0.3204, 0.3834, 0.3834, 0.3834, 0.4741, 0.5644, 0.5644, 0.5644, 0.5644, 0.5644, 0.5644, 0.6973, 0.6973, 0.6973, 0.6973, 0.6973, 0.6973, 0.8335, 0.8335, 0.8335, 0.8335, 0.8335, 0.8446, 1.0076, 1.0076, 1.0076, 1.0076, 1.0076, 1.008, 1.008, 1.008, 1.008, 1.008, 1.008, 1.008, 1.008, 1.008, 1.008, 1.008]","[0.069, 0.069, 0.1755, 0.1755, 0.1755, 0.1755, 0.1755, 0.1755, 0.1755, 0.1755, 0.1755, 0.1755, 0.1755, 0.1755, 0.1755, 0.1755, 0.1755, 0.1755, 0.1755, 0.1755, 0.1755, 0.1755, 0.1755, 0.1755, 0.1755, 0.1755, 0.1755, 0.1755, 0.1755, 0.1755, 0.1755, 0.1755, 0.1755, 0.1755, 0.1755, 0.1755, 0.1755, 0.1755, 0.1755, 0.1755]","[0.0365, 0.0225, -0.0365, 0.0352, 0.0048, 0.0312, -0.0108, 0.0377, 0.0076, -0.0033, 0.0, 0.0583, 0.049, 0.054, 0.057, 0.0652, 0.0562, 0.0788, 0.029, 0.0212, 0.0878, 0.078, 0.0196, 0.0747, 0.0622, 0.0923, 0.1033, 0.0234, 0.0601, 0.0242, 0.0285, 0.0939, 0.0727, 0.0994, 0.0568, 0.1006, 0.0449, 0.0915, 0.057, 0.0888]","[0.0394, 0.099, 0.1848, 0.2009, 0.265, 0.3546, 0.4316, 0.4471, 0.4512, 0.5097, 0.6207, 0.597]","[0.0657, 0.1143, 0.1692, 0.2403, 0.3071, 0.3187, 0.3531, 0.4112, 0.4618, 0.4651, 0.5396, 0.5939]","[0.3346, 0.3623, 0.2103, -0.1055, 0.2986, 0.1747, 0.165, 0.2802, 0.3241, 0.3664, 0.0341, 0.0953]"
77.81,2025-09-09T15:17:00.000Z,2025-09-09T09:40:00.000Z,22035,USDJPY,SHORT,London Open Liquidity Scalp,1.9293,0.16,40.33,-0.2088,2.7373,150.652,149.841,150.652,149.841,2.0,150.595,150.044,150.87,150.044,3.0,0.9,9.2,TP,337,closed,40.33,1.93,149.841,150.652,2.9032,0.7048,0.808,0.2419,false,true,Tuesday,9,15,September,2025,5.6167,20220000,150.87,150.595,11050.4,11128.21,6.0,0.365,1.0,false,false,true,8801,London Open Liquidity Scalp — QA 200,"[0.3944, 0.3944, 0.4394, 0.4394, 0.466, 0.5814, 0.5814, 0.5814, 0.5814, 0.6733, 0.7311, 0.7311, 0.8834, 0.8834, 0.9274, 0.9274, 0.9441, 1.0328, 1.1009, 1.1299, 1.1299, 1.1299, 1.1299, 1.1737, 1.2525, 1.2525, 1.2525, 1.2525, 1.3946, 1.6181, 1.622, 1.622, 1.622, 1.6447, 1.7188, 1.7188, 1.7188, 1.7188, 1.7229, 1.9603, 1.9603, 1.9603, 1.9603, 1.9603, 1.9603, 2.1819, 2.1819, 2.3434, 2.3481, 2.3921, 2.3921, 2.3921, 2.3921, 2.4235, 2.6458, 2.6458, 2.7141, 2.7141, 2.7141, 2.7141, 2.7141, 2.7281, 2.7373, 2.7373, 2.7373, 2.7373, 2.7373]","[0.1144, 0.2088, 0.2088, 0.2088, 0.2088, 0.2088, 0.2088, 0.2088, 0.2088, 0.2088, 0.2088, 0.2088, 0.2088, 0.2088, 0.2088, 0.2088, 0.2088, 0.2088, 0.2088, 0.2088, 0.2088, 0.2088, 0.2088, 0.2088, 0.2088, 0.2088, 0.2088, 0.2088, 0.2088, 0.2088, 0.2088, 0.2088, 0.2088, 0.2088, 0.2088, 0.2088, 0.2088, 0.2088, 0.2088, 0.2088, 0.2088, 0.2088, 0.2088, 0.2088, 0.2088, 0.2088, 0.2088, 0.2088, 0.2088, 0.2088, 0.2088, 0.2088, 0.2088, 0.2088, 0.2088, 0.2088, 0.2088, 0.2088, 0.2088, 0.2088, 0.2088, 0.2088, 0.2088, 0.2088, 0.2088, 0.2088, 0.2088]","[0.0132, 0.0773, 0.1143, 0.1056, 0.0998, 0.1924, 0.2062, 0.2656, 0.2749, 0.3146, 0.3557, 0.3877, 0.4187, 0.3669, 0.4227, 0.4495, 0.5302, 0.5019, 0.5823, 0.5377, 0.6368, 0.6629, 0.6704, 0.7003, 0.7598, 0.7552, 0.8213, 0.8087, 0.8156, 0.859, 0.8814, 0.9322, 0.9557, 0.9765, 1.0399, 1.0179, 1.0947, 1.1365, 1.1557, 1.1638, 1.203, 1.1649, 1.2497, 1.237, 1.2819, 1.3565, 1.3934, 1.4041, 1.4353, 1.3948, 1.4868, 1.514, 1.5043, 1.5649, 1.5497, 1.5854, 1.6539, 1.639, 1.7196, 1.765, 1.7554, 1.8101, 1.8101, 1.8244, 1.8956, 1.9262, 1.9293]","[1.9808, 1.9405, 1.9353, 1.9538, 2.0631, 2.0436, 2.1188, 2.1257, 2.2124, 2.1925, 2.244, 2.2173, 2.2308]","[0.0291, 0.0701, 0.0729, 0.0823, 0.0878, 0.1325, 0.1951, 0.2329, 0.2539, 0.299, 0.3198, 0.3488, 0.419]","[2.1272, 2.0223, 1.951, 1.7535, 2.1434, 1.9355, 2.0358, 2.19, 1.8114, 1.7977, 1.8913, 1.9538, 1.7691]"
-45.39,2025-07-06T11:44:00.000Z,2025-07-06T07:25:00.000Z,22036,XAUUSD,SHORT,London Open Liquidity Scalp,-0.8759,2.56,51.82,-0.9621,0.4525,1998.477,1998.192,1998.485,1998.192,3.0,1998.283,1998.485,1998.485,1997.677,4.0,2.5,1.0,SL,259,closed,51.82,0.88,1998.192,1998.477,0.5577,1.9357,0.4331,0.2077,true,false,Monday,7,11,July,2025,4.3167,15540000,1998.485,1998.283,11128.21,11082.82,8.0,0.4657,1.0,false,true,true,8801,London Open Liquidity Scalp — QA 200,"[0.1833, 0.1833, 0.1833, 0.4082, 0.4082, 0.4082, 0.4082, 0.4082, 0.4082, 0.4525, 0.4525, 0.4525, 0.4525, 0.4525, 0.4525, 0.4525, 0.8759]","[0.1238, 0.2901, 0.2901, 0.3823, 0.3823, 0.5776, 0.5894, 0.5894, 0.6288, 0.648, 0.6763, 0.8938, 0.8938, 0.8938, 0.9312, 0.9621, 0.9621]","[-0.0244, -0.0732, -0.1328, -0.2354, -0.2483, -0.2677, -0.4021, -0.4133, -0.4839, -0.4764, -0.5441, -0.6221, -0.7085, -0.7194, -0.8161, -0.8254, -0.8759]","[0.5204, 0.5204, 0.5204, 0.5204, 0.5204]","[0.0706, 0.1223, 0.1942, 0.273, 0.3101]","[-0.9481, -0.8805, -0.8084, -0.7367, -0.7581]"
-38.78,2024-03-02T21:19:00.000Z,2024-03-02T14:37:00.000Z,22037,USDJPY,LONG,London Open Liquidity Scalp,-0.7335,0.31,52.87,-0.8778,1.1863,149.316,149.695,149.695,149.316,2.0,149.477,149.342,149.294,149.844,3.0,0.9,9.2,MANUAL,402,closed,52.87,0.73,149.695,149.316,1.5862,0.6183,0.3207,0.1718,true,false,Monday,14,21,March,2024,6.7,24120000,149.294,149.477,11082.82,11044.04,6.0,0.477,1.0,false,false,true,8801,London Open Liquidity Scalp — QA 200,"[0.3155, 0.3155, 0.3155, 0.3352, 0.3759, 0.6383, 0.6383, 0.6383, 0.6383, 0.6383, 0.854, 0.8801, 0.9641, 0.9641, 0.9641, 0.9831, 0.9831, 1.0452, 1.1566, 1.1566, 1.1863, 1.1863, 1.1863, 1.1863, 1.1863, 1.1863]","[0.0822, 0.2823, 0.3475, 0.3475, 0.3475, 0.3572, 0.3572, 0.3694, 0.527, 0.527, 0.527, 0.527, 0.683, 0.683, 0.683, 0.683, 0.683, 0.7796, 0.834, 0.8647, 0.8728, 0.8728, 0.8778, 0.8778, 0.8778, 0.8778]","[-0.0183, -0.0163, -0.0768, -0.0931, -0.1571, -0.1268, -0.2372, -0.2497, -0.2329, -0.3019, -0.3049, -0.3434, -0.3877, -0.3829, -0.4063, -0.4083, -0.4953, -0.5331, -0.5163, -0.5552, -0.5832, -0.6562, -0.678, -0.673, -0.7231, -0.7335]","[0.7721, 0.8449, 0.937, 0.9383, 0.9774, 1.0172, 0.99, 1.0933, 1.1505, 1.268, 1.3179]","[0.0652, 0.0685, 0.1348, 0.1471, 0.1536, 0.1566, 0.178, 0.2432, 0.3113, 0.335, 0.4047]","[-0.6598, -0.554, -0.681, -0.6293, -0.7496, -0.5489, -0.8144, -0.8036, -0.5162, -0.6382, -0.7081]"
45.27,2024-09-24T18:36:00.000Z,2024-09-24T15:41:00.000Z,22038,EURUSD,SHORT,London Open Liquidity Scalp,0.9519,0.21,47.56,-0.459,1.9694,1.11061,1.10504,1.11061,1.10497,2.0,1.10956,1.10497,1.11185,1.10497,3.0,0.8,10.0,TP,175,closed,47.56,0.95,1.10504,1.11061,2.3172,0.4833,1.0175,0.015,false,false,Tuesday,15,18,September,2024,2.9167,10500000,1.11185,1.10956,11044.04,11089.31,6.0,0.4306,1.0,true,false,true,8801,London Open Liquidity Scalp — QA 200,"[0.3086, 0.439, 0.4391, 0.4391, 0.6595, 0.6595, 0.6595, 0.6595, 0.7524, 0.9037, 0.9037, 0.9325, 0.9325, 1.1474, 1.1474, 1.1474, 1.2248, 1.3728, 1.3728, 1.3735, 1.3873, 1.563, 1.563, 1.563, 1.563, 1.6753, 1.8196, 1.8196, 1.9516, 1.9516, 1.9516, 1.9694, 1.9694, 1.9694, 1.9694]","[0.1461, 0.2278, 0.2278, 0.2278, 0.2278, 0.2781, 0.2781, 0.2781, 0.3395, 0.3395, 0.3508, 0.368, 0.368, 0.368, 0.368, 0.3909, 0.459, 0.459, 0.459, 0.459, 0.459, 0.459, 0.459, 0.459, 0.459, 0.459, 0.459, 0.459, 0.459, 0.459, 0.459, 0.459, 0.459, 0.459, 0.459]","[0.0194, 0.0417, 0.1264, 0.1214, 0.1347, 0.2037, 0.1917, 0.2533, 0.2529, 0.3131, 0.3364, 0.3295, 0.321, 0.3477, 0.4319, 0.4517, 0.4892, 0.5174, 0.5254, 0.5631, 0.6006, 0.5893, 0.6167, 0.6974, 0.6609, 0.7194, 0.7606, 0.7812, 0.8179, 0.8316, 0.8607, 0.8871, 0.8894, 0.8968, 0.9519]","[0.9383, 0.9335, 1.0078, 1.08, 1.1725, 1.2324, 1.2584, 1.3654, 1.441, 1.493, 1.4679, 1.4495, 1.4097, 1.4545, 1.4679, 1.486, 1.4933, 1.5097, 1.5589, 1.524, 1.6341, 1.7293, 1.8148, 1.8794, 1.8957]","[0.0257, 0.0809, 0.0859, 0.1255, 0.145, 0.1894, 0.2324, 0.2578, 0.2795, 0.3593, 0.3845, 0.4366, 0.4964, 0.5091, 0.5225, 0.5905, 0.6494, 0.6687, 0.7316, 0.7531, 0.8072, 0.8093, 0.837, 0.8831, 0.9501]","[0.8984, 1.0111, 0.959, 0.7829, 0.9016, 0.9371, 1.1726, 0.9544, 0.7751, 1.0735, 0.8398, 0.9656, 1.0942, 1.0257, 1.0676, 1.2399, 0.9096, 0.7971, 1.0804, 0.9577, 1.0597, 0.9039, 0.7846, 0.8887, 0.9286]"
-32.63,2024-08-09T10:48:00.000Z,2024-08-09T08:38:00.000Z,22039,EURUSD,LONG,London Open Liquidity Scalp,-0.6336,0.18,51.5,-0.5844,1.7447,1.06507,1.07156,1.07156,1.06391,2.0,1.0667,1.06391,1.06391,1.07228,3.0,0.8,10.0,SL,130,closed,51.5,0.63,1.07156,1.06507,1.7665,0.3632,0.4085,0.2258,true,true,Friday,8,10,August,2024,2.1667,7800000,1.06391,1.0667,11089.31,11056.68,6.0,0.4644,1.0,false,false,true,8801,London Open Liquidity Scalp — QA 200,"[0.2414, 0.3399, 0.3399, 0.3468, 0.6613, 0.6613, 0.6613, 0.8958, 0.8958, 0.9042, 1.0474, 1.0474, 1.2373, 1.2373, 1.2603, 1.4285, 1.4285, 1.4645, 1.5435, 1.695, 1.7447, 1.7447, 1.7447, 1.7447, 1.7447, 1.7447]","[0.2702, 0.2702, 0.2702, 0.2702, 0.2702, 0.2964, 0.3765, 0.3965, 0.4326, 0.4326, 0.4326, 0.4326, 0.4326, 0.4326, 0.5259, 0.5259, 0.5259, 0.5531, 0.5531, 0.5531, 0.5531, 0.5531, 0.5844, 0.5844, 0.5844, 0.5844]","[-0.0051, -0.0097, -0.1013, -0.0552, -0.1147, -0.1734, -0.1784, -0.1695, -0.2021, -0.2253, -0.3074, -0.2844, -0.3141, -0.3854, -0.3603, -0.4042, -0.3845, -0.4367, -0.4613, -0.5231, -0.4736, -0.5616, -0.5569, -0.6127, -0.6138, -0.6336]","[0.7002, 0.7076, 0.6977, 0.6863, 0.7835, 0.901, 0.907, 0.9372]","[0.0569, 0.126, 0.1959, 0.2103, 0.2466, 0.2501, 0.3059, 0.3088]","[-0.4391, -0.4363, -0.4097, -0.7226, -0.3461, -0.5626, -0.6065, -0.6785]"
51.3,2023-12-26T14:03:00.000Z,2023-12-26T10:32:00.000Z,22040,USDJPY,LONG,London Open Liquidity Scalp,0.9354,0.46,54.84,-0.7301,2.2265,147.389,147.769,147.769,147.389,2.0,147.483,147.74,147.355,147.74,3.0,0.9,9.2,TP,211,closed,54.84,0.94,147.769,147.389,2.4604,0.4201,1.2911,0.1223,false,false,Tuesday,10,14,December,2023,3.5167,12660000,147.355,147.483,11056.68,11107.98,6.0,0.496,1.0,false,false,false,8801,London Open Liquidity Scalp — QA 200,"[0.252, 0.252, 0.252, 0.521, 0.521, 0.7031, 0.7031, 0.8021, 0.8021, 0.8807, 0.9404, 0.9404, 0.9404, 0.9404, 0.9404, 1.0041, 1.0041, 1.2018, 1.354, 1.354, 1.354, 1.4684, 1.5314, 1.6164, 1.6269, 1.6269, 1.6269, 1.6269, 1.761, 1.761, 1.761, 2.0516, 2.0516, 2.0516, 2.0596, 2.2265, 2.2265, 2.2265, 2.2265, 2.2265, 2.2265, 2.2265]","[0.0553, 0.0662, 0.1452, 0.1452, 0.1452, 0.2239, 0.2239, 0.2739, 0.3672, 0.3738, 0.3738, 0.3738, 0.3738, 0.3738, 0.4688, 0.4688, 0.5278, 0.5278, 0.5332, 0.541, 0.541, 0.541, 0.6389, 0.6389, 0.6389, 0.6389, 0.6446, 0.6446, 0.6446, 0.6824, 0.6824, 0.6824, 0.6824, 0.6824, 0.7301, 0.7301, 0.7301, 0.7301, 0.7301, 0.7301, 0.7301, 0.7301]","[-0.0042, 0.0155, 0.0795, 0.0974, 0.132, 0.1507, 0.1657, 0.1392, 0.1905, 0.2271, 0.2742, 0.2681, 0.2756, 0.3156, 0.3484, 0.3275, 0.3826, 0.3608, 0.4296, 0.4117, 0.5033, 0.4776, 0.5534, 0.5254, 0.5195, 0.5716, 0.5826, 0.6087, 0.6031, 0.6412, 0.6845, 0.7158, 0.7394, 0.7614, 0.7433, 0.8018, 0.8551, 0.8374, 0.8445, 0.9066, 0.9384, 0.9354]","[0.9131, 0.9853, 0.9632, 1.0342, 1.0246, 0.9787, 1.0363, 1.1506, 1.1076, 1.0643, 1.1478, 1.1516, 1.2419]","[0.0398, 0.0478, 0.0532, 0.105, 0.1644, 0.2065, 0.2456, 0.3168, 0.3817, 0.4234, 0.4281, 0.4613, 0.5111]","[0.9702, 1.1703, 0.7938, 1.0869, 0.9731, 1.0279, 1.0592, 1.0019, 0.8468, 0.7501, 1.045, 0.7544, 0.8661]"
129.06,2024-08-20T10:32:00.000Z,2024-08-20T08:50:00.000Z,22041,GBPUSD,LONG,London Open Liquidity Scalp,2.8789,0.2,44.83,-0.8248,4.5762,1.2383,1.25042,1.25042,1.2383,3.0,1.24015,1.24661,1.23791,1.24688,3.5,1.2,10.0,MANUAL,102,closed,44.83,2.88,1.25042,1.2383,4.8682,0.6291,1.6973,0.2702,false,false,Tuesday,8,10,August,2024,1.7,6120000,1.23791,1.24015,11107.98,11237.04,7.0,0.4036,1.0,false,true,true,8801,London Open Liquidity Scalp — QA 200,"[0.16, 0.5129, 0.5129, 0.5129, 0.5739, 0.6898, 0.7196, 0.7196, 0.7196, 0.7995, 0.8685, 0.8685, 1.0293, 1.0293, 1.0293, 1.0293, 1.2887, 1.3768, 1.3768, 1.5268, 1.5268, 1.5268, 1.7044, 1.7044, 1.7532, 1.7814, 1.7814, 1.8192, 1.9187, 1.9671, 1.9671, 2.1538, 2.1538, 2.1745, 2.2936, 2.2936, 2.3377, 2.5166, 2.5166, 2.6579, 2.6579, 2.6828, 2.6828, 2.6828, 2.7154, 3.0284, 3.0284, 3.0284, 3.0284, 3.2294, 3.2294, 3.3664, 3.3664, 3.3664, 3.5282, 3.5282, 3.5282, 3.5282, 3.5282, 3.759, 3.759, 3.759, 3.759, 3.9509, 3.9565, 3.9565, 4.0422, 4.1528, 4.2104, 4.2254, 4.2254, 4.2254, 4.2254, 4.3243, 4.3844, 4.5762, 4.5762, 4.5762, 4.5762, 4.5762]","[0.233, 0.233, 0.2476, 0.2476, 0.2476, 0.2476, 0.2822, 0.2822, 0.2822, 0.2822, 0.2822, 0.2822, 0.2822, 0.3195, 0.3195, 0.3195, 0.3195, 0.3195, 0.3966, 0.3966, 0.3966, 0.3966, 0.4646, 0.4646, 0.4646, 0.4646, 0.4646, 0.5304, 0.5304, 0.5385, 0.5385, 0.5385, 0.5385, 0.5499, 0.593, 0.593, 0.593, 0.593, 0.6128, 0.6128, 0.6128, 0.6252, 0.6252, 0.6252, 0.6538, 0.7035, 0.7035, 0.7035, 0.7035, 0.7035, 0.7229, 0.7229, 0.7229, 0.7229, 0.7229, 0.8082, 0.8082, 0.8082, 0.8082, 0.8082, 0.8082, 0.8227, 0.8248, 0.8248, 0.8248, 0.8248, 0.8248, 0.8248, 0.8248, 0.8248, 0.8248, 0.8248, 0.8248, 0.8248, 0.8248, 0.8248, 0.8248, 0.8248, 0.8248, 0.8248]","[0.0521, 0.1073, 0.1283, 0.1108, 0.1379, 0.183, 0.2124, 0.3134, 0.3454, 0.3696, 0.4195, 0.4268, 0.4738, 0.5326, 0.558, 0.5705, 0.6552, 0.6233, 0.6634, 0.7032, 0.7173, 0.7479, 0.86, 0.8514, 0.9048, 0.9535, 1.0144, 0.9863, 1.0321, 1.087, 1.121, 1.1646, 1.1703, 1.1896, 1.2391, 1.3364, 1.338, 1.3415, 1.4323, 1.4344, 1.4338, 1.4998, 1.5137, 1.5922, 1.6375, 1.6852, 1.7043, 1.7271, 1.7606, 1.8279, 1.8512, 1.8278, 1.8634, 1.9687, 1.9688, 1.9856, 2.0271, 2.0868, 2.0877, 2.1869, 2.1673, 2.2725, 2.2395, 2.2824, 2.3372, 2.4184, 2.3697, 2.4132, 2.4878, 2.5461, 2.515, 2.5747, 2.609, 2.628, 2.7404, 2.7534, 2.8155, 2.7958, 2.8838, 2.8789]","[2.9061, 2.9491, 3.0229, 3.0161, 3.0334, 3.0977, 3.1138, 3.0904, 3.2013, 3.2585, 3.3053, 3.3218, 3.3438, 3.3203, 3.2894, 3.3869, 3.4847]","[0.057, 0.1146, 0.1188, 0.1667, 0.2055, 0.226, 0.272, 0.3381, 0.379, 0.4039, 0.4361, 0.4796, 0.4829, 0.5305, 0.5951, 0.6234, 0.6657]","[2.7824, 2.7161, 2.8257, 3.1636, 2.7372, 2.8207, 2.7906, 2.6919, 2.801, 2.7888, 2.8, 2.9894, 3.0596, 3.157, 3.1386, 2.7645, 2.8489]"
48.45,2024-05-31T11:06:00.000Z,2024-05-31T08:30:00.000Z,22042,XAUUSD,SHORT,London Open Liquidity Scalp,1.1454,1.95,42.3,-0.283,2.9299,2049.278,2048.58,2049.278,2048.58,2.5,2049.217,2048.674,2049.434,2048.674,4.0,2.5,1.0,TP,156,closed,42.3,1.15,2048.58,2049.278,2.9558,0.3909,1.7845,0.2151,false,true,Friday,8,11,May,2024,2.6,9360000,2049.434,2049.217,11237.04,11285.49,8.0,0.3764,1.0,false,false,false,8801,London Open Liquidity Scalp — QA 200,"[0.2048, 0.2991, 0.6493, 0.6493, 0.6772, 0.6772, 0.981, 0.981, 1.1903, 1.3349, 1.3349, 1.3349, 1.3773, 1.3773, 1.4767, 1.6184, 1.6704, 1.9704, 2.1765, 2.256, 2.256, 2.3783, 2.3783, 2.4452, 2.4935, 2.5642, 2.8379, 2.8379, 2.8379, 2.9299, 2.9299]","[0.2167, 0.2167, 0.2167, 0.2167, 0.283, 0.283, 0.283, 0.283, 0.283, 0.283, 0.283, 0.283, 0.283, 0.283, 0.283, 0.283, 0.283, 0.283, 0.283, 0.283, 0.283, 0.283, 0.283, 0.283, 0.283, 0.283, 0.283, 0.283, 0.283, 0.283, 0.283]","[0.039, 0.038, 0.1487, 0.157, 0.1591, 0.1913, 0.2699, 0.3179, 0.3367, 0.4038, 0.3956, 0.4697, 0.4784, 0.5124, 0.589, 0.5807, 0.6638, 0.677, 0.6974, 0.7803, 0.7469, 0.8192, 0.8378, 0.9221, 0.9531, 0.981, 1.0378, 0.9949, 1.0424, 1.1272, 1.1454]","[1.2365, 1.2243, 1.2463, 1.2646, 1.2939, 1.35, 1.3615, 1.4761, 1.4422, 1.5362, 1.5603, 1.5296, 1.6066, 1.6912, 1.708, 1.7414, 1.712]","[0.0417, 0.0864, 0.1448, 0.1753, 0.2095, 0.2276, 0.3036, 0.3173, 0.3937, 0.4391, 0.4414, 0.5091, 0.5366, 0.6115, 0.6294, 0.6548, 0.687]","[1.3894, 1.0109, 1.2179, 1.0866, 1.3973, 1.3831, 1.1061, 1.1793, 1.2389, 1.1612, 1.3446, 1.433, 1.1301, 0.9822, 1.0089, 1.2828, 1.2442]"
-27.13,2024-04-27T14:50:00.000Z,2024-04-27T10:03:00.000Z,22043,USDJPY,SHORT,London Open Liquidity Scalp,-0.5373,0.31,50.49,-0.872,0.6643,146.389,146.114,146.389,146.114,1.5,146.233,146.329,146.412,145.964,3.0,0.9,9.2,STOP_OUT,287,closed,50.49,0.54,146.114,146.389,1.0339,0.8088,0.5215,0.1611,true,true,Monday,10,14,April,2024,4.7833,17220000,146.412,146.233,11285.49,11258.36,6.0,0.4474,1.0,false,false,false,8801,London Open Liquidity Scalp — QA 200,"[0.0797, 0.1095, 0.3177, 0.3177, 0.3177, 0.3177, 0.3177, 0.3177, 0.3177, 0.4018, 0.4859, 0.4859, 0.4859, 0.4859, 0.4859, 0.4859, 0.4859, 0.4859, 0.6156, 0.6156, 0.6156, 0.6397, 0.6397, 0.6397, 0.6397, 0.6397, 0.6397, 0.6397, 0.6643, 0.6643, 0.6643, 0.6643, 0.6643, 0.6643, 0.6643, 0.6643, 0.6643, 0.6643, 0.6643, 0.6643, 0.6643, 0.6643, 0.6643, 0.6643, 0.6643, 0.6643, 0.6643, 0.6643, 0.6643, 0.6643, 0.6643, 0.6643, 0.6643, 0.6643, 0.6643, 0.6643, 0.6643]","[0.1182, 0.1182, 0.1182, 0.2259, 0.2523, 0.2812, 0.2812, 0.2812, 0.3737, 0.3737, 0.3945, 0.3945, 0.3945, 0.4547, 0.4591, 0.4591, 0.4591, 0.4591, 0.4591, 0.4591, 0.5371, 0.5371, 0.5371, 0.5371, 0.5731, 0.5731, 0.5731, 0.5731, 0.5731, 0.6871, 0.692, 0.692, 0.7547, 0.7547, 0.7547, 0.7547, 0.7547, 0.7547, 0.7592, 0.7592, 0.7592, 0.8701, 0.8701, 0.8701, 0.8701, 0.8701, 0.8701, 0.8701, 0.8709, 0.8709, 0.872, 0.872, 0.872, 0.872, 0.872, 0.872, 0.872]","[-0.0151, -0.0572, -0.0114, -0.0609, -0.0916, -0.0912, -0.039, -0.0594, -0.0673, -0.1262, -0.141, -0.142, -0.0888, -0.1742, -0.1358, -0.1164, -0.1392, -0.1615, -0.1946, -0.21, -0.2222, -0.2319, -0.1815, -0.2636, -0.236, -0.2721, -0.2209, -0.2335, -0.2344, -0.3141, -0.3172, -0.2756, -0.3288, -0.3374, -0.3533, -0.3249, -0.361, -0.356, -0.3474, -0.3425, -0.4297, -0.4284, -0.403, -0.4185, -0.3955, -0.461, -0.4313, -0.458, -0.4851, -0.4652, -0.4741, -0.4592, -0.4646, -0.4967, -0.4939, -0.5284, -0.5373]","[0.5885, 0.6071, 0.5673, 0.5632, 0.6284, 0.5863, 0.6583, 0.7476, 0.7639, 0.7639, 0.7639, 0.7639, 0.7639, 0.7318, 0.7639, 0.7425]","[0.0155, 0.0271, 0.0966, 0.1089, 0.1824, 0.2152, 0.2812, 0.2933, 0.295, 0.3574, 0.4001, 0.4339, 0.4374, 0.4726, 0.4837, 0.4898]","[-0.7364, -0.4657, -0.2816, -0.5006, -0.5801, -0.3541, -0.4515, -0.5984, -0.4839, -0.3631, -0.6812, -0.4645, -0.7081, -0.3022, -0.4886, -0.6852]"
-52.1,2024-08-07T21:06:00.000Z,2024-08-07T15:27:00.000Z,22044,GBPUSD,SHORT,London Open Liquidity Scalp,-0.9983,0.2,52.19,-0.7487,1.4115,1.2466,1.24089,1.24726,1.24089,2.5,1.24462,1.24726,1.24726,1.23801,3.5,1.2,10.0,STOP_OUT,339,closed,52.19,1.0,1.24089,1.2466,1.4235,0.7073,0.2378,0.3295,true,false,Wednesday,15,21,August,2024,5.65,20340000,1.24726,1.24462,11258.36,11206.26,7.0,0.4636,1.0,false,false,true,8801,London Open Liquidity Scalp — QA 200,"[0.0374, 0.2387, 0.2387, 0.4075, 0.4254, 0.4254, 0.5355, 0.5355, 0.5355, 0.5355, 0.5355, 0.5355, 0.5355, 0.6239, 0.6239, 0.6239, 0.7214, 0.7214, 0.7214, 0.7214, 0.7882, 0.7882, 0.7882, 0.8267, 0.8267, 0.8267, 0.9293, 0.9293, 0.9293, 1.0158, 1.0158, 1.0158, 1.0158, 1.0158, 1.0158, 1.0158, 1.1178, 1.1178, 1.1204, 1.1204, 1.1204, 1.2618, 1.2618, 1.2618, 1.2618, 1.2618, 1.2618, 1.2914, 1.4115, 1.4115, 1.4115, 1.4115, 1.4115, 1.4115, 1.4115, 1.4115, 1.4115, 1.4115, 1.4115, 1.4115, 1.4115, 1.4115, 1.4115, 1.4115, 1.4115, 1.4115, 1.4115]","[0.1901, 0.1901, 0.1901, 0.1901, 0.1901, 0.2843, 0.2843, 0.2843, 0.2843, 0.2843, 0.2978, 0.2978, 0.2978, 0.2978, 0.2978, 0.3137, 0.3137, 0.406, 0.461, 0.461, 0.4835, 0.4835, 0.4835, 0.4835, 0.4835, 0.4835, 0.4835, 0.4835, 0.4835, 0.5038, 0.5038, 0.5038, 0.5038, 0.5056, 0.5645, 0.6133, 0.6133, 0.6147, 0.6166, 0.6166, 0.6539, 0.6539, 0.6539, 0.6539, 0.6539, 0.6903, 0.71, 0.71, 0.7233, 0.7233, 0.7233, 0.7487, 0.7487, 0.7487, 0.7487, 0.7487, 0.7487, 0.7487, 0.7487, 0.7487, 0.7487, 0.7487, 0.7487, 0.7487, 0.7487, 0.7487, 0.7487]","[-0.0399, -0.0539, -0.015, -0.0274, -0.1061, -0.1231, -0.0829, -0.1391, -0.1769, -0.1111, -0.1908, -0.1482, -0.1765, -0.2497, -0.2073, -0.2089, -0.2687, -0.2663, -0.2387, -0.3201, -0.2777, -0.3085, -0.3177, -0.3369, -0.3557, -0.3901, -0.4089, -0.4249, -0.4285, -0.4245, -0.5038, -0.4896, -0.5085, -0.5337, -0.5454, -0.5192, -0.5262, -0.5314, -0.6233, -0.6272, -0.6419, -0.651, -0.6334, -0.6536, -0.6567, -0.7016, -0.6784, -0.7167, -0.7098, -0.7689, -0.7546, -0.7725, -0.7964, -0.8057, -0.8358, -0.8154, -0.8842, -0.8429, -0.8971, -0.8505, -0.879, -0.9381, -0.9189, -0.9181, -0.9941, -0.9562, -0.9983]","[0.9742, 0.9321, 0.9452, 0.8964, 1.0071]","[0.0735, 0.1401, 0.1463, 0.1936, 0.2025]","[-1.167, -0.9033, -1.0585, -1.0474, -1.0744]"
-35.85,2024-08-28T16:43:00.000Z,2024-08-28T14:58:00.000Z,22045,XAUUSD,SHORT,London Open Liquidity Scalp,-0.7469,2.54,48.0,-0.7054,0.829,2040.178,2039.887,2040.185,2039.887,2.5,2040.044,2040.185,2040.233,2039.571,4.0,2.5,1.0,MANUAL,105,closed,48.0,0.75,2039.887,2040.178,1.2251,0.901,0.2421,0.1275,false,false,Wednesday,14,16,August,2024,1.75,6300000,2040.233,2040.044,11206.26,11170.41,8.0,0.4283,1.0,false,false,true,8801,London Open Liquidity Scalp — QA 200,"[0.2376, 0.2376, 0.2376, 0.2376, 0.4287, 0.4287, 0.4624, 0.4624, 0.4624, 0.4624, 0.4624, 0.4624, 0.4624, 0.4624, 0.5276, 0.5276, 0.5682, 0.5682, 0.5682, 0.5682, 0.5682, 0.5682, 0.5682, 0.5682, 0.5682, 0.6335, 0.6715, 0.6716, 0.6716, 0.6716, 0.695, 0.695, 0.695, 0.695, 0.695, 0.695, 0.695, 0.695, 0.695, 0.695, 0.695, 0.695, 0.695, 0.695, 0.695, 0.7284, 0.7284, 0.743, 0.743, 0.743, 0.829, 0.829, 0.829, 0.829, 0.829, 0.829, 0.829, 0.829, 0.829, 0.829, 0.829, 0.829, 0.829, 0.829, 0.829, 0.829, 0.829, 0.829, 0.829, 0.829, 0.829, 0.829, 0.829, 0.829, 0.829, 0.829, 0.829, 0.829, 0.829, 0.829]","[0.0311, 0.2319, 0.2319, 0.2622, 0.2622, 0.2622, 0.2622, 0.2934, 0.3043, 0.3043, 0.3043, 0.3043, 0.3043, 0.3043, 0.3043, 0.366, 0.366, 0.3899, 0.4, 0.4084, 0.4084, 0.4084, 0.4084, 0.4084, 0.4201, 0.4201, 0.4201, 0.4399, 0.4399, 0.4399, 0.4696, 0.4739, 0.4739, 0.4739, 0.4739, 0.4739, 0.4739, 0.4739, 0.4739, 0.5084, 0.5084, 0.5799, 0.5799, 0.5799, 0.6429, 0.6429, 0.6429, 0.6429, 0.6429, 0.6429, 0.663, 0.663, 0.663, 0.663, 0.6822, 0.7054, 0.7054, 0.7054, 0.7054, 0.7054, 0.7054, 0.7054, 0.7054, 0.7054, 0.7054, 0.7054, 0.7054, 0.7054, 0.7054, 0.7054, 0.7054, 0.7054, 0.7054, 0.7054, 0.7054, 0.7054, 0.7054, 0.7054, 0.7054, 0.7054]","[-0.0446, -0.0215, -0.0288, -0.0057, -0.0431, -0.0485, -0.0808, -0.085, -0.112, -0.0932, -0.0597, -0.1185, -0.0825, -0.1314, -0.1531, -0.1727, -0.1585, -0.1349, -0.176, -0.1824, -0.2257, -0.1953, -0.2059, -0.1972, -0.269, -0.2422, -0.2896, -0.2239, -0.2826, -0.2511, -0.2994, -0.2604, -0.3084, -0.3612, -0.319, -0.3664, -0.3692, -0.3854, -0.4029, -0.3384, -0.4035, -0.3769, -0.4337, -0.4159, -0.4154, -0.4565, -0.446, -0.4427, -0.4936, -0.5094, -0.4501, -0.4654, -0.5255, -0.4947, -0.4872, -0.4943, -0.5253, -0.5622, -0.5419, -0.5436, -0.5941, -0.6191, -0.6237, -0.6392, -0.6416, -0.63, -0.603, -0.6497, -0.6341, -0.6792, -0.6544, -0.7027, -0.6733, -0.6971, -0.7409, -0.7085, -0.7111, -0.7113, -0.7353, -0.7469]","[0.804, 0.7947, 0.8355, 0.8687, 0.8391, 0.8509, 0.8976, 0.9533, 0.9533]","[0.0464, 0.0636, 0.0926, 0.1181, 0.1846, 0.2091, 0.2262, 0.2606, 0.2857]","[-0.6938, -0.7448, -0.8221, -0.7118, -0.8535, -0.492, -0.8301, -0.6859, -0.7259]"
-28.42,2024-05-13T14:38:00.000Z,2024-05-13T09:07:00.000Z,22046,XAUUSD,LONG,London Open Liquidity Scalp,-0.6687,1.58,42.5,-0.6078,1.6549,1992.153,1992.763,1992.763,1992.137,3.0,1992.317,1992.137,1992.048,1993.125,4.0,2.5,1.0,STOP_OUT,331,closed,42.5,0.67,1992.763,1992.153,1.7725,0.4041,0.508,0.012,false,true,Monday,9,14,May,2024,5.5167,19860000,1992.048,1992.317,11170.41,11141.99,8.0,0.3805,1.0,true,false,true,8801,London Open Liquidity Scalp — QA 200,"[0.3925, 0.3925, 0.3925, 0.3925, 0.3925, 0.4291, 0.4291, 0.4291, 0.4776, 0.4776, 0.4893, 0.4893, 0.4893, 0.6749, 0.6749, 0.6749, 0.6749, 0.6749, 0.6749, 0.6749, 0.7322, 0.7322, 0.7322, 0.8784, 0.8784, 0.8878, 0.9095, 0.9095, 0.9095, 0.9095, 1.0153, 1.0153, 1.0153, 1.0153, 1.0153, 1.0153, 1.0153, 1.0544, 1.1679, 1.1679, 1.2459, 1.2459, 1.2459, 1.2459, 1.2459, 1.2459, 1.2459, 1.3587, 1.3587, 1.3587, 1.4457, 1.4457, 1.4457, 1.4865, 1.4865, 1.5035, 1.5035, 1.5035, 1.5035, 1.5035, 1.5035, 1.5035, 1.5035, 1.6549, 1.6549, 1.6549, 1.6549, 1.6549, 1.6549, 1.6549, 1.6549, 1.6549, 1.6549, 1.6549, 1.6549, 1.6549, 1.6549, 1.6549, 1.6549, 1.6549]","[0.0091, 0.0367, 0.1362, 0.2073, 0.2073, 0.2073, 0.2898, 0.2898, 0.2898, 0.2898, 0.2898, 0.3341, 0.3341, 0.3341, 0.3341, 0.3341, 0.3341, 0.3728, 0.3728, 0.3728, 0.3728, 0.3728, 0.3728, 0.3862, 0.3862, 0.3862, 0.3862, 0.3862, 0.4365, 0.4365, 0.4365, 0.4819, 0.4819, 0.4819, 0.4819, 0.4819, 0.4845, 0.4845, 0.4845, 0.5198, 0.5198, 0.5198, 0.5198, 0.565, 0.5683, 0.5683, 0.5683, 0.5803, 0.5885, 0.5885, 0.5885, 0.5885, 0.5885, 0.6078, 0.6078, 0.6078, 0.6078, 0.6078, 0.6078, 0.6078, 0.6078, 0.6078, 0.6078, 0.6078, 0.6078, 0.6078, 0.6078, 0.6078, 0.6078, 0.6078, 0.6078, 0.6078, 0.6078, 0.6078, 0.6078, 0.6078, 0.6078, 0.6078, 0.6078, 0.6078]","[0.0138, -0.0411, -0.0618, -0.0615, -0.0109, -0.0096, -0.0342, -0.0691, -0.0672, -0.1095, -0.1139, -0.0821, -0.1319, -0.085, -0.1399, -0.1772, -0.1122, -0.1388, -0.1553, -0.209, -0.1457, -0.2134, -0.1617, -0.1768, -0.2149, -0.2542, -0.1964, -0.2681, -0.2448, -0.2238, -0.2766, -0.2885, -0.2962, -0.3146, -0.2993, -0.342, -0.3334, -0.3289, -0.3614, -0.3051, -0.3147, -0.3316, -0.346, -0.3511, -0.3764, -0.4243, -0.3529, -0.3674, -0.4181, -0.3823, -0.4327, -0.4159, -0.4829, -0.458, -0.4443, -0.4613, -0.4758, -0.4763, -0.4867, -0.5282, -0.5267, -0.554, -0.4842, -0.5647, -0.5657, -0.5083, -0.5622, -0.5749, -0.5469, -0.5968, -0.5503, -0.5761, -0.6315, -0.6593, -0.6563, -0.5959, -0.6583, -0.6154, -0.6562, -0.6687]","[0.64, 0.6933, 0.664, 0.6986, 0.7984, 0.8596, 0.8372, 0.954, 0.927, 0.8996, 0.9305, 0.9689, 1.0263, 1.072]","[0.0729, 0.1517, 0.2272, 0.2944, 0.3667, 0.4104, 0.4798, 0.4863, 0.5205, 0.5816, 0.6074, 0.6363, 0.6686, 0.7126]","[-0.7222, -0.4173, -0.4088, -0.3912, -0.5608, -0.7826, -0.5813, -0.7403, -0.7364, -0.3911, -0.5897, -0.6931, -0.4927, -0.5032]"
110.08,2025-06-14T14:29:00.000Z,2025-06-14T09:43:00.000Z,22047,GBPUSD,LONG,London Open Liquidity Scalp,2.3461,0.2,46.92,-0.4532,3.0204,1.27111,1.27946,1.27946,1.27111,2.5,1.2722,1.27821,1.2698,1.27821,3.5,1.2,10.0,TP,286,closed,46.92,2.35,1.27946,1.27111,3.3081,0.7768,0.6743,0.2618,false,false,Monday,9,14,June,2025,4.7667,17160000,1.2698,1.2722,11141.99,11252.07,7.0,0.4211,1.0,false,false,false,8801,London Open Liquidity Scalp — QA 200,"[0.4925, 0.6155, 0.6953, 0.7177, 1.0009, 1.2484, 1.3908, 1.3908, 1.6619, 1.8895, 2.0294, 2.2131, 2.2131, 2.3119, 2.4311, 2.5497, 2.7914, 2.8619, 3.0204]","[0.1587, 0.1587, 0.1587, 0.2962, 0.2962, 0.3152, 0.3152, 0.3278, 0.3278, 0.4146, 0.4146, 0.4253, 0.4532, 0.4532, 0.4532, 0.4532, 0.4532, 0.4532, 0.4532]","[0.1603, 0.2243, 0.3765, 0.4841, 0.5884, 0.7571, 0.8626, 1.0138, 1.0787, 1.2763, 1.3857, 1.4746, 1.5643, 1.7223, 1.8437, 1.9937, 2.1012, 2.2062, 2.3461]","[2.4641, 2.4519, 2.4909, 2.5522, 2.6003, 2.5623, 2.5743, 2.6088, 2.7263, 2.716, 2.7756, 2.7836, 2.7436, 2.7464, 2.8174, 2.9054, 2.9254, 2.9519, 3.0262, 3.1138, 3.2139, 3.2692, 3.3787, 3.413]","[0.0456, 0.112, 0.1169, 0.1366, 0.2078, 0.2409, 0.2576, 0.3231, 0.3815, 0.4106, 0.4861, 0.5365, 0.592, 0.6226, 0.6272, 0.6415, 0.7149, 0.761, 0.8377, 0.8425, 0.8648, 0.9136, 0.9222, 0.9841]","[2.4503, 2.2297, 2.5649, 2.1742, 2.3528, 2.2552, 2.1961, 2.5195, 2.3513, 2.4906, 2.2468, 2.4459, 2.3126, 2.4945, 2.5067, 2.6316, 2.5468, 2.2465, 2.4997, 2.3127, 2.5111, 2.3688, 2.6009, 2.5672]"
-0.8,2024-10-07T09:39:00.000Z,2024-10-07T07:25:00.000Z,22048,EURUSD,LONG,London Open Liquidity Scalp,-0.0171,0.38,46.68,-0.4848,0.4061,1.09295,1.09405,1.09405,1.09295,2.5,1.09355,1.09365,1.09231,1.09664,3.0,0.8,10.0,BE,134,closed,46.68,0.02,1.09405,1.09295,0.5131,0.0421,0.3419,0.2637,true,true,Monday,7,9,October,2024,2.2333,8040000,1.09231,1.09355,11252.07,11251.27,6.0,0.4149,1.0,true,false,true,8801,London Open Liquidity Scalp — QA 200,"[0.0738, 0.0738, 0.249, 0.2635, 0.3867, 0.3867, 0.3867, 0.395, 0.395, 0.395, 0.395, 0.395, 0.4061, 0.4061, 0.4061, 0.4061, 0.4061, 0.4061, 0.4061, 0.4061, 0.4061, 0.4061, 0.4061, 0.4061, 0.4061, 0.4061, 0.4061, 0.4061, 0.4061, 0.4061, 0.4061, 0.4061, 0.4061, 0.4061, 0.4061, 0.4061, 0.4061, 0.4061, 0.4061, 0.4061, 0.4061, 0.4061, 0.4061, 0.4061, 0.4061, 0.4061, 0.4061, 0.4061, 0.4061, 0.4061, 0.4061, 0.4061, 0.4061, 0.4061, 0.4061, 0.4061, 0.4061, 0.4061, 0.4061, 0.4061, 0.4061, 0.4061, 0.4061, 0.4061, 0.4061, 0.4061, 0.4061, 0.4061, 0.4061, 0.4061, 0.4061, 0.4061, 0.4061, 0.4061, 0.4061, 0.4061, 0.4061, 0.4061, 0.4061, 0.4061]","[0.0644, 0.0905, 0.2597, 0.2597, 0.2597, 0.2597, 0.2597, 0.2597, 0.2597, 0.2597, 0.2699, 0.2699, 0.2699, 0.3075, 0.3075, 0.3348, 0.3348, 0.3348, 0.3398, 0.3506, 0.3506, 0.3509, 0.3877, 0.3877, 0.3991, 0.3991, 0.3991, 0.3991, 0.3991, 0.3991, 0.3991, 0.4313, 0.4313, 0.4313, 0.4313, 0.4313, 0.4313, 0.4313, 0.4479, 0.4479, 0.4479, 0.4805, 0.4805, 0.4805, 0.4805, 0.4805, 0.4805, 0.4805, 0.4805, 0.4848, 0.4848, 0.4848, 0.4848, 0.4848, 0.4848, 0.4848, 0.4848, 0.4848, 0.4848, 0.4848, 0.4848, 0.4848, 0.4848, 0.4848, 0.4848, 0.4848, 0.4848, 0.4848, 0.4848, 0.4848, 0.4848, 0.4848, 0.4848, 0.4848, 0.4848, 0.4848, 0.4848, 0.4848, 0.4848, 0.4848]","[-0.0426, -0.0088, 0.0352, 0.0172, 0.0387, 0.0219, -0.0415, -0.0432, 0.0093, -0.0344, -0.0308, -0.008, -0.047, -0.033, -0.0239, 0.0404, 0.0333, -0.0103, -0.0197, 0.008, -0.0453, -0.0336, -0.0382, 0.0226, 0.0284, 0.0122, 0.0367, 0.0074, 0.0266, -0.0248, -0.0014, -0.0283, -0.0, 0.0234, -0.0393, -0.0198, -0.0279, -0.0464, -0.0333, 0.024, -0.023, -0.0438, 0.0099, 0.0002, 0.0118, -0.0368, 0.0122, 0.002, 0.0032, -0.029, -0.0191, -0.0316, -0.0559, 0.0038, 0.0299, -0.0239, -0.0497, -0.0092, 0.0241, -0.0406, -0.0061, 0.0017, -0.023, -0.0155, -0.0164, -0.0468, 0.0088, -0.0354, 0.012, 0.0234, 0.0155, -0.0562, -0.0025, -0.0154, -0.0099, -0.0476, 0.0145, -0.0584, -0.0438, -0.0171]","[0.0981, 0.1637, 0.203, 0.1809, 0.2283, 0.1786, 0.2852]","[0.0737, 0.1334, 0.2085, 0.2778, 0.3385, 0.3666, 0.3889]","[-0.0225, 0.0422, 0.2439, 0.1169, 0.1176, 0.1215, 0.1077]"
-0.66,2024-12-18T17:31:00.000Z,2024-12-18T13:05:00.000Z,22049,NQ,LONG,London Open Liquidity Scalp,-0.0136,0.35,48.38,-0.2943,0.2389,18814.94732,18818.61022,18818.61022,18814.94732,2.5,18816.96914,18817.21914,18810.09984,18834.14239,4.5,0.75,5.0,BE,266,closed,48.38,0.01,18818.61022,18814.94732,0.5391,0.0569,0.4257,0.0334,false,true,Wednesday,13,17,December,2024,4.4333,15960000,18810.09984,18816.96914,11251.27,11250.61,9.0,0.43,1.0,false,false,true,8801,London Open Liquidity Scalp — QA 200,"[0.1812, 0.1812, 0.2389, 0.2389, 0.2389, 0.2389, 0.2389, 0.2389, 0.2389, 0.2389, 0.2389, 0.2389, 0.2389, 0.2389, 0.2389, 0.2389, 0.2389]","[0.1876, 0.1876, 0.1876, 0.2388, 0.2388, 0.2388, 0.2575, 0.2943, 0.2943, 0.2943, 0.2943, 0.2943, 0.2943, 0.2943, 0.2943, 0.2943, 0.2943]","[0.0127, 0.0412, -0.0437, -0.0322, 0.0153, 0.0303, -0.023, 0.0245, 0.0319, 0.0017, -0.0273, -0.0191, -0.0287, -0.0505, -0.0242, 0.0288, -0.0136]","[0.0325, 0, 0.0987, 0.0805, 0.0411, 0.1243, 0.0889, 0.199, 0.1826, 0.2747, 0.2511, 0.2064, 0.2295, 0.2747, 0.2747, 0.2747, 0.2747]","[0.0109, 0.0667, 0.1405, 0.1405, 0.1617, 0.2107, 0.264, 0.3134, 0.39, 0.4021, 0.451, 0.4787, 0.5073, 0.5454, 0.6135, 0.6727, 0.7096]","[-0.0478, -0.0177, -0.0616, -0.1525, 0.192, -0.0538, 0.1728, 0.1768, -0.2043, 0.2174, 0.1597, 0.1604, 0.0043, -0.116, -0.1042, -0.034, -0.1034]"
2.87,2024-05-06T13:36:00.000Z,2024-05-06T09:38:00.000Z,22050,GBPUSD,SHORT,London Open Liquidity Scalp,0.0707,0.22,40.58,-0.1601,0.8818,1.24539,1.2435,1.24539,1.2435,1.5,1.2451,1.2451,1.24692,1.24238,3.5,1.2,10.0,BE,238,closed,40.58,0.07,1.2435,1.24539,0.9416,0.0802,0.8111,0.2891,false,true,Monday,9,13,May,2024,3.9667,14280000,1.24692,1.2451,11250.61,11253.48,7.0,0.3607,1.0,false,true,true,8801,London Open Liquidity Scalp — QA 200,"[0.1483, 0.4462, 0.4462, 0.454, 0.454, 0.6879, 0.6879, 0.6879, 0.8098, 0.8098, 0.8818, 0.8818, 0.8818, 0.8818, 0.8818]","[0.1601, 0.1601, 0.1601, 0.1601, 0.1601, 0.1601, 0.1601, 0.1601, 0.1601, 0.1601, 0.1601, 0.1601, 0.1601, 0.1601, 0.1601]","[-0.0223, -0.0293, 0.0222, -0.018, -0.0094, 0.0441, 0.0705, 0.0462, 0.0074, 0.0411, 0.076, 0.0253, 0.0768, 0.0301, 0.0707]","[0.1668, 0.2429, 0.2266, 0.3432, 0.2934, 0.3136, 0.293, 0.3481, 0.3765, 0.3867, 0.3786, 0.458, 0.411, 0.4664, 0.4845, 0.505, 0.6244, 0.7324, 0.7027]","[0.0156, 0.049, 0.0979, 0.1434, 0.1676, 0.1967, 0.2032, 0.2765, 0.3057, 0.3077, 0.3706, 0.4484, 0.4494, 0.4566, 0.4794, 0.5128, 0.5177, 0.5512, 0.578]","[0.339, -0.0535, 0.3553, 0.1007, 0.2047, 0.0467, 0.3226, 0.2207, -0.0036, -0.1183, -0.0384, 0.2273, 0.093, 0.3058, 0.1438, 0.1917, 0.161, -0.1289, -0.105]"
60.5,2024-03-04T21:47:00.000Z,2024-03-04T15:09:00.000Z,22051,USDJPY,LONG,London Open Liquidity Scalp,1.3953,0.21,43.36,-0.2324,3.0557,149.8,150.538,150.538,149.8,2.0,149.852,150.301,149.628,150.301,3.0,0.9,9.2,TP,398,closed,43.36,1.4,150.538,149.8,3.2941,0.4566,1.6604,0.0251,false,true,Monday,15,21,March,2024,6.6333,23880000,149.628,149.852,11253.48,11313.98,6.0,0.3853,1.0,false,false,true,8801,London Open Liquidity Scalp — QA 200,"[0.277, 0.2907, 0.5811, 0.5811, 0.8933, 0.9239, 0.9361, 1.0674, 1.0773, 1.5629, 1.5922, 1.6806, 1.8139, 1.9857, 1.993, 2.1108, 2.1762, 2.1762, 2.4248, 2.6283, 2.6283, 2.9011, 2.9011, 2.9011, 3.0071, 3.0557]","[0.0545, 0.1942, 0.2324, 0.2324, 0.2324, 0.2324, 0.2324, 0.2324, 0.2324, 0.2324, 0.2324, 0.2324, 0.2324, 0.2324, 0.2324, 0.2324, 0.2324, 0.2324, 0.2324, 0.2324, 0.2324, 0.2324, 0.2324, 0.2324, 0.2324, 0.2324]","[0.0977, 0.131, 0.1892, 0.2143, 0.3109, 0.3218, 0.4187, 0.4253, 0.4453, 0.5621, 0.6234, 0.6345, 0.6731, 0.7476, 0.8258, 0.8396, 0.9474, 0.932, 1.0305, 1.0752, 1.1083, 1.2231, 1.1931, 1.3139, 1.3241, 1.3953]","[1.457, 1.5428, 1.5072, 1.4844, 1.4887, 1.5764, 1.606, 1.6052, 1.5598, 1.5442, 1.5597, 1.6288, 1.619, 1.5891, 1.6205, 1.6492, 1.6899, 1.7705, 1.731, 1.7985, 1.8537, 1.902, 1.866, 1.9118]","[0.0014, 0.0154, 0.0265, 0.0418, 0.0912, 0.1054, 0.1133, 0.1713, 0.1946, 0.2376, 0.2691, 0.2966, 0.3187, 0.3358, 0.3948, 0.4193, 0.4336, 0.4568, 0.503, 0.5263, 0.5617, 0.5894, 0.6484, 0.6604]","[1.2728, 1.3371, 1.6744, 1.5843, 1.5387, 1.4179, 1.6277, 1.6538, 1.4792, 1.2368, 1.5207, 1.5867, 1.4521, 1.2245, 1.4882, 1.6597, 1.4026, 1.3586, 1.4119, 1.6952, 1.554, 1.369, 1.5869, 1.4127]"
-29.36,2024-11-04T08:48:00.000Z,2024-11-04T07:37:00.000Z,22052,USDJPY,LONG,London Open Liquidity Scalp,-0.6474,0.39,45.35,-1.0211,0.7601,150.143,150.368,150.368,150.143,3.0,150.272,150.19,150.146,150.651,3.0,0.9,9.2,STOP_OUT,71,closed,45.35,0.65,150.368,150.143,1.0692,0.8517,0.0888,0.0965,false,false,Monday,7,8,November,2024,1.1833,4260000,150.146,150.272,11313.98,11284.62,6.0,0.4008,1.0,false,false,true,8801,London Open Liquidity Scalp — QA 200,"[0.2473, 0.2473, 0.3266, 0.3266, 0.3266, 0.3266, 0.3955, 0.3955, 0.3955, 0.3955, 0.3955, 0.3955, 0.3955, 0.438, 0.438, 0.438, 0.4665, 0.589, 0.589, 0.589, 0.589, 0.589, 0.589, 0.589, 0.6628, 0.6628, 0.6628, 0.6628, 0.6628, 0.6628, 0.6993, 0.6993, 0.6993, 0.6993, 0.6993, 0.6993, 0.6993, 0.6993, 0.7014, 0.7014, 0.7014, 0.7014, 0.7014, 0.7014, 0.7601, 0.7601, 0.7601, 0.7601, 0.7601, 0.7601, 0.7601, 0.7601, 0.7601, 0.7601, 0.7601, 0.7601, 0.7601, 0.7601, 0.7601, 0.7601, 0.7601, 0.7601, 0.7601, 0.7601, 0.7601, 0.7601, 0.7601, 0.7601, 0.7601, 0.7601, 0.7601]","[0.2504, 0.2504, 0.2722, 0.2722, 0.2722, 0.2722, 0.2722, 0.3121, 0.3121, 0.3121, 0.3121, 0.3529, 0.3529, 0.3529, 0.4653, 0.4653, 0.4653, 0.4653, 0.4653, 0.4653, 0.4653, 0.4653, 0.5667, 0.5667, 0.5667, 0.61, 0.61, 0.6174, 0.6174, 0.6174, 0.6416, 0.6858, 0.6858, 0.6858, 0.6858, 0.7186, 0.7186, 0.7186, 0.7186, 0.7321, 0.7321, 0.7747, 0.7747, 0.837, 0.837, 0.837, 0.8822, 0.8822, 0.8822, 0.8822, 0.9243, 0.9243, 1.0109, 1.0109, 1.0211, 1.0211, 1.0211, 1.0211, 1.0211, 1.0211, 1.0211, 1.0211, 1.0211, 1.0211, 1.0211, 1.0211, 1.0211, 1.0211, 1.0211, 1.0211, 1.0211]","[-0.0178, -0.0142, -0.0442, -0.019, -0.0205, -0.0193, -0.0227, -0.0561, -0.1059, -0.0572, -0.1367, -0.0998, -0.0996, -0.1641, -0.1571, -0.1288, -0.1821, -0.1963, -0.1621, -0.1981, -0.1744, -0.2115, -0.2029, -0.2583, -0.2218, -0.2672, -0.2482, -0.2969, -0.2484, -0.2623, -0.3089, -0.2862, -0.2992, -0.3013, -0.3606, -0.3084, -0.3294, -0.3458, -0.3671, -0.3734, -0.4142, -0.4211, -0.3552, -0.3752, -0.4075, -0.4207, -0.4089, -0.417, -0.4663, -0.4293, -0.4601, -0.4931, -0.5206, -0.4983, -0.5069, -0.514, -0.531, -0.568, -0.5333, -0.5086, -0.5347, -0.607, -0.5304, -0.5464, -0.6067, -0.574, -0.6512, -0.6103, -0.6727, -0.6151, -0.6474]","[0.6787, 0.7925, 0.8741, 0.8741, 0.8741, 0.833, 0.8415, 0.8741, 0.8741, 0.8741, 0.8741, 0.8741, 0.8453, 0.8473, 0.8335, 0.8741, 0.8741, 0.8337, 0.8741, 0.8741]","[0.0196, 0.0814, 0.149, 0.1782, 0.2066, 0.2509, 0.3281, 0.3643, 0.4149, 0.4762, 0.5475, 0.5595, 0.6173, 0.6395, 0.6397, 0.7112, 0.7456, 0.787, 0.8371, 0.9034]","[-0.4402, -0.8069, -0.4677, -0.5502, -0.4178, -0.796, -0.6216, -0.593, -0.4624, -0.619, -0.5584, -0.5938, -0.7324, -0.7901, -0.8176, -0.3702, -0.7437, -0.6089, -0.3618, -0.5996]"
143.69,2024-08-12T14:34:00.000Z,2024-08-12T08:07:00.000Z,22053,NQ,LONG,London Open Liquidity Scalp,2.6798,0.42,53.62,-0.8349,3.5635,18014.2067,18042.52859,18042.52859,18014.2067,3.0,18019.58276,18038.90014,18013.14363,18038.90014,4.5,0.75,5.0,TP,387,closed,53.62,2.68,18042.52859,18014.2067,3.8071,0.752,0.8837,0.0734,false,false,Monday,8,14,August,2024,6.45,23220000,18013.14363,18019.58276,11284.62,11428.31,9.0,0.4752,1.0,false,true,true,8801,London Open Liquidity Scalp — QA 200,"[0.2274, 0.4838, 0.4838, 0.4838, 0.5626, 0.5626, 0.7029, 0.7029, 0.7029, 0.7029, 0.7029, 0.733, 0.8873, 0.96, 0.96, 0.96, 0.96, 1.1868, 1.1868, 1.1868, 1.2803, 1.2803, 1.2803, 1.2803, 1.2803, 1.4439, 1.4439, 1.4439, 1.4439, 1.4582, 1.4582, 1.4995, 1.7416, 1.7416, 1.9107, 1.9107, 1.9107, 1.9107, 2.0105, 2.0105, 2.0461, 2.0461, 2.2016, 2.2016, 2.2016, 2.4306, 2.4306, 2.4306, 2.4306, 2.4306, 2.5627, 2.7091, 2.7091, 2.7091, 2.7091, 2.8259, 2.8259, 2.8259, 2.9915, 2.9915, 2.9915, 3.0748, 3.0748, 3.2262, 3.2262, 3.2262, 3.2262, 3.2262, 3.2262, 3.4631, 3.4689, 3.4689, 3.4689, 3.4689, 3.5538, 3.5635, 3.5635, 3.5635, 3.5635, 3.5635]","[0.1988, 0.1988, 0.2453, 0.2532, 0.2699, 0.2699, 0.2699, 0.2882, 0.3217, 0.3332, 0.3424, 0.3424, 0.3424, 0.3424, 0.3424, 0.3912, 0.3912, 0.3912, 0.3912, 0.3912, 0.464, 0.464, 0.4855, 0.4928, 0.4928, 0.4928, 0.4928, 0.4928, 0.5103, 0.5103, 0.5103, 0.5103, 0.5103, 0.5103, 0.5494, 0.5494, 0.5494, 0.5494, 0.5494, 0.5494, 0.5494, 0.5773, 0.5789, 0.5789, 0.5789, 0.6455, 0.6455, 0.6455, 0.7055, 0.7055, 0.7055, 0.7345, 0.7345, 0.7797, 0.7797, 0.7797, 0.7797, 0.7797, 0.7797, 0.7797, 0.7868, 0.7868, 0.8349, 0.8349, 0.8349, 0.8349, 0.8349, 0.8349, 0.8349, 0.8349, 0.8349, 0.8349, 0.8349, 0.8349, 0.8349, 0.8349, 0.8349, 0.8349, 0.8349, 0.8349]","[-0.0039, 0.063, 0.1037, 0.1404, 0.2097, 0.2449, 0.2394, 0.2767, 0.3311, 0.345, 0.3255, 0.4262, 0.479, 0.4844, 0.5057, 0.5402, 0.57, 0.5649, 0.6673, 0.6915, 0.723, 0.7565, 0.7746, 0.767, 0.7942, 0.834, 0.8646, 0.9129, 0.9927, 1.0485, 1.0639, 1.0402, 1.0671, 1.1445, 1.1788, 1.1644, 1.2677, 1.2754, 1.3309, 1.3407, 1.372, 1.374, 1.3969, 1.4654, 1.51, 1.5856, 1.6033, 1.6041, 1.6182, 1.6851, 1.701, 1.764, 1.785, 1.7892, 1.8072, 1.86, 1.9388, 1.9483, 1.944, 1.9936, 2.0232, 2.0672, 2.1387, 2.1114, 2.2121, 2.2356, 2.258, 2.3115, 2.2699, 2.3849, 2.3886, 2.3859, 2.4583, 2.4811, 2.4676, 2.5738, 2.6082, 2.5845, 2.6897, 2.6798]","[2.6577, 2.7325, 2.7139, 2.7385, 2.8343, 2.8454, 2.8667, 2.8842, 2.8416, 2.9409, 2.9947, 2.9879, 3.0195, 3.1087, 3.1328, 3.2228, 3.1947]","[0.0714, 0.1295, 0.1435, 0.2195, 0.2427, 0.2741, 0.286, 0.3329, 0.3704, 0.4101, 0.4182, 0.4632, 0.5067, 0.5074, 0.5697, 0.6055, 0.6672]","[2.846, 2.6953, 2.6869, 2.9165, 2.6384, 2.6846, 2.912, 2.9079, 2.4919, 2.5089, 2.6919, 2.8618, 2.6124, 2.6749, 2.7274, 2.6149, 2.6607]"
-36.54,2024-10-01T15:36:00.000Z,2024-10-01T13:13:00.000Z,22054,GBPUSD,SHORT,London Open Liquidity Scalp,-0.6773,0.24,53.95,-0.7819,1.0492,1.27973,1.27567,1.27973,1.27567,2.5,1.278,1.2795,1.28022,1.27245,3.5,1.2,10.0,STOP_OUT,143,closed,53.95,0.68,1.27567,1.27973,1.2928,0.6455,0.2758,0.1427,false,true,Tuesday,13,15,October,2024,2.3833,8580000,1.28022,1.278,11428.31,11391.77,7.0,0.4721,1.0,false,false,false,8801,London Open Liquidity Scalp — QA 200,"[0.3007, 0.3007, 0.3007, 0.3007, 0.3007, 0.4591, 0.4591, 0.469, 0.469, 0.469, 0.469, 0.469, 0.469, 0.469, 0.4798, 0.5712, 0.5712, 0.6223, 0.6223, 0.6223, 0.638, 0.638, 0.638, 0.638, 0.638, 0.638, 0.638, 0.638, 0.638, 0.638, 0.638, 0.758, 0.7868, 0.7868, 0.7868, 0.7868, 0.8425, 0.8425, 0.8425, 0.8425, 0.8425, 0.8425, 0.8425, 0.8425, 0.8425, 0.9904, 0.9904, 1.0198, 1.0198, 1.0198, 1.0198, 1.0198, 1.0198, 1.0492, 1.0492, 1.0492, 1.0492, 1.0492, 1.0492, 1.0492, 1.0492, 1.0492, 1.0492, 1.0492, 1.0492, 1.0492, 1.0492, 1.0492, 1.0492, 1.0492, 1.0492, 1.0492, 1.0492, 1.0492, 1.0492, 1.0492, 1.0492, 1.0492, 1.0492, 1.0492]","[0.1754, 0.2543, 0.2543, 0.2543, 0.2543, 0.2722, 0.2722, 0.2722, 0.3094, 0.3094, 0.3094, 0.3094, 0.3094, 0.315, 0.315, 0.315, 0.315, 0.315, 0.315, 0.315, 0.315, 0.315, 0.4162, 0.4185, 0.4185, 0.4486, 0.4486, 0.4486, 0.4934, 0.4934, 0.4934, 0.5273, 0.5273, 0.5273, 0.5273, 0.5273, 0.5699, 0.6132, 0.6132, 0.6132, 0.6132, 0.6363, 0.6363, 0.6793, 0.6793, 0.6793, 0.6793, 0.6793, 0.692, 0.692, 0.692, 0.692, 0.706, 0.706, 0.732, 0.7461, 0.7461, 0.7461, 0.7819, 0.7819, 0.7819, 0.7819, 0.7819, 0.7819, 0.7819, 0.7819, 0.7819, 0.7819, 0.7819, 0.7819, 0.7819, 0.7819, 0.7819, 0.7819, 0.7819, 0.7819, 0.7819, 0.7819, 0.7819, 0.7819]","[-0.0303, -0.0128, -0.0064, -0.0786, -0.0569, -0.0421, -0.0801, -0.0327, -0.0373, -0.0419, -0.0717, -0.0964, -0.1524, -0.1457, -0.1334, -0.1656, -0.1529, -0.1555, -0.171, -0.1628, -0.2041, -0.146, -0.2122, -0.243, -0.2376, -0.2489, -0.2147, -0.2743, -0.2137, -0.2351, -0.226, -0.3143, -0.2945, -0.2762, -0.3058, -0.3145, -0.3522, -0.3493, -0.345, -0.3602, -0.3619, -0.3801, -0.3276, -0.3605, -0.3419, -0.4294, -0.3701, -0.4061, -0.4515, -0.4136, -0.399, -0.4197, -0.48, -0.4908, -0.4825, -0.4389, -0.523, -0.4722, -0.5428, -0.5334, -0.5521, -0.4895, -0.5267, -0.4974, -0.5518, -0.5581, -0.5879, -0.6145, -0.5859, -0.5916, -0.6448, -0.6323, -0.6485, -0.6578, -0.6049, -0.684, -0.6233, -0.6666, -0.6787, -0.6773]","[0.7551, 0.8364, 0.95, 0.9865, 1.0813, 1.0975, 1.1322, 1.2066, 1.2066, 1.2066, 1.1668, 1.1862, 1.1817, 1.1657, 1.1893, 1.166, 1.1387, 1.124, 1.1758, 1.139]","[0.0761, 0.0851, 0.1076, 0.1698, 0.1743, 0.2183, 0.2252, 0.2621, 0.2811, 0.2933, 0.3651, 0.3712, 0.4406, 0.4801, 0.5117, 0.5365, 0.5508, 0.5578, 0.6125, 0.6307]","[-0.5374, -0.4484, -0.523, -0.5832, -0.6499, -0.5862, -0.5418, -0.6178, -0.812, -0.4959, -0.7641, -0.8183, -0.8041, -0.7871, -0.8104, -0.8538, -0.432, -0.7153, -0.7603, -0.5405]"
-38.28,2024-12-04T17:15:00.000Z,2024-12-04T10:49:00.000Z,22055,NQ,LONG,London Open Liquidity Scalp,-0.9546,0.59,40.1,-0.7159,0.231,18514.07138,18517.29724,18517.29724,18513.25805,2.0,18516.51032,18513.25805,18513.10374,18523.32347,4.5,0.75,5.0,MANUAL,386,closed,40.1,0.95,18517.29724,18514.07138,0.5062,4.1325,0.2397,0.2148,true,false,Wednesday,10,17,December,2024,6.4333,23160000,18513.10374,18516.51032,11391.77,11353.49,9.0,0.352,1.0,true,false,false,8801,London Open Liquidity Scalp — QA 200,"[0.1711, 0.1711, 0.1711, 0.1711, 0.1792, 0.231, 0.231, 0.231, 0.231, 0.231, 0.231, 0.231, 0.231, 0.231, 0.231, 0.231, 0.231, 0.231, 0.231, 0.231, 0.231, 0.231, 0.231, 0.231, 0.9546]","[0.0608, 0.2126, 0.2433, 0.2433, 0.2433, 0.3325, 0.3325, 0.3325, 0.4492, 0.4492, 0.4492, 0.4492, 0.4492, 0.4492, 0.5279, 0.5649, 0.633, 0.633, 0.7159, 0.7159, 0.7159, 0.7159, 0.7159, 0.7159, 0.7159]","[-0.0673, -0.0486, -0.1534, -0.146, -0.1954, -0.2577, -0.296, -0.3022, -0.34, -0.3771, -0.4124, -0.491, -0.4875, -0.5096, -0.5587, -0.6189, -0.6866, -0.7149, -0.7637, -0.7226, -0.817, -0.8169, -0.8957, -0.8914, -0.9546]","[0.2656, 0.2188, 0.1897, 0.188, 0.1801, 0.2482, 0.2656, 0.2656, 0.2656, 0.2656]","[0.0615, 0.077, 0.1496, 0.1655, 0.174, 0.1826, 0.2441, 0.2461, 0.2801, 0.3171]","[-0.736, -1.1398, -0.8203, -0.7349, -0.7601, -1.1089, -0.7922, -0.8899, -0.8342, -0.7262]"
-5.35,2025-08-03T13:13:00.000Z,2025-08-03T08:24:00.000Z,22056,USDJPY,LONG,London Open Liquidity Scalp,-0.0983,0.25,54.42,-0.2941,0.4298,145.906,146.08,146.08,145.906,2.5,145.977,145.987,145.737,146.577,3.0,0.9,9.2,BE,289,closed,54.42,0.1,146.08,145.906,0.6331,0.2287,0.1951,0.2977,true,true,Monday,8,13,August,2025,4.8167,17340000,145.737,145.977,11353.49,11348.14,6.0,0.4793,1.0,false,false,true,8801,London Open Liquidity Scalp — QA 200,"[0.2807, 0.4034, 0.4034, 0.4034, 0.4034, 0.4034, 0.4298, 0.4298, 0.4298, 0.4298, 0.4298, 0.4298, 0.4298, 0.4298, 0.4298, 0.4298, 0.4298, 0.4298, 0.4298, 0.4298, 0.4298, 0.4298, 0.4298, 0.4298, 0.4298, 0.4298, 0.4298, 0.4298, 0.4298, 0.4298, 0.4298, 0.4298, 0.4298, 0.4298, 0.4298, 0.4298, 0.4298, 0.4298, 0.4298, 0.4298, 0.4298, 0.4298, 0.4298, 0.4298, 0.4298, 0.4298, 0.4298, 0.4298, 0.4298, 0.4298, 0.4298, 0.4298, 0.4298, 0.4298, 0.4298, 0.4298, 0.4298]","[0.1387, 0.1387, 0.2255, 0.2255, 0.2362, 0.2362, 0.2379, 0.263, 0.263, 0.263, 0.2941, 0.2941, 0.2941, 0.2941, 0.2941, 0.2941, 0.2941, 0.2941, 0.2941, 0.2941, 0.2941, 0.2941, 0.2941, 0.2941, 0.2941, 0.2941, 0.2941, 0.2941, 0.2941, 0.2941, 0.2941, 0.2941, 0.2941, 0.2941, 0.2941, 0.2941, 0.2941, 0.2941, 0.2941, 0.2941, 0.2941, 0.2941, 0.2941, 0.2941, 0.2941, 0.2941, 0.2941, 0.2941, 0.2941, 0.2941, 0.2941, 0.2941, 0.2941, 0.2941, 0.2941, 0.2941, 0.2941]","[0.0322, 0.005, -0.0398, -0.0022, 0.0039, -0.0199, -0.0354, -0.0125, -0.0217, 0.0162, -0.0304, -0.004, 0.0191, -0.0229, 0.0061, -0.0158, -0.0551, -0.0292, -0.0039, 0.0084, -0.0702, -0.0244, -0.0389, -0.0829, -0.0128, -0.0454, -0.0301, -0.0904, -0.0919, -0.0458, -0.0325, -0.0991, -0.0756, -0.0311, -0.0858, -0.0876, -0.0349, -0.1002, -0.0861, -0.0936, -0.0619, -0.0933, -0.0373, -0.0465, -0.1198, -0.0479, -0.0364, -0.1232, -0.0716, -0.1137, -0.0757, -0.0501, -0.0725, -0.0982, -0.1381, -0.1252, -0.0983]","[0.1927, 0.1871, 0.171, 0.1656, 0.1182, 0.1734, 0.138, 0.253, 0.3484, 0.3518, 0.3518, 0.3439, 0.3355, 0.3671, 0.3315, 0.3395, 0.4478, 0.424, 0.3799, 0.4865]","[0.0726, 0.1196, 0.1949, 0.223, 0.2421, 0.3025, 0.3503, 0.394, 0.4216, 0.4561, 0.5128, 0.5757, 0.614, 0.6246, 0.6774, 0.7084, 0.7688, 0.792, 0.8114, 0.8173]","[-0.2585, 0.1574, 0.0128, -0.1741, 0.1503, -0.1815, -0.2303, 0.1189, -0.0525, -0.0097, -0.284, -0.1903, -0.1299, 0.02, -0.0362, -0.2325, 0.0885, -0.239, -0.1362, -0.2324]"
-2.79,2025-03-12T19:12:00.000Z,2025-03-12T13:40:00.000Z,22057,XAUUSD,LONG,London Open Liquidity Scalp,-0.0534,1.99,52.25,-0.2153,0.6912,2047.074,2047.313,2047.313,2047.074,3.0,2047.131,2047.141,2046.868,2047.92,4.0,2.5,1.0,BE,332,closed,52.25,0.05,2047.313,2047.074,0.7916,0.0773,0.1542,0.3379,true,true,Wednesday,13,19,March,2025,5.5333,19920000,2046.868,2047.131,11348.14,11345.35,8.0,0.4604,1.0,false,false,false,8801,London Open Liquidity Scalp — QA 200,"[0.2726, 0.2726, 0.39, 0.5219, 0.5219, 0.5219, 0.5219, 0.5219, 0.5219, 0.5219, 0.6912, 0.6912, 0.6912, 0.6912, 0.6912, 0.6912, 0.6912, 0.6912, 0.6912, 0.6912, 0.6912, 0.6912]","[0.0565, 0.0972, 0.0972, 0.0972, 0.2153, 0.2153, 0.2153, 0.2153, 0.2153, 0.2153, 0.2153, 0.2153, 0.2153, 0.2153, 0.2153, 0.2153, 0.2153, 0.2153, 0.2153, 0.2153, 0.2153, 0.2153]","[0.0107, -0.0178, -0.0253, 0.0092, -0.0264, -0.0389, 0.0238, 0.0018, -0.0206, -0.0654, -0.0537, -0.0645, -0.0205, -0.0043, -0.0122, 0.001, -0.0771, -0.008, -0.0292, -0.0655, -0.0288, -0.0534]","[0.1395, 0.1174, 0.1892, 0.1535, 0.1321, 0.2027, 0.3008, 0.3631, 0.4132, 0.4204, 0.4471, 0.5099, 0.5975, 0.6509, 0.7537, 0.7682]","[0.0783, 0.1143, 0.1556, 0.2095, 0.2664, 0.3097, 0.3196, 0.3354, 0.4084, 0.476, 0.5524, 0.6112, 0.6707, 0.68, 0.6905, 0.7074]","[-0.1699, 0.1911, 0.0594, -0.0474, 0.0306, 0.221, 0.0784, -0.111, 0.1122, -0.1791, -0.0738, 0.0606, 0.2017, 0.2103, 0.0839, -0.1749]"
87.67,2024-01-13T12:13:00.000Z,2024-01-13T07:45:00.000Z,22058,XAUUSD,SHORT,London Open Liquidity Scalp,2.1274,1.91,41.21,-0.8202,2.9883,2064.618,2063.796,2064.618,2063.793,3.0,2064.441,2063.793,2064.657,2063.793,4.0,2.5,1.0,TP,268,closed,41.21,2.13,2063.796,2064.618,3.0466,0.7119,0.8609,0.1037,false,true,Monday,7,12,January,2024,4.4667,16080000,2064.657,2064.441,11345.35,11433.02,8.0,0.3632,1.0,false,false,false,8801,London Open Liquidity Scalp — QA 200,"[0.3536, 0.3536, 0.4851, 0.4851, 0.5679, 0.5679, 0.5679, 0.7516, 0.8868, 0.8868, 1.0005, 1.0689, 1.0689, 1.0689, 1.1526, 1.2127, 1.3075, 1.3075, 1.3075, 1.4122, 1.5089, 1.5089, 1.5089, 1.6267, 1.6267, 1.6267, 1.6267, 1.6426, 1.9599, 1.9796, 1.9796, 1.9796, 2.0723, 2.0723, 2.1961, 2.353, 2.353, 2.5051, 2.5766, 2.6174, 2.6174, 2.6174, 2.6174, 2.8768, 2.8768, 2.8768, 2.8768, 2.9883, 2.9883, 2.9883, 2.9883, 2.9883, 2.9883]","[0.0444, 0.2353, 0.2577, 0.2577, 0.3204, 0.3204, 0.348, 0.348, 0.348, 0.348, 0.348, 0.3857, 0.3955, 0.3955, 0.454, 0.454, 0.454, 0.454, 0.454, 0.5574, 0.5574, 0.5574, 0.5574, 0.5574, 0.5574, 0.5574, 0.6146, 0.6146, 0.6146, 0.7067, 0.7067, 0.7345, 0.7345, 0.7345, 0.7345, 0.754, 0.754, 0.7597, 0.7597, 0.7597, 0.8202, 0.8202, 0.8202, 0.8202, 0.8202, 0.8202, 0.8202, 0.8202, 0.8202, 0.8202, 0.8202, 0.8202, 0.8202]","[0.0213, 0.0729, 0.0909, 0.1434, 0.1796, 0.2089, 0.2556, 0.3117, 0.3712, 0.4119, 0.4022, 0.5008, 0.5516, 0.5613, 0.6169, 0.6353, 0.6961, 0.6913, 0.7577, 0.7698, 0.8158, 0.9269, 0.8975, 0.9423, 1.009, 1.0813, 1.0719, 1.1571, 1.1687, 1.2211, 1.2014, 1.2432, 1.3587, 1.3429, 1.435, 1.4703, 1.4811, 1.5656, 1.5597, 1.6059, 1.6187, 1.7247, 1.6946, 1.7218, 1.7833, 1.8773, 1.9122, 1.9666, 1.9744, 2.0407, 2.0161, 2.0499, 2.1274]","[2.2057, 2.2498, 2.3628, 2.3794, 2.3665, 2.3978, 2.4455, 2.399, 2.4869, 2.5988, 2.7008, 2.7489, 2.7995, 2.7557]","[0.0021, 0.0309, 0.0526, 0.084, 0.1019, 0.179, 0.2298, 0.2409, 0.3031, 0.3469, 0.3999, 0.4468, 0.5077, 0.5298]","[2.2997, 2.3383, 1.9726, 2.1918, 2.271, 2.2984, 2.0269, 2.0854, 1.9909, 2.042, 2.1425, 2.2057, 2.0647, 2.1635]"
-37.58,2024-12-05T20:51:00.000Z,2024-12-05T14:33:00.000Z,22059,GBPUSD,SHORT,London Open Liquidity Scalp,-0.7282,0.23,51.61,-1.1489,1.7825,1.25785,1.2514,1.25785,1.2514,3.0,1.25532,1.25692,1.25752,1.24872,3.5,1.2,10.0,MANUAL,378,closed,51.61,0.73,1.2514,1.25785,1.8138,0.4085,0.0895,0.2255,true,false,Thursday,14,20,December,2024,6.3,22680000,1.25752,1.25532,11433.02,11395.44,7.0,0.4514,1.0,false,false,true,8801,London Open Liquidity Scalp — QA 200,"[0.2449, 0.2449, 0.2869, 0.2869, 0.4833, 0.522, 0.522, 0.522, 0.522, 0.522, 0.522, 0.522, 0.522, 0.522, 0.7335, 0.7534, 0.7534, 0.7534, 0.7808, 0.7808, 0.7808, 0.7808, 0.8095, 0.8095, 0.8815, 0.8815, 0.8815, 0.9941, 0.9941, 0.9941, 0.9941, 0.9941, 1.0498, 1.1156, 1.1156, 1.1156, 1.1156, 1.1156, 1.2369, 1.2369, 1.2369, 1.2369, 1.2862, 1.2862, 1.2862, 1.368, 1.368, 1.4543, 1.4543, 1.4543, 1.4543, 1.5298, 1.5298, 1.5662, 1.5662, 1.5662, 1.5662, 1.5662, 1.5662, 1.7359, 1.7359, 1.7359, 1.7359, 1.7359, 1.7359, 1.7359, 1.7359, 1.7746, 1.7746, 1.7825, 1.7825, 1.7825, 1.7825, 1.7825, 1.7825, 1.7825, 1.7825, 1.7825, 1.7825, 1.7825]","[0.1816, 0.1816, 0.2739, 0.2739, 0.2739, 0.3214, 0.3351, 0.3351, 0.3351, 0.3351, 0.3351, 0.3351, 0.3726, 0.3726, 0.3726, 0.4099, 0.4099, 0.4099, 0.4099, 0.4099, 0.5026, 0.5026, 0.5335, 0.5335, 0.5939, 0.6126, 0.6126, 0.6126, 0.6375, 0.6375, 0.6467, 0.6467, 0.6467, 0.6467, 0.6467, 0.6467, 0.6469, 0.6469, 0.6469, 0.651, 0.7221, 0.7221, 0.7336, 0.7336, 0.7336, 0.8601, 0.8601, 0.8808, 0.8869, 0.8935, 0.8935, 0.9786, 0.9786, 0.9786, 1.0158, 1.0158, 1.0158, 1.0158, 1.0158, 1.0191, 1.0191, 1.0191, 1.0236, 1.0236, 1.0236, 1.1489, 1.1489, 1.1489, 1.1489, 1.1489, 1.1489, 1.1489, 1.1489, 1.1489, 1.1489, 1.1489, 1.1489, 1.1489, 1.1489, 1.1489]","[-0.0501, -0.0242, -0.0488, -0.0275, -0.055, -0.0308, -0.0735, -0.028, -0.0853, -0.1192, -0.1195, -0.1355, -0.0792, -0.1367, -0.1169, -0.1125, -0.1299, -0.186, -0.1714, -0.1428, -0.162, -0.1619, -0.1868, -0.2156, -0.2524, -0.2725, -0.263, -0.2769, -0.295, -0.3057, -0.3109, -0.2709, -0.2918, -0.3162, -0.3064, -0.336, -0.3342, -0.3224, -0.3964, -0.3776, -0.4074, -0.4217, -0.3763, -0.3766, -0.3897, -0.3908, -0.4222, -0.4497, -0.4799, -0.4342, -0.4359, -0.4495, -0.4987, -0.4999, -0.5334, -0.5462, -0.5115, -0.5114, -0.5508, -0.5775, -0.5487, -0.5874, -0.5745, -0.545, -0.6362, -0.5867, -0.6144, -0.6536, -0.6587, -0.614, -0.6571, -0.6585, -0.6451, -0.6729, -0.6939, -0.6614, -0.7132, -0.6982, -0.7489, -0.7282]","[0.8168, 0.8594, 0.965, 0.9296, 0.9687, 1.054, 1.1045, 1.174, 1.1798, 1.2087, 1.2841, 1.269, 1.383, 1.4996, 1.6101, 1.7253, 1.7102, 1.8274, 1.8462, 1.9657, 1.9379]","[0.0115, 0.042, 0.0664, 0.0869, 0.1552, 0.2252, 0.3036, 0.3248, 0.3893, 0.4053, 0.4194, 0.455, 0.4992, 0.5692, 0.5895, 0.6507, 0.6929, 0.6972, 0.7442, 0.794, 0.8245]","[-0.8005, -0.4621, -0.8219, -0.7247, -0.8643, -0.4294, -0.7345, -0.4649, -0.5492, -0.5584, -0.8124, -0.6917, -0.7528, -0.8068, -0.7038, -0.7581, -0.4376, -0.9116, -0.8714, -0.8118, -0.7874]"
-44.57,2024-10-31T17:03:00.000Z,2024-10-31T14:35:00.000Z,22060,XAUUSD,SHORT,London Open Liquidity Scalp,-0.8626,3.96,51.67,-0.6681,1.1776,1993.841,1993.6,1993.884,1993.6,2.5,1993.754,1993.884,1993.884,1993.428,4.0,2.5,1.0,SL,148,closed,51.67,0.86,1993.6,1993.841,1.3427,0.7325,0.1278,0.0167,false,false,Thursday,14,17,October,2024,2.4667,8880000,1993.884,1993.754,11395.44,11350.87,8.0,0.4534,1.0,false,true,false,8801,London Open Liquidity Scalp — QA 200,"[0.2341, 0.3231, 0.3231, 0.3231, 0.3304, 0.3304, 0.3739, 0.4789, 0.4789, 0.4789, 0.4789, 0.4789, 0.4789, 0.4789, 0.5429, 0.5429, 0.5429, 0.5429, 0.5429, 0.5557, 0.5557, 0.5617, 0.5617, 0.699, 0.699, 0.7559, 0.7559, 0.8002, 0.8137, 0.8137, 0.8137, 0.8166, 0.8166, 0.8236, 0.8568, 0.8568, 0.8568, 0.8568, 0.8568, 0.8568, 0.8631, 0.8631, 0.8861, 0.8861, 0.8861, 0.8861, 0.9638, 0.9638, 0.9638, 1.0091, 1.1036, 1.1036, 1.1684, 1.1684, 1.1684, 1.1684, 1.1684, 1.1684, 1.1684, 1.1684, 1.1684, 1.1776, 1.1776, 1.1776, 1.1776, 1.1776, 1.1776, 1.1776, 1.1776, 1.1776, 1.1776, 1.1776, 1.1776, 1.1776, 1.1776, 1.1776, 1.1776, 1.1776, 1.1776, 1.1776]","[0.0241, 0.1155, 0.1167, 0.1167, 0.2201, 0.2201, 0.2468, 0.2468, 0.2468, 0.2468, 0.2468, 0.2468, 0.2468, 0.2468, 0.2724, 0.3553, 0.3553, 0.3553, 0.3553, 0.3553, 0.3553, 0.3553, 0.4257, 0.4257, 0.4257, 0.4257, 0.4257, 0.4257, 0.4257, 0.4257, 0.4257, 0.4257, 0.4257, 0.4302, 0.462, 0.506, 0.506, 0.506, 0.506, 0.5474, 0.5474, 0.5474, 0.5474, 0.5474, 0.5474, 0.5474, 0.6177, 0.6177, 0.6177, 0.6177, 0.6606, 0.6606, 0.6606, 0.6606, 0.6606, 0.6681, 0.6681, 0.6681, 0.6681, 0.6681, 0.6681, 0.6681, 0.6681, 0.6681, 0.6681, 0.6681, 0.6681, 0.6681, 0.6681, 0.6681, 0.6681, 0.6681, 0.6681, 0.6681, 0.6681, 0.6681, 0.6681, 0.6681, 0.6681, 0.6681]","[0.0007, -0.0197, -0.0757, -0.0625, -0.0759, -0.0304, -0.0781, -0.0514, -0.0745, -0.1187, -0.0873, -0.1361, -0.178, -0.1152, -0.1756, -0.1463, -0.1789, -0.2334, -0.193, -0.2305, -0.1998, -0.2522, -0.2323, -0.3019, -0.3127, -0.3218, -0.3188, -0.3231, -0.2815, -0.2888, -0.3282, -0.3764, -0.386, -0.385, -0.3617, -0.3482, -0.402, -0.375, -0.4318, -0.4569, -0.4729, -0.4216, -0.4506, -0.5173, -0.4877, -0.4819, -0.4993, -0.4913, -0.5723, -0.5052, -0.5543, -0.5807, -0.5779, -0.5575, -0.6361, -0.5768, -0.6207, -0.6208, -0.6618, -0.626, -0.6206, -0.7012, -0.7103, -0.6762, -0.6591, -0.7332, -0.7264, -0.7391, -0.6995, -0.7413, -0.732, -0.7625, -0.7624, -0.8334, -0.7721, -0.7992, -0.8385, -0.8023, -0.8682, -0.8626]","[0.9571, 0.9111, 0.9284, 0.9156, 0.9221, 0.9775, 1.061, 1.0825, 1.1175, 1.1314, 1.1127, 1.1414, 1.2607, 1.2967, 1.3542, 1.3456, 1.3215, 1.3542, 1.3542, 1.3542, 1.3478]","[0.0544, 0.0978, 0.1036, 0.1256, 0.1526, 0.1781, 0.2563, 0.3068, 0.3771, 0.395, 0.3981, 0.4086, 0.4279, 0.4433, 0.4576, 0.4623, 0.5296, 0.5434, 0.5791, 0.6163, 0.6358]","[-0.7185, -0.8813, -0.5931, -0.8168, -0.7711, -0.6947, -0.6497, -0.8873, -0.5892, -0.7507, -0.6428, -0.8588, -0.7492, -0.5654, -0.7646, -0.5676, -0.5769, -0.6183, -0.7436, -0.7154, -0.9484]"
2.13,2025-10-07T11:57:00.000Z,2025-10-07T08:25:00.000Z,22061,NQ,LONG,London Open Liquidity Scalp,0.0449,0.39,47.45,-0.1382,2.2456,18589.85641,18604.29247,18604.29247,18589.85641,2.0,18590.69314,18590.69314,18584.63715,18602.80512,4.5,0.75,5.0,BE,212,closed,47.45,0.04,18604.29247,18589.85641,2.3918,0.02,2.2007,0.1583,false,true,Tuesday,8,11,October,2025,3.5333,12720000,18584.63715,18590.69314,11350.87,11353.0,9.0,0.418,1.0,false,false,false,8801,London Open Liquidity Scalp — QA 200,"[0.3929, 0.3929, 0.5292, 0.5292, 0.5774, 0.691, 0.691, 0.691, 0.691, 0.7108, 0.8513, 0.8782, 1.0117, 1.0117, 1.1701, 1.1902, 1.2272, 1.2272, 1.3833, 1.3833, 1.3833, 1.5195, 1.5195, 1.6811, 1.6811, 1.6811, 1.6811, 1.6811, 1.6811, 1.6873, 1.7742, 2.0475, 2.0475, 2.0475, 2.0475, 2.1082, 2.1764, 2.2456, 2.2456, 2.2456, 2.2456, 2.2456]","[0.0984, 0.0984, 0.0984, 0.1382, 0.1382, 0.1382, 0.1382, 0.1382, 0.1382, 0.1382, 0.1382, 0.1382, 0.1382, 0.1382, 0.1382, 0.1382, 0.1382, 0.1382, 0.1382, 0.1382, 0.1382, 0.1382, 0.1382, 0.1382, 0.1382, 0.1382, 0.1382, 0.1382, 0.1382, 0.1382, 0.1382, 0.1382, 0.1382, 0.1382, 0.1382, 0.1382, 0.1382, 0.1382, 0.1382, 0.1382, 0.1382, 0.1382]","[0.0319, -0.0349, 0.0479, 0.01, 0.05, 0.0145, 0.0169, 0.0244, 0.0458, 0.0129, -0.0044, -0.0043, 0.0165, 0.0545, 0.0498, -0.0153, -0.0023, 0.0382, 0.0269, 0.0054, 0.0021, 0.0394, -0.0145, 0.0466, 0.0423, 0.047, 0.0077, -0.0018, 0.0091, 0.021, 0.0723, 0.0046, 0.0376, 0.0673, 0.0789, 0.0559, 0.0724, 0.0136, 0.0139, 0.0534, 0.0077, 0.0449]","[0.0506, 0.1596, 0.1667, 0.1202, 0.1718, 0.2865, 0.3297, 0.307, 0.3668, 0.4644, 0.5523, 0.6305]","[0.017, 0.0319, 0.0796, 0.1287, 0.1792, 0.1952, 0.206, 0.2722, 0.3054, 0.3496, 0.3969, 0.4376]","[0.0469, -0.1153, 0.3114, 0.0589, -0.1071, 0.0545, 0.2919, 0.0312, -0.076, 0.2044, 0.282, 0.2982]"
119.96,2025-11-03T13:51:00.000Z,2025-11-03T08:17:00.000Z,22062,EURUSD,SHORT,London Open Liquidity Scalp,2.4966,0.24,48.05,-0.1698,3.2089,1.0999,1.09327,1.0999,1.09327,3.0,1.09957,1.09368,1.10153,1.09368,3.0,0.8,10.0,TP,334,closed,48.05,2.5,1.09327,1.0999,3.2888,0.778,0.7123,0.3084,false,false,Monday,8,13,November,2025,5.5667,20040000,1.10153,1.09957,11353.0,11472.96,6.0,0.4232,1.0,false,false,true,8801,London Open Liquidity Scalp — QA 200,"[0.2392, 0.3773, 0.5224, 0.9299, 1.0387, 1.0387, 1.1703, 1.5201, 1.5201, 1.672, 1.672, 1.9119, 1.913, 2.342, 2.342, 2.4186, 2.4902, 2.761, 3.0051, 3.1436, 3.2089, 3.2089]","[0.1562, 0.1698, 0.1698, 0.1698, 0.1698, 0.1698, 0.1698, 0.1698, 0.1698, 0.1698, 0.1698, 0.1698, 0.1698, 0.1698, 0.1698, 0.1698, 0.1698, 0.1698, 0.1698, 0.1698, 0.1698, 0.1698]","[0.088, 0.2074, 0.3218, 0.444, 0.545, 0.6641, 0.8168, 0.9078, 0.9794, 1.1596, 1.2407, 1.3458, 1.4946, 1.5976, 1.6919, 1.7762, 1.9593, 2.0778, 2.1502, 2.2532, 2.3508, 2.4966]","[2.5905, 2.5917, 2.5835, 2.6687, 2.7312, 2.7604]","[0.0087, 0.0814, 0.1338, 0.1516, 0.2034, 0.2429]","[2.3959, 2.3272, 2.6091, 2.5227, 2.4946, 2.3415]"
-18.64,2024-08-20T12:15:00.000Z,2024-08-20T10:54:00.000Z,22063,USDJPY,LONG,London Open Liquidity Scalp,-0.4331,0.22,43.04,-0.3248,1.483,150.191,150.572,150.572,150.048,2.5,150.259,150.048,150.048,150.786,3.0,0.9,9.2,SL,81,closed,43.04,0.43,150.572,150.191,1.576,0.292,0.0584,0.0267,false,false,Tuesday,10,12,August,2024,1.35,4860000,150.048,150.259,11472.96,11454.32,6.0,0.3751,1.0,false,false,true,8801,London Open Liquidity Scalp — QA 200,"[0.4096, 0.4096, 0.4096, 0.4096, 0.46, 0.46, 0.46, 0.46, 0.46, 0.46, 0.5988, 0.5988, 0.5988, 0.5988, 0.5988, 0.6243, 0.6243, 0.636, 0.65, 0.65, 0.65, 0.65, 0.65, 0.6579, 0.6579, 0.8002, 0.8002, 0.8002, 0.8002, 0.8002, 0.9068, 0.9068, 0.9068, 0.908, 0.908, 0.908, 1.0702, 1.0702, 1.0702, 1.0702, 1.0702, 1.0702, 1.0702, 1.0702, 1.0702, 1.0702, 1.0702, 1.0702, 1.0746, 1.2661, 1.2661, 1.2661, 1.2661, 1.2661, 1.2661, 1.3839, 1.3839, 1.4048, 1.4048, 1.4048, 1.4048, 1.4048, 1.4048, 1.4048, 1.4048, 1.4048, 1.483, 1.483, 1.483, 1.483, 1.483, 1.483, 1.483, 1.483, 1.483, 1.483, 1.483, 1.483, 1.483, 1.483]","[0.2401, 0.2401, 0.2401, 0.2401, 0.2401, 0.2401, 0.2401, 0.2401, 0.2705, 0.2705, 0.2705, 0.2705, 0.2877, 0.2877, 0.2877, 0.2877, 0.2877, 0.2877, 0.2877, 0.2877, 0.2877, 0.2877, 0.2877, 0.2877, 0.2877, 0.2877, 0.2877, 0.2877, 0.3203, 0.3203, 0.3203, 0.3203, 0.3203, 0.3203, 0.3203, 0.3248, 0.3248, 0.3248, 0.3248, 0.3248, 0.3248, 0.3248, 0.3248, 0.3248, 0.3248, 0.3248, 0.3248, 0.3248, 0.3248, 0.3248, 0.3248, 0.3248, 0.3248, 0.3248, 0.3248, 0.3248, 0.3248, 0.3248, 0.3248, 0.3248, 0.3248, 0.3248, 0.3248, 0.3248, 0.3248, 0.3248, 0.3248, 0.3248, 0.3248, 0.3248, 0.3248, 0.3248, 0.3248, 0.3248, 0.3248, 0.3248, 0.3248, 0.3248, 0.3248, 0.3248]","[0.0125, -0.0472, -0.0294, -0.0473, -0.0179, 0.0063, -0.012, -0.0263, -0.0053, -0.0285, -0.0508, -0.0849, -0.0919, -0.0828, -0.0647, -0.0509, -0.0753, -0.1051, -0.1211, -0.069, -0.1098, -0.1502, -0.0953, -0.1322, -0.146, -0.1134, -0.1376, -0.1782, -0.1571, -0.186, -0.1636, -0.1903, -0.1507, -0.2156, -0.2249, -0.2292, -0.2128, -0.1825, -0.196, -0.2504, -0.1825, -0.2283, -0.2388, -0.241, -0.281, -0.2651, -0.221, -0.2959, -0.251, -0.2481, -0.3188, -0.2691, -0.2494, -0.2997, -0.34, -0.272, -0.2956, -0.3036, -0.2891, -0.3609, -0.3004, -0.3598, -0.3465, -0.3864, -0.3732, -0.3346, -0.3969, -0.335, -0.3419, -0.4116, -0.3464, -0.416, -0.3869, -0.4105, -0.3639, -0.3954, -0.4535, -0.4186, -0.4083, -0.4331]","[0.5078, 0.4688, 0.4554, 0.4653, 0.5459, 0.545, 0.6379, 0.7257, 0.8438, 0.9384, 1.0266, 1.0864, 1.1705, 1.2456, 1.3506]","[0.0242, 0.0243, 0.0906, 0.0954, 0.1093, 0.1155, 0.1418, 0.1646, 0.218, 0.2644, 0.2781, 0.3263, 0.4016, 0.4493, 0.5043]","[-0.5649, -0.1785, -0.5355, -0.5118, -0.3427, -0.6141, -0.4698, -0.3656, -0.1835, -0.2965, -0.3297, -0.1925, -0.5382, -0.4756, -0.3129]"
-16.67,2024-01-24T15:30:00.000Z,2024-01-24T09:37:00.000Z,22064,EURUSD,LONG,London Open Liquidity Scalp,-0.3946,0.19,42.24,-0.2959,0.3189,1.06653,1.0679,1.0679,1.06631,2.0,1.06719,1.06631,1.06497,1.07164,3.0,0.8,10.0,STOP_OUT,353,closed,42.24,0.39,1.0679,1.06653,0.4037,1.2374,0.3589,0.3223,true,false,Wednesday,9,15,January,2024,5.8833,21180000,1.06497,1.06719,11454.32,11437.65,6.0,0.3688,1.0,false,false,true,8801,London Open Liquidity Scalp — QA 200,"[0.1997, 0.1997, 0.1997, 0.1997, 0.3189, 0.3189, 0.3189, 0.3189, 0.3189, 0.3189, 0.3189, 0.3189, 0.3189, 0.3189, 0.3189, 0.3189, 0.3189, 0.3189, 0.3189, 0.3189, 0.3189, 0.3189, 0.3189, 0.3189, 0.3189, 0.3189, 0.3189, 0.3189, 0.3189, 0.3189, 0.3189, 0.3189, 0.3189, 0.3189, 0.3189, 0.3189, 0.3189, 0.3189, 0.3189, 0.3189, 0.3189, 0.3189, 0.3189, 0.3189, 0.3189, 0.3189, 0.3189, 0.3189, 0.3189, 0.3189, 0.3189, 0.3189, 0.3189, 0.3189, 0.3189, 0.3189, 0.3189, 0.3189, 0.3189, 0.3189, 0.3189, 0.3189, 0.3189, 0.3189, 0.3189, 0.3189, 0.3189, 0.3189, 0.3189, 0.3946]","[0.1648, 0.1679, 0.1679, 0.1808, 0.1808, 0.2508, 0.2508, 0.2508, 0.2508, 0.2508, 0.2508, 0.2508, 0.2508, 0.279, 0.279, 0.279, 0.279, 0.2959, 0.2959, 0.2959, 0.2959, 0.2959, 0.2959, 0.2959, 0.2959, 0.2959, 0.2959, 0.2959, 0.2959, 0.2959, 0.2959, 0.2959, 0.2959, 0.2959, 0.2959, 0.2959, 0.2959, 0.2959, 0.2959, 0.2959, 0.2959, 0.2959, 0.2959, 0.2959, 0.2959, 0.2959, 0.2959, 0.2959, 0.2959, 0.2959, 0.2959, 0.2959, 0.2959, 0.2959, 0.2959, 0.2959, 0.2959, 0.2959, 0.2959, 0.2959, 0.2959, 0.2959, 0.2959, 0.2959, 0.2959, 0.2959, 0.2959, 0.2959, 0.2959, 0.2959]","[-0.0158, -0.0131, -0.0495, -0.0028, -0.0675, -0.0273, -0.0404, -0.0375, -0.0443, -0.0888, -0.0326, -0.0343, -0.0887, -0.1113, -0.1047, -0.1318, -0.1398, -0.1006, -0.0971, -0.1054, -0.1567, -0.0881, -0.1485, -0.1642, -0.1187, -0.1763, -0.1752, -0.2024, -0.1413, -0.1847, -0.1514, -0.153, -0.1848, -0.1822, -0.211, -0.2, -0.2283, -0.2124, -0.2336, -0.2606, -0.2424, -0.2075, -0.2681, -0.2726, -0.2204, -0.273, -0.2366, -0.2377, -0.2928, -0.2573, -0.3119, -0.31, -0.2582, -0.3259, -0.3386, -0.3056, -0.3524, -0.2849, -0.3446, -0.3427, -0.3536, -0.3059, -0.3781, -0.3982, -0.3547, -0.3692, -0.3595, -0.4208, -0.3498, -0.3946]","[0.3667, 0.3551, 0.3667, 0.3488, 0.3062, 0.3373, 0.3667, 0.3667, 0.3519, 0.3667, 0.3667, 0.3667, 0.3667, 0.3667, 0.3192, 0.3667, 0.3667]","[0.0219, 0.061, 0.0849, 0.1371, 0.1992, 0.2375, 0.2757, 0.2986, 0.3071, 0.3112, 0.369, 0.4425, 0.4951, 0.5236, 0.5628, 0.6179, 0.6404]","[-0.5426, -0.5518, -0.1494, -0.3964, -0.3044, -0.4856, -0.5609, -0.107, -0.4814, -0.1297, -0.4046, -0.3988, -0.4777, -0.3581, -0.3227, -0.4147, -0.2903]"
-29.7,2025-04-03T14:09:00.000Z,2025-04-03T08:02:00.000Z,22065,USDJPY,SHORT,London Open Liquidity Scalp,-0.7379,0.28,40.25,-0.5534,1.3761,149.572,149.268,149.642,149.268,2.5,149.485,149.642,149.642,149.091,3.0,0.9,9.2,SL,367,closed,40.25,0.74,149.268,149.572,1.3817,0.5362,0.1039,0.125,false,false,Thursday,8,14,April,2025,6.1167,22020000,149.642,149.485,11437.65,11407.95,6.0,0.3519,1.0,false,false,true,8801,London Open Liquidity Scalp — QA 200,"[0.1425, 0.3051, 0.4627, 0.5196, 0.5279, 0.5279, 0.7112, 0.7112, 0.8869, 0.8869, 1.027, 1.027, 1.027, 1.027, 1.027, 1.0492, 1.2502, 1.3149, 1.3761, 1.3761, 1.3761, 1.3761, 1.3761, 1.3761]","[0.0732, 0.1589, 0.2794, 0.2794, 0.2794, 0.3019, 0.3027, 0.3027, 0.3027, 0.4305, 0.4305, 0.4385, 0.4385, 0.5534, 0.5534, 0.5534, 0.5534, 0.5534, 0.5534, 0.5534, 0.5534, 0.5534, 0.5534, 0.5534]","[0.0023, -0.0844, -0.0726, -0.0992, -0.1777, -0.1509, -0.1988, -0.246, -0.2351, -0.337, -0.3666, -0.3935, -0.3589, -0.4705, -0.4649, -0.4985, -0.4935, -0.5714, -0.5819, -0.6025, -0.6691, -0.6713, -0.7283, -0.7379]","[0.6934, 0.7601, 0.7529, 0.8421, 0.8832, 0.9429, 0.9332, 0.9507, 1.0494, 1.1566, 1.2035, 1.2364, 1.193, 1.1936, 1.2101, 1.2067]","[0.0525, 0.0919, 0.1009, 0.1365, 0.1943, 0.2462, 0.2985, 0.3127, 0.3364, 0.339, 0.3901, 0.436, 0.483, 0.5363, 0.5831, 0.64]","[-0.4847, -0.8809, -0.7039, -0.6551, -0.875, -0.65, -0.8125, -0.4711, -0.4984, -0.4592, -0.4816, -0.4416, -0.9237, -0.8661, -0.5919, -0.7343]"
-37.2,2025-11-19T20:04:00.000Z,2025-11-19T14:39:00.000Z,22066,GBPUSD,LONG,London Open Liquidity Scalp,-0.7643,0.2,48.67,-1.1575,0.3778,1.27475,1.27857,1.27857,1.27475,1.5,1.27763,1.27573,1.27515,1.28136,3.5,1.2,10.0,MANUAL,325,closed,48.67,0.76,1.27857,1.27475,0.7653,2.023,0.5566,0.0861,false,false,Wednesday,14,20,November,2025,5.4167,19500000,1.27515,1.27763,11407.95,11370.75,7.0,0.4266,1.0,false,false,true,8801,London Open Liquidity Scalp — QA 200,"[0.0706, 0.2815, 0.2815, 0.2939, 0.2939, 0.3778, 0.3778, 0.3778, 0.3778, 0.3778, 0.3778, 0.3778, 0.3778, 0.3778, 0.3778, 0.3778, 0.3778, 0.3778, 0.3778, 0.3778, 0.3778, 0.3778, 0.3778, 0.3778, 0.3778, 0.3778, 0.3778, 0.3778, 0.3778, 0.3778, 0.3778, 0.3778, 0.3778, 0.3778, 0.3778, 0.3778, 0.3778, 0.3778, 0.3778, 0.3778, 0.3778, 0.3778, 0.3778, 0.3778, 0.3778, 0.3778, 0.3778, 0.3778, 0.3778, 0.3778, 0.3778, 0.3778, 0.3778, 0.3778, 0.3778, 0.3778, 0.3778, 0.3778, 0.3778, 0.3778, 0.3778, 0.3778, 0.3778, 0.3778, 0.7643]","[0.0263, 0.0965, 0.1739, 0.1739, 0.2919, 0.3383, 0.3545, 0.3545, 0.3545, 0.3545, 0.3545, 0.3696, 0.3696, 0.4683, 0.4683, 0.4683, 0.4683, 0.487, 0.487, 0.5945, 0.6057, 0.6057, 0.6057, 0.6377, 0.6377, 0.6377, 0.6855, 0.7265, 0.7265, 0.7555, 0.7555, 0.7555, 0.7996, 0.7996, 0.8177, 0.8177, 0.8503, 0.858, 0.9143, 0.9143, 0.9667, 0.9885, 0.9885, 0.9885, 0.9885, 0.9911, 0.9911, 1.0013, 1.0013, 1.0013, 1.0013, 1.1117, 1.1117, 1.1204, 1.1204, 1.1575, 1.1575, 1.1575, 1.1575, 1.1575, 1.1575, 1.1575, 1.1575, 1.1575, 1.1575]","[0.0195, -0.0597, -0.0764, -0.0784, -0.0984, -0.0464, -0.0508, -0.1379, -0.149, -0.1558, -0.1644, -0.1494, -0.1933, -0.2067, -0.2086, -0.1627, -0.2344, -0.2201, -0.1899, -0.2502, -0.2877, -0.2572, -0.2388, -0.239, -0.2678, -0.2624, -0.2984, -0.3464, -0.3771, -0.3612, -0.4004, -0.395, -0.3441, -0.4085, -0.3882, -0.4468, -0.4649, -0.4217, -0.4175, -0.4432, -0.4822, -0.5321, -0.4737, -0.4803, -0.5078, -0.5838, -0.5679, -0.5428, -0.5565, -0.6095, -0.5636, -0.6122, -0.656, -0.5992, -0.6755, -0.6798, -0.636, -0.639, -0.7145, -0.6865, -0.7543, -0.7214, -0.7738, -0.7832, -0.7643]","[0.4345, 0.4345, 0.4345, 0.4345, 0.4345, 0.4345, 0.4099, 0.4345, 0.4345, 0.4225, 0.4345, 0.4345, 0.4345, 0.4345, 0.4345, 0.4345]","[0.0642, 0.1037, 0.1322, 0.1841, 0.2279, 0.2435, 0.2803, 0.2868, 0.3513, 0.3895, 0.4645, 0.5321, 0.6055, 0.6618, 0.7321, 0.8102]","[-0.8259, -0.6453, -0.5797, -0.6801, -0.4755, -0.5911, -0.6708, -0.7887, -0.6144, -0.8239, -0.4869, -0.955, -0.574, -0.6124, -0.9353, -0.672]"
-49.41,2025-11-22T14:44:00.000Z,2025-11-22T09:16:00.000Z,22067,USDJPY,LONG,London Open Liquidity Scalp,-0.9671,0.32,51.09,-0.8592,0.7422,150.958,151.237,151.237,150.934,2.5,151.108,150.934,150.934,151.543,3.0,0.9,9.2,SL,328,closed,51.09,0.97,151.237,150.958,1.0889,1.303,0.4025,0.0048,false,false,Monday,9,14,November,2025,5.4667,19680000,150.934,151.108,11370.75,11321.34,6.0,0.4493,1.0,true,false,false,8801,London Open Liquidity Scalp — QA 200,"[0.2389, 0.3481, 0.4121, 0.435, 0.435, 0.435, 0.435, 0.435, 0.435, 0.435, 0.435, 0.435, 0.435, 0.435, 0.435, 0.435, 0.4798, 0.5084, 0.5724, 0.5724, 0.5724, 0.5724, 0.5724, 0.5724, 0.5724, 0.5724, 0.5724, 0.5724, 0.5724, 0.5825, 0.5847, 0.5847, 0.5847, 0.5847, 0.5847, 0.6723, 0.6723, 0.716, 0.716, 0.716, 0.716, 0.716, 0.716, 0.716, 0.716, 0.7422, 0.7422, 0.7422, 0.7422, 0.7422, 0.7422, 0.7422, 0.7422, 0.7422, 0.7422, 0.7422, 0.7422, 0.7422, 0.7422, 0.7422, 0.7422, 0.7422, 0.7422, 0.7422, 0.7422, 0.7422, 0.7422, 0.7422, 0.7422, 0.7422, 0.7422, 0.7422, 0.7422, 0.7422, 0.7422, 0.7422, 0.7422, 0.7422, 0.7422, 0.9671]","[0.013, 0.0341, 0.1127, 0.1127, 0.2347, 0.2839, 0.2839, 0.3143, 0.3143, 0.3143, 0.3143, 0.3143, 0.3143, 0.3921, 0.4035, 0.4035, 0.4035, 0.4035, 0.4035, 0.4035, 0.4035, 0.4035, 0.4367, 0.4367, 0.4367, 0.4367, 0.4367, 0.4367, 0.4367, 0.4367, 0.5472, 0.5472, 0.5472, 0.5472, 0.5472, 0.5472, 0.6372, 0.6512, 0.6512, 0.6512, 0.6512, 0.6512, 0.6512, 0.6512, 0.6512, 0.6512, 0.7146, 0.7146, 0.7146, 0.7146, 0.7146, 0.7146, 0.7732, 0.7732, 0.7732, 0.7732, 0.7732, 0.7732, 0.7732, 0.7732, 0.8535, 0.8535, 0.8535, 0.8535, 0.8592, 0.8592, 0.8592, 0.8592, 0.8592, 0.8592, 0.8592, 0.8592, 0.8592, 0.8592, 0.8592, 0.8592, 0.8592, 0.8592, 0.8592, 0.8592]","[-0.01, -0.0225, -0.0262, -0.031, -0.1052, -0.1173, -0.1032, -0.0586, -0.1429, -0.1483, -0.1702, -0.1517, -0.12, -0.1365, -0.2187, -0.1648, -0.167, -0.2287, -0.2202, -0.2132, -0.2782, -0.2821, -0.3092, -0.2888, -0.3198, -0.3367, -0.2817, -0.2966, -0.3539, -0.3533, -0.3998, -0.4268, -0.3911, -0.447, -0.4544, -0.4623, -0.4255, -0.4497, -0.4631, -0.5277, -0.4773, -0.5095, -0.5041, -0.5201, -0.5409, -0.517, -0.6003, -0.5739, -0.6112, -0.5731, -0.6266, -0.6595, -0.6617, -0.6296, -0.6984, -0.7157, -0.6495, -0.7156, -0.7308, -0.6848, -0.7164, -0.7295, -0.7688, -0.7563, -0.763, -0.8035, -0.8263, -0.8561, -0.8409, -0.8561, -0.8865, -0.9007, -0.8763, -0.8942, -0.9257, -0.936, -0.9269, -0.98, -0.9129, -0.9671]","[0.8535, 0.8535, 0.8535, 0.808, 0.8535, 0.8535]","[0.0624, 0.1048, 0.1359, 0.1841, 0.2618, 0.2662]","[-0.7131, -1.0009, -0.6704, -0.9478, -0.9114, -1.0724]"
112.48,2025-10-17T08:51:00.000Z,2025-10-17T07:04:00.000Z,22068,USDJPY,SHORT,London Open Liquidity Scalp,2.6201,0.18,42.93,-0.3695,3.0509,145.884,145.001,145.884,145.001,2.5,145.789,145.113,146.047,145.144,3.0,0.9,9.2,Trailing SL,107,closed,42.93,2.62,145.001,145.884,3.2991,0.8588,0.4308,0.1078,false,true,Friday,7,8,October,2025,1.7833,6420000,146.047,145.789,11321.34,11433.82,6.0,0.3792,1.0,false,false,false,8801,London Open Liquidity Scalp — QA 200,"[0.4589, 1.0401, 1.3399, 1.5425, 1.9552, 2.488, 2.9333, 3.0509]","[0.2035, 0.2035, 0.2665, 0.3695, 0.3695, 0.3695, 0.3695, 0.3695]","[0.3553, 0.6765, 0.9916, 1.3374, 1.6432, 1.9707, 2.3351, 2.6201]","[2.6826, 2.702, 2.6897, 2.7451, 2.742, 2.8442, 2.8427, 2.9045, 2.876, 2.8716, 2.9066, 3.0044, 3.0946, 3.1155, 3.204, 3.2807, 3.3267, 3.3905, 3.4358, 3.3912]","[0.0383, 0.0613, 0.0868, 0.1627, 0.1894, 0.1932, 0.234, 0.2481, 0.2604, 0.3214, 0.3523, 0.4133, 0.4152, 0.4811, 0.4944, 0.5561, 0.6066, 0.6776, 0.7454, 0.8149]","[2.679, 2.5954, 2.5358, 2.7339, 2.7418, 2.5508, 2.7987, 2.5089, 2.8072, 2.7374, 2.7018, 2.7831, 2.7592, 2.6375, 2.7267, 2.8959, 2.8449, 2.7769, 2.7437, 2.7048]"
74.01,2024-12-03T12:08:00.000Z,2024-12-03T07:11:00.000Z,22069,USDJPY,LONG,London Open Liquidity Scalp,1.6302,0.18,45.4,-0.2819,3.2302,144.934,145.891,145.891,144.934,3.0,145.011,145.828,144.739,145.828,3.0,0.9,9.2,TP,297,closed,45.4,1.63,145.891,144.934,3.2407,0.5047,1.6,0.2171,false,true,Tuesday,7,12,December,2024,4.95,17820000,144.739,145.011,11433.82,11507.83,6.0,0.3971,1.0,false,false,true,8801,London Open Liquidity Scalp — QA 200,"[0.185, 0.3018, 0.4011, 0.4924, 0.5013, 0.5013, 0.5573, 0.5573, 0.5573, 0.5573, 0.8413, 0.9586, 1.0189, 1.0189, 1.0189, 1.0189, 1.1342, 1.1342, 1.3549, 1.3549, 1.3549, 1.3549, 1.4244, 1.5934, 1.5934, 1.6507, 1.8479, 1.8479, 1.8479, 1.8479, 1.9615, 1.9615, 1.9615, 2.199, 2.199, 2.3273, 2.3273, 2.4556, 2.5317, 2.5317, 2.5317, 2.5317, 2.5317, 2.5983, 2.6722, 2.7094, 2.7499, 2.8864, 3.0411, 3.1017, 3.1017, 3.122, 3.1775, 3.2298, 3.2298, 3.2302, 3.2302, 3.2302, 3.2302]","[0.0361, 0.152, 0.152, 0.2103, 0.2103, 0.2403, 0.2662, 0.2662, 0.2662, 0.2662, 0.2662, 0.2662, 0.2662, 0.2662, 0.2819, 0.2819, 0.2819, 0.2819, 0.2819, 0.2819, 0.2819, 0.2819, 0.2819, 0.2819, 0.2819, 0.2819, 0.2819, 0.2819, 0.2819, 0.2819, 0.2819, 0.2819, 0.2819, 0.2819, 0.2819, 0.2819, 0.2819, 0.2819, 0.2819, 0.2819, 0.2819, 0.2819, 0.2819, 0.2819, 0.2819, 0.2819, 0.2819, 0.2819, 0.2819, 0.2819, 0.2819, 0.2819, 0.2819, 0.2819, 0.2819, 0.2819, 0.2819, 0.2819, 0.2819]","[0.0351, 0.027, 0.0749, 0.1444, 0.1267, 0.1495, 0.1711, 0.18, 0.2346, 0.2357, 0.2696, 0.2868, 0.3534, 0.3675, 0.3998, 0.4393, 0.4674, 0.5383, 0.5149, 0.596, 0.5852, 0.5904, 0.6563, 0.6543, 0.6507, 0.7459, 0.7635, 0.7836, 0.7653, 0.849, 0.8883, 0.9271, 0.9481, 0.8963, 0.9724, 0.9583, 1.0308, 1.0428, 1.0811, 1.1185, 1.1534, 1.1422, 1.1591, 1.2191, 1.2241, 1.2651, 1.3172, 1.3421, 1.3439, 1.347, 1.4414, 1.4767, 1.4991, 1.5163, 1.4894, 1.5859, 1.5643, 1.6056, 1.6302]","[1.6175, 1.7214, 1.7346, 1.8099, 1.9055, 1.8745, 1.964, 2.0125, 2.0257, 2.0108, 2.0848, 2.1576, 2.2674, 2.3111, 2.299, 2.3997, 2.4666, 2.5567]","[0.016, 0.0685, 0.1062, 0.1317, 0.2, 0.2362, 0.3032, 0.3251, 0.3839, 0.399, 0.4483, 0.4713, 0.4849, 0.5425, 0.5744, 0.6151, 0.6168, 0.6258]","[1.5567, 1.5978, 1.8892, 1.6104, 1.6099, 1.755, 1.8817, 1.6404, 1.8236, 1.6439, 1.6909, 1.8917, 1.8399, 1.8713, 1.9282, 1.4841, 1.5383, 1.8748]"
-4.62,2024-10-14T12:23:00.000Z,2024-10-14T07:51:00.000Z,22070,XAUUSD,LONG,London Open Liquidity Scalp,-0.0938,2.22,49.23,-0.2464,0.6224,1987.097,1987.29,1987.29,1987.097,2.0,1987.152,1987.162,1986.931,1987.595,4.0,2.5,1.0,BE,272,closed,49.23,0.09,1987.29,1987.097,0.6939,0.1507,0.0516,0.2357,true,true,Monday,7,12,October,2024,4.5333,16320000,1986.931,1987.152,11507.83,11503.21,8.0,0.4278,1.0,false,false,false,8801,London Open Liquidity Scalp — QA 200,"[0.3234, 0.3568, 0.3568, 0.4641, 0.4641, 0.4641, 0.57, 0.5709, 0.6174, 0.6224, 0.6224, 0.6224, 0.6224, 0.6224, 0.6224, 0.6224, 0.6224, 0.6224]","[0.1538, 0.1538, 0.1538, 0.1538, 0.1538, 0.2149, 0.2464, 0.2464, 0.2464, 0.2464, 0.2464, 0.2464, 0.2464, 0.2464, 0.2464, 0.2464, 0.2464, 0.2464]","[-0.006, -0.0448, -0.011, -0.0015, -0.0278, -0.0396, 0.0056, -0.0099, -0.0226, -0.0392, -0.0673, -0.1056, -0.0277, -0.1017, -0.0613, -0.0991, -0.0656, -0.0938]","[0.1996, 0.252, 0.2284, 0.2038, 0.266, 0.2252, 0.2309, 0.1914, 0.2332, 0.209, 0.2657, 0.3816, 0.492, 0.4853, 0.4782, 0.5435, 0.5355, 0.5325, 0.4898]","[0.0063, 0.0258, 0.0983, 0.1577, 0.2033, 0.2749, 0.3423, 0.3834, 0.4594, 0.4804, 0.5495, 0.586, 0.6229, 0.6457, 0.6972, 0.7219, 0.7382, 0.7513, 0.8245]","[-0.2739, -0.1645, 0.1082, -0.1471, -0.2012, 0.0687, -0.1447, 0.1574, -0.1293, -0.0888, -0.1502, 0.1016, -0.0377, -0.0986, 0.197, -0.2395, -0.2802, -0.1965, 0.0887]"
-43.2,2025-05-11T11:36:00.000Z,2025-05-11T08:27:00.000Z,22071,USDJPY,LONG,London Open Liquidity Scalp,-0.8831,0.24,48.92,-0.6623,1.2302,151.406,151.831,151.831,151.357,2.5,151.555,151.357,151.331,152.116,3.0,0.9,9.2,MANUAL,189,closed,48.92,0.88,151.831,151.406,1.4655,0.7179,0.1572,0.0641,false,true,Monday,8,11,May,2025,3.15,11340000,151.331,151.555,11503.21,11460.01,6.0,0.4253,1.0,false,false,false,8801,London Open Liquidity Scalp — QA 200,"[0.3061, 0.3061, 0.6614, 0.8001, 0.8001, 0.8001, 0.8406, 1.1825, 1.2302, 1.2302, 1.2302, 1.2302]","[0.1301, 0.3527, 0.3527, 0.4412, 0.4967, 0.4967, 0.4967, 0.5958, 0.6623, 0.6623, 0.6623, 0.6623]","[-0.1129, -0.1539, -0.237, -0.2705, -0.3698, -0.4803, -0.5545, -0.6268, -0.6901, -0.7716, -0.8362, -0.8831]","[0.8406, 0.9391, 1.0017, 0.9684, 1.0055, 1.0702, 1.0403, 1.1462, 1.172, 1.1601, 1.2586, 1.3353, 1.3195, 1.358, 1.4048, 1.4147, 1.4147, 1.4144, 1.4147, 1.4147, 1.4147, 1.4147, 1.4147]","[0.0642, 0.1395, 0.2189, 0.2689, 0.2762, 0.3358, 0.3697, 0.4233, 0.4235, 0.44, 0.4624, 0.5163, 0.5958, 0.6009, 0.6015, 0.6439, 0.6891, 0.7304, 0.7316, 0.8081, 0.886, 0.9208, 0.9728]","[-1.0009, -0.6032, -0.9064, -1.0116, -1.0041, -0.8825, -0.8072, -0.8753, -0.8048, -0.8666, -0.6428, -0.9563, -0.9731, -0.7322, -0.9019, -1.0397, -0.9453, -0.8124, -1.0355, -0.9716, -0.7226, -0.7425, -0.677]"
-32.06,2025-08-29T10:01:00.000Z,2025-08-29T09:12:00.000Z,22072,EURUSD,SHORT,London Open Liquidity Scalp,-0.5936,0.29,54.01,-0.4452,0.3723,1.06542,1.06391,1.06569,1.06391,2.0,1.0646,1.06569,1.06644,1.06092,3.0,0.8,10.0,STOP_OUT,49,closed,54.01,0.59,1.06391,1.06542,0.4064,1.5944,0.5226,0.316,true,true,Friday,9,10,August,2025,0.8167,2940000,1.06644,1.0646,11460.01,11427.95,6.0,0.4713,1.0,false,false,true,8801,London Open Liquidity Scalp — QA 200,"[0.3723, 0.3723, 0.3723, 0.3723, 0.3723, 0.3723, 0.3723, 0.5936]","[0.1585, 0.1585, 0.3437, 0.3482, 0.4452, 0.4452, 0.4452, 0.4452]","[-0.0855, -0.1109, -0.2507, -0.2573, -0.3611, -0.4572, -0.5216, -0.5936]","[0.4281, 0.4281, 0.4281, 0.4281, 0.399, 0.4247, 0.4281, 0.4281, 0.4281, 0.3995, 0.4051, 0.3645, 0.4279, 0.4281, 0.4281, 0.4281, 0.4281, 0.4281, 0.4281, 0.4281, 0.4281, 0.3982, 0.4281, 0.4281]","[0.002, 0.049, 0.0866, 0.1587, 0.2121, 0.2219, 0.2407, 0.2824, 0.2901, 0.3401, 0.3948, 0.4367, 0.473, 0.5233, 0.5983, 0.6161, 0.619, 0.6583, 0.6608, 0.6819, 0.6973, 0.7253, 0.7625, 0.776]","[-0.7352, -0.6516, -0.7076, -0.748, -0.7834, -0.3739, -0.6653, -0.3099, -0.6196, -0.5808, -0.6476, -0.3376, -0.7796, -0.631, -0.5822, -0.4384, -0.3473, -0.62, -0.7589, -0.4017, -0.2949, -0.417, -0.5198, -0.6732]"
134.19,2025-09-30T12:17:00.000Z,2025-09-30T07:00:00.000Z,22073,XAUUSD,LONG,London Open Liquidity Scalp,2.928,2.29,45.83,-0.3776,3.6019,2077.058,2077.856,2077.856,2077.058,3.0,2077.134,2077.735,2076.934,2077.735,4.0,2.5,1.0,TP,317,closed,45.83,2.93,2077.856,2077.058,3.9799,0.8129,0.6739,0.1779,false,true,Tuesday,7,12,September,2025,5.2833,19020000,2076.934,2077.134,11427.95,11562.14,8.0,0.401,1.0,false,false,true,8801,London Open Liquidity Scalp — QA 200,"[0.1722, 0.3569, 0.3569, 0.5745, 0.5745, 0.5745, 0.6225, 0.6225, 0.6225, 0.6225, 0.6337, 0.6874, 0.9712, 0.9712, 0.9712, 0.9712, 0.9712, 0.9712, 1.1501, 1.1501, 1.1501, 1.1501, 1.2613, 1.3365, 1.3365, 1.3365, 1.3365, 1.5399, 1.5843, 1.6025, 1.6703, 1.7018, 1.7018, 1.9153, 1.9153, 1.9153, 1.9153, 1.9153, 1.939, 2.046, 2.2202, 2.2782, 2.2782, 2.2782, 2.2782, 2.4523, 2.4523, 2.4523, 2.4523, 2.5985, 2.5985, 2.5985, 2.5985, 2.764, 2.8704, 2.8996, 2.9354, 2.9354, 2.9354, 2.9354, 3.0422, 3.0658, 3.0658, 3.0658, 3.212, 3.212, 3.212, 3.212, 3.2565, 3.31, 3.4891, 3.4933, 3.5404, 3.6019, 3.6019, 3.6019, 3.6019, 3.6019, 3.6019, 3.6019]","[0.1784, 0.197, 0.197, 0.197, 0.197, 0.2665, 0.2665, 0.2665, 0.2665, 0.2665, 0.2904, 0.2904, 0.2904, 0.2904, 0.2904, 0.2904, 0.2904, 0.2904, 0.2904, 0.2904, 0.2904, 0.3017, 0.3017, 0.3017, 0.3445, 0.3445, 0.3445, 0.3584, 0.3584, 0.3584, 0.3584, 0.3584, 0.3584, 0.3584, 0.3584, 0.3584, 0.3584, 0.3584, 0.3584, 0.3584, 0.3584, 0.3584, 0.3584, 0.3584, 0.3584, 0.3584, 0.3719, 0.3719, 0.3719, 0.3719, 0.3719, 0.3719, 0.3719, 0.3776, 0.3776, 0.3776, 0.3776, 0.3776, 0.3776, 0.3776, 0.3776, 0.3776, 0.3776, 0.3776, 0.3776, 0.3776, 0.3776, 0.3776, 0.3776, 0.3776, 0.3776, 0.3776, 0.3776, 0.3776, 0.3776, 0.3776, 0.3776, 0.3776, 0.3776, 0.3776]","[0.0764, 0.0753, 0.0698, 0.1215, 0.2191, 0.2029, 0.2546, 0.2656, 0.337, 0.3405, 0.3675, 0.4056, 0.4673, 0.4814, 0.5536, 0.5962, 0.6586, 0.6295, 0.7145, 0.6888, 0.8063, 0.8288, 0.8578, 0.891, 0.9479, 0.9834, 0.9779, 1.0177, 1.0197, 1.1342, 1.1217, 1.2004, 1.185, 1.2383, 1.2932, 1.2799, 1.3782, 1.4174, 1.4471, 1.4252, 1.4672, 1.5307, 1.559, 1.6292, 1.6653, 1.718, 1.7365, 1.7291, 1.7914, 1.7925, 1.8948, 1.9124, 1.8987, 1.9442, 2.0274, 2.0703, 2.0565, 2.1005, 2.1694, 2.205, 2.274, 2.2937, 2.3021, 2.3373, 2.3529, 2.4258, 2.4851, 2.4638, 2.4833, 2.5218, 2.5917, 2.6128, 2.6475, 2.6972, 2.7285, 2.7602, 2.8562, 2.8282, 2.8906, 2.928]","[2.8823, 2.8958, 3.0058, 3.096, 3.1021, 3.1207, 3.1634, 3.1338, 3.2023, 3.1853, 3.1779, 3.1861, 3.1667, 3.2372, 3.1911, 3.251, 3.2266, 3.1901, 3.3032]","[0.0165, 0.0195, 0.0355, 0.076, 0.0761, 0.0899, 0.1492, 0.1951, 0.2359, 0.2919, 0.2981, 0.3597, 0.4276, 0.4381, 0.489, 0.5449, 0.5729, 0.6401, 0.7089]","[2.7503, 2.9726, 2.9261, 3.2032, 2.8155, 2.89, 2.7613, 3.0547, 2.8625, 2.8368, 2.9294, 2.9627, 3.0881, 2.9379, 2.9568, 2.7731, 3.0907, 2.8658, 2.7881]"
-4.39,2023-12-04T13:09:00.000Z,2023-12-04T08:37:00.000Z,22074,GBPUSD,SHORT,London Open Liquidity Scalp,-0.0953,0.24,46.08,-0.459,0.3327,1.24379,1.24229,1.24379,1.24229,2.5,1.24292,1.24282,1.24481,1.23819,3.5,1.2,10.0,BE,272,closed,46.08,0.1,1.24229,1.24379,0.6622,0.2864,0.1447,0.2493,true,true,Monday,8,13,December,2023,4.5333,16320000,1.24481,1.24292,11562.14,11557.75,7.0,0.3985,1.0,false,true,true,8801,London Open Liquidity Scalp — QA 200,"[0.1104, 0.1104, 0.1104, 0.2417, 0.2417, 0.3327, 0.3327, 0.3327, 0.3327, 0.3327, 0.3327, 0.3327, 0.3327, 0.3327, 0.3327, 0.3327, 0.3327, 0.3327, 0.3327, 0.3327, 0.3327, 0.3327, 0.3327, 0.3327, 0.3327, 0.3327, 0.3327, 0.3327, 0.3327, 0.3327, 0.3327, 0.3327, 0.3327, 0.3327, 0.3327, 0.3327, 0.3327, 0.3327, 0.3327, 0.3327, 0.3327, 0.3327, 0.3327, 0.3327, 0.3327, 0.3327, 0.3327, 0.3327, 0.3327, 0.3327, 0.3327, 0.3327, 0.3327, 0.3327, 0.3327, 0.3327, 0.3327, 0.3327, 0.3327, 0.3327, 0.3327, 0.3327, 0.3327, 0.3327, 0.3327, 0.3327, 0.3327, 0.3327, 0.3327, 0.3327, 0.3327, 0.3327, 0.3327, 0.3327, 0.3327, 0.3327, 0.3327, 0.3327, 0.3327, 0.3327]","[0.0914, 0.2501, 0.2501, 0.2501, 0.2501, 0.2501, 0.2501, 0.2501, 0.2845, 0.2845, 0.2845, 0.2845, 0.2845, 0.2845, 0.2845, 0.2845, 0.2845, 0.3097, 0.3097, 0.3402, 0.3402, 0.3402, 0.3402, 0.3402, 0.3402, 0.3402, 0.3402, 0.3402, 0.3402, 0.3402, 0.3606, 0.3606, 0.3606, 0.4311, 0.4311, 0.4311, 0.4311, 0.4311, 0.4311, 0.4504, 0.459, 0.459, 0.459, 0.459, 0.459, 0.459, 0.459, 0.459, 0.459, 0.459, 0.459, 0.459, 0.459, 0.459, 0.459, 0.459, 0.459, 0.459, 0.459, 0.459, 0.459, 0.459, 0.459, 0.459, 0.459, 0.459, 0.459, 0.459, 0.459, 0.459, 0.459, 0.459, 0.459, 0.459, 0.459, 0.459, 0.459, 0.459, 0.459, 0.459]","[-0.0439, -0.035, 0.0405, -0.0079, 0.0358, 0.0001, -0.0266, -0.0255, -0.0051, 0.0138, -0.0253, -0.0181, -0.0529, -0.005, 0.0061, 0.0123, -0.0079, 0.0191, 0.0192, -0.0419, -0.0282, -0.0214, -0.0537, -0.0145, -0.022, -0.0512, -0.0024, -0.065, 0.0058, -0.0085, -0.0607, -0.0288, -0.0207, -0.0346, -0.0547, -0.0294, -0.0577, -0.0229, -0.0408, -0.0043, -0.0179, -0.0152, -0.0701, -0.0433, -0.0338, -0.0843, -0.0571, -0.0868, -0.0851, -0.0596, -0.0742, -0.0487, -0.0894, -0.0801, -0.0735, -0.032, -0.0745, -0.0385, -0.1128, -0.0557, -0.0416, -0.1048, -0.0897, -0.0318, -0.0492, -0.061, -0.0894, -0.08, -0.1065, -0.1176, -0.0714, -0.1298, -0.127, -0.0996, -0.0753, -0.1108, -0.13, -0.0601, -0.0666, -0.0953]","[0.0745, 0.1149, 0.1994, 0.215, 0.2092, 0.2211, 0.1764, 0.1751, 0.1516, 0.114]","[0.0149, 0.058, 0.0695, 0.0808, 0.1185, 0.1288, 0.1816, 0.2388, 0.3065, 0.3314]","[0.0341, -0.203, -0.1772, 0.1743, -0.2268, 0.1542, 0.0984, -0.1015, 0.1476, 0.0505]"
27.62,2024-02-03T17:04:00.000Z,2024-02-03T14:42:00.000Z,22075,XAUUSD,LONG,London Open Liquidity Scalp,0.6832,1.7,40.43,-0.6807,1.3198,2024.717,2025.192,2025.354,2024.717,2.0,2024.879,2025.354,2024.642,2025.354,4.0,2.5,1.0,TP,142,closed,40.43,0.68,2025.192,2024.717,1.4554,0.5177,0.6366,0.2494,false,true,Monday,14,17,February,2024,2.3667,8520000,2024.642,2024.879,11557.75,11585.37,8.0,0.3498,1.0,false,false,true,8801,London Open Liquidity Scalp — QA 200,"[0.3461, 0.3461, 0.4842, 0.8299, 0.8299, 1.0179, 1.1366, 1.3198, 1.3198]","[0.1564, 0.3984, 0.3984, 0.4916, 0.4916, 0.4916, 0.616, 0.6648, 0.6807]","[0.0709, 0.1148, 0.2122, 0.3054, 0.3587, 0.4467, 0.4925, 0.5704, 0.6832]","[0.7125, 0.7106, 0.7266, 0.7821, 0.7956, 0.8914, 0.9513, 0.92, 0.9789, 0.9938, 1.0041, 1.028, 1.0443, 1.0116, 1.008, 1.0979, 1.1876, 1.3004]","[0.007, 0.0756, 0.1416, 0.1564, 0.1616, 0.2174, 0.2224, 0.27, 0.3332, 0.3376, 0.3745, 0.4262, 0.5045, 0.5736, 0.6489, 0.6771, 0.7378, 0.7927]","[0.7772, 0.9832, 0.6333, 0.7885, 0.9115, 0.6553, 0.5514, 0.8216, 0.7299, 0.8839, 0.8791, 0.755, 0.9717, 0.6085, 0.5262, 0.8216, 0.6048, 0.5211]"
0.02,2025-09-06T18:15:00.000Z,2025-09-06T13:59:00.000Z,22076,EURUSD,LONG,London Open Liquidity Scalp,0.0004,0.22,45.02,-0.1003,1.5818,1.10432,1.10778,1.10778,1.10432,1.5,1.10453,1.10453,1.10248,1.10761,3.0,0.8,10.0,BE,256,closed,45.02,0.0,1.10778,1.10432,1.7092,0.0003,1.5814,0.2023,false,true,Monday,13,18,September,2025,4.2667,15360000,1.10248,1.10453,11585.37,11585.39,6.0,0.3886,1.0,false,false,true,8801,London Open Liquidity Scalp — QA 200,"[0.2406, 0.3508, 0.3508, 0.7635, 0.7681, 0.7681, 0.8945, 0.9319, 0.9319, 1.2438, 1.2438, 1.2575, 1.4618, 1.5818, 1.5818, 1.5818, 1.5818]","[0.0061, 0.0635, 0.1003, 0.1003, 0.1003, 0.1003, 0.1003, 0.1003, 0.1003, 0.1003, 0.1003, 0.1003, 0.1003, 0.1003, 0.1003, 0.1003, 0.1003]","[0.0131, -0.0378, 0.0302, -0.0247, 0.0083, -0.011, -0.0447, -0.0202, -0.0305, 0.0444, 0.0197, 0.0402, -0.0193, 0.0337, 0.0274, 0.0272, 0.0004]","[0.1018, 0.0693, 0.0431, 0.157, 0.2288, 0.1947, 0.2534, 0.2413, 0.2594]","[0.0405, 0.0964, 0.1594, 0.2308, 0.272, 0.2795, 0.2966, 0.3643, 0.3985]","[0.1284, 0.0301, -0.1738, -0.1199, 0.2721, 0.2677, 0.213, 0.1455, 0.0732]"
-2.37,2024-06-28T08:37:00.000Z,2024-06-28T07:13:00.000Z,22077,XAUUSD,SHORT,London Open Liquidity Scalp,-0.0505,2.55,46.9,-0.1429,0.8426,2070.762,2070.581,2070.762,2070.581,3.0,2070.736,2070.736,2070.92,2070.185,4.0,2.5,1.0,BE,84,closed,46.9,0.05,2070.581,2070.762,1.185,0.0599,0.7921,0.2702,true,true,Friday,7,8,June,2024,1.4,5040000,2070.92,2070.736,11585.39,11583.02,8.0,0.4048,1.0,false,false,true,8801,London Open Liquidity Scalp — QA 200,"[0.2579, 0.2595, 0.5212, 0.5212, 0.5935, 0.7131, 0.7937, 0.8426]","[0.0704, 0.1429, 0.1429, 0.1429, 0.1429, 0.1429, 0.1429, 0.1429]","[-0.0151, -0.0437, -0.043, 0.0125, -0.0243, -0.031, -0.0354, -0.0505]","[0.1593, 0.2363, 0.3382, 0.4402, 0.4824, 0.5467, 0.5875, 0.589, 0.5653]","[0.0595, 0.1199, 0.1962, 0.2021, 0.2721, 0.3093, 0.33, 0.33, 0.4091]","[0.1342, 0.0349, 0.1852, 0.092, -0.1188, 0.0063, 0.1744, -0.1828, -0.1523]"
-22.4,2024-12-14T17:52:00.000Z,2024-12-14T13:35:00.000Z,22078,GBPUSD,LONG,London Open Liquidity Scalp,-0.4991,0.18,44.88,-0.6559,0.4043,1.23803,1.24063,1.24063,1.23803,3.0,1.23964,1.23841,1.23718,1.24702,3.5,1.2,10.0,MANUAL,257,closed,44.88,0.5,1.24063,1.23803,0.6192,1.2345,0.0917,0.3204,true,true,Monday,13,17,December,2024,4.2833,15420000,1.23718,1.23964,11583.02,11560.62,7.0,0.3875,1.0,false,false,true,8801,London Open Liquidity Scalp — QA 200,"[0.2424, 0.3583, 0.3583, 0.3627, 0.3627, 0.3627, 0.3627, 0.4043, 0.4043, 0.4043, 0.4043, 0.4043, 0.4043, 0.4043, 0.4043, 0.4043, 0.4043, 0.4043, 0.4043, 0.4043, 0.4043, 0.4043, 0.4043, 0.4043, 0.4043, 0.4043, 0.4043, 0.4043, 0.4043, 0.4043, 0.4043, 0.4043, 0.4043, 0.4043, 0.4043, 0.4043, 0.4043, 0.4043, 0.4043, 0.4043, 0.4043, 0.4043, 0.4043, 0.4043, 0.4043, 0.4043, 0.4043, 0.4043, 0.4043, 0.4043, 0.4043, 0.4043, 0.4043, 0.4043, 0.4043, 0.4043, 0.4043, 0.4043, 0.4043, 0.4043, 0.4043, 0.4043, 0.4043, 0.4043, 0.4043, 0.4043, 0.4043, 0.4043, 0.4043, 0.4043, 0.4043, 0.4043, 0.4043, 0.4043, 0.4043, 0.4043, 0.4043, 0.4043, 0.4043, 0.4991]","[0.0441, 0.0643, 0.1973, 0.1973, 0.211, 0.211, 0.211, 0.211, 0.2248, 0.2248, 0.2248, 0.3327, 0.3327, 0.3521, 0.3521, 0.369, 0.369, 0.369, 0.369, 0.369, 0.369, 0.369, 0.369, 0.369, 0.369, 0.451, 0.451, 0.451, 0.451, 0.451, 0.453, 0.453, 0.453, 0.4614, 0.4614, 0.4614, 0.4614, 0.5523, 0.5523, 0.5714, 0.5714, 0.5714, 0.5714, 0.5806, 0.5806, 0.5806, 0.5806, 0.6223, 0.6223, 0.6223, 0.6223, 0.6559, 0.6559, 0.6559, 0.6559, 0.6559, 0.6559, 0.6559, 0.6559, 0.6559, 0.6559, 0.6559, 0.6559, 0.6559, 0.6559, 0.6559, 0.6559, 0.6559, 0.6559, 0.6559, 0.6559, 0.6559, 0.6559, 0.6559, 0.6559, 0.6559, 0.6559, 0.6559, 0.6559, 0.6559]","[-0.0024, 0.0274, -0.0602, -0.0498, -0.0065, -0.0612, -0.0718, -0.0062, -0.0349, -0.0998, -0.107, -0.1026, -0.1034, -0.0815, -0.0573, -0.0683, -0.1062, -0.1016, -0.1488, -0.167, -0.118, -0.163, -0.1597, -0.1588, -0.1292, -0.1308, -0.1753, -0.1607, -0.1591, -0.2054, -0.2215, -0.2111, -0.2451, -0.1675, -0.192, -0.1813, -0.1931, -0.2331, -0.2828, -0.253, -0.2582, -0.2335, -0.2523, -0.2305, -0.3234, -0.293, -0.3002, -0.3444, -0.2757, -0.2708, -0.3384, -0.3212, -0.3533, -0.2957, -0.3079, -0.3757, -0.3842, -0.4067, -0.3528, -0.4062, -0.3526, -0.4027, -0.3784, -0.3959, -0.4017, -0.4552, -0.4329, -0.4318, -0.4515, -0.4516, -0.4478, -0.4788, -0.4698, -0.5027, -0.4853, -0.4317, -0.4588, -0.5228, -0.5093, -0.4991]","[0.4649, 0.4649, 0.4649, 0.4649, 0.4649, 0.4472, 0.4649, 0.4649, 0.4368, 0.3979, 0.4649, 0.4649, 0.4262, 0.4649, 0.4649]","[0.0597, 0.0773, 0.1403, 0.2159, 0.2897, 0.3023, 0.365, 0.3996, 0.477, 0.4872, 0.5442, 0.5514, 0.5751, 0.6297, 0.6677]","[-0.504, -0.2964, -0.5869, -0.4501, -0.5611, -0.5231, -0.6801, -0.4999, -0.2269, -0.2995, -0.2107, -0.2546, -0.2918, -0.5803, -0.664]"
45.73,2024-08-12T16:17:00.000Z,2024-08-12T10:19:00.000Z,22079,USDJPY,LONG,London Open Liquidity Scalp,0.8527,0.22,53.63,-0.7681,1.8095,150.148,150.825,151.007,150.148,2.5,150.35,151.007,150.087,151.007,3.0,0.9,9.2,TP,358,closed,53.63,0.85,150.825,150.148,2.0077,0.4712,0.9568,0.3446,false,true,Monday,10,16,August,2024,5.9667,21480000,150.087,150.35,11560.62,11606.35,6.0,0.4639,1.0,true,true,false,8801,London Open Liquidity Scalp — QA 200,"[0.3869, 0.3869, 0.3869, 0.4845, 0.4845, 0.4845, 0.4845, 0.4845, 0.5597, 0.5597, 0.5597, 0.6999, 0.6999, 0.6999, 0.6999, 0.6999, 0.6999, 0.6999, 0.6999, 0.8198, 0.8198, 0.8198, 0.8438, 0.8438, 1.0078, 1.0078, 1.0078, 1.0938, 1.0938, 1.0938, 1.1685, 1.1685, 1.1823, 1.1823, 1.1823, 1.1823, 1.1823, 1.1823, 1.1823, 1.3504, 1.3504, 1.3504, 1.3504, 1.3504, 1.5215, 1.5215, 1.5215, 1.5756, 1.5756, 1.5756, 1.5756, 1.5756, 1.6651, 1.6651, 1.6651, 1.6651, 1.7674, 1.8095, 1.8095, 1.8095, 1.8095, 1.8095, 1.8095, 1.8095, 1.8095, 1.8095, 1.8095, 1.8095, 1.8095, 1.8095, 1.8095]","[0.2492, 0.2492, 0.2492, 0.2492, 0.2492, 0.2492, 0.287, 0.287, 0.287, 0.3393, 0.3393, 0.3393, 0.3393, 0.3967, 0.3967, 0.3967, 0.3967, 0.3967, 0.3967, 0.3967, 0.3967, 0.3967, 0.3967, 0.5072, 0.5072, 0.5072, 0.5072, 0.5072, 0.5072, 0.5072, 0.542, 0.542, 0.542, 0.5628, 0.5628, 0.5628, 0.5628, 0.5628, 0.6199, 0.6199, 0.6573, 0.6573, 0.6573, 0.6573, 0.6573, 0.6573, 0.7187, 0.7187, 0.7187, 0.7187, 0.7187, 0.7187, 0.7591, 0.7591, 0.7591, 0.7591, 0.7591, 0.7681, 0.7681, 0.7681, 0.7681, 0.7681, 0.7681, 0.7681, 0.7681, 0.7681, 0.7681, 0.7681, 0.7681, 0.7681, 0.7681]","[0.0463, 0.0517, 0.0178, 0.0677, 0.0492, 0.0457, 0.0458, 0.1246, 0.0909, 0.0908, 0.0942, 0.1412, 0.1803, 0.2038, 0.1601, 0.1678, 0.2296, 0.1914, 0.2185, 0.2079, 0.2169, 0.2785, 0.2719, 0.2779, 0.3075, 0.3177, 0.3673, 0.3522, 0.3806, 0.3564, 0.3357, 0.38, 0.4185, 0.4061, 0.3877, 0.4498, 0.4713, 0.4327, 0.4671, 0.4687, 0.533, 0.4934, 0.4945, 0.502, 0.5052, 0.5186, 0.5806, 0.61, 0.5622, 0.5606, 0.5899, 0.5838, 0.6703, 0.6479, 0.6723, 0.6744, 0.7016, 0.665, 0.7077, 0.6786, 0.7751, 0.7002, 0.7644, 0.8092, 0.8246, 0.7658, 0.7711, 0.7901, 0.8268, 0.8808, 0.8527]","[0.9423, 1.0131, 1.0873, 1.196, 1.1956, 1.1572, 1.1981, 1.2024, 1.2693, 1.3021, 1.3521, 1.3049, 1.3219, 1.3969, 1.4711, 1.5035, 1.5458, 1.6443, 1.734, 1.7759, 1.8382, 1.9353, 2.0018, 1.9955]","[0.0407, 0.0421, 0.0625, 0.135, 0.1889, 0.2668, 0.3378, 0.3713, 0.4002, 0.4255, 0.503, 0.5738, 0.6016, 0.6405, 0.6759, 0.7017, 0.7375, 0.7957, 0.8159, 0.8587, 0.8955, 0.9221, 0.9974, 1.0241]","[1.1313, 0.8636, 0.6985, 1.0207, 0.9455, 1.1339, 0.9576, 0.7652, 0.911, 0.8817, 0.8012, 0.8588, 1.0361, 0.8107, 0.9395, 1.0678, 1.05, 1.1334, 1.0782, 1.0231, 0.7033, 0.7131, 0.9271, 1.0802]"
-28.46,2024-09-24T09:05:00.000Z,2024-09-24T07:11:00.000Z,22080,GBPUSD,SHORT,London Open Liquidity Scalp,-0.5934,0.17,47.96,-0.4451,0.7858,1.28329,1.27986,1.28371,1.27986,3.0,1.28205,1.28371,1.28484,1.27368,3.5,1.2,10.0,MANUAL,114,closed,47.96,0.59,1.27986,1.28329,0.9809,0.7552,0.2802,0.3396,true,true,Tuesday,7,9,September,2024,1.9,6840000,1.28484,1.28205,11606.35,11577.89,7.0,0.4132,1.0,false,false,false,8801,London Open Liquidity Scalp — QA 200,"[0.3699, 0.3699, 0.3699, 0.4337, 0.4337, 0.4337, 0.4337, 0.4337, 0.4337, 0.4918, 0.4918, 0.4918, 0.4918, 0.4985, 0.4985, 0.4985, 0.5078, 0.5078, 0.5078, 0.5078, 0.5078, 0.5078, 0.5078, 0.5078, 0.5078, 0.5078, 0.5078, 0.5078, 0.5639, 0.651, 0.651, 0.651, 0.651, 0.651, 0.651, 0.651, 0.651, 0.7023, 0.7651, 0.7651, 0.7651, 0.7702, 0.7702, 0.7702, 0.7858, 0.7858, 0.7858, 0.7858, 0.7858, 0.7858, 0.7858, 0.7858, 0.7858, 0.7858, 0.7858, 0.7858, 0.7858, 0.7858, 0.7858, 0.7858, 0.7858, 0.7858, 0.7858, 0.7858, 0.7858, 0.7858, 0.7858, 0.7858, 0.7858, 0.7858, 0.7858, 0.7858, 0.7858, 0.7858, 0.7858, 0.7858, 0.7858, 0.7858, 0.7858, 0.7858]","[0.0756, 0.1369, 0.1369, 0.2148, 0.2148, 0.2148, 0.2148, 0.2148, 0.2148, 0.2671, 0.2671, 0.2671, 0.3113, 0.3113, 0.3113, 0.3113, 0.3113, 0.3113, 0.3113, 0.3113, 0.3113, 0.3113, 0.3113, 0.3113, 0.3113, 0.3113, 0.3113, 0.3113, 0.3113, 0.3555, 0.3832, 0.3832, 0.3832, 0.4309, 0.4309, 0.4309, 0.4309, 0.4309, 0.4309, 0.4309, 0.4309, 0.4309, 0.4314, 0.4451, 0.4451, 0.4451, 0.4451, 0.4451, 0.4451, 0.4451, 0.4451, 0.4451, 0.4451, 0.4451, 0.4451, 0.4451, 0.4451, 0.4451, 0.4451, 0.4451, 0.4451, 0.4451, 0.4451, 0.4451, 0.4451, 0.4451, 0.4451, 0.4451, 0.4451, 0.4451, 0.4451, 0.4451, 0.4451, 0.4451, 0.4451, 0.4451, 0.4451, 0.4451, 0.4451, 0.4451]","[-0.0277, 0.0004, -0.0254, 0.0149, -0.082, -0.069, -0.0248, -0.0328, -0.0616, -0.114, -0.1227, -0.1325, -0.0641, -0.1145, -0.1375, -0.1553, -0.0963, -0.1077, -0.109, -0.1691, -0.1413, -0.1499, -0.1313, -0.1738, -0.1614, -0.2305, -0.2221, -0.173, -0.2488, -0.2201, -0.24, -0.2725, -0.2306, -0.2707, -0.2565, -0.2581, -0.249, -0.2639, -0.2516, -0.3129, -0.3426, -0.277, -0.2823, -0.365, -0.2975, -0.3797, -0.3665, -0.3993, -0.3809, -0.348, -0.3923, -0.3575, -0.3762, -0.4132, -0.4514, -0.3857, -0.4287, -0.4004, -0.4606, -0.4615, -0.433, -0.429, -0.4273, -0.4324, -0.5078, -0.4907, -0.5112, -0.495, -0.4672, -0.5546, -0.5117, -0.5595, -0.5063, -0.5371, -0.5235, -0.5448, -0.5903, -0.5463, -0.5567, -0.5934]","[0.6414, 0.7364, 0.818, 0.8032, 0.7556, 0.7946, 0.791, 0.8272, 0.8975, 0.9037, 0.9037, 0.9037, 0.9037, 0.8785, 0.9023, 0.9037, 0.9037, 0.9037, 0.9037, 0.9037, 0.9037]","[0.0779, 0.0882, 0.1199, 0.189, 0.2522, 0.2706, 0.3302, 0.3535, 0.3666, 0.4458, 0.5171, 0.5328, 0.5563, 0.5623, 0.6211, 0.6869, 0.7499, 0.7584, 0.7801, 0.8402, 0.9189]","[-0.6956, -0.3103, -0.643, -0.7879, -0.4049, -0.3518, -0.7059, -0.5553, -0.396, -0.3022, -0.6674, -0.6805, -0.7754, -0.6679, -0.5992, -0.4772, -0.3187, -0.5318, -0.4688, -0.6649, -0.7358]"
24.47,2025-11-20T12:36:00.000Z,2025-11-20T10:44:00.000Z,22081,XAUUSD,SHORT,London Open Liquidity Scalp,0.5338,2.25,45.84,-0.5537,1.2896,1998.798,1998.422,1998.798,1998.176,2.5,1998.685,1998.176,1998.889,1998.176,4.0,2.5,1.0,TP,112,closed,45.84,0.53,1998.422,1998.798,1.3368,0.4139,0.7558,0.0204,false,false,Thursday,10,12,November,2025,1.8667,6720000,1998.889,1998.685,11577.89,11602.36,8.0,0.3959,1.0,false,false,true,8801,London Open Liquidity Scalp — QA 200,"[0.5404, 0.5404, 0.5948, 0.9043, 0.9043, 1.2896, 1.2896, 1.2896]","[0.3123, 0.3123, 0.335, 0.449, 0.449, 0.4888, 0.5537, 0.5537]","[0.0349, 0.1272, 0.1597, 0.2383, 0.3019, 0.3727, 0.4445, 0.5338]","[0.631, 0.6874, 0.6428, 0.6699, 0.6577, 0.7645, 0.7338, 0.7122]","[0.0766, 0.1485, 0.1631, 0.215, 0.2846, 0.2942, 0.3015, 0.3333]","[0.7693, 0.408, 0.5348, 0.5225, 0.8317, 0.6451, 0.8257, 0.365]"
-22.89,2024-03-16T15:24:00.000Z,2024-03-16T14:17:00.000Z,22082,EURUSD,SHORT,London Open Liquidity Scalp,-0.4419,0.25,51.8,-0.4675,0.3485,1.08048,1.07877,1.08159,1.07877,3.0,1.0795,1.08159,1.08159,1.07322,3.0,0.8,10.0,SL,67,closed,51.8,0.44,1.07877,1.08048,0.7306,1.268,0.5131,0.0419,false,true,Monday,14,15,March,2024,1.1167,4020000,1.08159,1.0795,11602.36,11579.47,6.0,0.4465,1.0,true,false,true,8801,London Open Liquidity Scalp — QA 200,"[0.1164, 0.1708, 0.2893, 0.3401, 0.3401, 0.3401, 0.3401, 0.3401, 0.3485, 0.3485, 0.3485, 0.3485, 0.3485, 0.3485, 0.3485, 0.3485, 0.3485, 0.3485, 0.3485, 0.3485, 0.3485, 0.3485, 0.3485, 0.3485, 0.3485, 0.3485, 0.3485, 0.3485, 0.3485, 0.3485, 0.3485, 0.3485, 0.3485, 0.3485, 0.3485, 0.3485, 0.3485, 0.3485, 0.3485, 0.3485, 0.3485, 0.3485, 0.3485, 0.3485, 0.3485, 0.3485, 0.3485, 0.3485, 0.3485, 0.3485, 0.3485, 0.3485, 0.3485, 0.3485, 0.3485, 0.3485, 0.3485, 0.3485, 0.3485, 0.3485, 0.3485, 0.3485, 0.3485, 0.3485, 0.3485, 0.3485, 0.4419]","[0.059, 0.1755, 0.2274, 0.2457, 0.2457, 0.2826, 0.2826, 0.2826, 0.2884, 0.2884, 0.2884, 0.3183, 0.3183, 0.3183, 0.3183, 0.3183, 0.3183, 0.3183, 0.3183, 0.3183, 0.3284, 0.3284, 0.3284, 0.3284, 0.3284, 0.3284, 0.4232, 0.4232, 0.4232, 0.4232, 0.4232, 0.4232, 0.4232, 0.4232, 0.4232, 0.4232, 0.4666, 0.4675, 0.4675, 0.4675, 0.4675, 0.4675, 0.4675, 0.4675, 0.4675, 0.4675, 0.4675, 0.4675, 0.4675, 0.4675, 0.4675, 0.4675, 0.4675, 0.4675, 0.4675, 0.4675, 0.4675, 0.4675, 0.4675, 0.4675, 0.4675, 0.4675, 0.4675, 0.4675, 0.4675, 0.4675, 0.4675]","[-0.0221, 0.0275, 0.0096, -0.0548, -0.0276, -0.0624, -0.0247, -0.0101, -0.0974, -0.0899, -0.0397, -0.0963, -0.1248, -0.0874, -0.1155, -0.1437, -0.0856, -0.1268, -0.1668, -0.1524, -0.1267, -0.1269, -0.1626, -0.1692, -0.1513, -0.1653, -0.195, -0.1516, -0.1715, -0.2223, -0.1716, -0.1785, -0.2505, -0.2181, -0.2697, -0.2785, -0.2128, -0.2411, -0.2287, -0.306, -0.2803, -0.2623, -0.2969, -0.2701, -0.3197, -0.2903, -0.3448, -0.2902, -0.3392, -0.3458, -0.3292, -0.3772, -0.3141, -0.3855, -0.3302, -0.3497, -0.3374, -0.3947, -0.3796, -0.3992, -0.3797, -0.4406, -0.4457, -0.4059, -0.4043, -0.4567, -0.4419]","[0.4008, 0.4008, 0.4008, 0.3719, 0.3769, 0.4008, 0.3671, 0.4008, 0.4008, 0.4008, 0.4008, 0.4008, 0.4008, 0.4008, 0.3519, 0.4008, 0.387, 0.4008, 0.4008, 0.4008, 0.4008, 0.4008, 0.4008, 0.4008, 0.4008]","[0.0442, 0.0729, 0.0912, 0.1458, 0.1613, 0.238, 0.2481, 0.3103, 0.3708, 0.4438, 0.5235, 0.5497, 0.594, 0.6728, 0.7479, 0.7699, 0.7751, 0.8299, 0.8401, 0.8567, 0.935, 0.9421, 0.9609, 1.026, 1.0985]","[-0.1587, -0.4301, -0.2901, -0.6115, -0.2425, -0.4087, -0.2023, -0.4575, -0.513, -0.64, -0.5526, -0.1573, -0.5083, -0.5052, -0.4405, -0.3489, -0.2888, -0.5706, -0.3714, -0.3859, -0.1428, -0.6408, -0.2806, -0.4897, -0.5804]"
-16.98,2024-01-02T12:37:00.000Z,2024-01-02T10:07:00.000Z,22083,GBPUSD,LONG,London Open Liquidity Scalp,-0.3898,0.21,43.56,-0.7212,1.451,1.23952,1.24398,1.24398,1.23894,3.0,1.241,1.23894,1.23894,1.24717,3.5,1.2,10.0,SL,150,closed,43.56,0.39,1.24398,1.23952,1.7888,0.2686,0.0591,0.2946,true,true,Tuesday,10,12,January,2024,2.5,9000000,1.23894,1.241,11579.47,11562.49,7.0,0.3762,1.0,false,false,false,8801,London Open Liquidity Scalp — QA 200,"[0.1621, 0.2243, 0.2243, 0.2888, 0.2888, 0.5763, 0.6309, 0.7711, 0.7711, 0.7711, 0.8669, 0.8669, 0.9605, 0.9605, 0.9605, 0.9605, 0.9605, 1.1761, 1.1761, 1.1761, 1.1761, 1.1786, 1.2254, 1.3604, 1.451, 1.451, 1.451, 1.451, 1.451, 1.451]","[0.0469, 0.2542, 0.2542, 0.2542, 0.2656, 0.2656, 0.2656, 0.2656, 0.3828, 0.4338, 0.4577, 0.4577, 0.4577, 0.5318, 0.5318, 0.5318, 0.6303, 0.6303, 0.6303, 0.6303, 0.6402, 0.7212, 0.7212, 0.7212, 0.7212, 0.7212, 0.7212, 0.7212, 0.7212, 0.7212]","[0.0266, -0.0056, -0.0762, -0.0282, -0.0849, -0.0662, -0.0709, -0.1263, -0.1318, -0.1268, -0.1248, -0.1171, -0.1931, -0.1588, -0.2213, -0.2423, -0.1966, -0.2395, -0.2069, -0.2716, -0.2465, -0.2537, -0.2758, -0.3173, -0.3223, -0.336, -0.3946, -0.3872, -0.3903, -0.3898]","[0.4948, 0.4585, 0.4223, 0.3798, 0.3866, 0.3898, 0.4737, 0.5878, 0.5995, 0.6309, 0.7452, 0.8599, 0.8423, 0.8775, 0.9776, 0.9904]","[0.0076, 0.0859, 0.1462, 0.1827, 0.2217, 0.2552, 0.2911, 0.3503, 0.3951, 0.4711, 0.544, 0.5742, 0.654, 0.657, 0.6967, 0.7578]","[-0.2948, -0.2137, -0.2944, -0.205, -0.4264, -0.1953, -0.3076, -0.3365, -0.1728, -0.5381, -0.2209, -0.2087, -0.0986, -0.3676, -0.2754, -0.4358]"
-43.49,2024-05-22T10:38:00.000Z,2024-05-22T09:11:00.000Z,22084,EURUSD,SHORT,London Open Liquidity Scalp,-0.9931,0.29,43.79,-1.1104,1.8844,1.08294,1.07836,1.08294,1.07836,1.5,1.08124,1.08277,1.08277,1.07895,3.0,0.8,10.0,SL,87,closed,43.79,0.99,1.07836,1.08294,2.152,0.527,0.3609,0.2368,true,true,Wednesday,9,10,May,2024,1.45,5220000,1.08277,1.08124,11562.49,11519.0,6.0,0.3787,1.0,false,false,true,8801,London Open Liquidity Scalp — QA 200,"[0.2506, 0.3873, 0.5781, 0.5781, 0.7325, 0.7906, 0.7906, 0.9709, 1.3515, 1.4453, 1.4574, 1.4574, 1.4574, 1.6543, 1.8844, 1.8844, 1.8844]","[0.1994, 0.1994, 0.4059, 0.4059, 0.4059, 0.4984, 0.5964, 0.7113, 0.7113, 0.8786, 0.8786, 0.8786, 1.093, 1.093, 1.1104, 1.1104, 1.1104]","[-0.0451, -0.1061, -0.1817, -0.2716, -0.2699, -0.3355, -0.4025, -0.4969, -0.4879, -0.6159, -0.6159, -0.7119, -0.7174, -0.8179, -0.9115, -0.9234, -0.9931]","[0.9864, 1.0505, 1.1697, 1.1887, 1.1607, 1.1516, 1.1376]","[0.0314, 0.0599, 0.1399, 0.1513, 0.1925, 0.2194, 0.2312]","[-1.11, -0.7373, -0.8167, -0.8802, -0.9186, -0.8608, -0.7429]"
-47.38,2025-09-11T15:51:00.000Z,2025-09-11T14:22:00.000Z,22085,EURUSD,LONG,London Open Liquidity Scalp,-0.8795,0.29,53.87,-0.6596,0.9962,1.08163,1.08474,1.08474,1.081,2.0,1.08287,1.081,1.081,1.08662,3.0,0.8,10.0,SL,89,closed,53.87,0.88,1.08474,1.08163,1.2263,0.8829,0.4645,0.0665,false,false,Thursday,14,15,September,2025,1.4833,5340000,1.081,1.08287,11519.0,11471.62,6.0,0.4677,1.0,false,false,false,8801,London Open Liquidity Scalp — QA 200,"[0.2106, 0.6372, 0.6372, 0.7106, 0.711, 0.9962, 0.9962, 0.9962]","[0.3203, 0.4127, 0.4969, 0.4969, 0.5983, 0.5983, 0.6214, 0.6596]","[-0.1521, -0.2086, -0.3299, -0.4455, -0.5189, -0.6584, -0.786, -0.8795]","[0.8807, 0.9319, 0.9249, 0.914, 0.9126, 1.0208, 0.9785, 1.0446, 1.1456, 1.1456, 1.1303, 1.1456, 1.1456, 1.1087, 1.1248, 1.1456, 1.1456, 1.1456, 1.1456, 1.1456, 1.1456]","[0.0769, 0.1441, 0.1561, 0.195, 0.249, 0.2731, 0.3273, 0.3732, 0.4001, 0.4116, 0.4158, 0.4858, 0.5021, 0.5281, 0.5731, 0.5862, 0.618, 0.6611, 0.7185, 0.774, 0.7753]","[-0.5891, -0.7807, -1.0098, -1.055, -0.9354, -0.7173, -0.9595, -0.7279, -0.5939, -0.8513, -0.797, -1.0346, -0.9986, -0.5824, -0.8004, -0.8301, -0.6761, -1.0614, -0.6987, -1.021, -0.8461]"
46.03,2025-02-07T10:50:00.000Z,2025-02-07T07:29:00.000Z,22086,GBPUSD,LONG,London Open Liquidity Scalp,1.036,0.19,44.43,-0.418,1.6563,1.26071,1.26556,1.26752,1.26071,2.5,1.26169,1.26752,1.25936,1.26752,3.5,1.2,10.0,TP,201,closed,44.43,1.04,1.26556,1.26071,2.0235,0.6255,0.6203,0.2861,false,true,Friday,7,10,February,2025,3.35,12060000,1.25936,1.26169,11471.62,11517.65,7.0,0.3873,1.0,false,false,true,8801,London Open Liquidity Scalp — QA 200,"[0.3542, 0.3542, 0.3542, 0.3542, 0.3542, 0.6323, 0.6323, 0.6323, 0.7464, 0.7464, 0.7464, 0.8471, 0.8471, 0.8471, 0.8471, 0.8471, 1.0821, 1.0821, 1.1175, 1.1175, 1.2476, 1.259, 1.259, 1.259, 1.259, 1.3356, 1.3356, 1.3356, 1.4844, 1.5074, 1.611, 1.6563, 1.6563, 1.6563, 1.6563, 1.6563, 1.6563, 1.6563, 1.6563, 1.6563]","[0.2001, 0.2001, 0.2265, 0.2265, 0.2265, 0.2265, 0.2265, 0.2265, 0.3238, 0.3238, 0.3238, 0.3238, 0.3238, 0.3238, 0.3238, 0.3572, 0.3805, 0.3943, 0.4049, 0.4133, 0.4133, 0.418, 0.418, 0.418, 0.418, 0.418, 0.418, 0.418, 0.418, 0.418, 0.418, 0.418, 0.418, 0.418, 0.418, 0.418, 0.418, 0.418, 0.418, 0.418]","[0.0646, 0.0242, 0.0445, 0.127, 0.1501, 0.1368, 0.2177, 0.2238, 0.2616, 0.2336, 0.2757, 0.3478, 0.3633, 0.3604, 0.4129, 0.4351, 0.4785, 0.4233, 0.4879, 0.5393, 0.5397, 0.5506, 0.5618, 0.6324, 0.6504, 0.7021, 0.6933, 0.7483, 0.7879, 0.7731, 0.7732, 0.8197, 0.8845, 0.8566, 0.8806, 0.9264, 0.9784, 0.9852, 1.0398, 1.036]","[1.0648, 1.0352, 1.1086, 1.1419, 1.2171, 1.3236, 1.3398, 1.4103, 1.503, 1.5897, 1.5805, 1.5414]","[0.0776, 0.1326, 0.1717, 0.1864, 0.2337, 0.2861, 0.3116, 0.3468, 0.3658, 0.4092, 0.4552, 0.5007]","[1.3167, 1.2108, 1.29, 1.0152, 1.1801, 1.1749, 1.1908, 1.2706, 0.9828, 1.1893, 1.2552, 1.3047]"
-5.76,2025-07-29T08:40:00.000Z,2025-07-29T07:33:00.000Z,22087,XAUUSD,SHORT,London Open Liquidity Scalp,-0.1412,1.66,40.78,-0.2154,0.937,2072.062,2071.778,2072.062,2071.778,1.5,2072.009,2071.999,2072.255,2071.64,4.0,2.5,1.0,BE,67,closed,40.78,0.14,2071.778,2072.062,1.0562,0.1507,0.501,0.3077,true,true,Tuesday,7,8,July,2025,1.1167,4020000,2072.255,2072.009,11517.65,11511.89,8.0,0.3541,1.0,false,false,true,8801,London Open Liquidity Scalp — QA 200,"[0.2065, 0.3472, 0.3472, 0.4252, 0.4252, 0.4252, 0.4252, 0.4443, 0.4443, 0.4443, 0.4443, 0.5662, 0.5662, 0.5662, 0.5662, 0.5692, 0.5692, 0.577, 0.6025, 0.6025, 0.6025, 0.6025, 0.6025, 0.7005, 0.7005, 0.7005, 0.7005, 0.7005, 0.7005, 0.7005, 0.7974, 0.7974, 0.8597, 0.8597, 0.8597, 0.8597, 0.8597, 0.8663, 0.8663, 0.8663, 0.937, 0.937, 0.937, 0.937, 0.937, 0.937, 0.937, 0.937, 0.937, 0.937, 0.937, 0.937, 0.937, 0.937, 0.937, 0.937, 0.937, 0.937, 0.937, 0.937, 0.937, 0.937, 0.937, 0.937, 0.937, 0.937, 0.937]","[0.1987, 0.1987, 0.1987, 0.1987, 0.1987, 0.1987, 0.1987, 0.1987, 0.2141, 0.2141, 0.2141, 0.2154, 0.2154, 0.2154, 0.2154, 0.2154, 0.2154, 0.2154, 0.2154, 0.2154, 0.2154, 0.2154, 0.2154, 0.2154, 0.2154, 0.2154, 0.2154, 0.2154, 0.2154, 0.2154, 0.2154, 0.2154, 0.2154, 0.2154, 0.2154, 0.2154, 0.2154, 0.2154, 0.2154, 0.2154, 0.2154, 0.2154, 0.2154, 0.2154, 0.2154, 0.2154, 0.2154, 0.2154, 0.2154, 0.2154, 0.2154, 0.2154, 0.2154, 0.2154, 0.2154, 0.2154, 0.2154, 0.2154, 0.2154, 0.2154, 0.2154, 0.2154, 0.2154, 0.2154, 0.2154, 0.2154, 0.2154]","[-0.0461, -0.0239, 0.0107, 0.002, 0.0156, -0.0569, -0.0192, -0.0538, -0.0084, -0.0265, -0.0511, -0.0551, 0.0017, -0.0741, -0.0558, -0.0198, -0.0443, -0.0645, -0.0793, -0.0282, -0.0288, -0.056, -0.0704, -0.0555, -0.086, -0.0319, -0.073, -0.0951, -0.056, -0.0217, -0.0829, -0.0646, -0.0706, -0.0524, -0.1052, -0.0921, -0.0658, -0.0822, -0.0813, -0.0942, -0.0596, -0.0747, -0.0838, -0.0792, -0.0768, -0.076, -0.133, -0.0732, -0.1371, -0.0757, -0.0963, -0.1334, -0.1375, -0.1362, -0.0893, -0.1376, -0.0773, -0.1497, -0.1013, -0.1218, -0.1559, -0.1077, -0.1278, -0.1542, -0.1388, -0.1654, -0.1412]","[0.2218, 0.2527, 0.2701, 0.2647, 0.3475, 0.4266, 0.4945, 0.467, 0.5625]","[0.0452, 0.0712, 0.0795, 0.1179, 0.1554, 0.1569, 0.1745, 0.1787, 0.1788]","[-0.2527, -0.2901, -0.1717, -0.1135, -0.031, 0.0909, -0.0184, -0.2216, 0.0714]"
1.18,2024-06-13T14:15:00.000Z,2024-06-13T08:40:00.000Z,22088,EURUSD,LONG,London Open Liquidity Scalp,0.028,0.29,42.11,-0.1238,2.1324,1.08085,1.08408,1.08408,1.08085,2.0,1.08103,1.08103,1.0796,1.08389,3.0,0.8,10.0,BE,335,closed,42.11,0.03,1.08408,1.08085,2.1586,0.0131,2.1044,0.0286,false,true,Thursday,8,14,June,2024,5.5833,20100000,1.0796,1.08103,11511.89,11513.07,6.0,0.3658,1.0,false,false,false,8801,London Open Liquidity Scalp — QA 200,"[0.1316, 0.2314, 0.2314, 0.2314, 0.4498, 0.4773, 0.5426, 0.5426, 0.5426, 0.6053, 0.6053, 0.614, 0.7091, 0.7091, 0.7851, 0.7851, 0.8168, 0.8168, 0.8168, 0.8168, 0.905, 0.905, 1.0013, 1.0013, 1.0013, 1.0013, 1.0013, 1.0013, 1.0013, 1.0013, 1.0711, 1.2161, 1.2161, 1.2463, 1.2463, 1.2463, 1.2463, 1.2463, 1.3819, 1.3819, 1.3819, 1.3819, 1.3819, 1.3819, 1.3819, 1.4197, 1.5677, 1.5677, 1.5677, 1.7112, 1.7112, 1.7112, 1.7112, 1.7592, 1.8593, 1.8593, 1.8593, 1.8593, 1.8593, 1.8593, 1.8593, 1.8593, 1.8593, 1.8593, 1.8875, 2.1324, 2.1324, 2.1324, 2.1324, 2.1324, 2.1324, 2.1324, 2.1324, 2.1324, 2.1324, 2.1324, 2.1324, 2.1324, 2.1324, 2.1324]","[0.0512, 0.1238, 0.1238, 0.1238, 0.1238, 0.1238, 0.1238, 0.1238, 0.1238, 0.1238, 0.1238, 0.1238, 0.1238, 0.1238, 0.1238, 0.1238, 0.1238, 0.1238, 0.1238, 0.1238, 0.1238, 0.1238, 0.1238, 0.1238, 0.1238, 0.1238, 0.1238, 0.1238, 0.1238, 0.1238, 0.1238, 0.1238, 0.1238, 0.1238, 0.1238, 0.1238, 0.1238, 0.1238, 0.1238, 0.1238, 0.1238, 0.1238, 0.1238, 0.1238, 0.1238, 0.1238, 0.1238, 0.1238, 0.1238, 0.1238, 0.1238, 0.1238, 0.1238, 0.1238, 0.1238, 0.1238, 0.1238, 0.1238, 0.1238, 0.1238, 0.1238, 0.1238, 0.1238, 0.1238, 0.1238, 0.1238, 0.1238, 0.1238, 0.1238, 0.1238, 0.1238, 0.1238, 0.1238, 0.1238, 0.1238, 0.1238, 0.1238, 0.1238, 0.1238, 0.1238]","[-0.0079, -0.0171, -0.0414, 0.037, 0.0415, -0.0258, 0.0236, -0.0119, -0.0025, -0.0395, -0.0213, -0.0006, 0.0028, 0.023, 0.0173, 0.0084, 0.0114, 0.0454, -0.0374, -0.0337, 0.0441, -0.0131, -0.0283, 0.0151, -0.0202, 0.0223, 0.0479, -0.0194, -0.0043, 0.032, 0.0321, -0.0325, 0.0106, -0.0153, -0.0303, -0.0204, 0.0429, -0.0084, -0.0122, -0.0215, 0.0142, 0.0301, 0.0022, -0.0019, -0.0087, 0.023, 0.0131, 0.0612, 0.0018, 0.0498, 0.0595, 0.0103, 0.0076, -0.0027, 0.0144, -0.0108, 0.0419, 0.0322, -0.0044, 0.0495, 0.0487, 0.0405, 0.0109, 0.0495, -0.0161, -0.0004, 0.0088, 0.0655, -0.001, 0.0065, 0.04, 0.0457, 0.001, -0.0075, -0.0054, 0.0695, 0.0536, -0.0134, -0.0039, 0.028]","[0.0795, 0.0888, 0.0986, 0.1403, 0.2552, 0.2564, 0.3181, 0.4269, 0.453, 0.5125, 0.4654, 0.5412, 0.5657, 0.5446, 0.591, 0.5515, 0.5361, 0.5789, 0.6882, 0.6978, 0.6776, 0.7542]","[0.0437, 0.0922, 0.1141, 0.1603, 0.1782, 0.2076, 0.2834, 0.3633, 0.4414, 0.4483, 0.4606, 0.4684, 0.5374, 0.5601, 0.6259, 0.7018, 0.7527, 0.8048, 0.8192, 0.8793, 0.9573, 0.9754]","[0.0261, -0.0821, 0.0485, 0.1874, 0.1856, 0.3225, 0.161, -0.1044, -0.0817, 0.2324, 0.0797, -0.1107, -0.0747, 0.0311, 0.2495, -0.121, 0.3041, -0.0226, 0.3189, 0.1957, 0.0505, 0.1722]"
-19.71,2025-01-17T11:32:00.000Z,2025-01-17T10:33:00.000Z,22089,GBPUSD,SHORT,London Open Liquidity Scalp,-0.3636,0.29,54.21,-0.2727,1.1798,1.27563,1.27294,1.27697,1.27294,3.0,1.27512,1.27697,1.27697,1.26956,3.5,1.2,10.0,SL,59,closed,54.21,0.36,1.27294,1.27563,1.3652,0.3082,0.1257,0.2862,true,false,Friday,10,11,January,2025,0.9833,3540000,1.27697,1.27512,11513.07,11493.36,7.0,0.4709,1.0,false,false,true,8801,London Open Liquidity Scalp — QA 200,"[0.1832, 0.4328, 0.4328, 0.4328, 0.4382, 0.4382, 0.4382, 0.4382, 0.5114, 0.5114, 0.5114, 0.5835, 0.5835, 0.6486, 0.6486, 0.6486, 0.6486, 0.6486, 0.7787, 0.7787, 0.7787, 0.7787, 0.7787, 0.7787, 0.7787, 0.9146, 0.9146, 0.932, 0.932, 0.932, 0.932, 0.932, 0.932, 0.932, 0.932, 0.932, 0.932, 0.9458, 1.0658, 1.1798, 1.1798, 1.1798, 1.1798, 1.1798, 1.1798, 1.1798, 1.1798, 1.1798, 1.1798, 1.1798, 1.1798, 1.1798, 1.1798, 1.1798, 1.1798, 1.1798, 1.1798, 1.1798, 1.1798]","[0.223, 0.253, 0.253, 0.253, 0.253, 0.2546, 0.2546, 0.2546, 0.2657, 0.2657, 0.2657, 0.2657, 0.2657, 0.2727, 0.2727, 0.2727, 0.2727, 0.2727, 0.2727, 0.2727, 0.2727, 0.2727, 0.2727, 0.2727, 0.2727, 0.2727, 0.2727, 0.2727, 0.2727, 0.2727, 0.2727, 0.2727, 0.2727, 0.2727, 0.2727, 0.2727, 0.2727, 0.2727, 0.2727, 0.2727, 0.2727, 0.2727, 0.2727, 0.2727, 0.2727, 0.2727, 0.2727, 0.2727, 0.2727, 0.2727, 0.2727, 0.2727, 0.2727, 0.2727, 0.2727, 0.2727, 0.2727, 0.2727, 0.2727]","[-0.0144, -0.0118, -0.0615, -0.0219, -0.0499, -0.0134, -0.0325, -0.0202, -0.0767, -0.0267, -0.0646, -0.1051, -0.0727, -0.1262, -0.089, -0.0748, -0.0991, -0.1301, -0.1406, -0.0869, -0.1203, -0.1386, -0.1555, -0.1604, -0.1374, -0.1374, -0.1725, -0.1355, -0.1991, -0.1588, -0.1637, -0.2376, -0.1952, -0.1961, -0.1871, -0.1823, -0.2208, -0.2087, -0.2446, -0.2787, -0.2623, -0.2523, -0.2501, -0.2658, -0.3022, -0.3176, -0.3257, -0.2634, -0.3346, -0.2915, -0.2992, -0.3373, -0.3219, -0.3402, -0.3126, -0.3653, -0.3583, -0.3563, -0.3636]","[0.3552, 0.3994, 0.5019, 0.455, 0.4217, 0.5044, 0.622, 0.5834, 0.5571, 0.635, 0.6337, 0.6817, 0.761]","[0.0043, 0.0149, 0.0636, 0.0805, 0.0851, 0.1521, 0.1533, 0.2172, 0.2452, 0.275, 0.3335, 0.3412, 0.3423]","[-0.4224, -0.4326, -0.2561, -0.1997, -0.3927, -0.4647, -0.1338, -0.3643, -0.2778, -0.2747, -0.3763, -0.1824, -0.2042]"
-0.01,2024-08-27T19:53:00.000Z,2024-08-27T14:05:00.000Z,22090,GBPUSD,SHORT,London Open Liquidity Scalp,-0.0002,0.28,50.96,-0.4211,1.0441,1.2935,1.2908,1.2935,1.2908,1.5,1.29272,1.29262,1.29456,1.28996,3.5,1.2,10.0,BE,348,closed,50.96,0.0,1.2908,1.2935,1.3834,0.0002,0.4987,0.0937,false,false,Tuesday,14,19,August,2024,5.8,20880000,1.29456,1.29272,11493.36,11493.35,7.0,0.4434,1.0,false,false,true,8801,London Open Liquidity Scalp — QA 200,"[0.3542, 0.3542, 0.3542, 0.3542, 0.3542, 0.4705, 0.4705, 0.4845, 0.4845, 0.4845, 0.4845, 0.4845, 0.4845, 0.4845, 0.4845, 0.4845, 0.6297, 0.6297, 0.6297, 0.6692, 0.6692, 0.6692, 0.6692, 0.7349, 0.7349, 0.7349, 0.7349, 0.7408, 0.7907, 0.7907, 0.7907, 0.8839, 0.8839, 0.8839, 0.8839, 0.8839, 0.8839, 0.9573, 0.9573, 0.9573, 0.9573, 0.976, 0.976, 0.976, 0.976, 0.976, 1.0441, 1.0441, 1.0441, 1.0441, 1.0441, 1.0441, 1.0441, 1.0441, 1.0441, 1.0441, 1.0441, 1.0441, 1.0441, 1.0441, 1.0441, 1.0441, 1.0441, 1.0441, 1.0441, 1.0441, 1.0441, 1.0441, 1.0441]","[0.1293, 0.2381, 0.2642, 0.2642, 0.2642, 0.2642, 0.2642, 0.2642, 0.2642, 0.2642, 0.2642, 0.2642, 0.2642, 0.3328, 0.3328, 0.3328, 0.3328, 0.3328, 0.3328, 0.3328, 0.3613, 0.3613, 0.3902, 0.3902, 0.3902, 0.3902, 0.3902, 0.3902, 0.3902, 0.3902, 0.3902, 0.3902, 0.4211, 0.4211, 0.4211, 0.4211, 0.4211, 0.4211, 0.4211, 0.4211, 0.4211, 0.4211, 0.4211, 0.4211, 0.4211, 0.4211, 0.4211, 0.4211, 0.4211, 0.4211, 0.4211, 0.4211, 0.4211, 0.4211, 0.4211, 0.4211, 0.4211, 0.4211, 0.4211, 0.4211, 0.4211, 0.4211, 0.4211, 0.4211, 0.4211, 0.4211, 0.4211, 0.4211, 0.4211]","[-0.0301, -0.008, -0.0279, -0.0125, 0.0066, 0.0177, 0.0108, -0.002, -0.0326, -0.0005, -0.0375, -0.0115, -0.0085, -0.0297, -0.0079, -0.0319, -0.0203, -0.0192, -0.0342, -0.0406, 0.0372, 0.0395, -0.0408, 0.032, 0.0253, 0.012, -0.0102, -0.0402, 0.0416, -0.0038, -0.0344, -0.0377, 0.0387, -0.0133, 0.0003, 0.0109, -0.0287, 0.0085, 0.0272, 0.0446, -0.0403, -0.0193, 0.0087, -0.0101, 0.0351, -0.022, 0.0116, -0.0333, -0.0397, 0.0058, -0.0442, 0.0296, 0.0392, 0.0137, 0.0203, 0.0351, 0.0063, 0.0083, -0.0446, -0.0083, -0.0371, 0.0349, -0.0397, 0.0128, 0.036, -0.0236, 0.0004, -0.0109, -0.0002]","[0.0885, 0.1583, 0.1151, 0.1552, 0.2095, 0.2881, 0.3868, 0.3894, 0.3628, 0.4764, 0.4784, 0.4911, 0.4805, 0.5304, 0.5748, 0.6404, 0.6964, 0.7993, 0.7877, 0.7379, 0.8314, 0.7868, 0.8729, 0.8996]","[0.0104, 0.0566, 0.0882, 0.152, 0.1568, 0.2263, 0.2943, 0.3557, 0.3976, 0.4164, 0.4841, 0.5015, 0.5257, 0.5338, 0.5947, 0.6256, 0.6514, 0.6806, 0.6878, 0.7671, 0.7703, 0.8017, 0.8147, 0.837]","[-0.1184, -0.1121, -0.0213, 0.0116, 0.1406, 0.0934, -0.1735, 0.2077, 0.0816, 0.181, 0.0877, 0.1224, 0.2983, -0.0634, -0.1697, 0.0631, 0.0095, -0.0333, -0.1054, -0.0207, -0.102, -0.1292, 0.1442, 0.0526]"
-23.02,2025-10-08T14:18:00.000Z,2025-10-08T08:08:00.000Z,22091,EURUSD,LONG,London Open Liquidity Scalp,-0.4874,0.23,47.23,-0.4046,0.3669,1.06532,1.06692,1.06692,1.06409,2.5,1.06616,1.06409,1.06409,1.07134,3.0,0.8,10.0,SL,370,closed,47.23,0.49,1.06692,1.06532,0.6836,1.3284,0.0149,0.2393,true,true,Wednesday,8,14,October,2025,6.1667,22200000,1.06409,1.06616,11493.35,11470.33,6.0,0.4109,1.0,false,false,true,8801,London Open Liquidity Scalp — QA 200,"[0.2455, 0.3128, 0.3128, 0.3128, 0.3128, 0.3128, 0.3128, 0.3128, 0.3128, 0.3128, 0.3128, 0.3371, 0.3371, 0.3371, 0.3371, 0.3612, 0.3669, 0.3669, 0.3669, 0.3669, 0.3669, 0.3669, 0.3669, 0.3669, 0.3669, 0.3669, 0.3669, 0.3669, 0.3669, 0.3669, 0.3669, 0.3669, 0.3669, 0.3669, 0.3669, 0.3669, 0.3669, 0.3669, 0.3669, 0.3669, 0.3669, 0.3669, 0.3669, 0.3669, 0.3669, 0.3669, 0.3669, 0.3669, 0.3669, 0.3669, 0.3669, 0.3669, 0.3669, 0.3669, 0.3669, 0.3669, 0.3669, 0.3669, 0.3669, 0.3669, 0.3669, 0.3669, 0.3669, 0.3669, 0.3669, 0.3669, 0.3669, 0.3669, 0.3669, 0.3669, 0.3669, 0.3669, 0.3669, 0.4874]","[0.0871, 0.0871, 0.1224, 0.1833, 0.1833, 0.1833, 0.2363, 0.2363, 0.2363, 0.2828, 0.2828, 0.2828, 0.2828, 0.2828, 0.3187, 0.3187, 0.3205, 0.3205, 0.3205, 0.3205, 0.3205, 0.3626, 0.3626, 0.3626, 0.3626, 0.3626, 0.3626, 0.3626, 0.3626, 0.3626, 0.3626, 0.3626, 0.3626, 0.3937, 0.4003, 0.4003, 0.4046, 0.4046, 0.4046, 0.4046, 0.4046, 0.4046, 0.4046, 0.4046, 0.4046, 0.4046, 0.4046, 0.4046, 0.4046, 0.4046, 0.4046, 0.4046, 0.4046, 0.4046, 0.4046, 0.4046, 0.4046, 0.4046, 0.4046, 0.4046, 0.4046, 0.4046, 0.4046, 0.4046, 0.4046, 0.4046, 0.4046, 0.4046, 0.4046, 0.4046, 0.4046, 0.4046, 0.4046, 0.4046]","[0.0027, -0.038, 0.0066, -0.0316, -0.0151, -0.0017, -0.0068, -0.0146, -0.0309, -0.0317, -0.029, -0.0516, -0.0431, -0.1042, -0.124, -0.1195, -0.1241, -0.0877, -0.1363, -0.1175, -0.1161, -0.1344, -0.1477, -0.1289, -0.2045, -0.1772, -0.1882, -0.22, -0.1653, -0.2007, -0.2435, -0.234, -0.2025, -0.2485, -0.2236, -0.2571, -0.2135, -0.2562, -0.2131, -0.2192, -0.2877, -0.3096, -0.2573, -0.3321, -0.3403, -0.3092, -0.2935, -0.3124, -0.3069, -0.354, -0.3099, -0.3466, -0.3653, -0.3498, -0.3565, -0.4056, -0.3372, -0.3531, -0.3995, -0.3568, -0.4112, -0.3882, -0.3701, -0.3992, -0.4164, -0.4632, -0.4104, -0.4857, -0.4306, -0.4405, -0.5004, -0.4555, -0.493, -0.4874]","[0.4219, 0.4219, 0.4112, 0.3767, 0.3971, 0.4219, 0.4219, 0.4148, 0.4219]","[0.0334, 0.0816, 0.1056, 0.1464, 0.1712, 0.2471, 0.295, 0.3214, 0.3483]","[-0.1996, -0.3174, -0.2149, -0.3103, -0.4911, -0.2617, -0.4256, -0.3976, -0.5577]"
2.21,2024-05-15T17:06:00.000Z,2024-05-15T14:07:00.000Z,22092,XAUUSD,LONG,London Open Liquidity Scalp,0.0442,2.15,50.04,-0.1376,1.4834,2063.09,2063.467,2063.467,2063.09,3.0,2063.122,2063.122,2062.889,2063.82,4.0,2.5,1.0,BE,179,closed,50.04,0.04,2063.467,2063.09,1.552,0.0298,1.4392,0.2689,false,true,Wednesday,14,17,May,2024,2.9833,10740000,2062.889,2063.122,11470.33,11472.54,8.0,0.4363,1.0,false,false,true,8801,London Open Liquidity Scalp — QA 200,"[0.2053, 0.2053, 0.2701, 0.416, 0.416, 0.416, 0.416, 0.416, 0.416, 0.5566, 0.5566, 0.5566, 0.5566, 0.5566, 0.5566, 0.5566, 0.5566, 0.5566, 0.6736, 0.7698, 0.7698, 0.7698, 0.7698, 0.7698, 0.7698, 0.7698, 0.8314, 0.8744, 0.8744, 0.8744, 0.8744, 0.8744, 0.8744, 0.942, 0.942, 0.942, 0.942, 0.942, 0.942, 0.942, 0.942, 0.942, 0.9912, 0.9912, 0.9912, 1.0826, 1.2034, 1.2034, 1.2034, 1.2034, 1.2034, 1.2034, 1.2095, 1.2095, 1.2642, 1.2642, 1.2642, 1.2642, 1.2642, 1.2642, 1.4834, 1.4834, 1.4834, 1.4834, 1.4834, 1.4834, 1.4834, 1.4834, 1.4834, 1.4834, 1.4834, 1.4834, 1.4834, 1.4834, 1.4834, 1.4834, 1.4834, 1.4834, 1.4834, 1.4834]","[0.1376, 0.1376, 0.1376, 0.1376, 0.1376, 0.1376, 0.1376, 0.1376, 0.1376, 0.1376, 0.1376, 0.1376, 0.1376, 0.1376, 0.1376, 0.1376, 0.1376, 0.1376, 0.1376, 0.1376, 0.1376, 0.1376, 0.1376, 0.1376, 0.1376, 0.1376, 0.1376, 0.1376, 0.1376, 0.1376, 0.1376, 0.1376, 0.1376, 0.1376, 0.1376, 0.1376, 0.1376, 0.1376, 0.1376, 0.1376, 0.1376, 0.1376, 0.1376, 0.1376, 0.1376, 0.1376, 0.1376, 0.1376, 0.1376, 0.1376, 0.1376, 0.1376, 0.1376, 0.1376, 0.1376, 0.1376, 0.1376, 0.1376, 0.1376, 0.1376, 0.1376, 0.1376, 0.1376, 0.1376, 0.1376, 0.1376, 0.1376, 0.1376, 0.1376, 0.1376, 0.1376, 0.1376, 0.1376, 0.1376, 0.1376, 0.1376, 0.1376, 0.1376, 0.1376, 0.1376]","[0.0422, -0.0035, -0.0314, -0.0207, -0.0081, -0.029, 0.0461, -0.0347, 0.0454, 0.0325, -0.0319, 0.0112, 0.0028, -0.0099, 0.0238, 0.027, 0.0281, 0.0058, 0.0377, 0.0091, -0.0231, 0.0222, 0.0139, 0.0324, 0.0266, 0.0104, -0.0028, -0.0256, 0.0295, 0.0069, 0.0258, 0.0578, -0.0202, 0.0589, 0.0336, -0.0045, 0.0113, 0.0457, 0.017, 0.0107, 0.0043, 0.0623, 0.042, 0.0546, 0.0134, 0.0347, 0.0005, 0.0407, 0.0287, 0.0371, 0.0119, 0.027, 0.056, 0.016, 0.028, 0.0379, 0.0756, 0.0438, -0.0013, 0.0243, 0.0004, -0.0009, 0.0039, 0.0417, 0.0372, 0.0441, 0.0312, 0.0532, 0.017, 0.0221, 0.0176, 0.0798, 0.0612, 0.0776, 0.0717, 0.0555, 0.0016, 0.088, 0.0739, 0.0442]","[0, 0.0503, 0.0314, 0.1283, 0.1029, 0.1721, 0.2382, 0.2076, 0.1663, 0.1344, 0.1096, 0.0732, 0.1644, 0.2406, 0.2809, 0.3269, 0.3326, 0.4109, 0.5304, 0.586, 0.645]","[0.0668, 0.1171, 0.165, 0.186, 0.248, 0.2879, 0.3669, 0.4452, 0.4589, 0.5022, 0.5302, 0.5933, 0.6068, 0.6315, 0.6498, 0.6514, 0.691, 0.7703, 0.8179, 0.8637, 0.8907]","[0.02, -0.1466, 0.3394, 0.0663, 0.1514, 0.3169, 0.0369, 0.1711, 0.3227, -0.0234, 0.1894, 0.0376, -0.0569, 0.2203, 0.1038, -0.061, -0.1409, 0.2189, 0.1805, -0.0865, 0.0209]"
-44.08,2024-01-05T14:23:00.000Z,2024-01-05T09:20:00.000Z,22093,EURUSD,LONG,London Open Liquidity Scalp,-0.9595,0.25,45.94,-1.0935,1.3708,1.09853,1.10315,1.10315,1.09853,1.5,1.10058,1.09871,1.09871,1.10339,3.0,0.8,10.0,SL,303,closed,45.94,0.96,1.10315,1.09853,1.5059,0.7,0.3136,0.0081,false,true,Friday,9,14,January,2024,5.05,18180000,1.09871,1.10058,11472.54,11428.46,6.0,0.4004,1.0,false,true,false,8801,London Open Liquidity Scalp — QA 200,"[0.1579, 0.3631, 0.4696, 0.4696, 0.5567, 0.7918, 0.7918, 0.7918, 0.8754, 0.8754, 0.9001, 1.168, 1.168, 1.2885, 1.302, 1.302, 1.302, 1.308, 1.3708, 1.3708]","[0.1973, 0.1973, 0.4003, 0.4003, 0.4003, 0.4365, 0.6087, 0.6087, 0.621, 0.621, 0.6368, 0.8629, 0.8978, 0.9618, 0.9618, 0.9618, 1.0935, 1.0935, 1.0935, 1.0935]","[-0.0086, -0.1033, -0.1852, -0.1807, -0.2411, -0.262, -0.316, -0.4165, -0.4379, -0.4939, -0.4962, -0.619, -0.6056, -0.7162, -0.7509, -0.7858, -0.8555, -0.8819, -0.9094, -0.9595]","[1.0184, 0.9984, 1.0285, 1.1002, 1.0817, 1.1609, 1.1198, 1.1372, 1.1451, 1.2118, 1.181, 1.2916, 1.2417, 1.2972, 1.2934, 1.385, 1.3911, 1.4238, 1.383]","[0.0464, 0.1143, 0.1183, 0.1798, 0.1874, 0.2137, 0.2607, 0.3214, 0.3218, 0.3701, 0.3774, 0.4449, 0.5132, 0.5864, 0.65, 0.7193, 0.7684, 0.8116, 0.86]","[-0.8555, -1.1181, -0.7815, -1.0228, -0.9879, -1.1446, -0.9495, -0.795, -0.9089, -1.0496, -0.806, -0.7882, -0.8659, -0.8654, -0.8762, -0.8813, -0.8359, -0.8275, -1.1242]"
-41.19,2025-07-17T16:32:00.000Z,2025-07-17T13:08:00.000Z,22094,USDJPY,SHORT,London Open Liquidity Scalp,-0.7518,0.43,54.79,-0.5638,0.3995,148.435,148.3,148.496,148.3,2.5,148.356,148.496,148.496,148.006,3.0,0.9,9.2,SL,204,closed,54.79,0.75,148.3,148.435,0.6713,1.8819,0.0448,0.0351,false,true,Thursday,13,16,July,2025,3.4,12240000,148.496,148.356,11428.46,11387.27,6.0,0.4794,1.0,false,false,false,8801,London Open Liquidity Scalp — QA 200,"[0.0629, 0.283, 0.3133, 0.3663, 0.3663, 0.3663, 0.3663, 0.3955, 0.3955, 0.3955, 0.3955, 0.3955, 0.3955, 0.3955, 0.3995, 0.3995, 0.3995, 0.3995, 0.3995, 0.3995, 0.3995, 0.3995, 0.3995, 0.3995, 0.3995, 0.3995, 0.3995, 0.3995, 0.3995, 0.3995, 0.3995, 0.3995, 0.3995, 0.3995, 0.3995, 0.3995, 0.3995, 0.3995, 0.3995, 0.7518]","[0.1667, 0.2681, 0.2681, 0.2681, 0.3133, 0.3133, 0.3133, 0.3133, 0.3301, 0.3301, 0.3301, 0.3301, 0.3902, 0.3902, 0.3902, 0.3902, 0.4178, 0.4578, 0.4578, 0.4578, 0.4578, 0.4578, 0.4578, 0.4578, 0.4987, 0.4987, 0.5399, 0.5638, 0.5638, 0.5638, 0.5638, 0.5638, 0.5638, 0.5638, 0.5638, 0.5638, 0.5638, 0.5638, 0.5638, 0.5638]","[-0.0548, -0.0582, -0.0686, -0.0958, -0.0585, -0.0697, -0.1333, -0.1106, -0.1669, -0.2129, -0.1777, -0.1851, -0.2623, -0.2266, -0.3252, -0.3194, -0.3236, -0.3779, -0.3874, -0.4074, -0.3797, -0.4482, -0.4445, -0.4381, -0.4313, -0.46, -0.5448, -0.4855, -0.5439, -0.5294, -0.6209, -0.6378, -0.5768, -0.6629, -0.6153, -0.6344, -0.7002, -0.6768, -0.7643, -0.7518]","[0.4594, 0.4594, 0.4117, 0.4095, 0.4578, 0.4594, 0.4535, 0.4594]","[0.0478, 0.0951, 0.1267, 0.2058, 0.2236, 0.2331, 0.3106, 0.3627]","[-0.5362, -0.5011, -0.6914, -0.6435, -0.7624, -0.683, -0.5129, -0.5002]"
49.07,2025-04-17T13:53:00.000Z,2025-04-17T09:40:00.000Z,22095,EURUSD,LONG,London Open Liquidity Scalp,0.907,0.23,54.1,-0.5875,2.1178,1.0853,1.09179,1.09179,1.0853,1.5,1.08671,1.08888,1.08431,1.09031,3.0,0.8,10.0,MANUAL,253,closed,54.1,0.91,1.09179,1.0853,2.3481,0.4283,1.2108,0.2251,false,false,Thursday,9,13,April,2025,4.2167,15180000,1.08431,1.08671,11387.27,11436.34,6.0,0.4751,1.0,false,false,false,8801,London Open Liquidity Scalp — QA 200,"[0.22, 0.3328, 0.5854, 0.8017, 1.0145, 1.0355, 1.0355, 1.0869, 1.4623, 1.4623, 1.7524, 1.849, 2.0854, 2.0854, 2.1178, 2.1178]","[0.2269, 0.2269, 0.2269, 0.2269, 0.3191, 0.3602, 0.3836, 0.4182, 0.5362, 0.5362, 0.5759, 0.576, 0.5875, 0.5875, 0.5875, 0.5875]","[0.0612, 0.1099, 0.193, 0.2526, 0.3156, 0.3679, 0.4365, 0.4801, 0.4756, 0.5683, 0.6159, 0.6501, 0.725, 0.8311, 0.8569, 0.907]","[0.9015, 0.9512, 1.0393, 1.1502, 1.254, 1.2223, 1.2383, 1.2644, 1.3294, 1.3671, 1.4441, 1.5154, 1.4948]","[0.0383, 0.0618, 0.0625, 0.1385, 0.1474, 0.2092, 0.263, 0.3167, 0.3832, 0.4286, 0.4714, 0.538, 0.5748]","[1.1949, 1.0018, 0.7831, 0.8327, 0.8084, 1.1905, 1.1785, 1.1459, 1.1218, 0.9819, 0.7169, 1.1812, 0.9124]"
76.81,2025-05-20T21:32:00.000Z,2025-05-20T15:23:00.000Z,22096,XAUUSD,SHORT,London Open Liquidity Scalp,1.8684,3.12,41.11,-0.3986,2.0943,2048.536,2048.207,2048.536,2048.153,2.5,2048.483,2048.153,2048.615,2048.153,4.0,2.5,1.0,TP,369,closed,41.11,1.87,2048.207,2048.536,2.4796,0.8921,0.2259,0.0138,false,false,Tuesday,15,21,May,2025,6.15,22140000,2048.615,2048.483,11436.34,11513.15,8.0,0.3595,1.0,false,false,true,8801,London Open Liquidity Scalp — QA 200,"[0.1308, 0.1308, 0.2804, 0.3217, 0.5209, 0.5288, 0.5288, 0.5288, 0.5288, 0.5288, 0.6808, 0.6859, 0.7004, 0.7004, 0.7492, 0.7492, 0.7492, 0.7492, 0.7492, 0.7741, 0.7741, 0.7741, 0.7741, 0.8702, 0.8702, 0.8702, 0.8702, 0.9014, 0.9991, 0.9991, 0.9991, 1.1266, 1.1266, 1.1266, 1.2881, 1.2881, 1.2881, 1.2881, 1.2881, 1.2881, 1.2881, 1.2881, 1.3499, 1.5325, 1.5325, 1.5823, 1.5823, 1.5823, 1.6177, 1.6177, 1.6177, 1.7087, 1.7087, 1.7087, 1.7087, 1.723, 1.723, 1.723, 1.723, 1.723, 1.91, 1.9799, 1.9799, 1.9799, 1.9799, 1.9799, 1.9799, 1.9799, 2.0943, 2.0943, 2.0943, 2.0943, 2.0943, 2.0943, 2.0943, 2.0943, 2.0943, 2.0943, 2.0943, 2.0943]","[0.1258, 0.1258, 0.2568, 0.2568, 0.2568, 0.2576, 0.2688, 0.2688, 0.2688, 0.2688, 0.2688, 0.2688, 0.2688, 0.2688, 0.2688, 0.2688, 0.2688, 0.2688, 0.3, 0.3, 0.3, 0.3, 0.3, 0.3, 0.3, 0.3, 0.3, 0.3, 0.3098, 0.3098, 0.3098, 0.3098, 0.3098, 0.382, 0.382, 0.3986, 0.3986, 0.3986, 0.3986, 0.3986, 0.3986, 0.3986, 0.3986, 0.3986, 0.3986, 0.3986, 0.3986, 0.3986, 0.3986, 0.3986, 0.3986, 0.3986, 0.3986, 0.3986, 0.3986, 0.3986, 0.3986, 0.3986, 0.3986, 0.3986, 0.3986, 0.3986, 0.3986, 0.3986, 0.3986, 0.3986, 0.3986, 0.3986, 0.3986, 0.3986, 0.3986, 0.3986, 0.3986, 0.3986, 0.3986, 0.3986, 0.3986, 0.3986, 0.3986, 0.3986]","[0.025, 0.045, 0.0977, 0.1123, 0.155, 0.1454, 0.1916, 0.2291, 0.2437, 0.2612, 0.2146, 0.2753, 0.2815, 0.3104, 0.3768, 0.3352, 0.385, 0.4534, 0.4829, 0.4482, 0.455, 0.5008, 0.5369, 0.5368, 0.5963, 0.6077, 0.6025, 0.6472, 0.6898, 0.729, 0.768, 0.7412, 0.7704, 0.789, 0.8413, 0.8264, 0.881, 0.8565, 0.9007, 0.9331, 0.9734, 1.0041, 1.0331, 1.0116, 1.0116, 1.0459, 1.0876, 1.143, 1.1323, 1.154, 1.2106, 1.1706, 1.2763, 1.2805, 1.2673, 1.3058, 1.3381, 1.3529, 1.4098, 1.3875, 1.438, 1.4721, 1.5014, 1.4708, 1.5116, 1.5752, 1.5984, 1.5867, 1.6045, 1.6262, 1.616, 1.7041, 1.7272, 1.7484, 1.7487, 1.8169, 1.7806, 1.8248, 1.8643, 1.8684]","[1.9627, 2.019, 2.0485, 2.092, 2.1074, 2.2157, 2.3217, 2.3324]","[0.0289, 0.1025, 0.1209, 0.1643, 0.1925, 0.2628, 0.2886, 0.351]","[1.7797, 1.7401, 1.8624, 1.8821, 2.0835, 2.0183, 1.7901, 2.1529]"
131.58,2025-01-04T09:33:00.000Z,2025-01-04T08:39:00.000Z,22097,NQ,LONG,London Open Liquidity Scalp,3.0248,0.52,43.5,-0.3049,4.524,18297.54512,18317.58796,18317.58796,18297.54512,3.0,18298.8106,18311.26243,18294.65999,18311.26243,4.5,0.75,5.0,TP,54,closed,43.5,3.02,18317.58796,18297.54512,4.6981,0.6686,1.4992,0.2735,false,true,Monday,8,9,January,2025,0.9,3240000,18294.65999,18298.8106,11513.15,11644.73,9.0,0.3778,1.0,false,false,true,8801,London Open Liquidity Scalp — QA 200,"[0.6358, 1.1146, 1.7433, 2.1218, 2.3126, 3.1111, 3.3889, 3.6724, 4.1338, 4.524]","[0.119, 0.119, 0.2137, 0.2137, 0.2705, 0.281, 0.3049, 0.3049, 0.3049, 0.3049]","[0.3392, 0.6087, 0.9217, 1.2506, 1.5307, 1.8417, 2.1058, 2.4287, 2.7054, 3.0248]","[3.1262, 3.0819, 3.1929, 3.289, 3.3455, 3.3788, 3.3652, 3.3186, 3.4342, 3.5527, 3.5963, 3.6722, 3.7642, 3.8141, 3.8282, 3.8159, 3.9352, 3.8995, 3.8678, 3.9216, 4.0226, 4.0449, 4.0119]","[0.0186, 0.0291, 0.0613, 0.138, 0.2141, 0.2905, 0.3314, 0.4066, 0.4277, 0.4478, 0.4513, 0.5167, 0.5576, 0.6136, 0.619, 0.6573, 0.6605, 0.7288, 0.803, 0.8132, 0.8747, 0.8856, 0.9043]","[3.0866, 2.8883, 3.3029, 3.1585, 2.9708, 2.9176, 3.2165, 3.0268, 3.1053, 2.9994, 3.3014, 2.8919, 3.0761, 3.1316, 3.1048, 3.1551, 3.2308, 2.9745, 2.834, 3.2343, 2.9041, 2.9051, 3.2985]"
-38.74,2025-08-03T11:03:00.000Z,2025-08-03T08:34:00.000Z,22098,GBPUSD,SHORT,London Open Liquidity Scalp,-0.8281,0.21,46.78,-1.0811,0.5349,1.23739,1.23379,1.23739,1.23379,1.5,1.23498,1.23682,1.23721,1.23164,3.5,1.2,10.0,STOP_OUT,149,closed,46.78,0.83,1.23379,1.23739,0.7673,1.5481,0.2269,0.1525,true,false,Monday,8,11,August,2025,2.4833,8940000,1.23721,1.23498,11644.73,11605.99,7.0,0.4017,1.0,false,false,true,8801,London Open Liquidity Scalp — QA 200,"[0.2434, 0.3529, 0.3529, 0.4078, 0.4078, 0.4078, 0.4078, 0.4078, 0.4078, 0.4078, 0.4608, 0.4608, 0.4608, 0.4608, 0.4608, 0.4608, 0.4608, 0.4608, 0.5159, 0.5159, 0.5159, 0.5159, 0.5197, 0.5197, 0.5197, 0.5197, 0.5197, 0.5197, 0.5197, 0.5197, 0.5197, 0.5197, 0.5349, 0.5349, 0.5349, 0.5349, 0.5349, 0.5349, 0.5349, 0.5349, 0.5349, 0.5349, 0.5349, 0.5349, 0.5349, 0.5349, 0.5349, 0.5349, 0.5349, 0.5349, 0.5349, 0.5349, 0.5349, 0.5349, 0.5349, 0.5349, 0.5349, 0.5349, 0.5349, 0.5349, 0.5349, 0.5349, 0.5349, 0.5349, 0.5349, 0.5349, 0.5349, 0.5349, 0.5349, 0.5349, 0.5349, 0.5349, 0.5349, 0.5349, 0.5349, 0.5349, 0.5349, 0.5349, 0.5349, 0.8281]","[0.0905, 0.175, 0.175, 0.2205, 0.2788, 0.2788, 0.2788, 0.2788, 0.2788, 0.2788, 0.2788, 0.2788, 0.3587, 0.3587, 0.4117, 0.4117, 0.4117, 0.4117, 0.4117, 0.4376, 0.4376, 0.4376, 0.458, 0.5351, 0.5351, 0.5351, 0.5351, 0.5351, 0.5468, 0.5989, 0.5989, 0.5989, 0.5989, 0.5989, 0.5989, 0.6914, 0.7104, 0.7104, 0.7104, 0.7104, 0.7608, 0.7608, 0.7608, 0.7608, 0.7608, 0.7608, 0.8732, 0.8732, 0.8732, 0.8732, 0.8732, 0.8732, 0.9434, 0.9434, 0.9434, 0.9434, 0.97, 1.0285, 1.0285, 1.0285, 1.0285, 1.0285, 1.0285, 1.0285, 1.0574, 1.0574, 1.0742, 1.0805, 1.0805, 1.0805, 1.0811, 1.0811, 1.0811, 1.0811, 1.0811, 1.0811, 1.0811, 1.0811, 1.0811, 1.0811]","[-0.0376, 0.0037, -0.0618, -0.0132, -0.0826, -0.0998, -0.0494, -0.0912, -0.1144, -0.0624, -0.1559, -0.148, -0.1323, -0.126, -0.1897, -0.2003, -0.1703, -0.1601, -0.1643, -0.197, -0.2265, -0.2299, -0.1947, -0.2476, -0.2511, -0.2375, -0.2443, -0.2458, -0.2713, -0.3432, -0.3642, -0.3546, -0.3196, -0.3243, -0.3648, -0.4159, -0.4197, -0.3971, -0.4349, -0.409, -0.4109, -0.462, -0.4269, -0.425, -0.4958, -0.4594, -0.4664, -0.53, -0.5099, -0.4836, -0.5117, -0.5314, -0.5472, -0.5624, -0.5587, -0.5388, -0.6131, -0.6038, -0.6138, -0.6531, -0.6649, -0.6614, -0.658, -0.6419, -0.6816, -0.6521, -0.6705, -0.6683, -0.7316, -0.6903, -0.7581, -0.725, -0.7253, -0.7523, -0.7922, -0.7739, -0.7707, -0.8091, -0.8211, -0.8281]","[0.6151, 0.6151, 0.6151, 0.5959, 0.6151, 0.6151, 0.6151, 0.6042, 0.6151, 0.6147, 0.5956, 0.6151, 0.5837, 0.6151, 0.5888, 0.5548]","[0.0063, 0.0522, 0.1114, 0.1491, 0.1942, 0.2128, 0.2913, 0.3628, 0.4125, 0.4911, 0.5707, 0.6233, 0.6717, 0.6735, 0.6984, 0.7661]","[-0.6615, -0.9649, -0.9502, -0.9304, -0.8703, -0.5811, -0.6674, -0.6304, -0.7669, -0.6011, -0.97, -0.6841, -0.7347, -0.6281, -0.6834, -0.5718]"
-33.76,2025-02-06T18:21:00.000Z,2025-02-06T15:38:00.000Z,22099,EURUSD,SHORT,London Open Liquidity Scalp,-0.7365,0.32,45.84,-1.1569,0.6559,1.11189,1.10929,1.11189,1.10929,2.0,1.11023,1.11167,1.11167,1.10736,3.0,0.8,10.0,SL,163,closed,45.84,0.74,1.10929,1.11189,1.0209,1.1229,0.502,0.2971,true,true,Thursday,15,18,February,2025,2.7167,9780000,1.11167,1.11023,11605.99,11572.23,6.0,0.395,1.0,false,false,true,8801,London Open Liquidity Scalp — QA 200,"[0.2906, 0.2906, 0.2906, 0.4026, 0.4026, 0.4322, 0.4322, 0.4681, 0.5797, 0.5797, 0.5797, 0.6357, 0.6559, 0.6559, 0.6559, 0.6559, 0.6559, 0.6559, 0.6559, 0.6559, 0.6559, 0.6559, 0.6559, 0.6559, 0.6559, 0.6559, 0.6559, 0.6559, 0.6559, 0.6559, 0.6559, 0.7365]","[0.2129, 0.2973, 0.2973, 0.2973, 0.325, 0.325, 0.3974, 0.4234, 0.481, 0.481, 0.6212, 0.6212, 0.6953, 0.6953, 0.6953, 0.726, 0.726, 0.726, 0.9153, 0.9153, 0.9862, 0.9862, 0.9986, 0.9986, 0.9986, 1.1435, 1.1435, 1.1569, 1.1569, 1.1569, 1.1569, 1.1569]","[-0.0544, -0.0631, -0.0478, -0.0798, -0.1485, -0.171, -0.1672, -0.1452, -0.1667, -0.2502, -0.2128, -0.2678, -0.305, -0.3378, -0.3327, -0.35, -0.4341, -0.457, -0.4283, -0.502, -0.4486, -0.5013, -0.5376, -0.5554, -0.5661, -0.584, -0.65, -0.6076, -0.6869, -0.6944, -0.7247, -0.7365]","[0.6923, 0.6696, 0.662, 0.7384, 0.7543, 0.7543, 0.7543, 0.7543, 0.7543, 0.7543]","[0.0604, 0.0662, 0.0786, 0.1134, 0.1234, 0.1536, 0.1589, 0.2143, 0.2237, 0.2813]","[-0.7722, -0.4699, -0.5468, -0.8324, -0.8766, -0.4698, -0.5872, -0.9057, -0.7708, -0.9325]"
-47.63,2024-08-31T10:16:00.000Z,2024-08-31T07:32:00.000Z,22100,EURUSD,SHORT,London Open Liquidity Scalp,-0.989,0.18,48.16,-0.7418,0.5947,1.06917,1.06569,1.06982,1.06569,3.0,1.06724,1.06982,1.06984,1.05943,3.0,0.8,10.0,MANUAL,164,closed,48.16,0.99,1.06569,1.06917,0.8047,1.663,0.5554,0.2148,true,false,Monday,7,10,August,2024,2.7333,9840000,1.06984,1.06724,11572.23,11524.6,6.0,0.4162,1.0,true,true,true,8801,London Open Liquidity Scalp — QA 200,"[0.1488, 0.1488, 0.3109, 0.3109, 0.4141, 0.4141, 0.4141, 0.4141, 0.4141, 0.4141, 0.4354, 0.4354, 0.4354, 0.4354, 0.4354, 0.4354, 0.4354, 0.4354, 0.4354, 0.5052, 0.5052, 0.5052, 0.5052, 0.5052, 0.5052, 0.5052, 0.5052, 0.5052, 0.5052, 0.5052, 0.5052, 0.5052, 0.5874, 0.5874, 0.5947, 0.5947, 0.5947, 0.5947, 0.5947, 0.5947, 0.5947, 0.5947, 0.5947, 0.5947, 0.5947, 0.5947, 0.5947, 0.5947, 0.5947, 0.5947, 0.5947, 0.5947, 0.5947, 0.5947, 0.5947, 0.5947, 0.5947, 0.5947, 0.5947, 0.5947, 0.5947, 0.5947, 0.5947, 0.5947, 0.5947, 0.5947, 0.5947, 0.5947, 0.5947, 0.5947, 0.5947, 0.5947, 0.5947, 0.5947, 0.5947, 0.5947, 0.5947, 0.5947, 0.5947, 0.989]","[0.0513, 0.0513, 0.182, 0.182, 0.182, 0.1835, 0.2044, 0.2179, 0.2247, 0.2758, 0.2758, 0.3271, 0.3271, 0.3491, 0.3491, 0.3491, 0.3491, 0.3491, 0.3491, 0.4071, 0.4071, 0.4071, 0.4156, 0.4156, 0.4156, 0.4156, 0.4209, 0.4209, 0.4624, 0.4624, 0.4944, 0.4944, 0.5459, 0.5459, 0.5459, 0.5459, 0.5459, 0.5459, 0.5459, 0.5459, 0.5459, 0.5459, 0.584, 0.584, 0.6228, 0.6228, 0.6228, 0.6526, 0.665, 0.665, 0.665, 0.665, 0.6694, 0.6694, 0.6694, 0.6694, 0.6694, 0.6694, 0.7418, 0.7418, 0.7418, 0.7418, 0.7418, 0.7418, 0.7418, 0.7418, 0.7418, 0.7418, 0.7418, 0.7418, 0.7418, 0.7418, 0.7418, 0.7418, 0.7418, 0.7418, 0.7418, 0.7418, 0.7418, 0.7418]","[-0.0227, 0.0012, -0.0775, -0.0747, -0.0379, -0.0725, -0.0433, -0.1419, -0.1209, -0.1534, -0.1101, -0.1741, -0.1968, -0.179, -0.1767, -0.1808, -0.1835, -0.1948, -0.2771, -0.2286, -0.2202, -0.3042, -0.2863, -0.2978, -0.341, -0.3515, -0.368, -0.3658, -0.3161, -0.3324, -0.4077, -0.3997, -0.4107, -0.4328, -0.3957, -0.4839, -0.4898, -0.4812, -0.5116, -0.5201, -0.5458, -0.5136, -0.5765, -0.5053, -0.5331, -0.5389, -0.5641, -0.5991, -0.628, -0.6244, -0.6226, -0.612, -0.6823, -0.7115, -0.669, -0.6631, -0.7004, -0.7148, -0.7628, -0.7282, -0.7395, -0.7789, -0.8192, -0.7467, -0.8347, -0.792, -0.8448, -0.8418, -0.8245, -0.8811, -0.8353, -0.9293, -0.9256, -0.8765, -0.9191, -0.9593, -0.9931, -0.9561, -1.0069, -0.989]","[0.6839, 0.6839, 0.6839, 0.6839, 0.6839, 0.6839, 0.6839, 0.6839, 0.6839, 0.6754, 0.6638, 0.6661, 0.6839, 0.6587, 0.6839]","[0.0743, 0.1395, 0.1603, 0.2273, 0.2919, 0.3027, 0.3477, 0.3752, 0.3866, 0.4083, 0.4091, 0.4596, 0.5072, 0.5562, 0.5754]","[-1.03, -0.9163, -0.6936, -1.1757, -0.7122, -0.9188, -0.751, -1.1028, -0.8348, -0.7141, -0.8216, -0.7978, -0.8797, -1.0183, -1.153]"
73.92,2024-02-24T19:04:00.000Z,2024-02-24T13:52:00.000Z,22101,XAUUSD,SHORT,London Open Liquidity Scalp,1.6634,3.62,44.44,-0.4792,2.5982,2084.249,2083.871,2084.249,2083.822,3.0,2084.19,2083.822,2084.313,2083.822,4.0,2.5,1.0,TP,312,closed,44.44,1.66,2083.871,2084.249,2.9689,0.6402,0.9348,0.0852,false,false,Monday,13,19,February,2024,5.2,18720000,2084.313,2084.19,11524.6,11598.52,8.0,0.3856,1.0,true,false,true,8801,London Open Liquidity Scalp — QA 200,"[0.0882, 0.4034, 0.4034, 0.4034, 0.5429, 0.5593, 0.5593, 0.5599, 0.5674, 0.6333, 0.6333, 0.6333, 0.6333, 0.7956, 0.7956, 0.7956, 0.8954, 0.8954, 0.8954, 0.9335, 1.0563, 1.0563, 1.0563, 1.0563, 1.1316, 1.143, 1.143, 1.143, 1.143, 1.1476, 1.1476, 1.2269, 1.2269, 1.2269, 1.3966, 1.3966, 1.4823, 1.4823, 1.4823, 1.6255, 1.6255, 1.6255, 1.7727, 1.7727, 1.8218, 1.8218, 1.8218, 1.8218, 1.9404, 1.9952, 1.9952, 1.9952, 1.9952, 2.1369, 2.1441, 2.1441, 2.1441, 2.1441, 2.1441, 2.2144, 2.3619, 2.3619, 2.3619, 2.3853, 2.3853, 2.4131, 2.4131, 2.4236, 2.4236, 2.4952, 2.5232, 2.5232, 2.5232, 2.5982, 2.5982, 2.5982, 2.5982, 2.5982, 2.5982, 2.5982]","[0.0938, 0.1781, 0.1989, 0.1989, 0.1989, 0.2046, 0.2046, 0.2046, 0.2361, 0.2361, 0.2361, 0.3173, 0.3173, 0.3173, 0.3173, 0.3173, 0.3173, 0.3173, 0.3173, 0.3173, 0.3173, 0.3173, 0.3661, 0.3661, 0.3661, 0.3661, 0.3661, 0.3661, 0.3661, 0.3661, 0.4192, 0.4192, 0.4192, 0.4192, 0.4192, 0.4192, 0.4192, 0.4641, 0.4641, 0.4641, 0.4641, 0.4641, 0.4792, 0.4792, 0.4792, 0.4792, 0.4792, 0.4792, 0.4792, 0.4792, 0.4792, 0.4792, 0.4792, 0.4792, 0.4792, 0.4792, 0.4792, 0.4792, 0.4792, 0.4792, 0.4792, 0.4792, 0.4792, 0.4792, 0.4792, 0.4792, 0.4792, 0.4792, 0.4792, 0.4792, 0.4792, 0.4792, 0.4792, 0.4792, 0.4792, 0.4792, 0.4792, 0.4792, 0.4792, 0.4792]","[0.0546, 0.0272, 0.0411, 0.0563, 0.1053, 0.1445, 0.1619, 0.1255, 0.1492, 0.2456, 0.2637, 0.2459, 0.2874, 0.2501, 0.3423, 0.353, 0.3565, 0.3341, 0.4293, 0.4022, 0.443, 0.4713, 0.4676, 0.4821, 0.4826, 0.5211, 0.5606, 0.563, 0.5657, 0.6633, 0.6516, 0.6953, 0.6665, 0.7397, 0.6968, 0.7761, 0.7387, 0.8331, 0.8119, 0.8751, 0.877, 0.9024, 0.8911, 0.9052, 0.9516, 0.9556, 0.9537, 0.9963, 1.0287, 1.0249, 1.052, 1.0772, 1.1199, 1.1452, 1.12, 1.1221, 1.2212, 1.212, 1.2659, 1.2759, 1.2938, 1.2601, 1.323, 1.3541, 1.3442, 1.3281, 1.3641, 1.3883, 1.4549, 1.4405, 1.4913, 1.5182, 1.5189, 1.5295, 1.523, 1.61, 1.6233, 1.5869, 1.6664, 1.6634]","[1.6223, 1.6078, 1.6415, 1.6068, 1.6967, 1.6612, 1.6286, 1.6116, 1.6954, 1.8146, 1.9033, 1.9004, 1.8799, 1.8814, 1.9157, 1.9616, 2.0678, 2.177, 2.263]","[0.0716, 0.1498, 0.1727, 0.2009, 0.2597, 0.2979, 0.3593, 0.3854, 0.4077, 0.4151, 0.485, 0.492, 0.571, 0.6208, 0.6459, 0.7075, 0.7741, 0.8288, 0.8691]","[1.9017, 1.7603, 1.9275, 1.7754, 1.7343, 1.6571, 1.727, 1.6169, 1.5147, 1.7418, 1.9049, 1.7567, 1.7267, 1.6638, 1.5324, 1.8692, 1.7421, 1.9216, 1.8188]"
-5.97,2024-12-15T20:30:00.000Z,2024-12-15T13:35:00.000Z,22102,NQ,SHORT,London Open Liquidity Scalp,-0.127,0.52,47.02,-0.5764,0.9034,18211.64804,18204.92874,18211.64804,18204.92874,2.0,18209.03085,18208.78085,18213.57159,18199.94937,4.5,0.75,5.0,BE,415,closed,47.02,0.13,18204.92874,18211.64804,0.9182,0.1406,0.364,0.0505,false,false,Monday,13,20,December,2024,6.9167,24900000,18213.57159,18209.03085,11598.52,11592.55,9.0,0.4054,1.0,false,false,true,8801,London Open Liquidity Scalp — QA 200,"[0.3554, 0.4332, 0.4946, 0.4946, 0.4946, 0.4946, 0.4946, 0.4946, 0.6589, 0.6589, 0.7162, 0.7162, 0.7162, 0.8197, 0.8197, 0.8197, 0.8197, 0.8829, 0.8829, 0.8829, 0.9034, 0.9034, 0.9034, 0.9034, 0.9034, 0.9034, 0.9034]","[0.0403, 0.2516, 0.278, 0.278, 0.278, 0.278, 0.278, 0.278, 0.3616, 0.3995, 0.419, 0.4466, 0.4466, 0.4466, 0.4679, 0.5203, 0.5203, 0.5764, 0.5764, 0.5764, 0.5764, 0.5764, 0.5764, 0.5764, 0.5764, 0.5764, 0.5764]","[-0.0045, 0.0037, 0.0052, 0.0158, -0.0642, -0.0459, -0.0526, -0.0713, -0.031, -0.0133, -0.0849, -0.0971, -0.0856, -0.0977, -0.0855, -0.0862, -0.0885, -0.0922, -0.0557, -0.117, -0.0946, -0.1062, -0.0664, -0.0905, -0.0776, -0.0948, -0.127]","[0.2199, 0.2093, 0.2203, 0.3384, 0.2958, 0.3007, 0.3657, 0.3566, 0.4506, 0.5103, 0.5052, 0.4766, 0.4887, 0.5127, 0.5529, 0.5647, 0.6232, 0.7179]","[0.0565, 0.098, 0.1071, 0.1202, 0.147, 0.1643, 0.1751, 0.2329, 0.2983, 0.3194, 0.3822, 0.403, 0.4618, 0.5354, 0.5497, 0.5624, 0.6088, 0.617]","[-0.305, -0.0248, 0.1448, 0.1602, 0.0538, 0.0856, -0.1226, -0.1512, -0.0008, -0.19, 0.1004, -0.0805, 0.0734, -0.255, -0.0256, -0.0481, -0.0088, -0.1697]"
76.71,2025-07-24T18:30:00.000Z,2025-07-24T15:14:00.000Z,22103,GBPUSD,SHORT,London Open Liquidity Scalp,1.8728,0.19,40.96,-0.8395,2.7171,1.28489,1.27742,1.28489,1.27742,2.5,1.28313,1.27919,1.28523,1.27788,3.5,1.2,10.0,Trailing SL,196,closed,40.96,1.87,1.27742,1.28489,3.0289,0.6893,0.8443,0.2164,false,false,Thursday,15,18,July,2025,3.2667,11760000,1.28523,1.28313,11592.55,11669.26,7.0,0.3533,1.0,false,false,true,8801,London Open Liquidity Scalp — QA 200,"[0.1359, 0.1359, 0.323, 0.3387, 0.5169, 0.5169, 0.5169, 0.5169, 0.5169, 0.7379, 0.7379, 0.7379, 0.7379, 0.7379, 0.7379, 0.7798, 0.8641, 0.9865, 0.9865, 0.9865, 1.0425, 1.0577, 1.0577, 1.2068, 1.2068, 1.2068, 1.2068, 1.2068, 1.378, 1.378, 1.378, 1.378, 1.378, 1.378, 1.378, 1.5941, 1.5941, 1.5941, 1.6189, 1.6189, 1.7139, 1.7679, 1.7679, 1.7679, 1.8191, 1.8191, 1.8191, 1.8484, 1.8484, 1.8484, 1.8484, 2.1014, 2.1391, 2.1391, 2.1391, 2.1391, 2.3091, 2.3091, 2.3825, 2.3825, 2.3825, 2.3825, 2.4105, 2.4425, 2.4425, 2.5164, 2.5164, 2.645, 2.645, 2.645, 2.645, 2.645, 2.7171, 2.7171, 2.7171, 2.7171, 2.7171, 2.7171, 2.7171, 2.7171]","[0.0984, 0.1681, 0.1681, 0.1681, 0.1779, 0.2711, 0.2711, 0.2711, 0.2883, 0.3137, 0.3137, 0.3137, 0.3199, 0.3517, 0.3517, 0.3517, 0.3626, 0.3626, 0.3626, 0.3626, 0.3626, 0.3839, 0.4664, 0.4664, 0.4836, 0.4836, 0.531, 0.531, 0.531, 0.531, 0.531, 0.531, 0.531, 0.531, 0.6018, 0.6018, 0.6018, 0.6018, 0.6018, 0.6018, 0.6018, 0.6018, 0.6018, 0.7117, 0.7117, 0.7117, 0.7117, 0.7117, 0.7117, 0.7568, 0.7568, 0.7783, 0.7783, 0.7783, 0.8201, 0.8201, 0.8201, 0.8201, 0.8201, 0.8201, 0.8201, 0.8201, 0.8201, 0.8201, 0.8201, 0.8201, 0.8395, 0.8395, 0.8395, 0.8395, 0.8395, 0.8395, 0.8395, 0.8395, 0.8395, 0.8395, 0.8395, 0.8395, 0.8395, 0.8395]","[0.0476, 0.0139, 0.0718, 0.1064, 0.1045, 0.111, 0.1843, 0.1429, 0.1915, 0.2548, 0.2353, 0.2707, 0.2677, 0.2995, 0.3494, 0.3613, 0.3841, 0.4062, 0.4735, 0.4474, 0.4751, 0.557, 0.4948, 0.5929, 0.5953, 0.6151, 0.674, 0.6188, 0.6545, 0.733, 0.7319, 0.7425, 0.7485, 0.7695, 0.8015, 0.8197, 0.8776, 0.9242, 0.9372, 0.9612, 0.9471, 1.023, 0.9663, 1.0709, 1.0736, 1.0774, 1.0581, 1.1061, 1.1089, 1.1839, 1.176, 1.1969, 1.2792, 1.2764, 1.2469, 1.3254, 1.3294, 1.3418, 1.3879, 1.3704, 1.457, 1.4912, 1.5, 1.5382, 1.5334, 1.5449, 1.6104, 1.6194, 1.5791, 1.6207, 1.6864, 1.7151, 1.6673, 1.733, 1.7414, 1.7543, 1.8276, 1.8283, 1.8782, 1.8728]","[1.9404, 1.955, 2.0268, 2.1053, 2.2059, 2.2658, 2.3777, 2.4909, 2.4893, 2.5431, 2.5516, 2.5662, 2.5166, 2.4878, 2.5285, 2.4924, 2.5682, 2.6431, 2.6553, 2.7515, 2.7364, 2.6948, 2.7629, 2.778]","[0.0616, 0.0923, 0.1022, 0.1248, 0.1786, 0.2269, 0.2277, 0.2374, 0.2616, 0.2688, 0.3356, 0.3774, 0.4296, 0.4965, 0.5404, 0.6106, 0.6555, 0.7146, 0.7464, 0.7564, 0.7705, 0.8312, 0.8714, 0.9026]","[1.6904, 1.9822, 1.9198, 2.1181, 2.1112, 1.8658, 2.0992, 1.7492, 1.7221, 1.9887, 1.7133, 1.8502, 2.159, 2.0792, 2.0809, 2.0269, 2.0705, 2.1355, 1.9551, 1.958, 2.0973, 1.7689, 1.7684, 2.0426]"
-1.6,2024-07-01T10:28:00.000Z,2024-07-01T09:33:00.000Z,22104,XAUUSD,SHORT,London Open Liquidity Scalp,-0.033,2.77,48.49,-0.1807,0.2407,2067.572,2067.498,2067.572,2067.498,1.5,2067.54,2067.53,2067.715,2067.277,4.0,2.5,1.0,BE,55,closed,48.49,0.03,2067.498,2067.572,0.382,0.1371,0.0648,0.1908,true,true,Monday,9,10,July,2024,0.9167,3300000,2067.715,2067.54,11669.26,11667.66,8.0,0.4155,1.0,false,false,false,8801,London Open Liquidity Scalp — QA 200,"[0.0438, 0.2407, 0.2407, 0.2407, 0.2407, 0.2407, 0.2407, 0.2407]","[0.1766, 0.1807, 0.1807, 0.1807, 0.1807, 0.1807, 0.1807, 0.1807]","[0.0275, -0.048, 0.0079, 0.0258, -0.004, -0.0256, -0.0399, -0.033]","[0.0778, 0.1506, 0.1107, 0.1662, 0.2404, 0.2209, 0.1963, 0.2509, 0.2395, 0.2768, 0.2768, 0.2283, 0.2768]","[0.076, 0.095, 0.099, 0.1671, 0.1711, 0.2062, 0.2366, 0.2906, 0.3118, 0.3713, 0.4446, 0.5192, 0.5463]","[-0.1058, -0.0376, -0.069, 0.1596, 0.0443, -0.1316, 0.2203, -0.0649, -0.0066, 0.0642, -0.12, 0.1894, -0.0118]"
-33.74,2025-03-26T15:27:00.000Z,2025-03-26T09:01:00.000Z,22105,USDJPY,SHORT,London Open Liquidity Scalp,-0.7868,0.27,42.88,-0.7686,0.9529,148.899,148.603,148.903,148.603,2.5,148.767,148.903,148.939,148.336,3.0,0.9,9.2,MANUAL,386,closed,42.88,0.79,148.603,148.899,1.2116,0.8257,0.578,0.15,false,true,Wednesday,9,15,March,2025,6.4333,23160000,148.939,148.767,11667.66,11633.92,6.0,0.3675,1.0,false,false,true,8801,London Open Liquidity Scalp — QA 200,"[0.1976, 0.3949, 0.3949, 0.3949, 0.3949, 0.3949, 0.3949, 0.3949, 0.3949, 0.3949, 0.5075, 0.5075, 0.5075, 0.5075, 0.5075, 0.5075, 0.5711, 0.5711, 0.5711, 0.5963, 0.5963, 0.5963, 0.5963, 0.5963, 0.5963, 0.5963, 0.6071, 0.6071, 0.6071, 0.6071, 0.7315, 0.7606, 0.7606, 0.7606, 0.7662, 0.7662, 0.7707, 0.7707, 0.8204, 0.8204, 0.8204, 0.8204, 0.8204, 0.8204, 0.8204, 0.9245, 0.9245, 0.9245, 0.9245, 0.9245, 0.9529, 0.9529, 0.9529, 0.9529, 0.9529, 0.9529, 0.9529, 0.9529, 0.9529, 0.9529, 0.9529, 0.9529, 0.9529, 0.9529, 0.9529, 0.9529, 0.9529, 0.9529, 0.9529, 0.9529, 0.9529, 0.9529, 0.9529, 0.9529, 0.9529, 0.9529, 0.9529, 0.9529, 0.9529, 0.9529]","[0.0694, 0.1264, 0.1941, 0.2399, 0.2399, 0.2399, 0.2783, 0.2783, 0.3099, 0.3415, 0.3415, 0.3415, 0.3415, 0.3415, 0.3415, 0.3415, 0.3415, 0.3415, 0.4013, 0.4013, 0.4013, 0.4013, 0.4013, 0.4013, 0.4234, 0.4234, 0.4234, 0.4234, 0.4234, 0.4234, 0.5447, 0.5447, 0.5591, 0.5591, 0.5591, 0.5591, 0.5591, 0.5591, 0.5591, 0.5591, 0.5591, 0.5591, 0.6123, 0.6208, 0.6208, 0.6311, 0.6377, 0.6377, 0.6536, 0.6536, 0.6536, 0.6536, 0.6536, 0.6869, 0.6869, 0.6869, 0.6869, 0.6869, 0.6869, 0.7686, 0.7686, 0.7686, 0.7686, 0.7686, 0.7686, 0.7686, 0.7686, 0.7686, 0.7686, 0.7686, 0.7686, 0.7686, 0.7686, 0.7686, 0.7686, 0.7686, 0.7686, 0.7686, 0.7686, 0.7686]","[-0.0452, -0.0135, -0.0254, -0.0587, -0.0881, -0.0989, -0.1107, -0.0579, -0.1129, -0.1279, -0.0688, -0.1189, -0.1672, -0.109, -0.1256, -0.1284, -0.1886, -0.1435, -0.1501, -0.2401, -0.1709, -0.1763, -0.2511, -0.1952, -0.2168, -0.2598, -0.2897, -0.2878, -0.2507, -0.3213, -0.2805, -0.3019, -0.363, -0.3114, -0.3814, -0.3628, -0.3817, -0.344, -0.4035, -0.3644, -0.3981, -0.3911, -0.4352, -0.4762, -0.4529, -0.431, -0.4502, -0.4834, -0.5168, -0.5324, -0.4896, -0.5145, -0.5413, -0.5065, -0.5051, -0.5289, -0.5312, -0.5932, -0.6088, -0.62, -0.6066, -0.5818, -0.6345, -0.6404, -0.6585, -0.6221, -0.6366, -0.7086, -0.7089, -0.6764, -0.7098, -0.6972, -0.7061, -0.7185, -0.7689, -0.7338, -0.7849, -0.7738, -0.7749, -0.7868]","[0.8446, 0.894, 0.9487, 1.0171, 1.06, 1.0388, 1.0652]","[0.0493, 0.1172, 0.1276, 0.2034, 0.2285, 0.2734, 0.2854]","[-0.9568, -0.5535, -0.8181, -0.7434, -0.7267, -0.6603, -0.8191]"
36.2,2025-10-26T15:16:00.000Z,2025-10-26T09:39:00.000Z,22106,GBPUSD,LONG,London Open Liquidity Scalp,0.7977,0.17,45.38,-0.7212,2.2176,1.24773,1.25568,1.25568,1.24773,1.5,1.24968,1.25374,1.24697,1.25374,3.5,1.2,10.0,TP,337,closed,45.38,0.8,1.25568,1.24773,2.3025,0.3597,1.4199,0.0864,false,false,Monday,9,15,October,2025,5.6167,20220000,1.24697,1.24968,11633.92,11670.12,7.0,0.3901,1.0,false,false,true,8801,London Open Liquidity Scalp — QA 200,"[0.1228, 0.185, 0.4756, 0.4756, 0.4977, 0.4977, 0.4977, 0.4977, 0.4977, 0.6629, 0.6629, 0.6629, 0.6629, 0.7009, 0.7009, 0.7009, 0.7009, 0.7009, 0.8508, 0.8508, 0.917, 0.9769, 1.0195, 1.0195, 1.0195, 1.0195, 1.1267, 1.1267, 1.1267, 1.1267, 1.1754, 1.1953, 1.2653, 1.2653, 1.2653, 1.2653, 1.2653, 1.442, 1.442, 1.442, 1.4584, 1.5029, 1.5029, 1.5029, 1.5029, 1.5772, 1.6901, 1.6901, 1.6901, 1.7519, 1.7519, 1.7576, 1.7576, 1.7655, 1.8944, 1.9025, 1.9025, 1.9025, 1.934, 2.0611, 2.0611, 2.0611, 2.0611, 2.0893, 2.0893, 2.0893, 2.1091, 2.2176, 2.2176, 2.2176, 2.2176, 2.2176, 2.2176, 2.2176, 2.2176, 2.2176, 2.2176, 2.2176, 2.2176, 2.2176]","[0.0176, 0.2174, 0.2749, 0.2749, 0.2749, 0.2749, 0.2749, 0.3059, 0.3059, 0.3059, 0.3059, 0.3059, 0.3059, 0.3059, 0.3059, 0.3059, 0.3646, 0.3646, 0.3646, 0.3646, 0.3646, 0.3889, 0.3889, 0.3889, 0.3889, 0.3889, 0.4772, 0.4814, 0.4814, 0.4814, 0.4814, 0.4814, 0.4814, 0.4814, 0.4814, 0.4814, 0.4814, 0.4814, 0.5969, 0.5969, 0.5969, 0.5969, 0.5969, 0.5969, 0.5969, 0.5969, 0.5969, 0.5969, 0.5969, 0.5969, 0.5969, 0.6981, 0.6981, 0.6981, 0.7212, 0.7212, 0.7212, 0.7212, 0.7212, 0.7212, 0.7212, 0.7212, 0.7212, 0.7212, 0.7212, 0.7212, 0.7212, 0.7212, 0.7212, 0.7212, 0.7212, 0.7212, 0.7212, 0.7212, 0.7212, 0.7212, 0.7212, 0.7212, 0.7212, 0.7212]","[-0.0025, -0.0003, 0.0447, 0.0841, 0.0296, 0.056, 0.0364, 0.0657, 0.0686, 0.1296, 0.123, 0.1113, 0.126, 0.1158, 0.1674, 0.1238, 0.1468, 0.1509, 0.2047, 0.2424, 0.1738, 0.2508, 0.224, 0.2427, 0.2297, 0.3009, 0.2411, 0.2967, 0.2725, 0.3255, 0.2829, 0.2998, 0.3426, 0.2981, 0.3782, 0.3256, 0.3291, 0.3729, 0.4021, 0.3916, 0.4443, 0.4051, 0.4063, 0.4041, 0.4049, 0.4766, 0.506, 0.4402, 0.507, 0.4537, 0.5352, 0.4882, 0.5455, 0.5271, 0.514, 0.5658, 0.5702, 0.6038, 0.5525, 0.5634, 0.5938, 0.6066, 0.6439, 0.6129, 0.69, 0.6729, 0.6237, 0.6964, 0.7065, 0.7429, 0.683, 0.6866, 0.7007, 0.7589, 0.7404, 0.7284, 0.8051, 0.7402, 0.7834, 0.7977]","[0.7527, 0.7446, 0.7969, 0.774, 0.8587, 0.9614, 1.0266, 1.1062, 1.062, 1.0434, 1.1253, 1.1307, 1.1302, 1.1627, 1.168, 1.1523, 1.214, 1.3262, 1.3864, 1.4298, 1.419, 1.4141, 1.4167]","[0.0193, 0.0831, 0.0944, 0.1299, 0.1943, 0.2151, 0.2397, 0.2513, 0.3203, 0.3653, 0.3923, 0.3978, 0.471, 0.5308, 0.5985, 0.6526, 0.7268, 0.7753, 0.8465, 0.8473, 0.9213, 0.9405, 0.9812]","[0.695, 0.9631, 0.8482, 0.6621, 0.9816, 1.0606, 0.966, 0.8475, 0.7283, 1.0355, 0.6847, 0.944, 0.6208, 1.0842, 0.9639, 0.6535, 0.9692, 1.0229, 0.9273, 0.7312, 1.066, 0.8879, 1.0759]"
22.65,2025-01-28T17:49:00.000Z,2025-01-28T14:22:00.000Z,22107,USDJPY,SHORT,London Open Liquidity Scalp,0.526,0.22,43.06,-0.4465,2.1405,150.945,150.402,150.945,150.402,1.5,150.851,150.536,151.061,150.536,3.0,0.9,9.2,TP,207,closed,43.06,0.53,150.402,150.945,2.325,0.2457,1.6145,0.1988,false,false,Tuesday,14,17,January,2025,3.45,12420000,151.061,150.851,11670.12,11692.77,6.0,0.369,1.0,false,false,true,8801,London Open Liquidity Scalp — QA 200,"[0.1034, 0.2939, 0.2939, 0.3001, 0.3001, 0.4761, 0.4761, 0.4769, 0.4924, 0.5433, 0.6393, 0.6393, 0.6393, 0.7134, 0.7487, 0.75, 0.8511, 0.8511, 0.8511, 0.9268, 0.9268, 0.9268, 0.9268, 0.9268, 0.9268, 0.9268, 0.9631, 0.9631, 0.9631, 0.9888, 0.9888, 1.25, 1.25, 1.2646, 1.3179, 1.3208, 1.3208, 1.3208, 1.3208, 1.3208, 1.3208, 1.3208, 1.3208, 1.3208, 1.3208, 1.5876, 1.5876, 1.5876, 1.7003, 1.7003, 1.7003, 1.7003, 1.7859, 1.7859, 1.7942, 1.8444, 1.9135, 1.9135, 1.9135, 1.9135, 1.9135, 1.9466, 1.9466, 1.9466, 1.9466, 1.9466, 1.9466, 2.1405, 2.1405, 2.1405, 2.1405, 2.1405, 2.1405, 2.1405, 2.1405, 2.1405, 2.1405, 2.1405, 2.1405, 2.1405]","[0.1092, 0.2486, 0.2486, 0.2486, 0.2486, 0.2486, 0.257, 0.257, 0.257, 0.257, 0.257, 0.257, 0.257, 0.257, 0.3114, 0.3114, 0.3114, 0.3114, 0.3114, 0.3114, 0.3114, 0.3473, 0.3473, 0.3599, 0.3599, 0.3599, 0.3599, 0.3599, 0.3599, 0.3599, 0.4201, 0.4201, 0.4201, 0.4201, 0.4201, 0.4201, 0.4201, 0.4201, 0.4465, 0.4465, 0.4465, 0.4465, 0.4465, 0.4465, 0.4465, 0.4465, 0.4465, 0.4465, 0.4465, 0.4465, 0.4465, 0.4465, 0.4465, 0.4465, 0.4465, 0.4465, 0.4465, 0.4465, 0.4465, 0.4465, 0.4465, 0.4465, 0.4465, 0.4465, 0.4465, 0.4465, 0.4465, 0.4465, 0.4465, 0.4465, 0.4465, 0.4465, 0.4465, 0.4465, 0.4465, 0.4465, 0.4465, 0.4465, 0.4465, 0.4465]","[-0.0293, 0.0559, -0.0207, 0.0353, -0.0038, 0.0527, 0.0828, 0.0255, 0.0601, 0.0496, 0.1108, 0.0416, 0.128, 0.0903, 0.0949, 0.1085, 0.0735, 0.077, 0.169, 0.0887, 0.1049, 0.1025, 0.1788, 0.1569, 0.1739, 0.1856, 0.1603, 0.177, 0.209, 0.2262, 0.2295, 0.2241, 0.2368, 0.2061, 0.1917, 0.2594, 0.2354, 0.2819, 0.2941, 0.2503, 0.2297, 0.266, 0.2714, 0.2925, 0.3393, 0.2939, 0.3194, 0.3535, 0.315, 0.3276, 0.3701, 0.3238, 0.373, 0.3305, 0.3575, 0.3586, 0.4109, 0.358, 0.4016, 0.3951, 0.4347, 0.4061, 0.3726, 0.3977, 0.3861, 0.4131, 0.4672, 0.4532, 0.4583, 0.4887, 0.491, 0.492, 0.502, 0.4518, 0.4534, 0.4865, 0.5317, 0.5439, 0.4842, 0.526]","[0.51, 0.5687, 0.6297, 0.6291, 0.6856, 0.7419, 0.7374, 0.7136, 0.7073, 0.7672, 0.7855, 0.8516, 0.8136, 0.7886, 0.7431, 0.8587, 0.8745, 0.9479, 0.9452, 0.9754, 1.0206, 1.1402, 1.1355, 1.1565, 1.172]","[0.0052, 0.0312, 0.0685, 0.0807, 0.1535, 0.18, 0.1916, 0.2381, 0.3039, 0.3608, 0.3863, 0.3961, 0.4453, 0.5106, 0.5889, 0.6206, 0.6675, 0.7051, 0.7392, 0.7808, 0.8262, 0.8267, 0.854, 0.9182, 0.9689]","[0.3984, 0.8178, 0.6558, 0.6612, 0.4805, 0.6509, 0.7196, 0.6441, 0.3319, 0.8004, 0.5953, 0.6222, 0.3946, 0.7637, 0.3404, 0.7087, 0.7229, 0.7601, 0.655, 0.4213, 0.6217, 0.4447, 0.7391, 0.4196, 0.4292]"
1.68,2025-01-15T16:12:00.000Z,2025-01-15T14:12:00.000Z,22108,GBPUSD,SHORT,London Open Liquidity Scalp,0.0349,0.21,48.13,-0.1297,1.4352,1.24582,1.2422,1.24582,1.2422,2.0,1.24552,1.24552,1.24783,1.2409,3.5,1.2,10.0,BE,120,closed,48.13,0.03,1.2422,1.24582,1.7675,0.0243,1.4003,0.0392,false,true,Wednesday,14,16,January,2025,2.0,7200000,1.24783,1.24552,11692.77,11694.45,7.0,0.4116,1.0,false,false,true,8801,London Open Liquidity Scalp — QA 200,"[0.0811, 0.3925, 0.3925, 0.4315, 0.6976, 0.6976, 0.6976, 0.6976, 0.6976, 0.9289, 0.9484, 0.978, 0.978, 1.1999, 1.1999, 1.1999, 1.1999, 1.1999, 1.2662, 1.4352, 1.4352, 1.4352, 1.4352, 1.4352]","[0.0628, 0.1098, 0.1297, 0.1297, 0.1297, 0.1297, 0.1297, 0.1297, 0.1297, 0.1297, 0.1297, 0.1297, 0.1297, 0.1297, 0.1297, 0.1297, 0.1297, 0.1297, 0.1297, 0.1297, 0.1297, 0.1297, 0.1297, 0.1297]","[-0.014, 0.0248, 0.0158, 0.0098, 0.0092, 0.0165, 0.0015, -0.0151, -0.0131, 0.036, 0.0253, 0.0405, 0.0186, 0.0014, 0.0052, 0.0008, -0.0038, 0.0247, 0.0033, 0.0639, 0.0686, 0.0412, 0.0301, 0.0349]","[0.0463, 0.0823, 0.1178, 0.1219, 0.1326, 0.2315, 0.325, 0.3489, 0.3768, 0.4409, 0.4391, 0.5257, 0.5261, 0.4871, 0.4999]","[0.0457, 0.1122, 0.1452, 0.1835, 0.2544, 0.2725, 0.3343, 0.3376, 0.3899, 0.4258, 0.4653, 0.5101, 0.5746, 0.5766, 0.6461]","[0.2087, 0.187, 0.1986, -0.003, 0.0731, -0.0031, 0.185, 0.3339, -0.05, -0.1568, -0.0221, 0.2301, 0.2256, -0.0963, 0.2023]"
-34.62,2025-09-17T21:18:00.000Z,2025-09-17T15:05:00.000Z,22109,USDJPY,LONG,London Open Liquidity Scalp,-0.8344,0.26,41.49,-0.6258,0.8061,148.35,148.597,148.597,148.286,3.0,148.458,148.286,148.286,148.975,3.0,0.9,9.2,SL,373,closed,41.49,0.83,148.597,148.35,1.1002,1.0351,0.0978,0.3457,true,false,Wednesday,15,21,September,2025,6.2167,22380000,148.286,148.458,11694.45,11659.83,6.0,0.3548,1.0,false,false,false,8801,London Open Liquidity Scalp — QA 200,"[0.3124, 0.3124, 0.3124, 0.3124, 0.3124, 0.3124, 0.3124, 0.3124, 0.4434, 0.4434, 0.4493, 0.4493, 0.4493, 0.4517, 0.4517, 0.4517, 0.5423, 0.5423, 0.5423, 0.5423, 0.5668, 0.5668, 0.5753, 0.5753, 0.5753, 0.6483, 0.6483, 0.6483, 0.6483, 0.6483, 0.6483, 0.6483, 0.6483, 0.6483, 0.7273, 0.7273, 0.7823, 0.7823, 0.7823, 0.7823, 0.7934, 0.7934, 0.7934, 0.8061, 0.8061, 0.8061, 0.8061, 0.8061, 0.8061, 0.8061, 0.8061, 0.8061, 0.8061, 0.8061, 0.8061, 0.8061, 0.8061, 0.8061, 0.8061, 0.8061, 0.8061, 0.8061, 0.8061, 0.8061, 0.8061, 0.8061, 0.8061, 0.8061, 0.8061, 0.8061, 0.8061, 0.8061, 0.8061, 0.8344]","[0.2367, 0.2367, 0.2367, 0.2367, 0.2367, 0.2367, 0.2367, 0.2367, 0.2367, 0.3183, 0.3183, 0.3362, 0.3591, 0.3591, 0.3591, 0.3591, 0.3591, 0.3591, 0.4092, 0.4092, 0.4092, 0.4092, 0.4092, 0.4513, 0.4513, 0.4513, 0.4513, 0.4513, 0.4513, 0.4513, 0.4534, 0.4534, 0.4534, 0.4534, 0.5386, 0.5386, 0.5386, 0.5386, 0.542, 0.542, 0.542, 0.542, 0.542, 0.5592, 0.5592, 0.5592, 0.5592, 0.587, 0.587, 0.587, 0.587, 0.587, 0.587, 0.6258, 0.6258, 0.6258, 0.6258, 0.6258, 0.6258, 0.6258, 0.6258, 0.6258, 0.6258, 0.6258, 0.6258, 0.6258, 0.6258, 0.6258, 0.6258, 0.6258, 0.6258, 0.6258, 0.6258, 0.6258]","[-0.0286, 0.0122, -0.0763, -0.0651, -0.0363, -0.095, -0.0478, -0.0604, -0.1129, -0.0995, -0.1562, -0.1697, -0.1571, -0.1138, -0.1655, -0.1695, -0.1581, -0.1625, -0.2369, -0.1848, -0.2694, -0.2103, -0.2596, -0.2902, -0.267, -0.2588, -0.3231, -0.2785, -0.3705, -0.3251, -0.3619, -0.3334, -0.3272, -0.4056, -0.4261, -0.4423, -0.4502, -0.4545, -0.4375, -0.4235, -0.4955, -0.4591, -0.5142, -0.4887, -0.5251, -0.513, -0.5383, -0.5489, -0.5555, -0.5448, -0.5771, -0.5694, -0.6273, -0.65, -0.5921, -0.6346, -0.6606, -0.6341, -0.6534, -0.6962, -0.6535, -0.6608, -0.6849, -0.7481, -0.7149, -0.7134, -0.7767, -0.754, -0.8173, -0.8254, -0.7684, -0.8479, -0.8643, -0.8344]","[0.8074, 0.925, 0.927, 0.927, 0.927, 0.927, 0.927, 0.927, 0.927, 0.9264, 0.9104, 0.927, 0.927, 0.927, 0.927, 0.927, 0.9166, 0.8815, 0.881, 0.927, 0.927]","[0.0238, 0.1018, 0.1199, 0.1927, 0.1936, 0.1953, 0.2592, 0.2928, 0.3312, 0.3886, 0.4147, 0.4449, 0.5027, 0.5488, 0.5932, 0.609, 0.6581, 0.738, 0.7586, 0.7942, 0.7986]","[-0.5558, -0.5799, -0.7457, -0.7103, -0.6628, -0.9876, -0.8005, -0.7847, -1.0001, -0.9288, -0.829, -0.8892, -0.7763, -0.5494, -0.9204, -0.5398, -0.9202, -0.636, -0.7212, -0.986, -1.0294]"
-46.02,2024-01-24T11:40:00.000Z,2024-01-24T10:13:00.000Z,22110,NQ,LONG,London Open Liquidity Scalp,-0.8524,0.6,53.99,-0.6393,1.8864,18362.43337,18373.74321,18373.74321,18360.81819,2.5,18365.29609,18360.81819,18360.81819,18376.49085,4.5,0.75,5.0,SL,87,closed,53.99,0.85,18373.74321,18362.43337,2.1603,0.4519,0.1626,0.3309,true,false,Wednesday,10,11,January,2024,1.45,5220000,18360.81819,18365.29609,11659.83,11613.81,9.0,0.463,1.0,false,false,true,8801,London Open Liquidity Scalp — QA 200,"[0.2434, 0.2434, 0.4234, 0.4234, 0.4515, 0.4515, 0.4515, 0.5009, 0.5545, 0.5545, 0.5545, 0.5545, 0.5545, 0.6252, 0.6252, 0.6252, 0.7232, 0.7232, 0.7813, 0.7813, 0.7953, 0.9012, 0.9012, 0.9012, 0.9012, 0.9012, 0.9012, 0.9012, 0.9012, 0.9593, 1.0653, 1.0653, 1.1027, 1.1064, 1.2115, 1.2115, 1.2115, 1.2115, 1.309, 1.309, 1.3279, 1.3279, 1.3279, 1.3279, 1.3279, 1.4475, 1.4475, 1.4475, 1.4475, 1.4475, 1.5098, 1.5098, 1.5098, 1.5098, 1.6787, 1.6787, 1.6787, 1.6787, 1.7546, 1.7546, 1.7799, 1.7799, 1.7799, 1.7799, 1.8293, 1.8293, 1.8864, 1.8864, 1.8864, 1.8864, 1.8864, 1.8864, 1.8864, 1.8864, 1.8864, 1.8864, 1.8864, 1.8864, 1.8864, 1.8864]","[0.0265, 0.2081, 0.2081, 0.2452, 0.2452, 0.2479, 0.2479, 0.2479, 0.2917, 0.3282, 0.3282, 0.3282, 0.3282, 0.3282, 0.3282, 0.3282, 0.3282, 0.3282, 0.3935, 0.3935, 0.3935, 0.3935, 0.3935, 0.3935, 0.3935, 0.3935, 0.3935, 0.3935, 0.4704, 0.4704, 0.4704, 0.4704, 0.4704, 0.4704, 0.4704, 0.4704, 0.4704, 0.4704, 0.4704, 0.4704, 0.511, 0.5806, 0.5806, 0.5806, 0.5806, 0.5806, 0.5806, 0.5806, 0.581, 0.581, 0.6003, 0.6003, 0.6003, 0.6003, 0.6393, 0.6393, 0.6393, 0.6393, 0.6393, 0.6393, 0.6393, 0.6393, 0.6393, 0.6393, 0.6393, 0.6393, 0.6393, 0.6393, 0.6393, 0.6393, 0.6393, 0.6393, 0.6393, 0.6393, 0.6393, 0.6393, 0.6393, 0.6393, 0.6393, 0.6393]","[-0.0146, -0.0046, -0.0282, -0.0432, -0.0301, -0.0957, -0.0402, -0.0865, -0.1042, -0.1432, -0.1123, -0.1592, -0.1619, -0.1851, -0.1517, -0.1354, -0.2172, -0.2199, -0.1962, -0.2283, -0.1862, -0.2307, -0.2106, -0.278, -0.2836, -0.315, -0.272, -0.3173, -0.2688, -0.2847, -0.3499, -0.3601, -0.3116, -0.3424, -0.3768, -0.3879, -0.3572, -0.3795, -0.4487, -0.4415, -0.4297, -0.4406, -0.4289, -0.433, -0.4629, -0.4576, -0.5114, -0.5039, -0.5418, -0.5416, -0.5439, -0.5715, -0.5769, -0.568, -0.5694, -0.5594, -0.629, -0.6247, -0.6352, -0.6641, -0.629, -0.6584, -0.7052, -0.7211, -0.7128, -0.6786, -0.6954, -0.681, -0.7435, -0.7302, -0.7661, -0.7921, -0.8169, -0.7514, -0.826, -0.7851, -0.8218, -0.8129, -0.8219, -0.8524]","[0.9647, 1.0496, 1.1001, 1.2059, 1.2439]","[0.0017, 0.0283, 0.0957, 0.1611, 0.2028]","[-0.67, -0.8208, -0.973, -0.7055, -0.7097]"
51.78,2024-04-25T20:25:00.000Z,2024-04-25T15:45:00.000Z,22111,USDJPY,SHORT,London Open Liquidity Scalp,1.1947,0.19,43.34,-0.6119,2.1486,149.141,148.442,149.141,148.442,3.0,148.986,148.683,149.239,148.226,3.0,0.9,9.2,MANUAL,280,closed,43.34,1.19,148.442,149.141,2.5403,0.556,0.9539,0.0808,false,true,Thursday,15,20,April,2024,4.6667,16800000,149.239,148.986,11613.81,11665.59,6.0,0.3732,1.0,false,false,false,8801,London Open Liquidity Scalp — QA 200,"[0.1224, 0.2634, 0.3601, 0.4452, 0.4669, 0.4669, 0.5774, 0.5774, 0.5774, 0.5774, 0.5774, 0.5774, 0.5774, 0.7185, 0.7185, 0.7185, 0.7185, 0.7878, 0.7878, 0.8522, 0.8522, 0.8522, 0.9068, 0.9408, 0.9408, 0.9918, 0.9918, 1.1216, 1.1216, 1.1913, 1.1913, 1.1913, 1.1913, 1.1913, 1.1913, 1.2965, 1.2965, 1.2965, 1.3728, 1.3728, 1.3728, 1.3728, 1.3728, 1.3728, 1.3728, 1.3728, 1.3846, 1.5392, 1.5944, 1.6115, 1.6115, 1.6115, 1.6115, 1.8206, 1.8206, 1.8206, 1.8206, 1.9222, 1.9222, 1.9222, 1.9222, 1.9222, 1.9527, 1.9527, 1.9527, 1.9664, 2.088, 2.1486, 2.1486, 2.1486, 2.1486, 2.1486, 2.1486, 2.1486, 2.1486, 2.1486, 2.1486, 2.1486, 2.1486, 2.1486]","[0.0625, 0.0962, 0.1797, 0.1797, 0.1797, 0.1999, 0.1999, 0.3038, 0.3038, 0.3038, 0.3322, 0.3322, 0.3322, 0.3322, 0.3322, 0.3322, 0.374, 0.374, 0.374, 0.374, 0.3985, 0.3985, 0.3985, 0.3985, 0.3985, 0.4285, 0.4285, 0.4285, 0.4285, 0.4718, 0.4718, 0.4718, 0.4718, 0.4718, 0.4718, 0.4718, 0.4718, 0.4718, 0.4718, 0.4718, 0.4718, 0.4718, 0.4718, 0.4718, 0.4718, 0.4718, 0.5008, 0.5832, 0.5832, 0.5832, 0.5832, 0.5832, 0.5832, 0.5952, 0.5952, 0.5952, 0.6119, 0.6119, 0.6119, 0.6119, 0.6119, 0.6119, 0.6119, 0.6119, 0.6119, 0.6119, 0.6119, 0.6119, 0.6119, 0.6119, 0.6119, 0.6119, 0.6119, 0.6119, 0.6119, 0.6119, 0.6119, 0.6119, 0.6119, 0.6119]","[-0.0202, 0.0725, 0.0144, 0.0374, 0.1088, 0.052, 0.1292, 0.0862, 0.1307, 0.1844, 0.1622, 0.1586, 0.2284, 0.1773, 0.2618, 0.2652, 0.2145, 0.2285, 0.3259, 0.2958, 0.3172, 0.3657, 0.3847, 0.386, 0.3533, 0.3694, 0.3773, 0.3832, 0.4478, 0.4311, 0.5, 0.5131, 0.4552, 0.4752, 0.5357, 0.537, 0.5686, 0.5544, 0.5767, 0.6246, 0.5962, 0.6236, 0.6681, 0.6616, 0.6658, 0.6957, 0.6773, 0.7261, 0.6972, 0.7277, 0.719, 0.7654, 0.7527, 0.8268, 0.8617, 0.8712, 0.8773, 0.8584, 0.8674, 0.9301, 0.9385, 0.8828, 0.941, 0.9356, 0.9417, 0.9693, 1.0401, 1.0372, 1.036, 1.023, 1.0333, 1.093, 1.1243, 1.0676, 1.1111, 1.1136, 1.1378, 1.1755, 1.178, 1.1947]","[1.3124, 1.3188, 1.2833, 1.3853, 1.4843, 1.4869, 1.4589, 1.4418, 1.5335, 1.6191, 1.6619, 1.7619, 1.7549, 1.7883, 1.7527, 1.7058, 1.664]","[0.0589, 0.1111, 0.1145, 0.1402, 0.1843, 0.2017, 0.262, 0.3173, 0.3749, 0.4376, 0.4544, 0.5199, 0.5234, 0.5636, 0.6255, 0.6289, 0.6815]","[1.1881, 1.1428, 1.4056, 1.1605, 1.3976, 1.2704, 1.3652, 1.4223, 1.1139, 1.0324, 1.4853, 1.3365, 1.3505, 1.4305, 1.0642, 1.469, 1.491]"
66.73,2025-10-22T09:26:00.000Z,2025-10-22T08:10:00.000Z,22112,NQ,LONG,London Open Liquidity Scalp,1.2522,0.61,53.29,-0.1708,2.8037,18168.41837,18181.38147,18181.38147,18168.41837,1.5,18169.16284,18175.6999,18164.8048,18175.6999,4.5,0.75,5.0,TP,76,closed,53.29,1.25,18181.38147,18168.41837,3.0676,0.4466,1.5515,0.31,false,false,Wednesday,8,9,October,2025,1.2667,4560000,18164.8048,18169.16284,11665.59,11732.32,9.0,0.4568,1.0,false,false,true,8801,London Open Liquidity Scalp — QA 200,"[0.4183, 1.0318, 1.0927, 1.4468, 2.1016, 2.2897, 2.6868, 2.8037]","[0.0867, 0.1193, 0.1708, 0.1708, 0.1708, 0.1708, 0.1708, 0.1708]","[0.1935, 0.3364, 0.4933, 0.6066, 0.8089, 0.9407, 1.0633, 1.2522]","[1.2431, 1.3182, 1.297, 1.3337, 1.4172, 1.487, 1.5116, 1.5239, 1.523, 1.5815, 1.6555, 1.7368, 1.694, 1.7156]","[0.0123, 0.019, 0.0356, 0.1137, 0.1848, 0.2019, 0.2723, 0.3253, 0.3508, 0.4268, 0.4279, 0.4981, 0.5397, 0.6154]","[1.0932, 1.2045, 1.3235, 1.5498, 1.2907, 1.239, 1.3788, 1.151, 1.1746, 1.3173, 1.1229, 1.1833, 1.3289, 1.1864]"
56.77,2025-12-16T11:55:00.000Z,2025-12-16T09:48:00.000Z,22113,GBPUSD,SHORT,London Open Liquidity Scalp,1.3604,0.3,41.73,-0.2439,3.0218,1.25217,1.24763,1.25217,1.24763,3.0,1.25183,1.24766,1.25322,1.24766,3.5,1.2,10.0,TP,127,closed,41.73,1.36,1.24763,1.25217,3.4106,0.4502,1.6614,0.1595,false,true,Tuesday,9,11,December,2025,2.1167,7620000,1.25322,1.25183,11732.32,11789.09,7.0,0.3557,1.0,false,true,false,8801,London Open Liquidity Scalp — QA 200,"[0.2395, 0.6366, 0.6664, 0.6664, 0.9855, 0.9855, 1.0031, 1.1644, 1.3375, 1.3655, 1.5243, 1.6696, 1.8983, 1.8983, 2.2042, 2.2042, 2.2042, 2.3524, 2.4852, 2.6714, 2.6714, 2.881, 2.96, 3.0218, 3.0218]","[0.1457, 0.2439, 0.2439, 0.2439, 0.2439, 0.2439, 0.2439, 0.2439, 0.2439, 0.2439, 0.2439, 0.2439, 0.2439, 0.2439, 0.2439, 0.2439, 0.2439, 0.2439, 0.2439, 0.2439, 0.2439, 0.2439, 0.2439, 0.2439, 0.2439]","[0.0963, 0.1168, 0.1987, 0.2175, 0.2442, 0.3264, 0.3978, 0.3986, 0.5146, 0.5489, 0.5639, 0.6588, 0.6814, 0.7732, 0.795, 0.8283, 0.9113, 1.0169, 1.034, 1.0478, 1.1006, 1.1669, 1.2337, 1.3411, 1.3604]","[1.4111, 1.3942, 1.5072, 1.4597, 1.5723, 1.6049, 1.7061, 1.7265, 1.7655, 1.8178, 1.788, 1.738, 1.7474, 1.7555, 1.7957]","[0.0598, 0.0642, 0.1015, 0.1049, 0.1153, 0.1175, 0.1447, 0.1606, 0.1971, 0.2485, 0.3201, 0.3494, 0.3978, 0.4346, 0.4363]","[1.2387, 1.6536, 1.4984, 1.563, 1.4649, 1.2834, 1.4749, 1.5026, 1.62, 1.2105, 1.2485, 1.6195, 1.2375, 1.3163, 1.4814]"
-0.27,2024-09-20T16:46:00.000Z,2024-09-20T14:11:00.000Z,22114,GBPUSD,LONG,London Open Liquidity Scalp,-0.0067,0.17,40.6,-0.4229,0.5746,1.2598,1.26221,1.26221,1.2598,3.0,1.26082,1.26092,1.2584,1.26807,3.5,1.2,10.0,BE,155,closed,40.6,0.01,1.26221,1.2598,0.9551,0.0117,0.4607,0.0951,false,false,Friday,14,16,September,2024,2.5833,9300000,1.2584,1.26082,11789.09,11788.82,7.0,0.3444,1.0,false,false,true,8801,London Open Liquidity Scalp — QA 200,"[0.423, 0.423, 0.4437, 0.458, 0.458, 0.458, 0.458, 0.5746, 0.5746, 0.5746]","[0.1801, 0.2758, 0.2758, 0.2758, 0.4127, 0.4229, 0.4229, 0.4229, 0.4229, 0.4229]","[-0.0427, -0.0134, -0.012, 0.0065, -0.0413, 0.0335, 0.0154, 0.0322, -0.0407, -0.0067]","[0.0202, 0.1047, 0.06, 0.0306, 0.1236, 0.1124, 0.1905, 0.1776, 0.2908, 0.3274, 0.3679]","[0.0557, 0.1213, 0.126, 0.1956, 0.2338, 0.253, 0.2906, 0.3422, 0.3829, 0.4612, 0.4665]","[0.039, -0.0294, 0.2159, 0.1093, -0.0653, 0.1225, -0.1585, 0.0965, 0.093, 0.1017, -0.0637]"
-42.69,2024-12-10T20:14:00.000Z,2024-12-10T14:01:00.000Z,22115,GBPUSD,SHORT,London Open Liquidity Scalp,-0.9198,0.25,46.41,-0.6898,1.9089,1.26194,1.25713,1.26236,1.25713,2.0,1.26066,1.26236,1.26251,1.25696,3.5,1.2,10.0,STOP_OUT,373,closed,46.41,0.92,1.25713,1.26194,2.2132,0.4818,0.1682,0.2465,true,false,Tuesday,14,20,December,2024,6.2167,22380000,1.26251,1.26066,11788.82,11746.13,7.0,0.3937,1.0,true,false,true,8801,London Open Liquidity Scalp — QA 200,"[0.3563, 0.3563, 0.6108, 0.6108, 0.6109, 0.6426, 0.7315, 0.8053, 0.979, 0.979, 1.0173, 1.1827, 1.1827, 1.4092, 1.4092, 1.4092, 1.7294, 1.7294, 1.7294, 1.7309, 1.7309, 1.8694, 1.9089, 1.9089]","[0.2574, 0.2574, 0.2793, 0.2793, 0.2793, 0.2793, 0.3269, 0.3269, 0.3874, 0.4652, 0.4652, 0.5145, 0.5145, 0.6252, 0.6252, 0.6275, 0.6275, 0.6475, 0.6898, 0.6898, 0.6898, 0.6898, 0.6898, 0.6898]","[-0.0304, -0.0754, -0.1159, -0.1639, -0.1996, -0.1907, -0.2705, -0.3488, -0.3133, -0.3942, -0.3968, -0.4187, -0.4542, -0.5203, -0.6165, -0.6527, -0.6355, -0.6641, -0.7493, -0.7456, -0.8437, -0.8538, -0.8529, -0.9198]","[0.9018, 0.9248, 1.0053, 1.092, 1.0694, 1.1236, 1.1551, 1.2074, 1.1829, 1.1918, 1.1738, 1.245, 1.3561, 1.4316, 1.4866, 1.5166]","[0.0061, 0.0301, 0.0887, 0.1238, 0.1521, 0.2145, 0.2237, 0.2758, 0.3286, 0.3834, 0.4264, 0.4381, 0.4453, 0.4631, 0.4948, 0.552]","[-1.1038, -0.6493, -0.9958, -0.7294, -1.0363, -0.9107, -0.7903, -0.8797, -1.1023, -0.8877, -0.792, -0.9892, -0.7031, -0.7743, -1.0203, -1.0751]"
0.01,2024-12-27T11:44:00.000Z,2024-12-27T08:00:00.000Z,22116,EURUSD,LONG,London Open Liquidity Scalp,0.0002,0.17,46.73,-0.2882,0.3439,1.08369,1.08546,1.08546,1.08369,1.5,1.0845,1.0846,1.0817,1.0887,3.0,0.8,10.0,BE,224,closed,46.73,0.0,1.08546,1.08369,0.7323,0.0006,0.4673,0.1947,false,true,Friday,8,11,December,2024,3.7333,13440000,1.0817,1.0845,11746.13,11746.14,6.0,0.3978,1.0,false,false,true,8801,London Open Liquidity Scalp — QA 200,"[0.1618, 0.1618, 0.1618, 0.3094, 0.3439, 0.3439, 0.3439, 0.3439, 0.3439, 0.3439, 0.3439, 0.3439, 0.3439, 0.3439, 0.3439, 0.3439, 0.3439, 0.3439, 0.3439, 0.3439, 0.3439, 0.3439, 0.3439, 0.3439, 0.3439, 0.3439, 0.3439, 0.3439, 0.3439, 0.3439, 0.3439, 0.3439, 0.3439, 0.3439, 0.3439, 0.3439, 0.3439, 0.3439, 0.3439, 0.3439, 0.3439, 0.3439, 0.3439, 0.3439, 0.3439, 0.3439, 0.3439, 0.3439, 0.3439, 0.3439, 0.3439, 0.3439, 0.3439, 0.3439, 0.3439, 0.3439, 0.3439, 0.3439, 0.3439, 0.3439, 0.3439, 0.3439, 0.3439, 0.3439, 0.3439, 0.3439, 0.3439, 0.3439, 0.3439, 0.3439, 0.3439, 0.3439, 0.3439, 0.3439, 0.3439, 0.3439, 0.3439, 0.3439, 0.3439, 0.3439]","[0.0114, 0.027, 0.0453, 0.1143, 0.2415, 0.2415, 0.2415, 0.2415, 0.2518, 0.2518, 0.2747, 0.2747, 0.2747, 0.2747, 0.2747, 0.2747, 0.2747, 0.2747, 0.2747, 0.2747, 0.2747, 0.2747, 0.2781, 0.2781, 0.2781, 0.2781, 0.2781, 0.2882, 0.2882, 0.2882, 0.2882, 0.2882, 0.2882, 0.2882, 0.2882, 0.2882, 0.2882, 0.2882, 0.2882, 0.2882, 0.2882, 0.2882, 0.2882, 0.2882, 0.2882, 0.2882, 0.2882, 0.2882, 0.2882, 0.2882, 0.2882, 0.2882, 0.2882, 0.2882, 0.2882, 0.2882, 0.2882, 0.2882, 0.2882, 0.2882, 0.2882, 0.2882, 0.2882, 0.2882, 0.2882, 0.2882, 0.2882, 0.2882, 0.2882, 0.2882, 0.2882, 0.2882, 0.2882, 0.2882, 0.2882, 0.2882, 0.2882, 0.2882, 0.2882, 0.2882]","[0.0378, 0.03, 0.0343, 0.0317, -0.0346, -0.0255, 0.0058, -0.0014, 0.0291, 0.0163, 0.0173, 0.0192, -0.0386, -0.0236, -0.006, -0.0279, 0.0447, -0.0009, -0.0003, 0.0399, -0.0373, -0.0166, 0.0407, 0.0388, -0.0363, -0.0392, -0.0373, -0.0355, -0.001, -0.0432, 0.0296, 0.0128, 0.0433, 0.0295, 0.0166, 0.033, 0.0018, 0.0361, 0.0058, 0.0326, -0.0337, -0.0379, 0.0214, 0.0201, 0.0346, -0.0425, -0.0175, -0.031, -0.0338, 0.011, -0.0013, 0.016, 0.0031, 0.0216, 0.0169, -0.0154, 0.0044, -0.0123, 0.021, 0.0276, -0.0332, 0.0358, -0.0285, 0.0049, 0.0209, -0.0309, -0.0252, 0.0114, -0.0337, -0.0035, -0.034, 0.0079, 0.0325, -0.0108, 0.0234, -0.0213, 0.0411, 0.0238, -0.0083, 0.0002]","[0.113, 0.1369, 0.1569, 0.2425, 0.3144]","[0.0241, 0.0797, 0.149, 0.2116, 0.2652]","[0.0157, -0.072, -0.1548, 0.1813, 0.0975]"
-3.85,2024-06-28T16:26:00.000Z,2024-06-28T14:38:00.000Z,22117,XAUUSD,SHORT,London Open Liquidity Scalp,-0.0776,4.11,49.62,-0.166,1.5067,2030.213,2030.011,2030.213,2030.011,3.0,2030.193,2030.193,2030.314,2029.831,4.0,2.5,1.0,BE,108,closed,49.62,0.08,2030.011,2030.213,1.7936,0.0515,1.4291,0.3396,true,true,Friday,14,16,June,2024,1.8,6480000,2030.314,2030.193,11746.14,11742.29,8.0,0.4224,1.0,false,false,true,8801,London Open Liquidity Scalp — QA 200,"[0.1084, 0.5248, 0.5248, 0.5248, 0.5248, 0.7235, 0.8851, 0.9122, 0.9122, 0.9645, 0.9645, 0.9645, 1.2537, 1.2919, 1.2919, 1.4301, 1.4301, 1.5067, 1.5067, 1.5067, 1.5067]","[0.166, 0.166, 0.166, 0.166, 0.166, 0.166, 0.166, 0.166, 0.166, 0.166, 0.166, 0.166, 0.166, 0.166, 0.166, 0.166, 0.166, 0.166, 0.166, 0.166, 0.166]","[0.0369, -0.0027, 0.0338, -0.0576, -0.018, -0.0358, 0.0092, -0.0188, 0.0051, -0.0604, -0.0412, -0.0876, -0.0907, -0.0414, -0.0239, -0.0774, -0.0499, -0.0262, -0.0717, -0.0557, -0.0776]","[0.1779, 0.295, 0.2603, 0.2679, 0.3784, 0.4005, 0.3552, 0.3164]","[0.064, 0.1431, 0.1609, 0.1735, 0.2325, 0.2801, 0.2816, 0.2999]","[-0.0056, 0.1989, -0.244, -0.0826, 0.1559, 0.1308, 0.1337, 0.0156]"
-6.71,2024-12-25T18:37:00.000Z,2024-12-25T15:32:00.000Z,22118,EURUSD,SHORT,London Open Liquidity Scalp,-0.1429,0.21,46.96,-0.4822,1.1018,1.10234,1.09873,1.10234,1.09873,3.0,1.10124,1.10114,1.10352,1.0944,3.0,0.8,10.0,BE,185,closed,46.96,0.14,1.09873,1.10234,1.372,0.1297,0.3584,0.0886,false,true,Wednesday,15,18,December,2024,3.0833,11100000,1.10352,1.10124,11742.29,11735.58,6.0,0.3999,1.0,false,false,true,8801,London Open Liquidity Scalp — QA 200,"[0.321, 0.321, 0.321, 0.3406, 0.3406, 0.3406, 0.4585, 0.5069, 0.5069, 0.5069, 0.5069, 0.5069, 0.5069, 0.5069, 0.5069, 0.5069, 0.5069, 0.5069, 0.5069, 0.5069, 0.5069, 0.5829, 0.6939, 0.6939, 0.6939, 0.6939, 0.6939, 0.6939, 0.7706, 0.7706, 0.7706, 0.7706, 0.7706, 0.7706, 0.8478, 0.8478, 0.8478, 0.9182, 0.9182, 0.9182, 0.9182, 0.9429, 0.9429, 0.9983, 0.9983, 0.9983, 0.9983, 1.0573, 1.0573, 1.0573, 1.0573, 1.0573, 1.0573, 1.0594, 1.0594, 1.0594, 1.0594, 1.0594, 1.0594, 1.0594, 1.0594, 1.1018, 1.1018, 1.1018, 1.1018, 1.1018, 1.1018, 1.1018, 1.1018, 1.1018, 1.1018, 1.1018, 1.1018, 1.1018, 1.1018, 1.1018, 1.1018, 1.1018, 1.1018, 1.1018]","[0.2007, 0.2007, 0.2105, 0.2105, 0.2618, 0.2618, 0.2618, 0.2618, 0.2618, 0.2618, 0.2618, 0.2958, 0.2958, 0.2958, 0.2958, 0.2958, 0.2958, 0.2958, 0.2958, 0.2965, 0.2965, 0.2965, 0.2965, 0.3798, 0.3798, 0.3798, 0.3798, 0.3798, 0.4078, 0.4078, 0.4078, 0.4198, 0.4198, 0.4198, 0.4198, 0.4198, 0.4198, 0.4198, 0.4198, 0.4198, 0.4198, 0.4198, 0.4198, 0.4316, 0.4316, 0.4822, 0.4822, 0.4822, 0.4822, 0.4822, 0.4822, 0.4822, 0.4822, 0.4822, 0.4822, 0.4822, 0.4822, 0.4822, 0.4822, 0.4822, 0.4822, 0.4822, 0.4822, 0.4822, 0.4822, 0.4822, 0.4822, 0.4822, 0.4822, 0.4822, 0.4822, 0.4822, 0.4822, 0.4822, 0.4822, 0.4822, 0.4822, 0.4822, 0.4822, 0.4822]","[0.0417, -0.0099, -0.0439, -0.025, -0.0148, 0.0283, -0.0381, -0.052, -0.0476, -0.0129, 0.0221, 0.0158, 0.0134, 0.0126, 0.0117, -0.0423, -0.0267, -0.0651, -0.0691, -0.0062, 0.0001, -0.0131, -0.0485, -0.0216, -0.076, -0.0437, -0.0261, -0.0394, -0.0276, -0.0098, -0.0626, -0.0235, -0.0458, -0.0651, -0.0844, -0.0726, -0.056, -0.1126, -0.0263, -0.1011, -0.0798, -0.0534, -0.0499, -0.1194, -0.0532, -0.0762, -0.1139, -0.0908, -0.0795, -0.0818, -0.135, -0.0725, -0.1178, -0.0779, -0.0908, -0.0639, -0.1403, -0.0612, -0.0766, -0.1518, -0.1442, -0.1125, -0.084, -0.1117, -0.1486, -0.1288, -0.0827, -0.1331, -0.1441, -0.1394, -0.1013, -0.09, -0.0898, -0.1388, -0.1584, -0.1778, -0.1056, -0.1138, -0.1279, -0.1429]","[0.0984, 0.2182, 0.2082, 0.1793, 0.2762, 0.2431, 0.2423, 0.3307, 0.3325, 0.3141, 0.3982, 0.3918, 0.3513, 0.4331, 0.3969, 0.3912, 0.4154, 0.4227, 0.4371]","[0.0324, 0.088, 0.0882, 0.1116, 0.1698, 0.22, 0.2319, 0.2327, 0.2439, 0.3051, 0.3608, 0.4344, 0.4629, 0.4741, 0.4832, 0.5611, 0.6215, 0.6538, 0.7016]","[-0.0431, -0.2562, 0.1124, -0.0218, -0.3038, -0.2014, -0.2235, 0.0332, -0.1122, -0.1692, 0.0233, -0.312, -0.2196, -0.2289, -0.1463, -0.3199, 0.0096, 0.0839, 0.0296]"
-31.33,2024-05-16T16:08:00.000Z,2024-05-16T15:01:00.000Z,22119,EURUSD,SHORT,London Open Liquidity Scalp,-0.7096,0.2,44.15,-1.0922,1.4844,1.06329,1.05747,1.06329,1.05747,1.5,1.06082,1.06308,1.06308,1.05743,3.0,0.8,10.0,SL,67,closed,44.15,0.71,1.05747,1.06329,1.8099,0.478,0.4203,0.0045,false,true,Thursday,15,16,May,2024,1.1167,4020000,1.06308,1.06082,11735.58,11704.25,6.0,0.3762,1.0,true,false,true,8801,London Open Liquidity Scalp — QA 200,"[0.103, 0.2227, 0.3075, 0.3075, 0.4415, 0.4415, 0.4415, 0.4415, 0.4415, 0.4415, 0.4723, 0.5825, 0.5825, 0.5825, 0.5825, 0.6939, 0.7651, 0.7651, 0.7651, 0.7651, 0.7651, 0.7651, 0.8362, 0.8362, 0.8362, 0.8362, 0.8362, 0.8362, 1.0354, 1.0354, 1.0354, 1.0354, 1.0354, 1.0354, 1.11, 1.11, 1.11, 1.1365, 1.1365, 1.2643, 1.2643, 1.2643, 1.292, 1.292, 1.292, 1.3094, 1.3094, 1.4182, 1.4182, 1.4844, 1.4844, 1.4844, 1.4844, 1.4844, 1.4844, 1.4844, 1.4844, 1.4844, 1.4844, 1.4844, 1.4844, 1.4844, 1.4844, 1.4844, 1.4844, 1.4844, 1.4844]","[0.1764, 0.2787, 0.2787, 0.2787, 0.2787, 0.2828, 0.353, 0.353, 0.353, 0.353, 0.3631, 0.3631, 0.366, 0.366, 0.4746, 0.4746, 0.4746, 0.4746, 0.5211, 0.5211, 0.5211, 0.5521, 0.5521, 0.5521, 0.6246, 0.6279, 0.6279, 0.6279, 0.6344, 0.6344, 0.6344, 0.753, 0.753, 0.753, 0.753, 0.7883, 0.7883, 0.7883, 0.8692, 0.8692, 0.8692, 0.8692, 0.8692, 0.9601, 0.9601, 0.9936, 0.9936, 0.9947, 0.9947, 0.9947, 0.9947, 1.0865, 1.0865, 1.0865, 1.0922, 1.0922, 1.0922, 1.0922, 1.0922, 1.0922, 1.0922, 1.0922, 1.0922, 1.0922, 1.0922, 1.0922, 1.0922]","[-0.0367, -0.0444, 0.0073, -0.0436, -0.0451, -0.0685, -0.0443, -0.0531, -0.1398, -0.1298, -0.1589, -0.1713, -0.1143, -0.1137, -0.1157, -0.1467, -0.1905, -0.1854, -0.2045, -0.251, -0.1795, -0.1945, -0.2447, -0.2771, -0.2623, -0.2408, -0.2494, -0.3321, -0.2839, -0.2992, -0.3386, -0.3805, -0.3298, -0.3827, -0.3335, -0.3699, -0.4147, -0.3887, -0.3959, -0.3823, -0.4628, -0.4204, -0.4572, -0.4605, -0.4507, -0.4942, -0.4823, -0.543, -0.4903, -0.5476, -0.557, -0.521, -0.5549, -0.6044, -0.5888, -0.5701, -0.6182, -0.618, -0.624, -0.6246, -0.6123, -0.6517, -0.673, -0.6718, -0.689, -0.6571, -0.7096]","[0.7469, 0.8262, 0.9036, 0.9016, 0.9783, 1.0392]","[0.0391, 0.1001, 0.1686, 0.2421, 0.2612, 0.285]","[-0.8244, -0.4647, -0.7781, -0.6788, -0.5424, -0.7895]"
-33.23,2023-12-20T17:05:00.000Z,2023-12-20T13:05:00.000Z,22120,EURUSD,SHORT,London Open Liquidity Scalp,-0.7225,0.19,45.99,-0.5419,1.5348,1.07691,1.07178,1.07736,1.07178,2.5,1.07557,1.07736,1.07804,1.06939,3.0,0.8,10.0,STOP_OUT,240,closed,45.99,0.72,1.07178,1.07691,1.7138,0.4707,0.3047,0.3278,true,true,Wednesday,13,17,December,2023,4.0,14400000,1.07804,1.07557,11704.25,11671.02,6.0,0.3929,1.0,true,false,true,8801,London Open Liquidity Scalp — QA 200,"[0.1495, 0.4165, 0.4165, 0.4165, 0.4242, 0.4274, 0.4274, 0.5453, 0.5453, 0.5453, 0.6008, 0.6008, 0.6008, 0.6008, 0.6008, 0.6008, 0.6008, 0.6008, 0.6008, 0.6013, 0.6013, 0.6272, 0.7604, 0.7604, 0.8644, 0.8644, 0.8644, 0.8644, 0.8644, 0.8644, 0.8801, 0.8801, 0.8801, 0.9431, 0.9431, 0.9431, 0.9431, 0.9431, 1.0413, 1.0413, 1.0413, 1.0413, 1.1407, 1.1407, 1.1407, 1.1407, 1.1458, 1.1458, 1.1458, 1.3398, 1.3398, 1.3398, 1.3398, 1.3398, 1.3398, 1.4666, 1.4666, 1.4666, 1.5296, 1.5296, 1.5296, 1.5296, 1.5296, 1.5296, 1.5296, 1.5296, 1.5348, 1.5348, 1.5348, 1.5348, 1.5348, 1.5348, 1.5348, 1.5348, 1.5348, 1.5348, 1.5348, 1.5348, 1.5348, 1.5348]","[0.2494, 0.2494, 0.2494, 0.2494, 0.2494, 0.2494, 0.2687, 0.2687, 0.2737, 0.3093, 0.3093, 0.3093, 0.3093, 0.3093, 0.3093, 0.3144, 0.3144, 0.3164, 0.3164, 0.3164, 0.3782, 0.3782, 0.3782, 0.3782, 0.4032, 0.4032, 0.4032, 0.4032, 0.4032, 0.4032, 0.4032, 0.4032, 0.4032, 0.4032, 0.4032, 0.4485, 0.4485, 0.4485, 0.4485, 0.4485, 0.5218, 0.5332, 0.5332, 0.5332, 0.5332, 0.5332, 0.5419, 0.5419, 0.5419, 0.5419, 0.5419, 0.5419, 0.5419, 0.5419, 0.5419, 0.5419, 0.5419, 0.5419, 0.5419, 0.5419, 0.5419, 0.5419, 0.5419, 0.5419, 0.5419, 0.5419, 0.5419, 0.5419, 0.5419, 0.5419, 0.5419, 0.5419, 0.5419, 0.5419, 0.5419, 0.5419, 0.5419, 0.5419, 0.5419, 0.5419]","[-0.0251, 0.0116, -0.0323, -0.0462, -0.0326, -0.0177, -0.099, -0.0561, -0.1121, -0.1252, -0.0916, -0.0829, -0.0968, -0.1644, -0.1473, -0.1586, -0.1754, -0.1458, -0.187, -0.1962, -0.2093, -0.2123, -0.2379, -0.2303, -0.1815, -0.255, -0.2751, -0.2101, -0.2468, -0.2655, -0.2564, -0.3055, -0.3289, -0.3003, -0.3377, -0.3537, -0.35, -0.3006, -0.3465, -0.3683, -0.332, -0.3801, -0.3957, -0.4027, -0.3754, -0.3858, -0.4615, -0.4003, -0.4746, -0.433, -0.4649, -0.4311, -0.4622, -0.5164, -0.5221, -0.4947, -0.4719, -0.4877, -0.5132, -0.5183, -0.5862, -0.5242, -0.5964, -0.553, -0.6172, -0.5515, -0.6198, -0.6245, -0.6114, -0.6234, -0.6748, -0.6454, -0.6374, -0.6425, -0.6347, -0.7034, -0.6939, -0.7244, -0.6877, -0.7225]","[0.6985, 0.7899, 0.8295, 0.8886, 0.8637, 0.9234, 0.9427, 1.0609, 1.0447, 1.0422, 1.077, 1.1707, 1.2783, 1.3296, 1.4029, 1.4047, 1.4453, 1.5289, 1.6426, 1.7036, 1.6537, 1.7577, 1.761, 1.765, 1.7422]","[0.0528, 0.1175, 0.1906, 0.1938, 0.1993, 0.2035, 0.2487, 0.293, 0.3642, 0.3818, 0.4116, 0.4577, 0.5231, 0.5758, 0.5961, 0.6328, 0.6656, 0.6952, 0.7735, 0.8348, 0.9112, 0.9678, 1.035, 1.0653, 1.1249]","[-0.5643, -0.4773, -0.7804, -0.6592, -0.6223, -0.8642, -0.5909, -0.4415, -0.5817, -0.6205, -0.8794, -0.8156, -0.8102, -0.8283, -0.6584, -0.7007, -0.8007, -0.854, -0.5564, -0.5934, -0.7789, -0.7289, -0.5887, -0.7821, -0.8233]"
79.03,2024-04-28T12:48:00.000Z,2024-04-28T10:17:00.000Z,22121,GBPUSD,LONG,London Open Liquidity Scalp,1.7076,0.18,46.28,-0.8452,3.0858,1.26601,1.27621,1.27621,1.26601,2.5,1.2682,1.27469,1.2656,1.27469,3.5,1.2,10.0,TP,151,closed,46.28,1.71,1.27621,1.26601,3.2823,0.5534,1.3782,0.2208,false,false,Monday,10,12,April,2024,2.5167,9060000,1.2656,1.2682,11671.02,11750.05,7.0,0.3965,1.0,true,false,true,8801,London Open Liquidity Scalp — QA 200,"[0.6604, 0.8001, 0.9888, 1.3184, 1.7323, 1.8786, 2.5264, 2.5264, 2.979, 3.0858]","[0.2497, 0.3952, 0.3952, 0.4886, 0.6411, 0.6411, 0.748, 0.748, 0.8429, 0.8452]","[0.1995, 0.3273, 0.4853, 0.6514, 0.8565, 1.0258, 1.1573, 1.3876, 1.5673, 1.7076]","[1.6919, 1.6718, 1.7785, 1.8372, 1.809, 1.8803, 1.9703, 2.0415, 2.0516, 2.1389, 2.089, 2.1362, 2.1823, 2.2225, 2.2335, 2.2195, 2.3182, 2.3683, 2.3943, 2.3689]","[0.0615, 0.0744, 0.1472, 0.2234, 0.2323, 0.2466, 0.2818, 0.3256, 0.3805, 0.4026, 0.4098, 0.4552, 0.4712, 0.5461, 0.6096, 0.6503, 0.6571, 0.7295, 0.7428, 0.7542]","[1.8629, 1.9113, 1.5504, 1.972, 1.5566, 1.6455, 1.6186, 1.5793, 1.821, 1.6918, 1.9404, 1.9454, 1.9095, 1.5751, 1.7708, 1.8494, 1.8002, 1.5144, 1.8847, 1.6501]"
73.18,2024-02-07T10:55:00.000Z,2024-02-07T07:50:00.000Z,22122,NQ,SHORT,London Open Liquidity Scalp,1.3557,0.7,53.98,-0.7071,2.8086,18494.57169,18481.07201,18494.57169,18480.33706,3.0,18491.85662,18480.33706,18495.69647,18480.33706,4.5,0.75,5.0,TP,185,closed,53.98,1.36,18481.07201,18494.57169,2.8912,0.4827,1.4529,0.1369,false,true,Wednesday,7,10,February,2024,3.0833,11100000,18495.69647,18491.85662,11750.05,11823.23,9.0,0.4594,1.0,false,false,false,8801,London Open Liquidity Scalp — QA 200,"[0.3896, 0.3896, 0.4948, 0.4948, 0.4948, 0.4948, 0.5128, 0.5128, 0.6889, 0.6889, 0.6889, 0.7241, 0.7241, 0.7713, 0.7713, 0.8698, 0.8698, 0.8698, 1.0477, 1.0564, 1.0564, 1.1209, 1.1209, 1.2034, 1.2379, 1.2379, 1.2379, 1.2379, 1.2379, 1.3672, 1.3792, 1.4191, 1.4191, 1.4191, 1.5674, 1.5674, 1.678, 1.6824, 1.6824, 1.7421, 1.8367, 1.8367, 1.8367, 1.9374, 1.9374, 1.9374, 1.9374, 1.9374, 1.9374, 2.115, 2.115, 2.115, 2.115, 2.115, 2.2677, 2.2793, 2.3803, 2.3803, 2.3803, 2.3803, 2.3803, 2.3803, 2.3803, 2.5876, 2.5876, 2.5876, 2.6007, 2.7109, 2.7109, 2.7121, 2.7755, 2.7755, 2.7755, 2.8086, 2.8086, 2.8086, 2.8086, 2.8086, 2.8086, 2.8086]","[0.1106, 0.2464, 0.2464, 0.2843, 0.2843, 0.2843, 0.2843, 0.2843, 0.2893, 0.2893, 0.2893, 0.2937, 0.2937, 0.2937, 0.2937, 0.2937, 0.2937, 0.2937, 0.3689, 0.3689, 0.3689, 0.3689, 0.3689, 0.3689, 0.3689, 0.3689, 0.4245, 0.4491, 0.4491, 0.4491, 0.4491, 0.4806, 0.4806, 0.4806, 0.4806, 0.5646, 0.5646, 0.5646, 0.5708, 0.5708, 0.5708, 0.5708, 0.5708, 0.5708, 0.5708, 0.5708, 0.5708, 0.5708, 0.6654, 0.6654, 0.6724, 0.6724, 0.6724, 0.7022, 0.7022, 0.7022, 0.7022, 0.7071, 0.7071, 0.7071, 0.7071, 0.7071, 0.7071, 0.7071, 0.7071, 0.7071, 0.7071, 0.7071, 0.7071, 0.7071, 0.7071, 0.7071, 0.7071, 0.7071, 0.7071, 0.7071, 0.7071, 0.7071, 0.7071, 0.7071]","[0.0121, 0.0765, 0.0756, 0.0322, 0.1168, 0.073, 0.1359, 0.1494, 0.1645, 0.1439, 0.2202, 0.1633, 0.2599, 0.2118, 0.2192, 0.238, 0.2435, 0.3287, 0.2927, 0.3699, 0.3527, 0.3979, 0.4265, 0.3636, 0.4327, 0.4512, 0.4347, 0.4855, 0.5193, 0.5287, 0.4814, 0.5479, 0.5496, 0.5952, 0.5484, 0.6334, 0.648, 0.6756, 0.6756, 0.6444, 0.7241, 0.7027, 0.7621, 0.7896, 0.775, 0.805, 0.7696, 0.7717, 0.8752, 0.8923, 0.8781, 0.8911, 0.9025, 0.9357, 0.9675, 0.9503, 0.9525, 0.982, 0.9897, 0.9958, 1.0335, 1.0224, 1.026, 1.0924, 1.1267, 1.1424, 1.1261, 1.1715, 1.1788, 1.1423, 1.1915, 1.2171, 1.2445, 1.2222, 1.2323, 1.3118, 1.3388, 1.3463, 1.3579, 1.3557]","[1.3948, 1.4086, 1.404, 1.4089, 1.4011, 1.4517, 1.5151, 1.5386, 1.6338, 1.7187, 1.8215, 1.9138, 2.0102, 2.1217, 2.2119, 2.1683, 2.2443, 2.2594, 2.3654, 2.3518, 2.3954, 2.4235, 2.4363]","[0.0333, 0.0398, 0.0855, 0.1197, 0.1211, 0.1546, 0.2252, 0.257, 0.3348, 0.3528, 0.3882, 0.4334, 0.4857, 0.5484, 0.5565, 0.5859, 0.6643, 0.7281, 0.7608, 0.7785, 0.7833, 0.799, 0.8088]","[1.3612, 1.5676, 1.2592, 1.4459, 1.4109, 1.1826, 1.4518, 1.4161, 1.4522, 1.2143, 1.2045, 1.3705, 1.4643, 1.3676, 1.1883, 1.5061, 1.6041, 1.2577, 1.5093, 1.2697, 1.4633, 1.3099, 1.1589]"
-4.99,2025-01-02T10:46:00.000Z,2025-01-02T09:47:00.000Z,22123,GBPUSD,SHORT,London Open Liquidity Scalp,-0.0912,0.37,54.71,-0.409,0.4779,1.28676,1.28546,1.28676,1.28546,3.0,1.28616,1.28606,1.28763,1.28175,3.5,1.2,10.0,BE,59,closed,54.71,0.09,1.28546,1.28676,0.8578,0.1908,0.3243,0.0186,false,true,Thursday,9,10,January,2025,0.9833,3540000,1.28763,1.28616,11823.23,11818.24,7.0,0.4627,1.0,true,false,true,8801,London Open Liquidity Scalp — QA 200,"[0.4133, 0.4133, 0.4133, 0.4779, 0.4779, 0.4779, 0.4779, 0.4779]","[0.1971, 0.2339, 0.2339, 0.409, 0.409, 0.409, 0.409, 0.409]","[-0.0284, -0.013, -0.0256, -0.0211, -0.0236, -0.0894, -0.0819, -0.0912]","[0.0814, 0.0657, 0.0986, 0.2031, 0.1997, 0.3189, 0.4175, 0.393, 0.3632, 0.4371, 0.4377, 0.5149, 0.5496, 0.5496, 0.5496, 0.5496, 0.5496, 0.5496, 0.5496, 0.5496, 0.5159, 0.5496, 0.5496]","[0.072, 0.1123, 0.1506, 0.1731, 0.1896, 0.2412, 0.26, 0.3149, 0.3921, 0.4484, 0.4722, 0.5263, 0.5614, 0.5735, 0.6399, 0.6575, 0.6985, 0.7138, 0.7352, 0.783, 0.8609, 0.9375, 0.9583]","[-0.1402, 0.1685, 0.1682, 0.1653, 0.0284, 0.1869, 0.0651, -0.2464, 0.0897, -0.1528, 0.0623, 0.1581, -0.1074, -0.2206, -0.027, -0.0722, 0.1928, 0.1338, -0.2779, -0.0775, -0.0952, -0.2551, 0.0433]"
-48.43,2025-09-17T19:13:00.000Z,2025-09-17T15:13:00.000Z,22124,GBPUSD,SHORT,London Open Liquidity Scalp,-0.9308,0.29,52.03,-1.1596,0.7653,1.2674,1.26388,1.2674,1.26388,2.0,1.26528,1.26698,1.2671,1.26163,3.5,1.2,10.0,STOP_OUT,240,closed,52.03,0.93,1.26388,1.2674,0.7904,1.2163,0.4984,0.2298,true,true,Wednesday,15,19,September,2025,4.0,14400000,1.2671,1.26528,11818.24,11769.81,7.0,0.4403,1.0,false,false,true,8801,London Open Liquidity Scalp — QA 200,"[0.2555, 0.3315, 0.3533, 0.3621, 0.3621, 0.3621, 0.3621, 0.4313, 0.4313, 0.4313, 0.4313, 0.457, 0.457, 0.457, 0.457, 0.457, 0.457, 0.5181, 0.5181, 0.5181, 0.5181, 0.5181, 0.6052, 0.6052, 0.6052, 0.6052, 0.6052, 0.6629, 0.6629, 0.6629, 0.6629, 0.6629, 0.6629, 0.6629, 0.6629, 0.6629, 0.6629, 0.6629, 0.6629, 0.7546, 0.7546, 0.7546, 0.7546, 0.7546, 0.7546, 0.7546, 0.7546, 0.7546, 0.7653, 0.7653, 0.7653, 0.7653, 0.7653, 0.7653, 0.7653, 0.7653, 0.7653, 0.7653, 0.7653, 0.7653, 0.7653, 0.7653, 0.7653, 0.7653, 0.7653, 0.7653, 0.7653, 0.7653, 0.7653, 0.7653, 0.7653, 0.7653, 0.7653, 0.7653, 0.7653, 0.7653, 0.7653, 0.7653, 0.7653, 0.9308]","[0.1424, 0.2403, 0.2403, 0.2403, 0.2403, 0.2403, 0.2403, 0.2403, 0.2403, 0.2403, 0.2432, 0.3866, 0.3866, 0.3866, 0.3866, 0.395, 0.395, 0.4565, 0.4565, 0.5037, 0.5037, 0.5037, 0.5037, 0.5037, 0.5037, 0.5037, 0.5254, 0.5254, 0.6055, 0.6055, 0.6055, 0.6055, 0.6055, 0.7267, 0.7354, 0.7354, 0.7354, 0.7354, 0.7791, 0.7791, 0.7796, 0.7796, 0.8153, 0.8153, 0.8887, 0.8887, 0.8887, 0.9153, 0.9153, 0.9153, 0.9153, 0.9153, 0.9247, 0.9247, 0.9247, 0.9247, 1.0581, 1.0581, 1.0581, 1.0581, 1.0581, 1.0752, 1.0775, 1.1596, 1.1596, 1.1596, 1.1596, 1.1596, 1.1596, 1.1596, 1.1596, 1.1596, 1.1596, 1.1596, 1.1596, 1.1596, 1.1596, 1.1596, 1.1596, 1.1596]","[0.0292, -0.0474, -0.0426, -0.0855, -0.0592, -0.0652, -0.0421, -0.0645, -0.1022, -0.1125, -0.1424, -0.1435, -0.1465, -0.1353, -0.1834, -0.1872, -0.2294, -0.2422, -0.1974, -0.2303, -0.2792, -0.216, -0.2808, -0.2668, -0.2973, -0.2678, -0.3369, -0.3299, -0.3483, -0.3938, -0.347, -0.3365, -0.3483, -0.3679, -0.4081, -0.4, -0.4052, -0.4589, -0.4783, -0.4326, -0.4638, -0.5309, -0.5314, -0.4936, -0.493, -0.5229, -0.5414, -0.598, -0.5428, -0.5824, -0.6081, -0.5714, -0.6546, -0.6271, -0.6716, -0.6887, -0.6677, -0.6931, -0.719, -0.6749, -0.729, -0.7481, -0.7365, -0.7526, -0.7818, -0.801, -0.7526, -0.836, -0.7798, -0.78, -0.8222, -0.8126, -0.8536, -0.8896, -0.8973, -0.8499, -0.8797, -0.9155, -0.9242, -0.9308]","[0.8801, 0.8801, 0.8801, 0.8801, 0.8382, 0.8801, 0.8801, 0.8801, 0.8531, 0.8801, 0.8801, 0.8801, 0.8801, 0.8801, 0.8801, 0.8801, 0.858, 0.8801]","[0.0148, 0.0832, 0.0973, 0.1326, 0.1581, 0.2318, 0.2871, 0.3259, 0.3935, 0.4144, 0.4896, 0.5611, 0.6083, 0.6355, 0.6546, 0.6993, 0.7528, 0.8245]","[-0.8178, -0.9017, -0.798, -0.8221, -0.8263, -1.1195, -0.7706, -0.9644, -1.0617, -1.0893, -0.8788, -1.0272, -0.7461, -0.8269, -0.7129, -1.1168, -0.9843, -0.8327]"
57.03,2024-08-12T14:51:00.000Z,2024-08-12T13:12:00.000Z,22125,XAUUSD,LONG,London Open Liquidity Scalp,1.1725,1.87,48.64,-0.5175,1.8041,2062.337,2062.939,2063.25,2062.337,3.0,2062.471,2063.25,2062.211,2063.25,4.0,2.5,1.0,TP,99,closed,48.64,1.17,2062.939,2062.337,2.134,0.6499,0.6316,0.3252,false,true,Monday,13,14,August,2024,1.65,5940000,2062.211,2062.471,11769.81,11826.84,8.0,0.4133,1.0,false,false,true,8801,London Open Liquidity Scalp — QA 200,"[0.4037, 0.416, 0.4515, 0.4515, 0.4515, 0.4515, 0.4515, 0.4515, 0.5591, 0.5591, 0.5591, 0.6475, 0.6475, 0.6725, 0.7375, 0.7375, 0.7375, 0.7375, 0.8256, 0.8438, 0.8438, 0.8549, 0.8549, 0.8549, 0.9319, 0.9319, 0.9319, 0.9319, 0.9319, 0.9325, 1.048, 1.048, 1.048, 1.048, 1.1146, 1.1156, 1.1156, 1.1156, 1.2188, 1.2188, 1.2188, 1.2188, 1.2188, 1.3514, 1.3514, 1.3514, 1.3514, 1.3514, 1.4977, 1.4977, 1.4977, 1.4977, 1.4977, 1.4977, 1.5567, 1.5567, 1.6305, 1.6305, 1.6305, 1.6305, 1.6305, 1.6305, 1.7099, 1.8041, 1.8041, 1.8041, 1.8041, 1.8041, 1.8041, 1.8041, 1.8041, 1.8041, 1.8041, 1.8041, 1.8041, 1.8041, 1.8041, 1.8041, 1.8041, 1.8041]","[0.1955, 0.1955, 0.1955, 0.1955, 0.1955, 0.2775, 0.2775, 0.2775, 0.2775, 0.2775, 0.2775, 0.2775, 0.2775, 0.2775, 0.2775, 0.2775, 0.3539, 0.3539, 0.3539, 0.3539, 0.3539, 0.3539, 0.3539, 0.3539, 0.3539, 0.3539, 0.3572, 0.3572, 0.3666, 0.4027, 0.4027, 0.4027, 0.4027, 0.4027, 0.4027, 0.4027, 0.4027, 0.4852, 0.4852, 0.4852, 0.4852, 0.4852, 0.4852, 0.5059, 0.5059, 0.5059, 0.5059, 0.5059, 0.5174, 0.5174, 0.5175, 0.5175, 0.5175, 0.5175, 0.5175, 0.5175, 0.5175, 0.5175, 0.5175, 0.5175, 0.5175, 0.5175, 0.5175, 0.5175, 0.5175, 0.5175, 0.5175, 0.5175, 0.5175, 0.5175, 0.5175, 0.5175, 0.5175, 0.5175, 0.5175, 0.5175, 0.5175, 0.5175, 0.5175, 0.5175]","[0.0185, -0.0032, 0.051, 0.068, 0.0699, 0.084, 0.0991, 0.1417, 0.1414, 0.1884, 0.1819, 0.2189, 0.2252, 0.1732, 0.1814, 0.243, 0.2716, 0.2996, 0.2602, 0.3094, 0.3442, 0.3284, 0.3759, 0.3092, 0.3255, 0.3406, 0.3661, 0.4403, 0.3808, 0.4842, 0.4626, 0.4788, 0.5033, 0.5389, 0.4982, 0.5488, 0.5754, 0.5998, 0.5427, 0.5444, 0.6103, 0.5751, 0.6246, 0.6295, 0.6406, 0.6693, 0.7221, 0.747, 0.7293, 0.7232, 0.7893, 0.8031, 0.8121, 0.7666, 0.8369, 0.8616, 0.8665, 0.8171, 0.9057, 0.8575, 0.9179, 0.9149, 0.9576, 0.9638, 0.9536, 0.9505, 1.0268, 0.983, 1.0409, 1.0679, 1.0208, 1.0399, 1.0415, 1.0992, 1.0638, 1.0887, 1.1202, 1.1711, 1.1898, 1.1725]","[1.2028, 1.1613, 1.1697, 1.2199, 1.246, 1.2891, 1.2436, 1.28]","[0.0168, 0.0196, 0.0415, 0.0823, 0.1069, 0.1525, 0.2182, 0.2753]","[1.2787, 1.1171, 1.407, 1.0344, 1.2786, 0.9988, 1.4032, 1.1994]"
-0.06,2024-03-30T19:17:00.000Z,2024-03-30T15:43:00.000Z,22126,GBPUSD,LONG,London Open Liquidity Scalp,-0.0011,0.28,52.52,-0.1009,1.9184,1.26361,1.26743,1.26743,1.26361,2.5,1.2638,1.2638,1.26191,1.26853,3.5,1.2,10.0,BE,214,closed,52.52,0.0,1.26743,1.26361,2.0533,0.0006,1.9173,0.2632,true,false,Monday,15,19,March,2024,3.5667,12840000,1.26191,1.2638,11826.84,11826.78,7.0,0.4441,1.0,false,false,true,8801,London Open Liquidity Scalp — QA 200,"[0.4111, 0.4111, 0.4111, 0.5208, 0.5208, 0.5277, 0.5695, 0.5695, 0.753, 0.753, 0.897, 0.897, 0.897, 0.897, 1.0569, 1.0569, 1.0569, 1.0569, 1.1524, 1.1729, 1.1729, 1.3323, 1.3323, 1.3323, 1.3323, 1.3367, 1.371, 1.5883, 1.5883, 1.6222, 1.6222, 1.6781, 1.6781, 1.9184, 1.9184, 1.9184, 1.9184, 1.9184, 1.9184, 1.9184, 1.9184, 1.9184]","[0.1009, 0.1009, 0.1009, 0.1009, 0.1009, 0.1009, 0.1009, 0.1009, 0.1009, 0.1009, 0.1009, 0.1009, 0.1009, 0.1009, 0.1009, 0.1009, 0.1009, 0.1009, 0.1009, 0.1009, 0.1009, 0.1009, 0.1009, 0.1009, 0.1009, 0.1009, 0.1009, 0.1009, 0.1009, 0.1009, 0.1009, 0.1009, 0.1009, 0.1009, 0.1009, 0.1009, 0.1009, 0.1009, 0.1009, 0.1009, 0.1009, 0.1009]","[-0.0055, 0.0157, 0.0398, 0.0202, -0.0282, 0.0027, -0.0076, -0.0217, 0.0429, -0.0385, -0.0006, 0.0283, 0.0095, 0.0184, 0.0039, -0.0115, -0.0322, 0.006, 0.0292, -0.0038, -0.0012, 0.0292, 0.0237, -0.0404, -0.012, -0.0033, -0.0058, 0.0029, -0.001, -0.0123, 0.0391, -0.0095, -0.0436, -0.0113, 0.0101, -0.0372, 0.019, -0.0099, 0.0242, -0.0096, 0.0217, -0.0011]","[0.0127, 0.1002, 0.15, 0.1424, 0.1802]","[0.0638, 0.1103, 0.1185, 0.1646, 0.179]","[-0.0635, -0.0744, 0.2135, -0.0676, 0.0897]"
-46.94,2025-11-12T10:36:00.000Z,2025-11-12T09:02:00.000Z,22127,XAUUSD,LONG,London Open Liquidity Scalp,-0.8784,2.3,53.44,-0.6588,1.8795,1989.029,1989.618,1989.618,1988.978,2.0,1989.182,1988.978,1988.95,1989.646,4.0,2.5,1.0,MANUAL,94,closed,53.44,0.88,1989.618,1989.029,2.222,0.4674,0.1058,0.1486,false,true,Wednesday,9,10,November,2025,1.5667,5640000,1988.95,1989.182,11826.78,11779.84,8.0,0.4519,1.0,false,false,true,8801,London Open Liquidity Scalp — QA 200,"[0.3025, 0.614, 0.8506, 1.2317, 1.3016, 1.6151, 1.725, 1.8795]","[0.245, 0.245, 0.3834, 0.4098, 0.4715, 0.6339, 0.6588, 0.6588]","[-0.1004, -0.2443, -0.3072, -0.4403, -0.5804, -0.623, -0.7362, -0.8784]","[0.9589, 0.9544, 0.9508, 0.9415, 0.9749, 1.0171, 1.1071, 1.1994, 1.1675, 1.154, 1.2362, 1.3503, 1.4363]","[0.0541, 0.1123, 0.1905, 0.2421, 0.2441, 0.2498, 0.2715, 0.3189, 0.3653, 0.406, 0.4439, 0.5085, 0.5193]","[-0.6079, -0.8121, -0.875, -1.0436, -1.0691, -0.8943, -0.8275, -0.9536, -0.6001, -1.0552, -0.887, -0.736, -0.8368]"
53.86,2024-08-11T11:36:00.000Z,2024-08-11T10:34:00.000Z,22128,GBPUSD,SHORT,London Open Liquidity Scalp,1.2139,0.17,44.37,-0.3594,1.9674,1.29413,1.28796,1.29413,1.28788,2.0,1.29318,1.28788,1.29583,1.28788,3.5,1.2,10.0,TP,62,closed,44.37,1.21,1.28796,1.29413,2.1582,0.617,0.7535,0.2121,false,true,Monday,10,11,August,2024,1.0333,3720000,1.29583,1.29318,11779.84,11833.7,7.0,0.3767,1.0,true,true,false,8801,London Open Liquidity Scalp — QA 200,"[0.4233, 0.5051, 0.6368, 0.9152, 1.1614, 1.1614, 1.3469, 1.3469, 1.8205, 1.8205, 1.9674, 1.9674]","[0.1906, 0.2491, 0.2491, 0.2491, 0.2586, 0.3594, 0.3594, 0.3594, 0.3594, 0.3594, 0.3594, 0.3594]","[0.1211, 0.1672, 0.3438, 0.3856, 0.5436, 0.5661, 0.7056, 0.8407, 0.9199, 1.0257, 1.139, 1.2139]","[1.2001, 1.3102, 1.2619, 1.3484, 1.3256, 1.3056, 1.283, 1.2619, 1.2455, 1.2549, 1.3197, 1.2803, 1.3314, 1.3701, 1.3643, 1.3955, 1.4249, 1.3992, 1.3873, 1.444]","[0.0426, 0.0856, 0.1552, 0.2149, 0.2155, 0.2252, 0.2794, 0.3293, 0.3457, 0.3998, 0.407, 0.4827, 0.5226, 0.5349, 0.5876, 0.6606, 0.6995, 0.7516, 0.7806, 0.8209]","[1.0802, 1.0994, 1.4966, 1.0949, 1.3961, 1.1657, 1.2737, 1.0846, 1.4484, 1.4335, 1.2411, 1.1388, 1.255, 1.3151, 1.0434, 1.2134, 1.3657, 1.1881, 1.4163, 1.0368]"
-1.82,2025-10-05T19:06:00.000Z,2025-10-05T15:01:00.000Z,22129,GBPUSD,LONG,London Open Liquidity Scalp,-0.0449,0.21,40.56,-0.2811,0.6283,1.26116,1.26292,1.26292,1.26116,3.0,1.2617,1.2618,1.25976,1.26751,3.5,1.2,10.0,BE,245,closed,40.56,0.04,1.26292,1.26116,0.7653,0.0715,0.0715,0.0375,false,false,Monday,15,19,October,2025,4.0833,14700000,1.25976,1.2617,11833.7,11831.88,7.0,0.3427,1.0,false,false,true,8801,London Open Liquidity Scalp — QA 200,"[0.0839, 0.0876, 0.1194, 0.3778, 0.3778, 0.432, 0.6283, 0.6283, 0.6283, 0.6283, 0.6283, 0.6283, 0.6283, 0.6283, 0.6283, 0.6283]","[0.2626, 0.2626, 0.2626, 0.2626, 0.2626, 0.2626, 0.2626, 0.2811, 0.2811, 0.2811, 0.2811, 0.2811, 0.2811, 0.2811, 0.2811, 0.2811]","[-0.0229, -0.0478, 0.0064, 0.0138, -0.0439, -0.0067, 0.0225, -0.0471, -0.0299, -0.0224, 0.013, -0.0471, -0.071, -0.0481, -0.0814, -0.0449]","[0.1156, 0.0697, 0.0264, 0.0251, 0.1061, 0.1745, 0.2733, 0.2813, 0.3842, 0.3829, 0.3411]","[0.0368, 0.039, 0.1118, 0.1527, 0.2088, 0.2634, 0.3333, 0.354, 0.4285, 0.4373, 0.494]","[-0.005, 0.1091, 0.2087, 0.1291, 0.1601, 0.168, -0.0623, 0.1226, 0.1731, -0.0791, 0.1985]"
131.5,2025-07-04T19:08:00.000Z,2025-07-04T15:47:00.000Z,22130,XAUUSD,LONG,London Open Liquidity Scalp,2.6091,2.31,50.4,-0.3341,3.0727,2060.675,2061.42,2061.42,2060.675,2.5,2060.748,2061.294,2060.529,2061.294,4.0,2.5,1.0,TP,201,closed,50.4,2.61,2061.42,2060.675,3.2393,0.8491,0.4636,0.328,false,true,Friday,15,19,July,2025,3.35,12060000,2060.529,2060.748,11831.88,11963.38,8.0,0.426,1.0,true,false,true,8801,London Open Liquidity Scalp — QA 200,"[0.596, 0.8434, 0.8434, 1.3239, 1.3239, 1.5543, 1.7893, 2.0178, 2.1384, 2.5116, 2.67, 2.9673, 3.0727]","[0.0391, 0.0687, 0.3184, 0.3184, 0.3184, 0.3184, 0.3184, 0.3184, 0.3341, 0.3341, 0.3341, 0.3341, 0.3341]","[0.2336, 0.3894, 0.6129, 0.842, 1.0478, 1.2357, 1.4401, 1.6243, 1.8377, 2.0443, 2.2371, 2.3941, 2.6091]","[2.7156, 2.6948, 2.7751, 2.8926, 2.9442, 3.0374, 3.1517, 3.1397]","[0.0717, 0.096, 0.1585, 0.2323, 0.2455, 0.3092, 0.3701, 0.3726]","[2.8048, 2.7763, 2.7882, 2.6351, 2.8867, 2.6402, 2.494, 2.8964]"
-45.02,2025-08-24T21:07:00.000Z,2025-08-24T15:01:00.000Z,22131,XAUUSD,LONG,London Open Liquidity Scalp,-0.8418,2.38,53.48,-0.6313,0.2325,2068.012,2068.206,2068.206,2067.929,2.5,2068.154,2067.929,2067.929,2068.715,4.0,2.5,1.0,SL,366,closed,53.48,0.84,2068.206,2068.012,0.326,3.6206,0.1752,0.2304,true,true,Monday,15,21,August,2025,6.1,21960000,2067.929,2068.154,11963.38,11918.36,8.0,0.447,1.0,false,false,true,8801,London Open Liquidity Scalp — QA 200,"[0.2256, 0.2256, 0.2325, 0.2325, 0.2325, 0.2325, 0.2325, 0.2325, 0.2325, 0.2325, 0.2325, 0.2325, 0.2325, 0.2325, 0.2325, 0.2325, 0.2325, 0.2325, 0.2325, 0.2325, 0.2325, 0.2325, 0.2325, 0.8418]","[0.059, 0.1233, 0.1233, 0.237, 0.3708, 0.4009, 0.4009, 0.4009, 0.4009, 0.4009, 0.4009, 0.4475, 0.5556, 0.5556, 0.5779, 0.5779, 0.6313, 0.6313, 0.6313, 0.6313, 0.6313, 0.6313, 0.6313, 0.6313]","[-0.057, -0.0269, -0.0877, -0.0974, -0.1654, -0.1876, -0.2166, -0.3158, -0.2929, -0.3395, -0.3785, -0.3853, -0.5005, -0.4924, -0.5207, -0.5586, -0.5729, -0.6058, -0.6739, -0.7311, -0.724, -0.7393, -0.819, -0.8418]","[0.2674, 0.2674, 0.2674, 0.2568, 0.2674, 0.2674, 0.2674, 0.2674, 0.2674, 0.2305, 0.2674, 0.2674, 0.2674, 0.2674, 0.2214, 0.2146, 0.2674, 0.2604, 0.2674, 0.2674]","[0.0726, 0.104, 0.1498, 0.1721, 0.2451, 0.3101, 0.335, 0.4141, 0.4214, 0.4432, 0.4852, 0.4971, 0.5523, 0.5691, 0.6133, 0.6907, 0.734, 0.7828, 0.8012, 0.8138]","[-0.7492, -0.8421, -0.8514, -0.7854, -1.041, -1.0058, -0.6422, -0.7776, -0.8261, -0.9423, -0.7126, -0.5514, -0.8379, -0.9896, -0.995, -0.5533, -0.6114, -0.5831, -0.9861, -0.8862]"
27.51,2025-06-14T17:38:00.000Z,2025-06-14T15:06:00.000Z,22132,EURUSD,SHORT,London Open Liquidity Scalp,0.622,0.34,44.23,-0.3503,2.0119,1.06107,1.05801,1.06107,1.05801,3.0,1.06062,1.05981,1.06192,1.05672,3.0,0.8,10.0,MANUAL,152,closed,44.23,0.62,1.05801,1.06107,2.1121,0.3092,1.3899,0.2345,false,true,Monday,15,17,June,2025,2.5333,9120000,1.06192,1.06062,11918.36,11945.87,6.0,0.3711,1.0,false,false,true,8801,London Open Liquidity Scalp — QA 200,"[0.1094, 0.2275, 0.5155, 0.5751, 0.5751, 0.6524, 0.682, 0.8721, 0.8721, 0.8721, 0.8721, 0.8721, 0.9401, 0.9847, 1.049, 1.3402, 1.4511, 1.4511, 1.4511, 1.5588, 1.7626, 1.7626, 1.7626, 1.7626, 1.7626, 2.0119, 2.0119, 2.0119, 2.0119, 2.0119]","[0.0572, 0.2428, 0.2428, 0.2428, 0.2428, 0.2498, 0.2498, 0.2498, 0.2498, 0.2498, 0.3503, 0.3503, 0.3503, 0.3503, 0.3503, 0.3503, 0.3503, 0.3503, 0.3503, 0.3503, 0.3503, 0.3503, 0.3503, 0.3503, 0.3503, 0.3503, 0.3503, 0.3503, 0.3503, 0.3503]","[-0.0004, 0.0567, 0.0329, 0.1259, 0.0784, 0.1646, 0.1405, 0.1333, 0.2177, 0.2047, 0.192, 0.24, 0.2379, 0.3205, 0.3052, 0.2931, 0.3415, 0.362, 0.4025, 0.4271, 0.4208, 0.4495, 0.4595, 0.4999, 0.5396, 0.5364, 0.5812, 0.6039, 0.6399, 0.622]","[0.6922, 0.7165, 0.8284, 0.8626, 0.8526, 0.8818]","[0.0428, 0.0771, 0.1082, 0.1654, 0.1911, 0.2049]","[0.6526, 0.4225, 0.5923, 0.5871, 0.6049, 0.7262]"
35.88,2025-05-07T16:07:00.000Z,2025-05-07T15:42:00.000Z,22133,USDJPY,SHORT,London Open Liquidity Scalp,0.7421,0.19,48.35,-0.1842,1.9892,149.079,148.486,149.079,148.486,1.5,149.029,148.826,149.302,148.62,3.0,0.9,9.2,Trailing SL,25,closed,48.35,0.74,148.486,149.079,2.0366,0.3731,1.2471,0.227,false,false,Wednesday,15,16,May,2025,0.4167,1500000,149.302,149.029,11945.87,11981.75,6.0,0.4047,1.0,true,false,true,8801,London Open Liquidity Scalp — QA 200,"[0.3111, 0.8203, 1.0142, 1.308, 1.3857, 1.8416, 1.8887, 1.9892]","[0.147, 0.147, 0.1842, 0.1842, 0.1842, 0.1842, 0.1842, 0.1842]","[0.1181, 0.222, 0.307, 0.3782, 0.4403, 0.5645, 0.6433, 0.7421]","[0.784, 0.8744, 0.977, 1.0692, 1.0322, 1.0317, 1.0875, 1.1586, 1.2693, 1.3673]","[0.0659, 0.066, 0.0695, 0.0697, 0.1147, 0.1228, 0.15, 0.2025, 0.2768, 0.3115]","[1.0147, 0.6323, 0.6189, 0.8337, 0.5557, 0.9421, 0.835, 0.6181, 0.5593, 0.5429]"
74.48,2025-10-28T09:59:00.000Z,2025-10-28T07:45:00.000Z,22134,XAUUSD,LONG,London Open Liquidity Scalp,1.4384,2.49,51.78,-0.2533,1.9773,2039.646,2040.11,2040.11,2039.646,2.0,2039.699,2039.998,2039.491,2040.115,4.0,2.5,1.0,Trailing SL,134,closed,51.78,1.44,2040.11,2039.646,2.0703,0.7275,0.5389,0.2454,false,false,Tuesday,7,9,October,2025,2.2333,8040000,2039.491,2039.699,11981.75,12056.23,8.0,0.4322,1.0,false,false,true,8801,London Open Liquidity Scalp — QA 200,"[0.17, 0.3445, 0.3445, 0.3445, 0.4113, 0.5414, 0.5414, 0.5461, 0.5461, 0.5461, 0.5461, 0.5461, 0.7062, 0.7062, 0.7062, 0.7062, 0.7062, 0.7062, 0.7062, 0.7062, 0.8367, 0.8367, 0.8367, 0.9921, 0.9921, 0.9921, 0.9921, 0.9921, 1.0179, 1.0179, 1.0179, 1.1122, 1.1122, 1.1122, 1.1122, 1.1122, 1.2032, 1.2124, 1.2124, 1.3134, 1.3812, 1.3812, 1.3812, 1.3812, 1.4148, 1.4148, 1.4148, 1.4148, 1.4596, 1.6332, 1.6332, 1.6332, 1.6332, 1.6332, 1.6584, 1.6584, 1.6584, 1.8234, 1.8234, 1.8234, 1.8653, 1.8653, 1.8653, 1.8653, 1.8653, 1.8783, 1.8783, 1.8783, 1.9773, 1.9773, 1.9773, 1.9773, 1.9773, 1.9773, 1.9773, 1.9773, 1.9773, 1.9773, 1.9773, 1.9773]","[0.1735, 0.223, 0.223, 0.223, 0.2496, 0.2533, 0.2533, 0.2533, 0.2533, 0.2533, 0.2533, 0.2533, 0.2533, 0.2533, 0.2533, 0.2533, 0.2533, 0.2533, 0.2533, 0.2533, 0.2533, 0.2533, 0.2533, 0.2533, 0.2533, 0.2533, 0.2533, 0.2533, 0.2533, 0.2533, 0.2533, 0.2533, 0.2533, 0.2533, 0.2533, 0.2533, 0.2533, 0.2533, 0.2533, 0.2533, 0.2533, 0.2533, 0.2533, 0.2533, 0.2533, 0.2533, 0.2533, 0.2533, 0.2533, 0.2533, 0.2533, 0.2533, 0.2533, 0.2533, 0.2533, 0.2533, 0.2533, 0.2533, 0.2533, 0.2533, 0.2533, 0.2533, 0.2533, 0.2533, 0.2533, 0.2533, 0.2533, 0.2533, 0.2533, 0.2533, 0.2533, 0.2533, 0.2533, 0.2533, 0.2533, 0.2533, 0.2533, 0.2533, 0.2533, 0.2533]","[-0.0182, 0.0375, 0.0984, 0.0576, 0.0947, 0.12, 0.1694, 0.1797, 0.1853, 0.139, 0.1576, 0.222, 0.249, 0.2725, 0.2255, 0.302, 0.2855, 0.3241, 0.3669, 0.3215, 0.3932, 0.4102, 0.3922, 0.4651, 0.455, 0.4405, 0.5163, 0.4977, 0.5622, 0.5605, 0.5246, 0.5451, 0.5759, 0.5963, 0.5918, 0.6389, 0.6296, 0.7025, 0.6667, 0.7317, 0.6993, 0.7116, 0.7314, 0.7968, 0.8171, 0.8489, 0.8735, 0.8243, 0.8585, 0.8801, 0.9189, 0.9424, 0.97, 0.9872, 1.0157, 0.9928, 1.0431, 1.0726, 1.0377, 1.1155, 1.102, 1.1055, 1.1498, 1.1683, 1.1765, 1.1817, 1.1635, 1.1903, 1.2192, 1.2663, 1.2632, 1.2532, 1.3078, 1.3058, 1.3361, 1.4009, 1.4247, 1.3795, 1.4083, 1.4384]","[1.496, 1.521, 1.6312, 1.6783, 1.7951, 1.8847, 1.9982, 1.9803, 2.0795, 2.0415, 2.0381, 2.1083, 2.1826, 2.2169, 2.2739, 2.2336, 2.2739, 2.2739, 2.2591]","[0.0471, 0.116, 0.1191, 0.1799, 0.183, 0.2612, 0.3113, 0.3445, 0.3744, 0.3778, 0.4508, 0.4699, 0.4873, 0.5439, 0.5572, 0.5867, 0.5936, 0.6693, 0.6853]","[1.3108, 1.4542, 1.3616, 1.4904, 1.548, 1.3082, 1.4093, 1.3587, 1.6934, 1.5854, 1.3063, 1.6356, 1.5172, 1.7022, 1.4016, 1.4725, 1.6018, 1.6582, 1.4873]"
-34.2,2024-07-05T17:06:00.000Z,2024-07-05T14:23:00.000Z,22135,GBPUSD,SHORT,London Open Liquidity Scalp,-0.6835,0.37,50.04,-0.5338,0.5359,1.28924,1.2878,1.28944,1.2878,2.0,1.28852,1.28944,1.28987,1.28583,3.5,1.2,10.0,STOP_OUT,163,closed,50.04,0.68,1.2878,1.28924,0.5883,1.2754,0.2756,0.1738,true,true,Friday,14,17,July,2024,2.7167,9780000,1.28987,1.28852,12056.23,12022.03,7.0,0.4151,1.0,false,false,true,8801,London Open Liquidity Scalp — QA 200,"[0.0203, 0.0398, 0.4099, 0.4099, 0.4099, 0.4099, 0.4099, 0.4208, 0.4208, 0.4208, 0.5359, 0.5359, 0.5359, 0.5359, 0.5359, 0.5359, 0.5359, 0.5359, 0.5359, 0.5359, 0.5359, 0.5359, 0.5359, 0.5359, 0.5359, 0.5359, 0.5359, 0.5359, 0.5359, 0.5359, 0.5359, 0.6835]","[0.0994, 0.2267, 0.2267, 0.2267, 0.2267, 0.3378, 0.3433, 0.3433, 0.3433, 0.4064, 0.4064, 0.4064, 0.4064, 0.4064, 0.4937, 0.4937, 0.4937, 0.4937, 0.5338, 0.5338, 0.5338, 0.5338, 0.5338, 0.5338, 0.5338, 0.5338, 0.5338, 0.5338, 0.5338, 0.5338, 0.5338, 0.5338]","[-0.018, -0.0745, -0.0783, -0.1262, -0.0752, -0.1344, -0.1393, -0.2097, -0.1931, -0.2547, -0.2737, -0.2572, -0.2851, -0.2889, -0.3461, -0.3068, -0.3708, -0.3901, -0.3931, -0.4429, -0.446, -0.4705, -0.4815, -0.5069, -0.4962, -0.5485, -0.549, -0.5783, -0.6542, -0.606, -0.6852, -0.6835]","[0.6163, 0.6163, 0.6163, 0.6163, 0.6163, 0.6163, 0.6163, 0.6163, 0.6163, 0.592, 0.6163, 0.6158, 0.6163, 0.6163, 0.6163, 0.6163, 0.6163, 0.6163]","[0.0319, 0.072, 0.1042, 0.1118, 0.1572, 0.1979, 0.2603, 0.2661, 0.3328, 0.3658, 0.4343, 0.4383, 0.5063, 0.5153, 0.562, 0.5907, 0.6344, 0.6852]","[-0.815, -0.5608, -0.4187, -0.8103, -0.5424, -0.5679, -0.805, -0.4199, -0.5551, -0.7065, -0.3992, -0.6296, -0.6418, -0.7859, -0.8697, -0.4158, -0.521, -0.4579]"
70.12,2024-08-28T20:29:00.000Z,2024-08-28T15:09:00.000Z,22136,NQ,SHORT,London Open Liquidity Scalp,1.6395,0.47,42.77,-0.2095,1.8654,18044.50527,18035.07754,18044.50527,18034.46594,2.0,18043.55352,18034.46594,18048.09731,18034.46594,4.5,0.75,5.0,TP,320,closed,42.77,1.64,18035.07754,18044.50527,2.1631,0.8789,0.2259,0.0655,false,true,Wednesday,15,20,August,2024,5.3333,19200000,18048.09731,18043.55352,12022.03,12092.15,9.0,0.3558,1.0,false,true,true,8801,London Open Liquidity Scalp — QA 200,"[0.0743, 0.2949, 0.3475, 0.4004, 0.4068, 0.4068, 0.5018, 0.5018, 0.5018, 0.6218, 0.6218, 0.6218, 0.6218, 0.7217, 0.7217, 0.7649, 0.7649, 0.7649, 0.7649, 0.7649, 0.813, 0.813, 0.813, 0.8501, 0.8501, 0.8501, 0.8501, 0.8501, 0.9919, 0.9919, 1.1024, 1.1024, 1.1024, 1.1024, 1.1024, 1.1024, 1.1143, 1.1143, 1.1552, 1.2601, 1.2601, 1.2618, 1.3113, 1.3931, 1.3931, 1.3981, 1.3981, 1.3981, 1.3981, 1.4433, 1.527, 1.527, 1.527, 1.5559, 1.5626, 1.5766, 1.5766, 1.5766, 1.6601, 1.6601, 1.6601, 1.7512, 1.8653, 1.8653, 1.8653, 1.8653, 1.8653, 1.8654, 1.8654, 1.8654, 1.8654, 1.8654, 1.8654, 1.8654, 1.8654, 1.8654, 1.8654, 1.8654, 1.8654, 1.8654]","[0.2095, 0.2095, 0.2095, 0.2095, 0.2095, 0.2095, 0.2095, 0.2095, 0.2095, 0.2095, 0.2095, 0.2095, 0.2095, 0.2095, 0.2095, 0.2095, 0.2095, 0.2095, 0.2095, 0.2095, 0.2095, 0.2095, 0.2095, 0.2095, 0.2095, 0.2095, 0.2095, 0.2095, 0.2095, 0.2095, 0.2095, 0.2095, 0.2095, 0.2095, 0.2095, 0.2095, 0.2095, 0.2095, 0.2095, 0.2095, 0.2095, 0.2095, 0.2095, 0.2095, 0.2095, 0.2095, 0.2095, 0.2095, 0.2095, 0.2095, 0.2095, 0.2095, 0.2095, 0.2095, 0.2095, 0.2095, 0.2095, 0.2095, 0.2095, 0.2095, 0.2095, 0.2095, 0.2095, 0.2095, 0.2095, 0.2095, 0.2095, 0.2095, 0.2095, 0.2095, 0.2095, 0.2095, 0.2095, 0.2095, 0.2095, 0.2095, 0.2095, 0.2095, 0.2095, 0.2095]","[-0.0169, 0.0058, 0.0537, 0.0718, 0.0977, 0.0961, 0.1765, 0.1555, 0.1741, 0.1661, 0.2017, 0.2404, 0.2516, 0.3145, 0.2814, 0.3545, 0.3492, 0.4105, 0.3824, 0.434, 0.3927, 0.4127, 0.5024, 0.448, 0.4946, 0.5062, 0.5944, 0.5886, 0.5643, 0.5889, 0.6735, 0.6215, 0.7119, 0.6762, 0.7158, 0.7735, 0.7491, 0.7861, 0.8392, 0.8259, 0.8192, 0.8568, 0.8781, 0.8639, 0.9099, 0.9045, 0.9204, 0.9953, 1.0388, 0.9812, 1.0188, 1.039, 1.109, 1.1364, 1.1702, 1.1173, 1.1236, 1.2157, 1.2023, 1.1857, 1.2488, 1.2753, 1.2569, 1.3296, 1.3656, 1.3742, 1.3652, 1.4084, 1.4204, 1.4052, 1.454, 1.4944, 1.4952, 1.4907, 1.5243, 1.5392, 1.558, 1.5776, 1.5781, 1.6395]","[1.683, 1.6796, 1.7167, 1.7439, 1.8294, 1.782, 1.8311, 1.8938, 2.0026, 2.1219, 2.1452, 2.1069, 2.1452, 2.1452, 2.1452, 2.1452, 2.1452, 2.1452, 2.1111, 2.1452, 2.1452, 2.1452]","[0.0522, 0.104, 0.1119, 0.1633, 0.2228, 0.2954, 0.3114, 0.3265, 0.4036, 0.4431, 0.517, 0.5634, 0.5722, 0.6502, 0.6734, 0.7399, 0.794, 0.8223, 0.8223, 0.9016, 0.9117, 0.9124]","[1.8234, 1.8616, 1.5662, 1.471, 1.7886, 1.5595, 1.8083, 1.7362, 1.9148, 1.8616, 1.884, 1.6209, 1.8293, 1.6407, 1.8075, 1.74, 1.7839, 1.6789, 1.4421, 1.5685, 1.4743, 1.8967]"
90.1,2025-02-13T16:13:00.000Z,2025-02-13T09:55:00.000Z,22137,USDJPY,LONG,London Open Liquidity Scalp,1.9029,0.3,47.35,-0.3969,3.3212,148.77,149.399,149.399,148.77,3.0,148.837,149.345,148.668,149.345,3.0,0.9,9.2,TP,378,closed,47.35,1.9,149.399,148.77,3.4282,0.573,1.4183,0.0679,false,true,Thursday,9,16,February,2025,6.3,22680000,148.668,148.837,12092.15,12182.25,6.0,0.3916,1.0,true,false,true,8801,London Open Liquidity Scalp — QA 200,"[0.0518, 0.1271, 0.2977, 0.2977, 0.5585, 0.5757, 0.6057, 0.7208, 0.7416, 0.7416, 0.7416, 0.9187, 0.9187, 1.0193, 1.0193, 1.0193, 1.0193, 1.1923, 1.1923, 1.1923, 1.1923, 1.1923, 1.1923, 1.3807, 1.4806, 1.4806, 1.4806, 1.4806, 1.5182, 1.5182, 1.6293, 1.6411, 1.7393, 1.7814, 1.7814, 1.7976, 2.0001, 2.0582, 2.0726, 2.0956, 2.0956, 2.0956, 2.0956, 2.1685, 2.1685, 2.1799, 2.2249, 2.5132, 2.5132, 2.5132, 2.6242, 2.6278, 2.6278, 2.6278, 2.7458, 2.7458, 2.8036, 2.8036, 2.8036, 3.0358, 3.0358, 3.0358, 3.1054, 3.1054, 3.1054, 3.2849, 3.2849, 3.3058, 3.3058, 3.3212, 3.3212, 3.3212, 3.3212, 3.3212, 3.3212]","[0.0274, 0.0344, 0.1517, 0.1714, 0.1714, 0.2049, 0.2049, 0.2049, 0.2049, 0.2049, 0.2049, 0.2049, 0.2049, 0.2197, 0.2197, 0.2197, 0.2197, 0.2197, 0.3322, 0.3322, 0.3322, 0.3322, 0.3322, 0.3322, 0.3322, 0.3322, 0.3737, 0.3737, 0.3737, 0.3737, 0.3737, 0.3737, 0.3737, 0.3737, 0.3737, 0.3737, 0.3737, 0.3969, 0.3969, 0.3969, 0.3969, 0.3969, 0.3969, 0.3969, 0.3969, 0.3969, 0.3969, 0.3969, 0.3969, 0.3969, 0.3969, 0.3969, 0.3969, 0.3969, 0.3969, 0.3969, 0.3969, 0.3969, 0.3969, 0.3969, 0.3969, 0.3969, 0.3969, 0.3969, 0.3969, 0.3969, 0.3969, 0.3969, 0.3969, 0.3969, 0.3969, 0.3969, 0.3969, 0.3969, 0.3969]","[0.0456, 0.0615, 0.1109, 0.1366, 0.0829, 0.1523, 0.1339, 0.2072, 0.229, 0.2917, 0.2937, 0.3279, 0.3415, 0.3541, 0.4136, 0.3659, 0.394, 0.4773, 0.4602, 0.5123, 0.5619, 0.5633, 0.605, 0.648, 0.6245, 0.657, 0.6991, 0.7513, 0.6954, 0.7818, 0.7828, 0.7875, 0.8681, 0.885, 0.8767, 0.9156, 0.9374, 0.9773, 0.984, 1.0398, 1.0173, 1.0232, 1.1059, 1.1585, 1.1257, 1.1505, 1.1732, 1.1771, 1.2172, 1.3031, 1.2933, 1.281, 1.3731, 1.3891, 1.4218, 1.4293, 1.4307, 1.447, 1.5118, 1.4859, 1.5436, 1.5792, 1.5564, 1.6367, 1.6718, 1.6977, 1.7282, 1.7401, 1.7561, 1.8201, 1.7976, 1.8545, 1.8343, 1.8941, 1.9029]","[2.0022, 2.0294, 2.0883, 2.0542, 2.0963, 2.0534, 2.1686, 2.1199]","[0.0265, 0.0704, 0.1446, 0.1558, 0.2148, 0.2436, 0.2737, 0.3386]","[1.9192, 1.8466, 1.7131, 2.0291, 1.974, 1.8252, 1.7154, 2.0373]"
101.45,2024-06-20T11:51:00.000Z,2024-06-20T09:52:00.000Z,22138,GBPUSD,LONG,London Open Liquidity Scalp,2.2844,0.19,44.41,-0.2856,3.7056,1.28188,1.29116,1.29116,1.28188,3.0,1.28254,1.28952,1.28021,1.28952,3.5,1.2,10.0,TP,119,closed,44.41,2.28,1.29116,1.28188,3.7141,0.6165,1.4212,0.1731,false,false,Thursday,9,11,June,2024,1.9833,7140000,1.28021,1.28254,12182.25,12283.7,7.0,0.3645,1.0,false,false,true,8801,London Open Liquidity Scalp — QA 200,"[0.3918, 0.4348, 0.4348, 0.4348, 0.5652, 0.5652, 0.5652, 0.6835, 0.7594, 0.7594, 0.7594, 0.7594, 0.7713, 0.9042, 0.9042, 0.9598, 1.0517, 1.1532, 1.2476, 1.2476, 1.2875, 1.2875, 1.2875, 1.4906, 1.4906, 1.5377, 1.5377, 1.5377, 1.5377, 1.5724, 1.5863, 1.7432, 1.7432, 1.8888, 1.8888, 1.8932, 1.8932, 1.942, 2.111, 2.111, 2.111, 2.2909, 2.2909, 2.2909, 2.2909, 2.2909, 2.3074, 2.5802, 2.5802, 2.6644, 2.7, 2.7944, 2.7944, 2.7944, 2.7944, 2.9506, 3.024, 3.024, 3.024, 3.1243, 3.1508, 3.1508, 3.3065, 3.3065, 3.3065, 3.3065, 3.3986, 3.5321, 3.5321, 3.5321, 3.5321, 3.7056, 3.7056, 3.7056, 3.7056, 3.7056, 3.7056, 3.7056, 3.7056, 3.7056]","[0.1683, 0.1683, 0.1683, 0.1683, 0.2108, 0.2108, 0.2108, 0.2108, 0.2108, 0.2108, 0.2108, 0.2108, 0.2108, 0.2366, 0.2833, 0.2856, 0.2856, 0.2856, 0.2856, 0.2856, 0.2856, 0.2856, 0.2856, 0.2856, 0.2856, 0.2856, 0.2856, 0.2856, 0.2856, 0.2856, 0.2856, 0.2856, 0.2856, 0.2856, 0.2856, 0.2856, 0.2856, 0.2856, 0.2856, 0.2856, 0.2856, 0.2856, 0.2856, 0.2856, 0.2856, 0.2856, 0.2856, 0.2856, 0.2856, 0.2856, 0.2856, 0.2856, 0.2856, 0.2856, 0.2856, 0.2856, 0.2856, 0.2856, 0.2856, 0.2856, 0.2856, 0.2856, 0.2856, 0.2856, 0.2856, 0.2856, 0.2856, 0.2856, 0.2856, 0.2856, 0.2856, 0.2856, 0.2856, 0.2856, 0.2856, 0.2856, 0.2856, 0.2856, 0.2856, 0.2856]","[0.0008, 0.0347, 0.1279, 0.1561, 0.187, 0.161, 0.161, 0.2351, 0.2242, 0.2693, 0.3479, 0.3506, 0.3717, 0.4006, 0.4691, 0.4279, 0.4734, 0.5554, 0.5768, 0.5811, 0.5868, 0.672, 0.6148, 0.6929, 0.7344, 0.7456, 0.7883, 0.8334, 0.7851, 0.8721, 0.8856, 0.9458, 0.9432, 1.0151, 0.9781, 1.0492, 1.0602, 1.0938, 1.073, 1.1608, 1.141, 1.1999, 1.2081, 1.2997, 1.2651, 1.2964, 1.3171, 1.3289, 1.3578, 1.4309, 1.4926, 1.5047, 1.5194, 1.5014, 1.5915, 1.5951, 1.6606, 1.6878, 1.6745, 1.6815, 1.7094, 1.7474, 1.8086, 1.8106, 1.8468, 1.9296, 1.9119, 1.9747, 1.9786, 2.0155, 1.991, 2.0154, 2.0635, 2.1467, 2.1202, 2.1428, 2.157, 2.2224, 2.2892, 2.2844]","[2.3831, 2.3648, 2.3258, 2.3624, 2.4064, 2.5207, 2.4823, 2.4356, 2.5419, 2.6174, 2.6094, 2.6701, 2.7458, 2.7225, 2.7926, 2.7478]","[0.0215, 0.094, 0.1138, 0.1917, 0.2392, 0.268, 0.3192, 0.3884, 0.4359, 0.4393, 0.4838, 0.4898, 0.5648, 0.6063, 0.6759, 0.7532]","[2.2662, 2.2629, 2.1057, 2.4011, 2.4549, 2.5409, 2.561, 2.2244, 2.3796, 2.2721, 2.4624, 2.1009, 2.1243, 2.441, 2.2422, 2.2215]"
40.01,2025-04-08T15:15:00.000Z,2025-04-08T14:27:00.000Z,22139,NQ,LONG,London Open Liquidity Scalp,0.8052,0.6,49.69,-0.1908,1.2545,18603.59728,18609.57045,18609.57045,18603.59728,1.5,18604.38587,18607.71327,18600.25309,18610.58504,4.5,0.75,5.0,Trailing SL,48,closed,49.69,0.81,18609.57045,18603.59728,1.3549,0.6418,0.4493,0.1545,false,false,Tuesday,14,15,April,2025,0.8,2880000,18600.25309,18604.38587,12283.7,12323.71,9.0,0.4045,1.0,true,false,false,8801,London Open Liquidity Scalp — QA 200,"[0.1461, 0.506, 0.7007, 0.8394, 0.989, 0.9891, 0.9891, 1.2545, 1.2545]","[0.1735, 0.1735, 0.1908, 0.1908, 0.1908, 0.1908, 0.1908, 0.1908, 0.1908]","[0.0832, 0.1501, 0.2953, 0.3921, 0.4558, 0.5585, 0.6186, 0.7592, 0.8052]","[0.7618, 0.797, 0.8321, 0.8885, 0.931, 0.9114, 0.9808, 0.9527, 1.0712, 1.1782, 1.2019, 1.2145, 1.1763, 1.2118, 1.2578, 1.3554, 1.3468]","[0.0193, 0.0897, 0.1285, 0.1309, 0.1934, 0.268, 0.3475, 0.3908, 0.4199, 0.4512, 0.4978, 0.5164, 0.5837, 0.6551, 0.7009, 0.7281, 0.7938]","[0.8747, 1.094, 1.0954, 0.6228, 0.69, 0.9958, 0.8001, 0.7797, 1.0961, 0.891, 1.0322, 0.9915, 0.949, 0.6389, 0.725, 0.7403, 0.7308]"
-20.61,2024-08-30T13:45:00.000Z,2024-08-30T13:21:00.000Z,22140,GBPUSD,SHORT,London Open Liquidity Scalp,-0.4094,0.35,50.34,-0.537,0.9881,1.24634,1.24415,1.24634,1.24415,3.0,1.24557,1.24616,1.24701,1.24126,3.5,1.2,10.0,STOP_OUT,24,closed,50.34,0.41,1.24415,1.24634,1.276,0.4143,0.2469,0.1159,false,false,Friday,13,13,August,2024,0.4,1440000,1.24701,1.24557,12323.71,12303.1,7.0,0.4085,1.0,false,false,true,8801,London Open Liquidity Scalp — QA 200,"[0.3746, 0.4159, 0.4159, 0.4692, 0.4692, 0.4692, 0.4692, 0.4692, 0.5241, 0.7784, 0.7784, 0.7784, 0.7784, 0.9685, 0.9685, 0.983, 0.983, 0.983, 0.9881, 0.9881, 0.9881, 0.9881, 0.9881, 0.9881]","[0.1568, 0.1568, 0.1817, 0.1817, 0.2888, 0.3337, 0.3337, 0.346, 0.3839, 0.3839, 0.4396, 0.4396, 0.4396, 0.528, 0.528, 0.528, 0.528, 0.528, 0.537, 0.537, 0.537, 0.537, 0.537, 0.537]","[-0.0051, -0.0463, -0.021, -0.0759, -0.0582, -0.1447, -0.0831, -0.0935, -0.1106, -0.1412, -0.2041, -0.1659, -0.2498, -0.278, -0.2439, -0.254, -0.2594, -0.3361, -0.3517, -0.3033, -0.3927, -0.3711, -0.4326, -0.4094]","[0.481, 0.4794, 0.4411, 0.4029, 0.4283, 0.4149, 0.4178, 0.3679, 0.4228, 0.3749, 0.419, 0.4541]","[0.0061, 0.0237, 0.032, 0.0809, 0.1281, 0.184, 0.2156, 0.2222, 0.2335, 0.3128, 0.317, 0.3467]","[-0.2853, -0.1242, -0.3624, -0.2551, -0.1999, -0.3523, -0.4516, -0.4239, -0.2941, -0.3925, -0.2292, -0.5393]"
65.14,2023-12-17T12:56:00.000Z,2023-12-17T07:31:00.000Z,22141,EURUSD,LONG,London Open Liquidity Scalp,1.205,0.22,54.06,-0.4265,1.6497,1.07592,1.08111,1.08111,1.07592,1.5,1.07699,1.08074,1.07449,1.08074,3.0,0.8,10.0,TP,325,closed,54.06,1.21,1.08111,1.07592,1.8503,0.7304,0.4447,0.2098,false,true,Monday,7,12,December,2023,5.4167,19500000,1.07449,1.07699,12303.1,12368.24,6.0,0.4394,1.0,false,false,true,8801,London Open Liquidity Scalp — QA 200,"[0.2393, 0.4558, 0.5663, 0.5663, 0.5663, 0.6088, 0.7392, 0.7661, 1.0541, 1.1093, 1.1093, 1.2919, 1.2919, 1.3884, 1.4878, 1.4878, 1.4878, 1.4878, 1.5128, 1.6497, 1.6497]","[0.1929, 0.1929, 0.2617, 0.2617, 0.2897, 0.2897, 0.3917, 0.3917, 0.3917, 0.3917, 0.3917, 0.3917, 0.4265, 0.4265, 0.4265, 0.4265, 0.4265, 0.4265, 0.4265, 0.4265, 0.4265]","[0.0651, 0.0841, 0.189, 0.2516, 0.2487, 0.3025, 0.4076, 0.4303, 0.5137, 0.5798, 0.6072, 0.6657, 0.7319, 0.8156, 0.8295, 0.9104, 0.9749, 1.03, 1.1123, 1.1252, 1.205]","[1.1658, 1.1705, 1.1887, 1.2068, 1.291, 1.3934, 1.3551, 1.3851, 1.4475, 1.4273, 1.3859, 1.3467, 1.4473, 1.4328, 1.4559]","[0.0751, 0.1112, 0.1266, 0.1371, 0.176, 0.1867, 0.2425, 0.3139, 0.3822, 0.415, 0.4799, 0.5003, 0.511, 0.5331, 0.5479]","[1.1373, 1.4932, 1.4443, 1.2021, 1.1863, 1.2477, 1.4432, 1.2673, 1.2496, 1.3541, 1.3956, 1.299, 1.0322, 1.0405, 1.3799]"
76.34,2025-03-19T17:28:00.000Z,2025-03-19T13:06:00.000Z,22142,EURUSD,SHORT,London Open Liquidity Scalp,1.7908,0.2,42.63,-0.3817,3.2874,1.09184,1.08389,1.09184,1.08389,2.0,1.09101,1.08713,1.09318,1.08668,3.0,0.8,10.0,MANUAL,262,closed,42.63,1.79,1.08389,1.09184,3.4333,0.5447,1.4966,0.0312,false,true,Wednesday,13,17,March,2025,4.3667,15720000,1.09318,1.09101,12368.24,12444.58,6.0,0.3447,1.0,false,false,true,8801,London Open Liquidity Scalp — QA 200,"[0.1991, 0.2739, 0.4398, 0.4398, 0.4398, 0.5274, 0.6815, 0.6815, 0.6815, 0.6815, 0.6815, 0.6815, 0.704, 0.8228, 0.8312, 1.0116, 1.0703, 1.0703, 1.0703, 1.208, 1.208, 1.2904, 1.2904, 1.2904, 1.3238, 1.3238, 1.3458, 1.417, 1.417, 1.4481, 1.4481, 1.7005, 1.7005, 1.7005, 1.78, 1.78, 1.7979, 1.7979, 1.7979, 1.8794, 1.8794, 2.0423, 2.0447, 2.0447, 2.0447, 2.1718, 2.1718, 2.2959, 2.3633, 2.3786, 2.3786, 2.4517, 2.4517, 2.5047, 2.6205, 2.6205, 2.6231, 2.6231, 2.7867, 2.7867, 2.7867, 2.9341, 2.9815, 2.9815, 2.9815, 2.9815, 3.0386, 3.1825, 3.1825, 3.1825, 3.1825, 3.2812, 3.2874, 3.2874, 3.2874, 3.2874, 3.2874, 3.2874, 3.2874, 3.2874]","[0.0173, 0.211, 0.211, 0.211, 0.211, 0.211, 0.2558, 0.2558, 0.2628, 0.2628, 0.2628, 0.2628, 0.2628, 0.2628, 0.2628, 0.2628, 0.2628, 0.2628, 0.2628, 0.2754, 0.2754, 0.2754, 0.3463, 0.3463, 0.3463, 0.3631, 0.3631, 0.3631, 0.3631, 0.3778, 0.3778, 0.3778, 0.3778, 0.3778, 0.3778, 0.3817, 0.3817, 0.3817, 0.3817, 0.3817, 0.3817, 0.3817, 0.3817, 0.3817, 0.3817, 0.3817, 0.3817, 0.3817, 0.3817, 0.3817, 0.3817, 0.3817, 0.3817, 0.3817, 0.3817, 0.3817, 0.3817, 0.3817, 0.3817, 0.3817, 0.3817, 0.3817, 0.3817, 0.3817, 0.3817, 0.3817, 0.3817, 0.3817, 0.3817, 0.3817, 0.3817, 0.3817, 0.3817, 0.3817, 0.3817, 0.3817, 0.3817, 0.3817, 0.3817, 0.3817]","[0.0503, 0.0543, 0.0746, 0.0675, 0.1222, 0.1722, 0.1732, 0.1541, 0.2085, 0.2508, 0.2453, 0.3126, 0.2514, 0.2759, 0.3149, 0.3687, 0.4217, 0.3635, 0.4042, 0.4498, 0.4348, 0.4547, 0.5515, 0.4925, 0.5749, 0.5766, 0.5852, 0.641, 0.6785, 0.6897, 0.7272, 0.7231, 0.7421, 0.7995, 0.8261, 0.8114, 0.8689, 0.8349, 0.9142, 0.9077, 0.906, 0.9247, 0.9201, 0.9998, 1.0393, 0.9862, 1.0858, 1.0932, 1.0936, 1.1064, 1.1465, 1.2028, 1.191, 1.2334, 1.2008, 1.211, 1.2586, 1.2572, 1.3008, 1.3763, 1.3491, 1.4308, 1.4314, 1.421, 1.4346, 1.4431, 1.521, 1.52, 1.5345, 1.5627, 1.5673, 1.6369, 1.6333, 1.6791, 1.6801, 1.7282, 1.7412, 1.7857, 1.7732, 1.7908]","[1.8877, 1.8812, 1.9216, 1.8721, 1.8318, 1.8155, 1.9132, 1.8757]","[0.0529, 0.0765, 0.1105, 0.1651, 0.1997, 0.2164, 0.2705, 0.3436]","[2.0308, 1.6096, 1.7735, 1.8665, 1.8093, 1.6821, 2.0769, 1.9983]"
68.7,2024-07-05T21:34:00.000Z,2024-07-05T15:34:00.000Z,22143,EURUSD,LONG,London Open Liquidity Scalp,1.2532,0.25,54.82,-0.376,2.0769,1.08086,1.08627,1.08627,1.08086,1.5,1.08169,1.08445,1.07949,1.085,3.0,0.8,10.0,Trailing SL,360,closed,54.82,1.25,1.08627,1.08086,2.4697,0.6034,0.8237,0.0368,false,true,Friday,15,21,July,2024,6.0,21600000,1.07949,1.08169,12444.58,12513.28,6.0,0.4405,1.0,false,false,false,8801,London Open Liquidity Scalp — QA 200,"[0.2108, 0.2108, 0.4722, 0.4722, 0.4745, 0.4745, 0.4745, 0.4745, 0.4745, 0.5142, 0.5142, 0.7163, 0.7163, 0.7163, 0.7163, 0.7609, 0.7609, 0.7609, 0.7609, 0.7609, 0.7609, 0.7609, 0.9683, 1.0519, 1.0754, 1.0918, 1.0918, 1.0918, 1.0933, 1.0933, 1.0933, 1.0933, 1.1747, 1.2162, 1.3147, 1.3573, 1.3573, 1.3848, 1.3848, 1.4092, 1.4092, 1.4092, 1.4092, 1.6572, 1.6572, 1.6572, 1.6572, 1.6572, 1.7479, 1.7527, 1.7527, 1.7527, 1.793, 1.793, 1.9016, 1.9016, 2.0138, 2.0138, 2.0138, 2.0138, 2.0138, 2.0138, 2.0412, 2.0412, 2.0769, 2.0769, 2.0769, 2.0769, 2.0769, 2.0769, 2.0769, 2.0769]","[0.2136, 0.2136, 0.2598, 0.2598, 0.2598, 0.2598, 0.2598, 0.2598, 0.2598, 0.2598, 0.2598, 0.2598, 0.3025, 0.3025, 0.3025, 0.3025, 0.3025, 0.3025, 0.3254, 0.3254, 0.3254, 0.3645, 0.3645, 0.3645, 0.3645, 0.3645, 0.3645, 0.365, 0.365, 0.365, 0.365, 0.365, 0.365, 0.365, 0.376, 0.376, 0.376, 0.376, 0.376, 0.376, 0.376, 0.376, 0.376, 0.376, 0.376, 0.376, 0.376, 0.376, 0.376, 0.376, 0.376, 0.376, 0.376, 0.376, 0.376, 0.376, 0.376, 0.376, 0.376, 0.376, 0.376, 0.376, 0.376, 0.376, 0.376, 0.376, 0.376, 0.376, 0.376, 0.376, 0.376, 0.376]","[0.0385, 0.0582, 0.0524, 0.1078, 0.0501, 0.1461, 0.1381, 0.1615, 0.1946, 0.1881, 0.1939, 0.1706, 0.2199, 0.255, 0.2545, 0.3121, 0.3185, 0.3313, 0.375, 0.3797, 0.3821, 0.34, 0.3989, 0.3829, 0.4041, 0.4189, 0.436, 0.5135, 0.5255, 0.5169, 0.5153, 0.5581, 0.5405, 0.6093, 0.5654, 0.6048, 0.6537, 0.6371, 0.7053, 0.654, 0.6816, 0.7059, 0.7578, 0.8102, 0.7783, 0.8246, 0.8252, 0.8446, 0.8083, 0.8421, 0.8811, 0.9027, 0.9596, 0.898, 0.985, 1.0138, 0.9828, 0.967, 1.042, 1.0476, 1.0367, 1.0803, 1.1115, 1.1007, 1.1235, 1.1537, 1.1637, 1.1828, 1.1847, 1.1851, 1.2237, 1.2532]","[1.3481, 1.3296, 1.428, 1.5359, 1.5777, 1.6528, 1.6355, 1.751, 1.7438, 1.774, 1.8311, 1.8126, 1.7653, 1.8524, 1.814, 1.8623, 1.9588]","[0.0509, 0.1123, 0.1517, 0.1795, 0.2195, 0.2814, 0.2831, 0.3597, 0.4089, 0.4108, 0.4816, 0.5137, 0.5598, 0.6094, 0.6339, 0.67, 0.7337]","[1.4481, 1.2241, 1.5426, 1.1165, 1.5467, 1.4391, 1.1124, 1.089, 1.4747, 1.298, 1.1437, 1.226, 1.1293, 1.4847, 1.1264, 1.5455, 1.2484]"
-37.16,2025-07-29T16:43:00.000Z,2025-07-29T13:36:00.000Z,22144,EURUSD,SHORT,London Open Liquidity Scalp,-0.699,0.43,53.16,-1.1845,1.142,1.09659,1.09373,1.09659,1.09373,2.5,1.09513,1.09599,1.09636,1.09206,3.0,0.8,10.0,MANUAL,187,closed,53.16,0.7,1.09373,1.09659,1.3757,0.6121,0.5547,0.1713,true,true,Tuesday,13,16,July,2025,3.1167,11220000,1.09636,1.09513,12513.28,12476.12,6.0,0.4248,1.0,false,false,true,8801,London Open Liquidity Scalp — QA 200,"[0.2434, 0.3094, 0.3094, 0.3094, 0.3094, 0.3618, 0.3618, 0.3618, 0.4266, 0.4266, 0.7167, 0.7167, 0.7167, 0.8065, 0.8065, 0.8093, 0.8093, 0.8093, 0.9301, 0.9301, 0.9301, 1.0199, 1.0199, 1.094, 1.094, 1.094, 1.094, 1.094, 1.094, 1.094, 1.142, 1.142, 1.142, 1.142, 1.142, 1.142, 1.142]","[0.0993, 0.1787, 0.1787, 0.3649, 0.3649, 0.4184, 0.4663, 0.4663, 0.4663, 0.5034, 0.5034, 0.6006, 0.6006, 0.6006, 0.6006, 0.6006, 0.7235, 0.771, 0.771, 0.771, 0.771, 0.8441, 0.9376, 0.9428, 1.0047, 1.0047, 1.0047, 1.0047, 1.0047, 1.1615, 1.1615, 1.1615, 1.1845, 1.1845, 1.1845, 1.1845, 1.1845]","[-0.0595, -0.0537, -0.0189, -0.0925, -0.0569, -0.0691, -0.1163, -0.1095, -0.1833, -0.1538, -0.2362, -0.2031, -0.262, -0.2301, -0.3016, -0.2587, -0.3386, -0.3219, -0.3636, -0.347, -0.3833, -0.4216, -0.4659, -0.4402, -0.4816, -0.4599, -0.4746, -0.5173, -0.5567, -0.5406, -0.5601, -0.594, -0.591, -0.6254, -0.6948, -0.7127, -0.699]","[0.7192, 0.7621, 0.8196, 0.7725, 0.8645, 0.9805, 0.9655, 1.0655, 1.0667, 1.1076, 1.124, 1.1847, 1.2422, 1.2483, 1.2508, 1.2258, 1.2251, 1.3133, 1.2731, 1.3133]","[0.0126, 0.0603, 0.0753, 0.1201, 0.1846, 0.209, 0.2386, 0.2456, 0.285, 0.2953, 0.3208, 0.3266, 0.3423, 0.4194, 0.4381, 0.4592, 0.506, 0.5237, 0.5575, 0.6254]","[-0.765, -0.6348, -0.5851, -0.6968, -0.8014, -0.7031, -0.7126, -0.8314, -0.5263, -0.4414, -0.5483, -0.6476, -0.5829, -0.6061, -0.7025, -0.5119, -0.8054, -0.5, -0.4058, -0.7648]"
3.05,2024-02-08T13:51:00.000Z,2024-02-08T09:31:00.000Z,22145,GBPUSD,LONG,London Open Liquidity Scalp,0.0695,0.21,43.86,-0.1591,1.3215,1.24155,1.24468,1.24468,1.24155,3.0,1.24189,1.24189,1.23978,1.24821,3.5,1.2,10.0,BE,260,closed,43.86,0.07,1.24468,1.24155,1.3594,0.0526,1.252,0.0555,false,true,Thursday,9,13,February,2024,4.3333,15600000,1.23978,1.24189,12476.12,12479.17,7.0,0.3516,1.0,false,false,false,8801,London Open Liquidity Scalp — QA 200,"[0.0968, 0.1664, 0.3809, 0.3809, 0.3809, 0.3809, 0.3809, 0.3809, 0.3809, 0.3948, 0.3948, 0.3948, 0.4654, 0.5004, 0.5004, 0.6496, 0.6496, 0.6496, 0.6496, 0.6496, 0.7452, 0.7452, 0.7452, 0.7452, 0.7452, 0.7452, 0.7581, 0.8408, 0.8408, 0.8412, 0.8412, 0.8412, 0.9277, 0.9277, 0.9694, 0.9694, 0.9694, 0.9694, 1.0118, 1.0118, 1.0118, 1.0118, 1.0118, 1.0118, 1.0118, 1.0118, 1.0118, 1.0616, 1.1896, 1.1896, 1.1896, 1.1896, 1.1896, 1.1896, 1.1896, 1.1896, 1.1896, 1.2093, 1.2093, 1.31, 1.31, 1.3214, 1.3214, 1.3215, 1.3215, 1.3215, 1.3215, 1.3215, 1.3215, 1.3215, 1.3215, 1.3215, 1.3215, 1.3215, 1.3215, 1.3215, 1.3215, 1.3215, 1.3215, 1.3215]","[0.1143, 0.1143, 0.1591, 0.1591, 0.1591, 0.1591, 0.1591, 0.1591, 0.1591, 0.1591, 0.1591, 0.1591, 0.1591, 0.1591, 0.1591, 0.1591, 0.1591, 0.1591, 0.1591, 0.1591, 0.1591, 0.1591, 0.1591, 0.1591, 0.1591, 0.1591, 0.1591, 0.1591, 0.1591, 0.1591, 0.1591, 0.1591, 0.1591, 0.1591, 0.1591, 0.1591, 0.1591, 0.1591, 0.1591, 0.1591, 0.1591, 0.1591, 0.1591, 0.1591, 0.1591, 0.1591, 0.1591, 0.1591, 0.1591, 0.1591, 0.1591, 0.1591, 0.1591, 0.1591, 0.1591, 0.1591, 0.1591, 0.1591, 0.1591, 0.1591, 0.1591, 0.1591, 0.1591, 0.1591, 0.1591, 0.1591, 0.1591, 0.1591, 0.1591, 0.1591, 0.1591, 0.1591, 0.1591, 0.1591, 0.1591, 0.1591, 0.1591, 0.1591, 0.1591, 0.1591]","[-0.001, -0.0392, 0.0356, 0.0295, 0.0089, 0.0424, -0.0024, -0.0133, 0.0231, -0.0049, -0.0334, 0.0426, -0.0319, 0.0238, 0.0335, -0.0117, 0.0389, 0.0572, 0.0196, -0.0074, 0.051, 0.0258, 0.0287, -0.0103, -0.0034, 0.0339, 0.0498, 0.0367, -0.006, 0.0428, 0.0464, 0.0616, 0.0221, 0.0335, 0.0076, 0.0094, 0.0586, 0.0548, 0.0315, 0.0351, 0.0085, -0.0085, 0.0248, 0.0364, 0.0007, 0.0452, 0.0022, 0.0524, 0.0237, 0.0216, 0.064, 0.0183, 0.0876, 0.0431, 0.0238, 0.0881, 0.0845, 0.0828, 0.0651, 0.0199, 0.0134, 0.032, 0.0587, 0.0565, 0.0293, 0.039, 0.0459, 0.0795, 0.0606, 0.0383, 0.1014, 0.0453, 0.0783, 0.1079, 0.0556, 0.0759, 0.0938, 0.043, 0.1079, 0.0695]","[0.0361, 0, 0.0047, 0.0417, 0.1249, 0.1486, 0.2432, 0.238, 0.2856, 0.3879, 0.421, 0.4043]","[0.0731, 0.0748, 0.1305, 0.1945, 0.2478, 0.2617, 0.2975, 0.3298, 0.3825, 0.443, 0.4662, 0.467]","[0.259, -0.0491, -0.0524, 0.2633, -0.0742, 0.3657, -0.0789, -0.1053, 0.1684, -0.0675, 0.3268, 0.0813]"
-35.07,2023-12-12T11:24:00.000Z,2023-12-12T09:58:00.000Z,22146,USDJPY,LONG,London Open Liquidity Scalp,-0.674,0.27,52.03,-0.5055,0.4848,150.637,150.847,150.847,150.532,2.0,150.744,150.532,150.532,151.168,3.0,0.9,9.2,SL,86,closed,52.03,0.67,150.847,150.637,0.6299,1.3903,0.5466,0.2967,true,true,Tuesday,9,11,December,2023,1.4333,5160000,150.532,150.744,12479.17,12444.1,6.0,0.4169,1.0,true,false,true,8801,London Open Liquidity Scalp — QA 200,"[0.1465, 0.3694, 0.3694, 0.3694, 0.4848, 0.4848, 0.4848, 0.4848, 0.4848, 0.4848, 0.4848, 0.4848, 0.4848, 0.4848, 0.4848, 0.4848, 0.674]","[0.0808, 0.176, 0.2502, 0.2502, 0.3852, 0.3852, 0.3852, 0.4832, 0.4832, 0.494, 0.494, 0.5055, 0.5055, 0.5055, 0.5055, 0.5055, 0.5055]","[-0.0202, -0.0419, -0.0755, -0.2005, -0.229, -0.2617, -0.2431, -0.3124, -0.3688, -0.3646, -0.4146, -0.4609, -0.5556, -0.5953, -0.6361, -0.6197, -0.674]","[0.5575, 0.5575, 0.551, 0.5575, 0.5575, 0.5575, 0.5354, 0.5575]","[0.0709, 0.1459, 0.164, 0.2332, 0.3063, 0.3372, 0.3399, 0.3473]","[-0.8137, -0.4807, -0.8653, -0.5059, -0.8399, -0.5971, -0.4895, -0.5071]"
-45.58,2024-08-02T15:01:00.000Z,2024-08-02T08:40:00.000Z,22147,XAUUSD,SHORT,London Open Liquidity Scalp,-0.9794,2.68,46.54,-0.8605,0.8151,2084.9,2084.61,2084.921,2084.61,2.5,2084.751,2084.921,2084.924,2084.317,4.0,2.5,1.0,MANUAL,381,closed,46.54,0.98,2084.61,2084.9,1.2093,1.2016,0.4076,0.0283,false,true,Friday,8,15,August,2024,6.35,22860000,2084.924,2084.751,12444.1,12398.52,8.0,0.374,1.0,false,false,true,8801,London Open Liquidity Scalp — QA 200,"[0.0413, 0.1592, 0.2015, 0.2376, 0.2376, 0.4073, 0.4073, 0.4073, 0.4297, 0.4297, 0.4297, 0.4297, 0.4297, 0.4297, 0.4831, 0.4831, 0.5042, 0.5042, 0.5042, 0.5042, 0.5042, 0.5042, 0.5042, 0.5042, 0.5042, 0.5042, 0.6212, 0.6643, 0.6643, 0.6643, 0.6643, 0.6791, 0.6791, 0.6791, 0.6791, 0.701, 0.701, 0.701, 0.701, 0.701, 0.701, 0.7066, 0.7498, 0.7498, 0.7498, 0.7498, 0.7498, 0.7498, 0.7498, 0.7498, 0.7498, 0.7498, 0.7498, 0.7498, 0.7498, 0.7803, 0.7803, 0.8151, 0.8151, 0.8151, 0.8151, 0.8151, 0.8151, 0.8151, 0.8151, 0.8151, 0.8151, 0.8151, 0.8151, 0.8151, 0.8151, 0.8151, 0.8151, 0.8151, 0.8151, 0.9794]","[0.2601, 0.2601, 0.2655, 0.2866, 0.2866, 0.2997, 0.2997, 0.2997, 0.2997, 0.2997, 0.3442, 0.3442, 0.3442, 0.398, 0.398, 0.398, 0.4053, 0.4511, 0.4511, 0.4511, 0.4511, 0.4511, 0.4511, 0.4511, 0.4511, 0.4511, 0.4511, 0.4511, 0.4729, 0.4729, 0.4729, 0.4729, 0.4729, 0.5671, 0.5671, 0.5671, 0.6663, 0.6663, 0.6663, 0.6663, 0.6663, 0.6663, 0.6663, 0.6663, 0.6663, 0.6663, 0.6663, 0.6663, 0.6663, 0.7138, 0.7138, 0.7138, 0.7138, 0.7138, 0.7797, 0.7797, 0.8323, 0.8323, 0.8323, 0.8323, 0.8605, 0.8605, 0.8605, 0.8605, 0.8605, 0.8605, 0.8605, 0.8605, 0.8605, 0.8605, 0.8605, 0.8605, 0.8605, 0.8605, 0.8605, 0.8605]","[-0.0235, -0.0577, -0.022, -0.0733, -0.0953, -0.1049, -0.0627, -0.1074, -0.098, -0.1018, -0.1639, -0.1345, -0.1738, -0.1589, -0.2112, -0.2426, -0.2475, -0.1956, -0.2799, -0.2523, -0.2901, -0.2723, -0.3005, -0.2834, -0.3574, -0.3439, -0.3287, -0.3445, -0.4021, -0.3763, -0.3844, -0.3772, -0.4054, -0.4762, -0.4571, -0.432, -0.4734, -0.5002, -0.5174, -0.4925, -0.5222, -0.5152, -0.5378, -0.5437, -0.6071, -0.6179, -0.5648, -0.6221, -0.6753, -0.6083, -0.6725, -0.6859, -0.646, -0.719, -0.682, -0.7021, -0.6931, -0.7106, -0.7599, -0.8165, -0.7923, -0.8205, -0.8391, -0.8697, -0.8405, -0.8398, -0.9053, -0.8477, -0.8792, -0.9416, -0.925, -0.9224, -0.9068, -0.9247, -0.9382, -0.9794]","[0.9374, 0.9131, 0.9374, 0.8899, 0.9374, 0.9374, 0.9374, 0.9271, 0.9374, 0.927, 0.9374, 0.9022, 0.9374, 0.9276, 0.9012, 0.9374, 0.8884, 0.9374, 0.9091, 0.9374, 0.8895, 0.8794, 0.9374, 0.9374, 0.9374]","[0.007, 0.0683, 0.117, 0.1661, 0.1928, 0.2242, 0.2706, 0.3227, 0.37, 0.3725, 0.4377, 0.4645, 0.5076, 0.5144, 0.5711, 0.5838, 0.6303, 0.6895, 0.7261, 0.789, 0.8251, 0.8762, 0.9154, 0.9364, 0.9883]","[-0.9869, -0.8381, -0.9251, -0.8149, -1.1679, -0.7098, -0.7963, -0.8393, -1.1022, -0.9035, -0.9227, -1.0187, -0.807, -0.7004, -0.9304, -1.09, -0.7917, -0.9389, -0.9169, -1.0695, -0.8234, -0.7359, -0.8594, -1.0196, -1.1106]"
125.88,2025-04-18T18:22:00.000Z,2025-04-18T15:10:00.000Z,22148,XAUUSD,SHORT,London Open Liquidity Scalp,3.0391,1.52,41.42,-0.4203,4.7289,2064.985,2063.579,2064.985,2063.579,3.0,2064.87,2064.051,2065.143,2064.051,4.0,2.5,1.0,TP,192,closed,41.42,3.04,2063.579,2064.985,4.9755,0.6427,1.6898,0.316,false,true,Friday,15,18,April,2025,3.2,11520000,2065.143,2064.87,12398.52,12524.4,8.0,0.3341,1.0,true,false,true,8801,London Open Liquidity Scalp — QA 200,"[0.4334, 0.8191, 1.2105, 1.9488, 2.1382, 2.4688, 3.1348, 3.4798, 3.6756, 3.9913, 4.6064, 4.7289]","[0.2505, 0.3071, 0.3071, 0.3071, 0.3071, 0.3742, 0.3742, 0.3742, 0.3742, 0.4203, 0.4203, 0.4203]","[0.255, 0.463, 0.7302, 1.0105, 1.2577, 1.5529, 1.8162, 2.0314, 2.308, 2.5112, 2.7904, 3.0391]","[3.0302, 3.0932, 3.0495, 3.1536, 3.2418, 3.2682, 3.2683, 3.3043, 3.3174, 3.4307, 3.4094, 3.5041, 3.5126, 3.5777, 3.5944, 3.6184, 3.5723, 3.5777]","[0.0397, 0.0974, 0.1384, 0.1849, 0.1959, 0.22, 0.2845, 0.3318, 0.3995, 0.409, 0.4517, 0.4784, 0.4905, 0.5558, 0.5938, 0.6212, 0.6749, 0.6807]","[3.1445, 3.0467, 3.0119, 3.1054, 2.9208, 2.9226, 2.8933, 3.1021, 3.1487, 3.2185, 2.866, 2.8814, 2.932, 3.2202, 3.3122, 3.0935, 2.857, 2.9855]"
38.33,2024-10-02T19:26:00.000Z,2024-10-02T13:10:00.000Z,22149,XAUUSD,LONG,London Open Liquidity Scalp,0.7119,2.0,53.84,-0.3203,1.9449,1997.307,1997.918,1997.932,1997.307,2.0,1997.393,1997.932,1997.123,1997.932,4.0,2.5,1.0,TP,376,closed,53.84,0.71,1997.918,1997.307,2.1875,0.366,1.233,0.0867,false,true,Wednesday,13,19,October,2024,6.2667,22560000,1997.123,1997.393,12524.4,12562.73,8.0,0.4299,1.0,false,false,true,8801,London Open Liquidity Scalp — QA 200,"[0.2597, 0.2597, 0.3257, 0.3257, 0.3412, 0.5246, 0.5246, 0.5246, 0.5246, 0.5246, 0.6753, 0.6753, 0.6753, 0.6753, 0.6753, 0.7719, 0.7719, 0.8548, 0.8548, 0.8548, 0.8548, 0.8548, 0.9148, 0.9567, 0.9567, 0.9567, 1.025, 1.025, 1.025, 1.0903, 1.0903, 1.186, 1.186, 1.186, 1.2867, 1.3148, 1.3148, 1.3148, 1.3148, 1.3148, 1.3148, 1.3148, 1.3204, 1.4496, 1.4496, 1.5116, 1.5571, 1.5571, 1.6691, 1.6691, 1.6691, 1.6691, 1.6691, 1.6691, 1.765, 1.7919, 1.8665, 1.8665, 1.8665, 1.8665, 1.8665, 1.8665, 1.9449, 1.9449, 1.9449, 1.9449, 1.9449, 1.9449, 1.9449, 1.9449, 1.9449, 1.9449, 1.9449, 1.9449, 1.9449]","[0.2027, 0.2027, 0.2534, 0.2534, 0.2534, 0.2534, 0.2534, 0.2534, 0.2534, 0.2534, 0.2534, 0.2534, 0.2534, 0.2534, 0.2534, 0.2783, 0.2783, 0.2783, 0.2783, 0.2783, 0.2783, 0.3174, 0.3174, 0.3174, 0.3174, 0.3174, 0.3174, 0.3174, 0.3174, 0.3174, 0.3174, 0.3203, 0.3203, 0.3203, 0.3203, 0.3203, 0.3203, 0.3203, 0.3203, 0.3203, 0.3203, 0.3203, 0.3203, 0.3203, 0.3203, 0.3203, 0.3203, 0.3203, 0.3203, 0.3203, 0.3203, 0.3203, 0.3203, 0.3203, 0.3203, 0.3203, 0.3203, 0.3203, 0.3203, 0.3203, 0.3203, 0.3203, 0.3203, 0.3203, 0.3203, 0.3203, 0.3203, 0.3203, 0.3203, 0.3203, 0.3203, 0.3203, 0.3203, 0.3203, 0.3203]","[0.0128, -0.0187, 0.0446, 0.0304, 0.0452, 0.0405, 0.0234, 0.0974, 0.0562, 0.0825, 0.0716, 0.1077, 0.0844, 0.1593, 0.1225, 0.1325, 0.1982, 0.1469, 0.1677, 0.1837, 0.2261, 0.2008, 0.1735, 0.1914, 0.2283, 0.2864, 0.2793, 0.2506, 0.3085, 0.2986, 0.3058, 0.308, 0.349, 0.3219, 0.2996, 0.3079, 0.3951, 0.3295, 0.401, 0.4082, 0.3622, 0.4318, 0.3845, 0.3828, 0.4189, 0.456, 0.4577, 0.4106, 0.4963, 0.4701, 0.4623, 0.5139, 0.5479, 0.5301, 0.5066, 0.4942, 0.503, 0.5123, 0.5349, 0.5444, 0.5914, 0.6139, 0.6313, 0.5863, 0.6149, 0.5914, 0.6453, 0.651, 0.6961, 0.6534, 0.6939, 0.7093, 0.6605, 0.6694, 0.7119]","[0.7645, 0.7201, 0.7605, 0.7116, 0.8241, 0.8779, 0.8989, 0.9641, 1.0751, 1.1192, 1.0712]","[0.0175, 0.0361, 0.0628, 0.0747, 0.1136, 0.1764, 0.2105, 0.2409, 0.2457, 0.3077, 0.3319]","[0.9707, 0.8193, 0.7318, 0.8863, 0.7081, 1.0064, 0.7723, 0.7722, 0.9898, 0.9095, 0.6604]"
0.07,2024-11-19T12:28:00.000Z,2024-11-19T07:59:00.000Z,22150,GBPUSD,LONG,London Open Liquidity Scalp,0.0014,0.3,48.55,-0.1012,1.5837,1.2585,1.26124,1.26124,1.2585,2.0,1.25866,1.25866,1.25703,1.26192,3.5,1.2,10.0,BE,269,closed,48.55,0.0,1.26124,1.2585,1.7184,0.0009,1.5823,0.2852,false,true,Tuesday,7,12,November,2024,4.4833,16140000,1.25703,1.25866,12562.73,12562.8,7.0,0.3865,1.0,true,false,true,8801,London Open Liquidity Scalp — QA 200,"[0.2214, 0.4649, 0.4649, 0.4649, 0.6691, 0.6862, 0.9312, 0.9312, 1.1162, 1.2448, 1.2448, 1.495, 1.5837, 1.5837, 1.5837, 1.5837, 1.5837]","[0.0667, 0.1012, 0.1012, 0.1012, 0.1012, 0.1012, 0.1012, 0.1012, 0.1012, 0.1012, 0.1012, 0.1012, 0.1012, 0.1012, 0.1012, 0.1012, 0.1012]","[-0.0208, -0.0144, 0.013, -0.0423, -0.0121, 0.0157, -0.0255, 0.0389, -0.0156, 0.0137, 0.032, -0.0053, -0.0156, 0.0447, -0.0085, 0.0116, 0.0014]","[0, 0.0369, 0.1105, 0.061, 0.152, 0.2502, 0.2119, 0.2052, 0.2174, 0.277, 0.3665, 0.4134, 0.3848, 0.4407, 0.4654, 0.4374, 0.5185, 0.4693, 0.5857, 0.624]","[0.0607, 0.0949, 0.165, 0.2419, 0.2676, 0.3184, 0.3728, 0.3782, 0.4262, 0.5019, 0.5808, 0.5809, 0.5989, 0.66, 0.6728, 0.6891, 0.7003, 0.78, 0.7868, 0.8615]","[0.1382, 0.0355, -0.0879, -0.1651, 0.1735, 0.1459, -0.0606, 0.0109, 0.2994, -0.0227, 0.1987, 0.2689, 0.2408, 0.1099, 0.1427, 0.0031, 0.2869, -0.133, -0.065, 0.2483]"
0.96,2024-05-01T14:45:00.000Z,2024-05-01T14:21:00.000Z,22151,USDJPY,LONG,London Open Liquidity Scalp,0.0235,0.26,40.81,-0.3437,0.8038,150.286,150.48,150.48,150.286,1.5,150.344,150.354,150.175,150.598,3.0,0.9,9.2,BE,24,closed,40.81,0.02,150.48,150.286,0.8552,0.0292,0.2306,0.2513,false,true,Wednesday,14,14,May,2024,0.4,1440000,150.175,150.344,12562.8,12563.76,6.0,0.3248,1.0,true,false,true,8801,London Open Liquidity Scalp — QA 200,"[0.3596, 0.3596, 0.3596, 0.3596, 0.3596, 0.4431, 0.4431, 0.4431, 0.4802, 0.4802, 0.5422, 0.5422, 0.5769, 0.5769, 0.7289, 0.7289, 0.8038, 0.8038, 0.8038, 0.8038, 0.8038, 0.8038, 0.8038, 0.8038]","[0.2297, 0.2297, 0.2297, 0.2764, 0.2764, 0.2764, 0.2764, 0.2764, 0.2764, 0.2764, 0.2764, 0.2764, 0.2764, 0.2764, 0.2764, 0.2764, 0.2764, 0.2764, 0.3437, 0.3437, 0.3437, 0.3437, 0.3437, 0.3437]","[0.0262, 0.0032, 0.0175, -0.0396, 0.019, 0.0027, -0.0231, 0.0089, -0.0167, 0.0359, -0.0012, 0.0037, 0.0502, 0.0476, 0.0513, 0.0394, 0.0449, 0.0204, 0.0145, 0.0189, 0.029, 0.0297, 0.0617, 0.0235]","[0.0559, 0.0397, 0.0414, 0.0462, 0.0422, 0.0989, 0.2024, 0.213, 0.3228, 0.3126, 0.3549, 0.3433, 0.2969, 0.3828, 0.3461, 0.4184, 0.4241, 0.4423, 0.4082, 0.4637, 0.4271, 0.4357, 0.4457, 0.541]","[0.0219, 0.0892, 0.1607, 0.1939, 0.2112, 0.2393, 0.3075, 0.3562, 0.4229, 0.4626, 0.4844, 0.526, 0.6016, 0.654, 0.6734, 0.7363, 0.797, 0.8001, 0.8102, 0.8706, 0.8776, 0.9029, 0.936, 0.9989]","[0.1781, 0.1743, -0.0626, 0.0293, 0.0463, -0.011, 0.2483, 0.1781, 0.1129, 0.122, 0.0067, 0.2236, 0.1912, 0.1813, 0.2062, 0.007, 0.127, 0.2793, 0.1274, 0.1197, -0.0525, 0.2799, 0.2931, 0.0706]"
-0.43,2024-12-09T20:39:00.000Z,2024-12-09T14:32:00.000Z,22152,XAUUSD,SHORT,London Open Liquidity Scalp,-0.0102,2.97,42.18,-0.1815,0.3476,2019.042,2018.967,2019.042,2018.967,3.0,2019.016,2019.006,2019.158,2018.59,4.0,2.5,1.0,BE,367,closed,42.18,0.01,2018.967,2019.042,0.6227,0.0293,0.4879,0.1217,false,false,Monday,14,20,December,2024,6.1167,22020000,2019.158,2019.016,12563.76,12563.33,8.0,0.3357,1.0,false,false,true,8801,London Open Liquidity Scalp — QA 200,"[0.2404, 0.3476, 0.3476, 0.3476, 0.3476, 0.3476, 0.3476, 0.3476, 0.3476, 0.3476, 0.3476, 0.3476, 0.3476, 0.3476, 0.3476, 0.3476, 0.3476, 0.3476, 0.3476, 0.3476, 0.3476, 0.3476, 0.3476, 0.3476, 0.3476, 0.3476, 0.3476, 0.3476, 0.3476, 0.3476, 0.3476, 0.3476, 0.3476, 0.3476, 0.3476, 0.3476, 0.3476, 0.3476, 0.3476, 0.3476, 0.3476, 0.3476, 0.3476, 0.3476, 0.3476, 0.3476, 0.3476, 0.3476, 0.3476, 0.3476, 0.3476, 0.3476, 0.3476, 0.3476, 0.3476, 0.3476, 0.3476, 0.3476, 0.3476, 0.3476, 0.3476, 0.3476, 0.3476, 0.3476, 0.3476, 0.3476, 0.3476, 0.3476, 0.3476, 0.3476, 0.3476, 0.3476, 0.3476, 0.3476, 0.3476, 0.3476, 0.3476, 0.3476, 0.3476, 0.3476]","[0.1815, 0.1815, 0.1815, 0.1815, 0.1815, 0.1815, 0.1815, 0.1815, 0.1815, 0.1815, 0.1815, 0.1815, 0.1815, 0.1815, 0.1815, 0.1815, 0.1815, 0.1815, 0.1815, 0.1815, 0.1815, 0.1815, 0.1815, 0.1815, 0.1815, 0.1815, 0.1815, 0.1815, 0.1815, 0.1815, 0.1815, 0.1815, 0.1815, 0.1815, 0.1815, 0.1815, 0.1815, 0.1815, 0.1815, 0.1815, 0.1815, 0.1815, 0.1815, 0.1815, 0.1815, 0.1815, 0.1815, 0.1815, 0.1815, 0.1815, 0.1815, 0.1815, 0.1815, 0.1815, 0.1815, 0.1815, 0.1815, 0.1815, 0.1815, 0.1815, 0.1815, 0.1815, 0.1815, 0.1815, 0.1815, 0.1815, 0.1815, 0.1815, 0.1815, 0.1815, 0.1815, 0.1815, 0.1815, 0.1815, 0.1815, 0.1815, 0.1815, 0.1815, 0.1815, 0.1815]","[-0.0084, -0.0084, 0.0414, -0.0374, 0.0174, 0.0144, 0.009, -0.0394, 0.0435, -0.027, 0.0235, -0.0423, -0.0226, 0.0025, 0.0192, 0.0108, 0.0262, 0.0202, 0.0415, -0.0358, 0.0059, -0.0457, -0.0472, 0.0174, 0.0006, -0.0317, -0.0181, -0.0125, 0.0208, -0.016, -0.0201, 0.016, -0.0377, -0.005, -0.0231, 0.0249, -0.0149, -0.0034, 0.0225, -0.0171, -0.0216, -0.0019, -0.0428, 0.0101, -0.0139, 0.0223, 0.0074, 0.0346, -0.0013, 0.0105, 0.0193, 0.0018, -0.0417, 0.0228, 0.0039, 0.0033, 0.0068, -0.0127, 0.0079, -0.0063, -0.0016, 0.0353, 0.0102, 0.0164, -0.0288, 0.0039, -0.0405, 0.0189, -0.0146, -0.0143, -0.0072, -0.0036, 0.0045, 0.023, -0.0209, -0.0234, -0.0079, 0.019, -0.0096, -0.0102]","[0, 0, 0.0025, 0.0651, 0.0947, 0.0919, 0.077, 0.0304, 0.0193, 0, 0, 0.0854, 0.2016, 0.3048, 0.3134, 0.2773, 0.387]","[0.0697, 0.1067, 0.1565, 0.1598, 0.2136, 0.2817, 0.298, 0.3735, 0.4251, 0.4339, 0.4501, 0.4847, 0.4963, 0.5552, 0.6038, 0.6207, 0.6989]","[0.0271, 0.2143, 0.0386, 0.0303, 0.0143, -0.1426, 0.2294, -0.1418, -0.1033, -0.1321, -0.1146, -0.129, -0.1107, 0.1226, -0.0084, -0.0407, -0.011]"
-19.54,2025-07-16T11:02:00.000Z,2025-07-16T07:29:00.000Z,22153,XAUUSD,SHORT,London Open Liquidity Scalp,-0.429,2.55,45.55,-0.8241,0.7026,2006.795,2006.522,2006.827,2006.522,2.0,2006.648,2006.827,2006.827,2006.29,4.0,2.5,1.0,SL,213,closed,45.55,0.43,2006.522,2006.795,0.9059,0.6106,0.3903,0.0177,false,true,Wednesday,7,11,July,2025,3.55,12780000,2006.827,2006.648,12563.33,12543.79,8.0,0.3626,1.0,false,false,true,8801,London Open Liquidity Scalp — QA 200,"[0.2129, 0.4285, 0.4285, 0.4285, 0.4285, 0.4285, 0.4285, 0.4285, 0.4932, 0.4932, 0.4932, 0.5408, 0.5408, 0.5408, 0.5408, 0.578, 0.578, 0.578, 0.578, 0.5951, 0.6379, 0.6379, 0.6379, 0.6379, 0.7026, 0.7026, 0.7026, 0.7026, 0.7026, 0.7026, 0.7026, 0.7026, 0.7026, 0.7026, 0.7026, 0.7026, 0.7026, 0.7026, 0.7026, 0.7026, 0.7026, 0.7026]","[0.2053, 0.2053, 0.2199, 0.3045, 0.3045, 0.306, 0.3443, 0.3443, 0.3443, 0.3951, 0.3951, 0.3951, 0.3951, 0.436, 0.4615, 0.4615, 0.4615, 0.4615, 0.5667, 0.5667, 0.6066, 0.6066, 0.6066, 0.6066, 0.6066, 0.7292, 0.7292, 0.7292, 0.7292, 0.8241, 0.8241, 0.8241, 0.8241, 0.8241, 0.8241, 0.8241, 0.8241, 0.8241, 0.8241, 0.8241, 0.8241, 0.8241]","[0.0073, -0.0235, -0.0495, -0.0645, -0.0519, -0.0831, -0.1149, -0.0508, -0.0951, -0.0708, -0.0679, -0.1091, -0.1697, -0.1568, -0.1083, -0.187, -0.1712, -0.1982, -0.1778, -0.2195, -0.2409, -0.2624, -0.2127, -0.2203, -0.2207, -0.2418, -0.2881, -0.2987, -0.2922, -0.321, -0.294, -0.2866, -0.359, -0.3761, -0.3601, -0.3783, -0.3432, -0.3839, -0.4298, -0.3689, -0.3831, -0.429]","[0.4344, 0.4625, 0.5631, 0.5892, 0.6987, 0.7908, 0.808, 0.7937, 0.808, 0.808, 0.7876, 0.7703, 0.808, 0.808]","[0.0494, 0.0617, 0.1348, 0.1589, 0.2348, 0.2404, 0.2656, 0.2742, 0.3469, 0.4162, 0.4221, 0.4555, 0.4816, 0.5487]","[-0.5897, -0.2055, -0.2943, -0.2389, -0.2686, -0.2547, -0.5889, -0.2196, -0.3573, -0.4272, -0.4903, -0.4702, -0.3096, -0.2639]"
83.36,2024-03-22T10:04:00.000Z,2024-03-22T07:25:00.000Z,22154,XAUUSD,LONG,London Open Liquidity Scalp,2.0721,3.32,40.23,-0.3757,3.5308,1996.682,1997.154,1997.154,1996.682,3.0,1996.727,1997.09,1996.606,1997.09,4.0,2.5,1.0,TP,159,closed,40.23,2.07,1997.154,1996.682,3.7185,0.5869,1.4587,0.023,false,false,Friday,7,10,March,2024,2.65,9540000,1996.606,1996.727,12543.79,12627.15,8.0,0.3207,1.0,false,false,false,8801,London Open Liquidity Scalp — QA 200,"[0.3849, 0.5027, 0.5803, 0.8262, 0.8531, 1.0533, 1.1075, 1.1429, 1.1429, 1.3481, 1.5255, 1.5255, 1.5269, 1.7468, 1.8409, 2.1003, 2.2442, 2.431, 2.431, 2.431, 2.5219, 2.904, 2.904, 3.0445, 3.0652, 3.1069, 3.4384, 3.4384, 3.5308, 3.5308, 3.5308]","[0.1025, 0.1608, 0.2066, 0.271, 0.271, 0.3032, 0.3032, 0.3032, 0.3032, 0.3032, 0.3032, 0.3757, 0.3757, 0.3757, 0.3757, 0.3757, 0.3757, 0.3757, 0.3757, 0.3757, 0.3757, 0.3757, 0.3757, 0.3757, 0.3757, 0.3757, 0.3757, 0.3757, 0.3757, 0.3757, 0.3757]","[0.104, 0.1744, 0.169, 0.3072, 0.3153, 0.4086, 0.466, 0.5763, 0.6251, 0.6284, 0.6986, 0.8055, 0.9077, 0.9358, 0.9655, 1.1051, 1.1111, 1.2394, 1.2497, 1.3095, 1.3826, 1.4752, 1.5634, 1.6386, 1.6527, 1.7173, 1.7935, 1.8415, 1.9108, 1.9618, 2.0721]","[2.1044, 2.1867, 2.2559, 2.3178, 2.3831, 2.3663, 2.4066, 2.4711, 2.5624, 2.5648, 2.5567, 2.5105, 2.6296, 2.603, 2.6501, 2.6632, 2.7599, 2.8069, 2.8964, 2.9649, 2.9966, 2.9713]","[0.0374, 0.104, 0.1205, 0.1658, 0.2423, 0.2902, 0.3117, 0.3464, 0.4159, 0.4422, 0.4546, 0.5095, 0.5829, 0.6049, 0.6235, 0.6601, 0.67, 0.673, 0.7518, 0.8286, 0.8691, 0.9296]","[2.074, 2.349, 2.2721, 2.1064, 2.3464, 2.0709, 1.9316, 2.2267, 2.3135, 2.071, 2.0218, 2.2272, 2.0364, 2.1764, 2.0226, 2.1056, 2.3465, 1.9141, 2.0625, 1.9596, 2.1753, 2.2335]"
-27.32,2024-03-27T10:09:00.000Z,2024-03-27T08:23:00.000Z,22155,EURUSD,LONG,London Open Liquidity Scalp,-0.6226,0.31,43.88,-0.8655,1.3146,1.10666,1.10973,1.10973,1.10666,1.5,1.10788,1.107,1.10647,1.10999,3.0,0.8,10.0,MANUAL,106,closed,43.88,0.62,1.10973,1.10666,1.5354,0.4736,0.114,0.2989,true,true,Wednesday,8,10,March,2024,1.7667,6360000,1.10647,1.10788,12627.15,12599.83,6.0,0.3475,1.0,false,false,false,8801,London Open Liquidity Scalp — QA 200,"[0.0865, 0.2599, 0.3313, 0.5406, 0.5406, 0.7073, 0.7073, 0.7073, 0.7073, 1.0217, 1.0217, 1.0785, 1.0785, 1.1978, 1.1978, 1.1978, 1.2016, 1.3082, 1.3082, 1.3146, 1.3146]","[0.2128, 0.2128, 0.3252, 0.3252, 0.4464, 0.4464, 0.4464, 0.4464, 0.6208, 0.6208, 0.6634, 0.6788, 0.6788, 0.7231, 0.8131, 0.8131, 0.8442, 0.8458, 0.8655, 0.8655, 0.8655]","[0.0077, -0.0953, -0.0448, -0.1084, -0.1528, -0.2131, -0.2199, -0.2302, -0.2313, -0.3147, -0.341, -0.3889, -0.3499, -0.458, -0.4321, -0.4814, -0.5181, -0.5121, -0.5784, -0.5848, -0.6226]","[0.6994, 0.6637, 0.6607, 0.6773, 0.6439, 0.5998, 0.5693, 0.5686, 0.6129, 0.6263, 0.6489]","[0.046, 0.0828, 0.1049, 0.1374, 0.1912, 0.2573, 0.2753, 0.3106, 0.336, 0.3696, 0.3798]","[-0.6741, -0.511, -0.5385, -0.7575, -0.4314, -0.6704, -0.4503, -0.6772, -0.6261, -0.7076, -0.7229]"
92.49,2024-04-07T17:00:00.000Z,2024-04-07T15:32:00.000Z,22156,EURUSD,SHORT,London Open Liquidity Scalp,2.1625,0.18,42.77,-0.3219,2.6089,1.08509,1.07809,1.08509,1.07809,3.0,1.08432,1.07916,1.08671,1.07716,3.0,0.8,10.0,MANUAL,88,closed,42.77,2.16,1.07809,1.08509,2.7506,0.8289,0.4464,0.2427,false,false,Monday,15,17,April,2024,1.4667,5280000,1.08671,1.08432,12599.83,12692.32,6.0,0.3394,1.0,false,false,true,8801,London Open Liquidity Scalp — QA 200,"[0.2015, 0.2421, 0.4295, 0.4295, 0.4295, 0.4295, 0.4295, 0.6488, 0.6488, 0.6488, 0.6488, 0.6488, 0.6488, 0.7694, 0.7694, 0.7694, 0.7966, 0.861, 0.9543, 0.9543, 0.9764, 0.9764, 0.9764, 0.9764, 0.9764, 0.9764, 0.9764, 1.0782, 1.1284, 1.1284, 1.229, 1.2804, 1.2804, 1.4513, 1.4524, 1.4524, 1.4524, 1.4708, 1.4708, 1.4708, 1.4708, 1.4708, 1.6215, 1.7637, 1.8351, 1.8351, 1.8351, 1.9123, 1.9123, 1.9576, 1.9576, 1.9576, 1.9576, 1.9576, 1.9576, 1.9576, 1.9576, 1.9888, 2.2634, 2.2634, 2.2634, 2.2634, 2.2634, 2.2994, 2.2994, 2.3694, 2.3694, 2.6021, 2.6089, 2.6089, 2.6089, 2.6089, 2.6089, 2.6089, 2.6089, 2.6089, 2.6089, 2.6089, 2.6089, 2.6089]","[0.1629, 0.1629, 0.2078, 0.2078, 0.2078, 0.2078, 0.2078, 0.2078, 0.2078, 0.2078, 0.2078, 0.2078, 0.2078, 0.2806, 0.2806, 0.2806, 0.2806, 0.316, 0.316, 0.316, 0.316, 0.316, 0.316, 0.316, 0.316, 0.316, 0.316, 0.316, 0.316, 0.316, 0.316, 0.316, 0.316, 0.316, 0.3166, 0.3219, 0.3219, 0.3219, 0.3219, 0.3219, 0.3219, 0.3219, 0.3219, 0.3219, 0.3219, 0.3219, 0.3219, 0.3219, 0.3219, 0.3219, 0.3219, 0.3219, 0.3219, 0.3219, 0.3219, 0.3219, 0.3219, 0.3219, 0.3219, 0.3219, 0.3219, 0.3219, 0.3219, 0.3219, 0.3219, 0.3219, 0.3219, 0.3219, 0.3219, 0.3219, 0.3219, 0.3219, 0.3219, 0.3219, 0.3219, 0.3219, 0.3219, 0.3219, 0.3219, 0.3219]","[0.0176, 0.0687, 0.0771, 0.091, 0.1218, 0.2026, 0.1932, 0.2305, 0.2874, 0.3066, 0.3364, 0.3298, 0.3261, 0.388, 0.397, 0.4108, 0.4667, 0.4926, 0.5344, 0.568, 0.5255, 0.582, 0.5988, 0.6711, 0.6713, 0.7088, 0.7098, 0.7887, 0.7606, 0.7986, 0.8676, 0.8229, 0.8713, 0.9425, 0.9875, 0.9902, 1.0003, 0.9848, 1.045, 1.0754, 1.1269, 1.1655, 1.188, 1.1578, 1.226, 1.2208, 1.2851, 1.2572, 1.3304, 1.3255, 1.4026, 1.4412, 1.412, 1.4632, 1.4619, 1.4696, 1.5346, 1.5301, 1.5793, 1.6262, 1.6205, 1.6891, 1.69, 1.7476, 1.7174, 1.8195, 1.83, 1.8639, 1.8446, 1.8548, 1.8758, 1.9531, 1.9693, 1.9906, 2.0589, 2.0204, 2.0849, 2.147, 2.105, 2.1625]","[2.2624, 2.3744, 2.3878, 2.4236, 2.4357, 2.4546]","[0.0481, 0.086, 0.1584, 0.216, 0.2684, 0.2756]","[2.1666, 1.9853, 1.9733, 2.177, 2.4037, 2.2651]"
-47.82,2025-02-08T19:17:00.000Z,2025-02-08T15:17:00.000Z,22157,XAUUSD,LONG,London Open Liquidity Scalp,-0.9367,1.85,51.05,-0.7025,0.2732,2060.579,2060.848,2060.848,2060.515,1.5,2060.773,2060.515,2060.497,2061.186,4.0,2.5,1.0,MANUAL,240,closed,51.05,0.94,2060.848,2060.579,0.2852,3.4286,0.2323,0.1699,true,false,Monday,15,19,February,2025,4.0,14400000,2060.497,2060.773,12692.32,12644.5,8.0,0.4022,1.0,false,false,true,8801,London Open Liquidity Scalp — QA 200,"[0.2732, 0.2732, 0.2732, 0.2732, 0.2732, 0.2732, 0.2732, 0.2732, 0.2732, 0.2732, 0.2732, 0.2732, 0.2732, 0.2732, 0.2732, 0.2732, 0.2732, 0.2732, 0.2732, 0.2732, 0.2732, 0.2732, 0.2732, 0.2732, 0.2732, 0.2732, 0.2732, 0.2732, 0.2732, 0.2732, 0.2732, 0.2732, 0.2732, 0.2732, 0.2732, 0.2732, 0.2732, 0.2732, 0.2732, 0.2732, 0.2732, 0.2732, 0.2732, 0.2732, 0.2732, 0.2732, 0.2732, 0.2732, 0.2732, 0.2732, 0.2732, 0.2732, 0.2732, 0.2732, 0.2732, 0.2732, 0.2732, 0.2732, 0.2732, 0.2732, 0.2732, 0.2732, 0.2732, 0.2732, 0.2732, 0.2732, 0.2732, 0.2732, 0.2732, 0.2732, 0.2732, 0.2732, 0.2732, 0.2732, 0.2732, 0.2732, 0.2732, 0.2732, 0.2732, 0.9367]","[0.2076, 0.2236, 0.2236, 0.2236, 0.2617, 0.283, 0.283, 0.283, 0.283, 0.283, 0.283, 0.283, 0.3165, 0.3165, 0.3165, 0.3165, 0.3178, 0.3178, 0.3626, 0.3626, 0.3626, 0.3626, 0.4507, 0.4507, 0.4507, 0.4507, 0.4507, 0.4507, 0.4611, 0.4611, 0.4611, 0.4611, 0.4611, 0.4611, 0.5113, 0.5113, 0.5524, 0.5524, 0.5524, 0.5524, 0.5524, 0.5524, 0.5524, 0.5524, 0.6172, 0.6172, 0.6172, 0.6172, 0.6172, 0.6172, 0.6172, 0.6172, 0.6172, 0.6955, 0.6955, 0.6955, 0.6955, 0.6955, 0.699, 0.7025, 0.7025, 0.7025, 0.7025, 0.7025, 0.7025, 0.7025, 0.7025, 0.7025, 0.7025, 0.7025, 0.7025, 0.7025, 0.7025, 0.7025, 0.7025, 0.7025, 0.7025, 0.7025, 0.7025, 0.7025]","[-0.0433, -0.0162, -0.002, -0.0829, -0.1, -0.0303, -0.093, -0.0725, -0.0857, -0.0891, -0.1051, -0.1417, -0.1434, -0.1358, -0.1746, -0.1887, -0.1889, -0.2079, -0.2616, -0.2399, -0.2375, -0.2608, -0.2771, -0.2985, -0.3106, -0.2842, -0.3572, -0.2934, -0.2974, -0.3685, -0.3699, -0.3978, -0.3855, -0.3995, -0.4333, -0.419, -0.458, -0.4325, -0.491, -0.4764, -0.4909, -0.4608, -0.473, -0.5254, -0.5238, -0.553, -0.5891, -0.554, -0.5551, -0.6269, -0.5958, -0.5849, -0.6069, -0.6601, -0.6353, -0.6879, -0.6871, -0.6439, -0.6993, -0.6847, -0.6901, -0.759, -0.708, -0.7139, -0.7413, -0.7456, -0.741, -0.7515, -0.8143, -0.8352, -0.8176, -0.8456, -0.8546, -0.865, -0.8801, -0.9167, -0.9107, -0.9077, -0.8896, -0.9367]","[0.3142, 0.2784, 0.3142, 0.3142, 0.3027, 0.2617, 0.2755, 0.2322, 0.2013, 0.1855, 0.2771, 0.3142, 0.3142, 0.2928, 0.3142, 0.3142]","[0.0762, 0.1134, 0.1224, 0.1733, 0.1951, 0.233, 0.2617, 0.3367, 0.3427, 0.3574, 0.4226, 0.4783, 0.5076, 0.5475, 0.6172, 0.6265]","[-1.0233, -0.9521, -0.8135, -1.0578, -0.9822, -0.8681, -1.1121, -0.8178, -1.1206, -1.051, -1.1005, -0.702, -1.0035, -0.7384, -1.1277, -0.9447]"
96.35,2025-11-15T14:04:00.000Z,2025-11-15T09:57:00.000Z,22158,EURUSD,LONG,London Open Liquidity Scalp,2.3045,0.3,41.81,-0.5628,2.7567,1.07624,1.08088,1.08122,1.07624,3.0,1.07703,1.08122,1.07563,1.08122,3.0,0.8,10.0,TP,247,closed,41.81,2.3,1.08088,1.07624,2.8955,0.836,0.4522,0.2775,false,true,Monday,9,14,November,2025,4.1167,14820000,1.07563,1.07703,12644.5,12740.85,6.0,0.3307,1.0,false,false,true,8801,London Open Liquidity Scalp — QA 200,"[0.0772, 0.2535, 0.4239, 0.4239, 0.4812, 0.4812, 0.4812, 0.4999, 0.5893, 0.591, 0.591, 0.7028, 0.7028, 0.7028, 0.7028, 0.8788, 0.8788, 0.8788, 0.8788, 0.8788, 0.9256, 0.9256, 1.1228, 1.1228, 1.2029, 1.2029, 1.2029, 1.3416, 1.3416, 1.4064, 1.4064, 1.4064, 1.4707, 1.4707, 1.4707, 1.5992, 1.5992, 1.5992, 1.5992, 1.5992, 1.6003, 1.6003, 1.6863, 1.8295, 1.8295, 1.8477, 1.8855, 2.0274, 2.0274, 2.0274, 2.0274, 2.0274, 2.0274, 2.2104, 2.2104, 2.2359, 2.3215, 2.3215, 2.3215, 2.3215, 2.3215, 2.4607, 2.4607, 2.4607, 2.518, 2.518, 2.6397, 2.6397, 2.6397, 2.6397, 2.6397, 2.7054, 2.7567, 2.7567, 2.7567, 2.7567, 2.7567, 2.7567, 2.7567, 2.7567]","[0.1417, 0.2258, 0.2258, 0.2258, 0.2258, 0.2258, 0.2258, 0.2258, 0.2258, 0.2258, 0.2258, 0.2258, 0.2573, 0.2573, 0.2573, 0.2573, 0.2573, 0.2573, 0.3208, 0.3238, 0.3546, 0.3551, 0.3568, 0.3568, 0.3568, 0.3568, 0.3584, 0.4106, 0.4382, 0.4382, 0.4382, 0.4382, 0.4382, 0.4855, 0.4855, 0.4855, 0.4855, 0.4855, 0.4855, 0.4855, 0.4855, 0.4855, 0.4855, 0.4855, 0.4855, 0.5087, 0.5553, 0.5553, 0.5628, 0.5628, 0.5628, 0.5628, 0.5628, 0.5628, 0.5628, 0.5628, 0.5628, 0.5628, 0.5628, 0.5628, 0.5628, 0.5628, 0.5628, 0.5628, 0.5628, 0.5628, 0.5628, 0.5628, 0.5628, 0.5628, 0.5628, 0.5628, 0.5628, 0.5628, 0.5628, 0.5628, 0.5628, 0.5628, 0.5628, 0.5628]","[-0.0083, 0.0789, 0.053, 0.0821, 0.1067, 0.1419, 0.2147, 0.2672, 0.248, 0.3052, 0.3486, 0.3175, 0.3915, 0.4035, 0.4234, 0.4703, 0.4523, 0.543, 0.5178, 0.5328, 0.6261, 0.6179, 0.6451, 0.6963, 0.6839, 0.7402, 0.7969, 0.8414, 0.8396, 0.8555, 0.9193, 0.9061, 0.9519, 0.9987, 0.9827, 1.0278, 1.0893, 1.1141, 1.0916, 1.1147, 1.1365, 1.1728, 1.2157, 1.2473, 1.3285, 1.3168, 1.3257, 1.3517, 1.4471, 1.4312, 1.4543, 1.5094, 1.4877, 1.5741, 1.5599, 1.6434, 1.6798, 1.6574, 1.6946, 1.6844, 1.7971, 1.7864, 1.8402, 1.8014, 1.8711, 1.8756, 1.9564, 1.9494, 1.9474, 1.9726, 2.0854, 2.0572, 2.1328, 2.1383, 2.1624, 2.1917, 2.2238, 2.2625, 2.2325, 2.3045]","[2.3881, 2.4861, 2.5997, 2.6975, 2.7318, 2.8356, 2.8996, 2.866, 2.8981, 2.8799, 2.972, 3.0101, 3.0211, 2.9816]","[0.0773, 0.1368, 0.1769, 0.2102, 0.2869, 0.3013, 0.3743, 0.4396, 0.4529, 0.506, 0.5686, 0.6188, 0.6465, 0.6906]","[2.246, 2.4705, 2.1104, 2.3421, 2.5771, 2.4978, 2.2755, 2.2651, 2.3934, 2.2989, 2.1476, 2.2879, 2.504, 2.4208]"
120.04,2024-04-06T18:35:00.000Z,2024-04-06T14:36:00.000Z,22159,GBPUSD,LONG,London Open Liquidity Scalp,2.4624,0.35,48.75,-0.2336,3.0091,1.24018,1.24474,1.24474,1.24018,2.5,1.24051,1.24403,1.2391,1.24403,3.5,1.2,10.0,TP,239,closed,48.75,2.46,1.24474,1.24018,3.1293,0.8183,0.5467,0.049,false,true,Monday,14,18,April,2024,3.9833,14340000,1.2391,1.24051,12740.85,12860.89,7.0,0.3826,1.0,false,false,true,8801,London Open Liquidity Scalp — QA 200,"[0.3273, 0.3273, 0.4566, 0.4566, 0.4566, 0.5778, 0.5778, 0.5778, 0.5778, 0.5778, 0.5868, 0.7875, 0.882, 0.882, 0.882, 0.882, 1.0325, 1.0325, 1.059, 1.059, 1.1589, 1.1589, 1.1589, 1.1589, 1.1589, 1.1589, 1.278, 1.278, 1.3852, 1.3852, 1.3852, 1.4162, 1.5547, 1.5547, 1.5547, 1.5547, 1.6695, 1.6695, 1.6695, 1.6695, 1.6695, 1.6695, 1.9642, 1.9642, 1.9642, 1.9642, 1.9642, 1.9642, 1.9642, 2.1399, 2.1399, 2.3422, 2.3422, 2.3422, 2.363, 2.4317, 2.506, 2.506, 2.6022, 2.6022, 2.6022, 2.6022, 2.6022, 2.6022, 2.7578, 2.7578, 2.7578, 2.7578, 2.7638, 2.8969, 2.946, 2.946, 3.0091, 3.0091, 3.0091, 3.0091, 3.0091, 3.0091, 3.0091, 3.0091]","[0.0632, 0.0632, 0.0801, 0.0801, 0.2336, 0.2336, 0.2336, 0.2336, 0.2336, 0.2336, 0.2336, 0.2336, 0.2336, 0.2336, 0.2336, 0.2336, 0.2336, 0.2336, 0.2336, 0.2336, 0.2336, 0.2336, 0.2336, 0.2336, 0.2336, 0.2336, 0.2336, 0.2336, 0.2336, 0.2336, 0.2336, 0.2336, 0.2336, 0.2336, 0.2336, 0.2336, 0.2336, 0.2336, 0.2336, 0.2336, 0.2336, 0.2336, 0.2336, 0.2336, 0.2336, 0.2336, 0.2336, 0.2336, 0.2336, 0.2336, 0.2336, 0.2336, 0.2336, 0.2336, 0.2336, 0.2336, 0.2336, 0.2336, 0.2336, 0.2336, 0.2336, 0.2336, 0.2336, 0.2336, 0.2336, 0.2336, 0.2336, 0.2336, 0.2336, 0.2336, 0.2336, 0.2336, 0.2336, 0.2336, 0.2336, 0.2336, 0.2336, 0.2336, 0.2336, 0.2336]","[0.031, 0.0283, 0.0812, 0.085, 0.1535, 0.1801, 0.1804, 0.2219, 0.2692, 0.3103, 0.3033, 0.412, 0.374, 0.3993, 0.4265, 0.5132, 0.5544, 0.5791, 0.5894, 0.6339, 0.6129, 0.649, 0.6694, 0.7785, 0.7611, 0.8273, 0.8334, 0.8338, 0.9199, 0.8974, 0.9944, 0.9764, 1.047, 1.0714, 1.0858, 1.0795, 1.1312, 1.2122, 1.2183, 1.2181, 1.2519, 1.2989, 1.3609, 1.3565, 1.3903, 1.4221, 1.4594, 1.4554, 1.5293, 1.5682, 1.6055, 1.6219, 1.6206, 1.6633, 1.6832, 1.6984, 1.7276, 1.83, 1.7817, 1.8425, 1.9004, 1.889, 1.9115, 1.9612, 2.042, 2.0186, 2.0201, 2.0512, 2.1583, 2.1563, 2.1951, 2.2354, 2.2057, 2.2995, 2.2973, 2.3031, 2.4023, 2.4449, 2.3949, 2.4624]","[2.4826, 2.4586, 2.431, 2.4296, 2.4044, 2.3766, 2.4311, 2.3854]","[0.0704, 0.1199, 0.1404, 0.1633, 0.2029, 0.2798, 0.3338, 0.356]","[2.4112, 2.2845, 2.6729, 2.5401, 2.424, 2.5675, 2.5092, 2.6692]"
68.4,2024-09-07T11:51:00.000Z,2024-09-07T07:01:00.000Z,22160,EURUSD,SHORT,London Open Liquidity Scalp,1.6977,0.29,40.29,-0.5259,3.3982,1.06886,1.06339,1.06886,1.06339,2.0,1.06813,1.06534,1.06953,1.06534,3.0,0.8,10.0,TP,290,closed,40.29,1.7,1.06339,1.06886,3.4164,0.4996,1.7005,0.1336,false,true,Monday,7,11,September,2024,4.8333,17400000,1.06953,1.06813,12860.89,12929.29,6.0,0.3133,1.0,false,false,true,8801,London Open Liquidity Scalp — QA 200,"[0.1626, 0.1626, 0.5136, 0.5136, 0.5136, 0.5136, 0.5136, 0.5136, 0.6661, 0.6661, 0.6661, 0.8578, 0.8814, 0.9768, 0.9768, 0.9768, 0.9768, 1.1312, 1.1312, 1.1502, 1.1894, 1.1894, 1.2618, 1.3582, 1.3582, 1.3582, 1.3582, 1.4752, 1.4752, 1.508, 1.5424, 1.5424, 1.6208, 1.6208, 1.6208, 1.717, 1.9443, 1.9443, 1.9443, 1.9443, 1.9487, 1.9487, 2.0175, 2.2214, 2.2214, 2.2288, 2.2288, 2.2288, 2.2288, 2.4353, 2.552, 2.5654, 2.5654, 2.5654, 2.5654, 2.6873, 2.7636, 2.7988, 2.7988, 2.9028, 2.9028, 2.9028, 2.9028, 3.0687, 3.0687, 3.0687, 3.0687, 3.1472, 3.287, 3.287, 3.287, 3.287, 3.287, 3.289, 3.3982, 3.3982, 3.3982, 3.3982, 3.3982, 3.3982]","[0.1977, 0.1977, 0.1977, 0.1977, 0.1977, 0.1977, 0.2793, 0.2793, 0.2793, 0.2793, 0.2793, 0.2793, 0.2793, 0.2793, 0.2793, 0.2793, 0.2793, 0.3023, 0.3023, 0.3023, 0.3023, 0.3023, 0.3023, 0.3889, 0.3889, 0.3889, 0.4154, 0.4154, 0.4154, 0.4154, 0.4154, 0.4154, 0.4154, 0.4154, 0.4154, 0.4154, 0.4453, 0.4453, 0.4453, 0.4453, 0.4818, 0.5178, 0.5178, 0.5178, 0.5178, 0.5178, 0.5178, 0.5178, 0.5178, 0.5178, 0.5178, 0.5259, 0.5259, 0.5259, 0.5259, 0.5259, 0.5259, 0.5259, 0.5259, 0.5259, 0.5259, 0.5259, 0.5259, 0.5259, 0.5259, 0.5259, 0.5259, 0.5259, 0.5259, 0.5259, 0.5259, 0.5259, 0.5259, 0.5259, 0.5259, 0.5259, 0.5259, 0.5259, 0.5259, 0.5259]","[0.0419, 0.0599, 0.0841, 0.105, 0.0719, 0.1438, 0.1814, 0.1299, 0.1958, 0.2489, 0.2157, 0.2618, 0.2978, 0.339, 0.3225, 0.3417, 0.3582, 0.4206, 0.3746, 0.3983, 0.4718, 0.4964, 0.5214, 0.4809, 0.4877, 0.5798, 0.5658, 0.6147, 0.5728, 0.6592, 0.6311, 0.6928, 0.6581, 0.746, 0.7458, 0.74, 0.7639, 0.8403, 0.8326, 0.8563, 0.8376, 0.8702, 0.882, 0.9327, 0.949, 0.9792, 1.0361, 1.0514, 1.0059, 1.035, 1.059, 1.1169, 1.1481, 1.1338, 1.1793, 1.1985, 1.2048, 1.1958, 1.2104, 1.2764, 1.2954, 1.3117, 1.2995, 1.366, 1.3855, 1.3757, 1.443, 1.4349, 1.4584, 1.5142, 1.5159, 1.5034, 1.5571, 1.6136, 1.5721, 1.5912, 1.6721, 1.6614, 1.7075, 1.6977]","[1.7294, 1.751, 1.8279, 1.7858, 1.8835, 1.95, 2.0632, 2.1756, 2.147, 2.1962, 2.2769, 2.3002, 2.3942]","[0.0389, 0.0507, 0.0717, 0.1051, 0.1687, 0.2044, 0.232, 0.2508, 0.2563, 0.2977, 0.3303, 0.3785, 0.3949]","[1.6594, 1.6547, 1.9166, 1.6327, 1.764, 1.5904, 1.5017, 1.7589, 1.7872, 1.6861, 1.9862, 1.5372, 1.6782]"
78.93,2023-12-21T17:48:00.000Z,2023-12-21T14:00:00.000Z,22161,EURUSD,LONG,London Open Liquidity Scalp,1.5686,0.37,50.32,-0.6532,2.0398,1.09394,1.09757,1.09819,1.09394,2.5,1.09482,1.09819,1.09347,1.09819,3.0,0.8,10.0,TP,228,closed,50.32,1.57,1.09757,1.09394,2.3823,0.769,0.4712,0.2559,false,true,Thursday,14,17,December,2023,3.8,13680000,1.09347,1.09482,12929.29,13008.22,6.0,0.3892,1.0,false,false,true,8801,London Open Liquidity Scalp — QA 200,"[0.1618, 0.336, 0.4292, 0.5891, 0.9927, 1.0488, 1.2347, 1.2644, 1.5352, 1.5352, 1.5352, 1.8582, 1.9407, 1.9471, 2.0398]","[0.1895, 0.1895, 0.2176, 0.3172, 0.4356, 0.4356, 0.4356, 0.5311, 0.5311, 0.5342, 0.5432, 0.6532, 0.6532, 0.6532, 0.6532]","[0.0608, 0.2059, 0.2878, 0.4177, 0.5564, 0.6699, 0.7, 0.8179, 0.9177, 1.0739, 1.1155, 1.2821, 1.3829, 1.4209, 1.5686]","[1.6041, 1.6852, 1.7193, 1.7926, 1.7703, 1.7864, 1.8747, 1.9321, 1.9373, 2.0032, 1.9716, 1.9631, 1.9216, 1.9434, 2.0527, 2.0361, 1.9969, 1.9626, 1.9752, 1.936, 2.0382]","[0.0305, 0.0405, 0.0917, 0.1561, 0.1943, 0.227, 0.2495, 0.3238, 0.4033, 0.4496, 0.4579, 0.4841, 0.5411, 0.5541, 0.5666, 0.6328, 0.6523, 0.6636, 0.7048, 0.7071, 0.7097]","[1.5935, 1.7084, 1.8109, 1.5604, 1.7395, 1.376, 1.6487, 1.8465, 1.7783, 1.8315, 1.422, 1.4811, 1.427, 1.7297, 1.802, 1.4704, 1.7802, 1.5859, 1.5273, 1.8042, 1.4955]"
-0.7,2023-12-09T20:21:00.000Z,2023-12-09T15:05:00.000Z,22162,XAUUSD,SHORT,London Open Liquidity Scalp,-0.0141,2.11,49.64,-0.112,1.8428,2075.569,2075.109,2075.569,2075.109,2.5,2075.543,2075.543,2075.779,2074.954,4.0,2.5,1.0,BE,316,closed,49.64,0.01,2075.109,2075.569,2.0384,0.0077,1.8287,0.3491,true,true,Monday,15,20,December,2023,5.2667,18960000,2075.779,2075.543,13008.22,13007.52,8.0,0.3816,1.0,false,false,false,8801,London Open Liquidity Scalp — QA 200,"[0.4475, 0.5642, 0.6344, 0.6344, 0.7965, 0.7965, 0.7965, 1.0768, 1.0768, 1.0768, 1.1433, 1.1433, 1.3033, 1.5863, 1.5863, 1.6798, 1.8372, 1.8372, 1.8428, 1.8428, 1.8428]","[0.112, 0.112, 0.112, 0.112, 0.112, 0.112, 0.112, 0.112, 0.112, 0.112, 0.112, 0.112, 0.112, 0.112, 0.112, 0.112, 0.112, 0.112, 0.112, 0.112, 0.112]","[0.0193, 0.0303, -0.0144, -0.0408, 0.0314, -0.0381, -0.0227, -0.0167, -0.0142, -0.0143, -0.0367, -0.0412, -0.0031, 0.0257, 0.0144, -0.0257, 0.0243, 0.0121, -0.0094, 0.0233, -0.0141]","[0.057, 0.149, 0.1443, 0.1445, 0.2068, 0.3232, 0.3437, 0.458, 0.4874, 0.5968, 0.6787, 0.6595]","[0.065, 0.128, 0.1828, 0.2326, 0.2873, 0.3552, 0.3589, 0.3872, 0.4352, 0.4586, 0.5282, 0.5494]","[0.2145, 0.2806, -0.061, 0.0431, -0.0009, 0.135, 0.1644, 0.0892, -0.0975, 0.2028, 0.2238, -0.1136]"
-1.43,2025-12-08T22:03:00.000Z,2025-12-08T15:43:00.000Z,22163,GBPUSD,LONG,London Open Liquidity Scalp,-0.029,0.23,49.24,-0.1247,1.3227,1.2557,1.25885,1.25885,1.2557,2.5,1.25597,1.25597,1.2538,1.26141,3.5,1.2,10.0,BE,380,closed,49.24,0.03,1.25885,1.2557,1.3275,0.0219,1.2937,0.1418,false,true,Monday,15,22,December,2025,6.3333,22800000,1.2538,1.25597,13007.52,13006.09,7.0,0.3786,1.0,false,false,true,8801,London Open Liquidity Scalp — QA 200,"[0.4254, 0.4254, 0.4254, 0.4254, 0.5748, 0.5748, 0.5851, 0.5851, 0.6265, 0.7308, 0.7308, 0.7746, 1.0269, 1.0269, 1.1164, 1.1164, 1.1164, 1.1164, 1.1973, 1.3227, 1.3227, 1.3227, 1.3227, 1.3227, 1.3227]","[0.026, 0.1247, 0.1247, 0.1247, 0.1247, 0.1247, 0.1247, 0.1247, 0.1247, 0.1247, 0.1247, 0.1247, 0.1247, 0.1247, 0.1247, 0.1247, 0.1247, 0.1247, 0.1247, 0.1247, 0.1247, 0.1247, 0.1247, 0.1247, 0.1247]","[0.0142, -0.009, -0.0005, -0.0002, 0.0307, -0.0158, 0.0137, -0.0047, -0.0491, -0.0179, -0.042, 0.0185, 0.0068, -0.0428, -0.0082, -0.0561, -0.0643, 0.0159, -0.0277, -0.0276, -0.038, -0.0298, -0.0596, -0.0098, -0.029]","[0.1167, 0.1091, 0.1328, 0.1371, 0.1137, 0.2277, 0.222, 0.1846, 0.2639, 0.2929]","[0.0299, 0.1045, 0.1508, 0.2181, 0.2623, 0.2986, 0.3266, 0.3627, 0.4414, 0.471]","[-0.0463, -0.0646, -0.1044, -0.1481, -0.0995, -0.1686, 0.089, 0.1978, 0.1916, -0.1991]"
41.02,2025-06-01T13:15:00.000Z,2025-06-01T09:40:00.000Z,22164,XAUUSD,SHORT,London Open Liquidity Scalp,0.9183,2.25,44.67,-0.7665,1.3835,1986.252,1985.826,1986.252,1985.803,1.5,1986.1,1985.803,1986.298,1985.803,4.0,2.5,1.0,TP,215,closed,44.67,0.92,1985.826,1986.252,1.7596,0.6638,0.4652,0.3205,false,false,Monday,9,13,June,2025,3.5833,12900000,1986.298,1986.1,13006.09,13047.11,8.0,0.3435,1.0,false,false,true,8801,London Open Liquidity Scalp — QA 200,"[0.1886, 0.1886, 0.3349, 0.4295, 0.4827, 0.4827, 0.4932, 0.4932, 0.4932, 0.4932, 0.4932, 0.4932, 0.4932, 0.5119, 0.5119, 0.5119, 0.5561, 0.5561, 0.5561, 0.6478, 0.6478, 0.7699, 0.7699, 0.7783, 0.7783, 0.7783, 0.7783, 0.7783, 0.7783, 0.8909, 0.8909, 0.8909, 0.9264, 0.9264, 0.9264, 0.9264, 0.9664, 0.9664, 0.9664, 1.0149, 1.0149, 1.1038, 1.1038, 1.1576, 1.1576, 1.1576, 1.1576, 1.1576, 1.1851, 1.1851, 1.1851, 1.1851, 1.1851, 1.1851, 1.1851, 1.1851, 1.2818, 1.2818, 1.3413, 1.3413, 1.3413, 1.3413, 1.3693, 1.3835, 1.3835, 1.3835, 1.3835, 1.3835, 1.3835, 1.3835, 1.3835, 1.3835, 1.3835, 1.3835, 1.3835, 1.3835, 1.3835, 1.3835, 1.3835, 1.3835]","[0.1799, 0.2561, 0.276, 0.276, 0.276, 0.276, 0.276, 0.276, 0.2796, 0.2796, 0.2796, 0.2796, 0.2796, 0.2796, 0.3835, 0.3835, 0.3835, 0.3835, 0.3835, 0.3835, 0.3835, 0.3835, 0.3835, 0.3835, 0.3835, 0.4512, 0.4512, 0.4582, 0.5165, 0.5165, 0.5165, 0.5188, 0.5422, 0.5422, 0.5422, 0.5422, 0.5422, 0.5422, 0.5422, 0.5422, 0.5459, 0.5508, 0.5508, 0.5508, 0.5508, 0.6599, 0.6599, 0.6599, 0.6599, 0.6979, 0.6979, 0.7355, 0.7355, 0.7355, 0.7564, 0.7564, 0.7564, 0.7564, 0.7564, 0.7564, 0.7564, 0.7564, 0.7564, 0.7665, 0.7665, 0.7665, 0.7665, 0.7665, 0.7665, 0.7665, 0.7665, 0.7665, 0.7665, 0.7665, 0.7665, 0.7665, 0.7665, 0.7665, 0.7665, 0.7665]","[0.0176, 0.0156, 0.0305, 0.0128, 0.0334, 0.0895, 0.0358, 0.0982, 0.0998, 0.1344, 0.1131, 0.17, 0.1612, 0.1807, 0.1897, 0.2096, 0.1806, 0.2111, 0.1877, 0.2531, 0.2216, 0.2644, 0.2857, 0.2879, 0.2948, 0.2573, 0.3456, 0.3206, 0.3489, 0.3101, 0.3791, 0.3385, 0.3507, 0.419, 0.3726, 0.3792, 0.3991, 0.449, 0.4721, 0.4618, 0.4974, 0.4705, 0.464, 0.5264, 0.5106, 0.5018, 0.5431, 0.5396, 0.5845, 0.6078, 0.558, 0.6038, 0.6268, 0.6462, 0.6508, 0.6675, 0.6307, 0.6627, 0.719, 0.7278, 0.726, 0.7492, 0.7347, 0.6929, 0.7493, 0.7492, 0.7327, 0.807, 0.7616, 0.8318, 0.8443, 0.8511, 0.8325, 0.8679, 0.8949, 0.8524, 0.8512, 0.932, 0.8778, 0.9183]","[1.0301, 1.1237, 1.1665, 1.1251, 1.2426, 1.2689, 1.3425, 1.3283, 1.4459, 1.402, 1.4654, 1.4531, 1.4208, 1.3941, 1.4596, 1.5306]","[0.0642, 0.1284, 0.155, 0.2022, 0.2312, 0.264, 0.2724, 0.3422, 0.3801, 0.4057, 0.421, 0.4846, 0.4917, 0.5636, 0.5925, 0.5972]","[1.2176, 0.8974, 0.9294, 1.1638, 0.99, 1.1866, 1.1662, 0.7813, 0.8862, 1.0654, 0.7441, 1.0167, 1.2053, 0.9652, 0.8487, 1.0392]"
-22.09,2024-09-15T10:49:00.000Z,2024-09-15T08:33:00.000Z,22165,XAUUSD,LONG,London Open Liquidity Scalp,-0.5115,2.49,43.19,-0.3836,1.1791,2021.489,2021.761,2021.761,2021.467,2.0,2021.556,2021.467,2021.382,2021.903,4.0,2.5,1.0,MANUAL,136,closed,43.19,0.51,2021.761,2021.489,1.194,0.4338,0.1018,0.2427,true,true,Monday,8,10,September,2024,2.2667,8160000,2021.382,2021.556,13047.11,13025.02,8.0,0.331,1.0,false,false,true,8801,London Open Liquidity Scalp — QA 200,"[0.383, 0.383, 0.5099, 0.5099, 0.5424, 0.5424, 0.5424, 0.5424, 0.6868, 0.8162, 0.8177, 0.8177, 0.8591, 0.8591, 0.8591, 0.8591, 1.1306, 1.1306, 1.1306, 1.1306, 1.1306, 1.1791, 1.1791, 1.1791, 1.1791, 1.1791, 1.1791]","[0.0299, 0.1549, 0.1549, 0.2701, 0.2701, 0.2701, 0.2736, 0.2736, 0.2736, 0.2736, 0.2736, 0.2774, 0.2774, 0.3782, 0.3782, 0.3782, 0.3836, 0.3836, 0.3836, 0.3836, 0.3836, 0.3836, 0.3836, 0.3836, 0.3836, 0.3836, 0.3836]","[-0.0527, -0.011, -0.0198, -0.0495, -0.0863, -0.1225, -0.1011, -0.1654, -0.2069, -0.2175, -0.1726, -0.2402, -0.2044, -0.228, -0.3026, -0.3007, -0.3189, -0.3073, -0.3534, -0.3777, -0.3789, -0.4582, -0.461, -0.4837, -0.498, -0.5333, -0.5115]","[0.6246, 0.5763, 0.5805, 0.5417, 0.5722]","[0.0418, 0.0491, 0.1168, 0.1942, 0.2319]","[-0.2566, -0.2198, -0.5661, -0.3385, -0.2609]"
57.76,2024-06-06T14:24:00.000Z,2024-06-06T08:40:00.000Z,22166,USDJPY,LONG,London Open Liquidity Scalp,1.3613,0.38,42.43,-0.3854,2.9796,147.801,148.206,148.206,147.801,1.5,147.847,148.028,147.727,148.028,3.0,0.9,9.2,TP,344,closed,42.43,1.36,148.206,147.801,3.0144,0.4569,1.6183,0.0674,false,true,Thursday,8,14,June,2024,5.7333,20640000,147.727,147.847,13025.02,13082.78,6.0,0.3258,1.0,true,false,false,8801,London Open Liquidity Scalp — QA 200,"[0.3828, 0.3828, 0.3828, 0.3828, 0.3828, 0.3828, 0.4697, 0.4697, 0.7094, 0.7094, 0.7094, 0.7472, 0.7472, 0.7472, 0.8604, 0.9094, 0.9094, 1.0341, 1.0341, 1.0341, 1.0341, 1.1344, 1.1344, 1.1344, 1.1344, 1.1344, 1.3946, 1.3946, 1.3946, 1.4855, 1.4855, 1.4855, 1.4855, 1.5271, 1.6207, 1.6207, 1.6207, 1.6872, 1.7289, 1.7967, 1.7967, 1.8354, 1.8354, 1.8354, 1.8354, 1.8706, 2.0839, 2.0839, 2.0839, 2.1897, 2.1897, 2.1897, 2.2178, 2.2709, 2.2709, 2.4599, 2.4599, 2.4599, 2.5324, 2.5324, 2.5324, 2.5324, 2.7103, 2.7103, 2.7563, 2.7563, 2.8524, 2.8524, 2.8524, 2.8524, 2.8524, 2.9796, 2.9796, 2.9796, 2.9796, 2.9796, 2.9796, 2.9796, 2.9796, 2.9796]","[0.1038, 0.2536, 0.2536, 0.2536, 0.2536, 0.2541, 0.2541, 0.2541, 0.2541, 0.2541, 0.2656, 0.2656, 0.2656, 0.2656, 0.2656, 0.2829, 0.2829, 0.2829, 0.2829, 0.3009, 0.3009, 0.3009, 0.3009, 0.3557, 0.3557, 0.3557, 0.375, 0.375, 0.375, 0.375, 0.375, 0.3854, 0.3854, 0.3854, 0.3854, 0.3854, 0.3854, 0.3854, 0.3854, 0.3854, 0.3854, 0.3854, 0.3854, 0.3854, 0.3854, 0.3854, 0.3854, 0.3854, 0.3854, 0.3854, 0.3854, 0.3854, 0.3854, 0.3854, 0.3854, 0.3854, 0.3854, 0.3854, 0.3854, 0.3854, 0.3854, 0.3854, 0.3854, 0.3854, 0.3854, 0.3854, 0.3854, 0.3854, 0.3854, 0.3854, 0.3854, 0.3854, 0.3854, 0.3854, 0.3854, 0.3854, 0.3854, 0.3854, 0.3854, 0.3854]","[0.0508, 0.0589, 0.0845, 0.0667, 0.0785, 0.1316, 0.0937, 0.1539, 0.1855, 0.1485, 0.1923, 0.1842, 0.2135, 0.2809, 0.2809, 0.3042, 0.2902, 0.3466, 0.3207, 0.3552, 0.3708, 0.3568, 0.3791, 0.4354, 0.4613, 0.3982, 0.4586, 0.4433, 0.5033, 0.4967, 0.5594, 0.5483, 0.5263, 0.5667, 0.5821, 0.6464, 0.6607, 0.6826, 0.6916, 0.6373, 0.6723, 0.6945, 0.7208, 0.7121, 0.8071, 0.7921, 0.8105, 0.7843, 0.8602, 0.8852, 0.8278, 0.893, 0.9214, 0.9007, 0.921, 0.9544, 0.9996, 0.9818, 1.0419, 1.0552, 0.9978, 1.0468, 1.0766, 1.0559, 1.1415, 1.1468, 1.0978, 1.1589, 1.1835, 1.2297, 1.2522, 1.2504, 1.2677, 1.3, 1.2838, 1.271, 1.2741, 1.3406, 1.3607, 1.3613]","[1.3311, 1.3435, 1.3638, 1.4015, 1.5053, 1.5981, 1.5903, 1.6403]","[0.022, 0.0985, 0.1564, 0.1697, 0.1714, 0.2381, 0.2455, 0.2891]","[1.1678, 1.6168, 1.2001, 1.5813, 1.6328, 1.3837, 1.3247, 1.181]"
-44.37,2024-11-05T11:52:00.000Z,2024-11-05T10:08:00.000Z,22167,USDJPY,SHORT,London Open Liquidity Scalp,-0.8194,0.26,54.15,-0.6146,0.5402,151.725,151.466,151.77,151.466,1.5,151.587,151.77,151.811,151.251,3.0,0.9,9.2,STOP_OUT,104,closed,54.15,0.82,151.466,151.725,0.8417,1.5168,0.1997,0.0377,false,true,Tuesday,10,11,November,2024,1.7333,6240000,151.811,151.587,13082.78,13038.41,6.0,0.4139,1.0,false,false,true,8801,London Open Liquidity Scalp — QA 200,"[0.356, 0.5134, 0.5134, 0.5134, 0.5402, 0.5402, 0.5402, 0.8194]","[0.1766, 0.3916, 0.4241, 0.4241, 0.5673, 0.6146, 0.6146, 0.6146]","[-0.0831, -0.2258, -0.2894, -0.4304, -0.4707, -0.6016, -0.7046, -0.8194]","[0.6212, 0.6001, 0.5924, 0.6044, 0.5572, 0.5448, 0.4979, 0.55, 0.6212, 0.6212, 0.6024, 0.5637]","[0.0362, 0.0748, 0.0977, 0.1332, 0.1835, 0.1941, 0.2173, 0.2636, 0.3295, 0.3682, 0.4458, 0.5003]","[-0.5661, -0.749, -0.7972, -0.9869, -0.9502, -1.0064, -0.6139, -1.0076, -0.5482, -0.9841, -0.9046, -0.6005]"
-38.95,2025-09-28T16:13:00.000Z,2025-09-28T10:13:00.000Z,22168,GBPUSD,SHORT,London Open Liquidity Scalp,-0.8188,0.17,47.57,-0.6166,0.2392,1.29623,1.29386,1.29679,1.29386,3.0,1.29452,1.29679,1.2973,1.28619,3.5,1.2,10.0,STOP_OUT,360,closed,47.57,0.82,1.29386,1.29623,0.3212,3.4231,0.2763,0.016,false,true,Monday,10,16,September,2025,6.0,21600000,1.2973,1.29452,13038.41,12999.46,7.0,0.3648,1.0,false,false,true,8801,London Open Liquidity Scalp — QA 200,"[0.1299, 0.1682, 0.1682, 0.2153, 0.2153, 0.2392, 0.2392, 0.2392, 0.2392, 0.2392, 0.2392, 0.2392, 0.2392, 0.2392, 0.2392, 0.2392, 0.2392, 0.2392, 0.2392, 0.2392, 0.2392, 0.2392, 0.2392, 0.2392, 0.2392, 0.2392, 0.2392, 0.2392, 0.2392, 0.2392, 0.2392, 0.2392, 0.2392, 0.2392, 0.2392, 0.2392, 0.2392, 0.2392, 0.2392, 0.2392, 0.2392, 0.2392, 0.2392, 0.2392, 0.2392, 0.2392, 0.2392, 0.2392, 0.2392, 0.2392, 0.2392, 0.2392, 0.2392, 0.2392, 0.2392, 0.2392, 0.2392, 0.2392, 0.2392, 0.2392, 0.2392, 0.2392, 0.2392, 0.2392, 0.2392, 0.2392, 0.2392, 0.2392, 0.2392, 0.2392, 0.2392, 0.2392, 0.2392, 0.2392, 0.2392, 0.2392, 0.2392, 0.2392, 0.2392, 0.8188]","[0.1348, 0.2344, 0.2344, 0.2729, 0.2729, 0.2907, 0.2907, 0.2999, 0.301, 0.301, 0.301, 0.301, 0.301, 0.301, 0.301, 0.301, 0.3806, 0.3806, 0.3806, 0.3806, 0.4059, 0.4059, 0.4059, 0.4059, 0.4059, 0.4059, 0.4059, 0.4059, 0.4059, 0.4059, 0.4059, 0.4196, 0.4196, 0.4732, 0.4732, 0.4732, 0.4732, 0.4732, 0.4732, 0.4732, 0.5217, 0.5217, 0.5217, 0.5666, 0.5666, 0.5666, 0.5666, 0.5666, 0.5666, 0.5666, 0.5666, 0.5666, 0.5666, 0.5666, 0.6166, 0.6166, 0.6166, 0.6166, 0.6166, 0.6166, 0.6166, 0.6166, 0.6166, 0.6166, 0.6166, 0.6166, 0.6166, 0.6166, 0.6166, 0.6166, 0.6166, 0.6166, 0.6166, 0.6166, 0.6166, 0.6166, 0.6166, 0.6166, 0.6166, 0.6166]","[-0.049, -0.0124, -0.0731, -0.0196, -0.0282, -0.0274, -0.0868, -0.0642, -0.1115, -0.0696, -0.1538, -0.1032, -0.1519, -0.1676, -0.128, -0.2069, -0.1588, -0.2285, -0.222, -0.2186, -0.2144, -0.2338, -0.2095, -0.2704, -0.2446, -0.2667, -0.3075, -0.2437, -0.3365, -0.2755, -0.2767, -0.3515, -0.3821, -0.3573, -0.3654, -0.3438, -0.3542, -0.368, -0.3899, -0.4418, -0.4018, -0.4157, -0.4484, -0.4691, -0.4307, -0.4583, -0.5213, -0.4882, -0.5082, -0.4996, -0.5553, -0.5003, -0.5716, -0.5103, -0.5181, -0.5873, -0.5864, -0.613, -0.6054, -0.6201, -0.5815, -0.6246, -0.6074, -0.6646, -0.6799, -0.7089, -0.6885, -0.6731, -0.7429, -0.6838, -0.7595, -0.7714, -0.7598, -0.7844, -0.7459, -0.7661, -0.7946, -0.8389, -0.8087, -0.8188]","[0.2751, 0.2751, 0.261, 0.2509, 0.2534, 0.2217, 0.2751, 0.2751, 0.2751, 0.2751, 0.2751, 0.2751, 0.2751, 0.2443, 0.2751, 0.2751, 0.2751, 0.2431, 0.2751, 0.2751, 0.2751, 0.2751, 0.2751]","[0.0697, 0.0784, 0.1357, 0.1667, 0.246, 0.2657, 0.2749, 0.3317, 0.3684, 0.4184, 0.4727, 0.4856, 0.5086, 0.5716, 0.6486, 0.6704, 0.6934, 0.695, 0.6952, 0.6981, 0.7005, 0.78, 0.7949]","[-0.8367, -0.9104, -0.6301, -0.5231, -0.8022, -0.5236, -0.7794, -0.5443, -0.5604, -0.8482, -0.9331, -0.5635, -1.0142, -0.9779, -0.9921, -0.5533, -0.7143, -0.5277, -0.7222, -0.5464, -0.9437, -1.0036, -0.549]"
59.09,2025-06-28T15:27:00.000Z,2025-06-28T13:54:00.000Z,22169,XAUUSD,SHORT,London Open Liquidity Scalp,1.2178,1.91,48.52,-0.4663,2.7065,2081.58,2080.775,2081.58,2080.775,2.0,2081.462,2080.955,2081.716,2080.955,4.0,2.5,1.0,TP,93,closed,48.52,1.22,2080.775,2081.58,2.768,0.45,1.4887,0.3358,false,true,Monday,13,15,June,2025,1.55,5580000,2081.716,2081.462,12999.46,13058.55,8.0,0.3732,1.0,false,false,false,8801,London Open Liquidity Scalp — QA 200,"[0.3536, 0.3536, 0.3536, 0.3989, 0.3989, 0.3989, 0.4454, 0.5067, 0.6675, 0.6675, 0.6675, 0.6675, 0.7135, 0.7135, 0.8965, 0.8965, 0.8965, 0.8965, 0.8965, 0.9665, 0.9665, 0.9665, 0.9665, 0.9665, 1.2298, 1.2298, 1.2298, 1.2298, 1.2298, 1.2298, 1.3929, 1.4074, 1.4074, 1.4688, 1.4688, 1.5102, 1.5102, 1.5102, 1.5517, 1.5517, 1.7472, 1.7671, 1.7671, 1.7671, 1.7671, 1.7757, 1.7801, 1.9862, 1.9862, 1.9862, 1.9862, 2.1556, 2.1556, 2.2175, 2.2175, 2.2637, 2.2637, 2.2637, 2.2637, 2.2637, 2.2637, 2.2637, 2.3785, 2.3785, 2.3785, 2.6032, 2.6459, 2.6459, 2.6459, 2.6459, 2.6459, 2.6459, 2.7065, 2.7065, 2.7065, 2.7065, 2.7065, 2.7065, 2.7065, 2.7065]","[0.1417, 0.2578, 0.2578, 0.2578, 0.2578, 0.2578, 0.2578, 0.2578, 0.2578, 0.2578, 0.2578, 0.2578, 0.2578, 0.2578, 0.2578, 0.2655, 0.2655, 0.2993, 0.2993, 0.2993, 0.3528, 0.3528, 0.3528, 0.3528, 0.3528, 0.3528, 0.3528, 0.3528, 0.3528, 0.3528, 0.3528, 0.3569, 0.3569, 0.3569, 0.3569, 0.3569, 0.4483, 0.4483, 0.4483, 0.4483, 0.4483, 0.4483, 0.4483, 0.4483, 0.4483, 0.4499, 0.4663, 0.4663, 0.4663, 0.4663, 0.4663, 0.4663, 0.4663, 0.4663, 0.4663, 0.4663, 0.4663, 0.4663, 0.4663, 0.4663, 0.4663, 0.4663, 0.4663, 0.4663, 0.4663, 0.4663, 0.4663, 0.4663, 0.4663, 0.4663, 0.4663, 0.4663, 0.4663, 0.4663, 0.4663, 0.4663, 0.4663, 0.4663, 0.4663, 0.4663]","[0.0418, 0.0746, 0.0231, 0.0867, 0.0368, 0.0889, 0.1499, 0.0776, 0.0953, 0.1432, 0.1972, 0.1398, 0.2059, 0.1867, 0.2261, 0.2574, 0.2612, 0.3135, 0.3042, 0.3341, 0.353, 0.3146, 0.3082, 0.3947, 0.4064, 0.4188, 0.449, 0.4631, 0.4057, 0.4507, 0.4997, 0.4935, 0.4996, 0.5127, 0.553, 0.5061, 0.5208, 0.587, 0.6016, 0.647, 0.6299, 0.6738, 0.6343, 0.6284, 0.6875, 0.6772, 0.7208, 0.6948, 0.7579, 0.754, 0.8155, 0.7993, 0.7647, 0.7905, 0.8282, 0.8478, 0.8979, 0.8748, 0.8681, 0.9092, 0.8954, 0.9103, 0.9757, 0.9901, 1.017, 1.0202, 1.0585, 0.9998, 1.018, 1.0282, 1.0805, 1.0701, 1.1307, 1.1298, 1.1112, 1.154, 1.1962, 1.2169, 1.2079, 1.2178]","[1.2913, 1.3806, 1.4272, 1.4453, 1.5236, 1.5816, 1.6681, 1.7194, 1.6797, 1.7485, 1.8305, 1.9272, 1.8885, 1.8948, 1.9398, 1.9405, 1.9272, 1.8801, 1.8911, 1.8912]","[0.0033, 0.0508, 0.1041, 0.1381, 0.1771, 0.244, 0.3209, 0.365, 0.3738, 0.4257, 0.4796, 0.54, 0.568, 0.5981, 0.6159, 0.6645, 0.6649, 0.7278, 0.8041, 0.8755]","[1.039, 1.1328, 1.0559, 1.2874, 1.1941, 1.1043, 1.0459, 1.3827, 1.366, 1.4516, 1.4622, 1.1715, 1.4621, 1.3793, 1.1088, 1.1963, 1.0504, 1.2228, 1.2646, 1.4249]"
-42.13,2025-08-28T10:55:00.000Z,2025-08-28T10:00:00.000Z,22170,XAUUSD,LONG,London Open Liquidity Scalp,-0.7898,2.32,53.34,-1.0593,1.0689,2063.179,2063.667,2063.667,2063.179,3.0,2063.422,2063.192,2063.192,2064.111,4.0,2.5,1.0,SL,55,closed,53.34,0.79,2063.667,2063.179,1.2692,0.7389,0.1499,0.2607,true,true,Thursday,10,10,August,2025,0.9167,3300000,2063.192,2063.422,13058.55,13016.42,8.0,0.4085,1.0,false,false,true,8801,London Open Liquidity Scalp — QA 200,"[0.2374, 0.5605, 0.6466, 0.8465, 0.9056, 1.0689, 1.0689, 1.0689]","[0.2631, 0.2892, 0.612, 0.612, 0.7708, 0.9004, 1.0593, 1.0593]","[-0.1134, -0.2364, -0.2918, -0.3832, -0.5293, -0.6156, -0.6519, -0.7898]","[0.7757, 0.808, 0.8979, 0.9861, 1.0621, 1.0726, 1.0899, 1.1889]","[0.0372, 0.0387, 0.0921, 0.1363, 0.1966, 0.2158, 0.2481, 0.2772]","[-0.8378, -0.6575, -0.5919, -0.989, -0.8411, -0.8861, -0.8778, -0.5989]"
-31.97,2023-12-13T13:08:00.000Z,2023-12-13T09:04:00.000Z,22171,USDJPY,LONG,London Open Liquidity Scalp,-0.7606,0.29,42.03,-0.5705,0.5238,145.032,145.205,145.205,145.002,1.5,145.122,145.002,144.964,145.359,3.0,0.9,9.2,STOP_OUT,244,closed,42.03,0.76,145.205,145.032,0.6395,1.4521,0.0152,0.2775,true,true,Wednesday,9,13,December,2023,4.0667,14640000,144.964,145.122,13016.42,12984.45,6.0,0.3229,1.0,false,false,true,8801,London Open Liquidity Scalp — QA 200,"[0.3022, 0.3022, 0.3457, 0.3457, 0.3457, 0.3457, 0.3457, 0.3457, 0.3504, 0.3504, 0.3824, 0.3824, 0.3824, 0.3824, 0.423, 0.423, 0.5188, 0.5188, 0.5188, 0.5188, 0.5188, 0.5188, 0.5188, 0.5218, 0.5238, 0.5238, 0.5238, 0.5238, 0.5238, 0.5238, 0.5238, 0.5238, 0.5238, 0.5238, 0.5238, 0.5238, 0.5238, 0.5238, 0.5238, 0.5238, 0.5238, 0.5238, 0.5238, 0.5238, 0.5238, 0.5238, 0.5238, 0.7606]","[0.1775, 0.2409, 0.2738, 0.2738, 0.2927, 0.2927, 0.2927, 0.2927, 0.3521, 0.3521, 0.3521, 0.3635, 0.3635, 0.3635, 0.3635, 0.377, 0.377, 0.3961, 0.4206, 0.4228, 0.4228, 0.4228, 0.4522, 0.4522, 0.4522, 0.5334, 0.5334, 0.5334, 0.5334, 0.5334, 0.5334, 0.5334, 0.5705, 0.5705, 0.5705, 0.5705, 0.5705, 0.5705, 0.5705, 0.5705, 0.5705, 0.5705, 0.5705, 0.5705, 0.5705, 0.5705, 0.5705, 0.5705]","[-0.0369, -0.0454, -0.0832, -0.0252, -0.1191, -0.1099, -0.0972, -0.1176, -0.1672, -0.1162, -0.1834, -0.1518, -0.1829, -0.2573, -0.2609, -0.2539, -0.2249, -0.2613, -0.2573, -0.3059, -0.343, -0.3372, -0.3699, -0.3653, -0.3776, -0.3677, -0.4704, -0.4652, -0.426, -0.4413, -0.5265, -0.5448, -0.5639, -0.5351, -0.5852, -0.5926, -0.5731, -0.6409, -0.5987, -0.6484, -0.6575, -0.6544, -0.7018, -0.684, -0.7334, -0.6945, -0.7629, -0.7606]","[0.6024, 0.5973, 0.6024, 0.5984, 0.5558, 0.6024, 0.6024, 0.6024, 0.5659, 0.6024, 0.6024, 0.6024, 0.5737, 0.5331, 0.5831, 0.6024, 0.6015, 0.5524, 0.5819]","[0.047, 0.1083, 0.1347, 0.1659, 0.2049, 0.2249, 0.2958, 0.3219, 0.3628, 0.3994, 0.4733, 0.5402, 0.5945, 0.666, 0.697, 0.7168, 0.7331, 0.7635, 0.8261]","[-0.8815, -0.7199, -0.6301, -0.9076, -0.8707, -0.6393, -0.9296, -0.84, -0.8675, -0.5614, -0.7726, -0.8736, -0.4919, -0.5811, -0.7521, -0.8956, -0.7246, -0.5961, -0.7169]"
22.11,2025-08-21T16:41:00.000Z,2025-08-21T13:20:00.000Z,22172,NQ,LONG,London Open Liquidity Scalp,0.4659,0.56,47.46,-0.496,1.3459,18617.93074,18625.67263,18632.62509,18617.93074,3.0,18620.01558,18632.62509,18615.81241,18632.62509,4.5,0.75,5.0,TP,201,closed,47.46,0.47,18625.67263,18617.93074,1.6938,0.3462,0.88,0.0047,false,true,Thursday,13,16,August,2025,3.35,12060000,18615.81241,18620.01558,12984.45,13006.56,9.0,0.3655,1.0,false,false,true,8801,London Open Liquidity Scalp — QA 200,"[0.3814, 0.3814, 0.3814, 0.3814, 0.3814, 0.3814, 0.3814, 0.3814, 0.3814, 0.3814, 0.5279, 0.5279, 0.5279, 0.5279, 0.5279, 0.5279, 0.5279, 0.695, 0.695, 0.695, 0.695, 0.695, 0.736, 0.736, 0.736, 0.736, 0.736, 0.736, 0.736, 0.736, 0.736, 0.9023, 0.9023, 0.9023, 0.9023, 0.9023, 0.9023, 0.9023, 1.0515, 1.0515, 1.0515, 1.0515, 1.0515, 1.0515, 1.0515, 1.0771, 1.0771, 1.0771, 1.0771, 1.0771, 1.1344, 1.1344, 1.1344, 1.2163, 1.2163, 1.2163, 1.2758, 1.2758, 1.2758, 1.2758, 1.2758, 1.2758, 1.3459, 1.3459, 1.3459, 1.3459, 1.3459, 1.3459, 1.3459, 1.3459, 1.3459, 1.3459, 1.3459, 1.3459, 1.3459, 1.3459, 1.3459, 1.3459, 1.3459, 1.3459]","[0.232, 0.232, 0.232, 0.232, 0.232, 0.232, 0.293, 0.293, 0.293, 0.293, 0.293, 0.293, 0.293, 0.293, 0.293, 0.293, 0.293, 0.2943, 0.3115, 0.3115, 0.3214, 0.3214, 0.3214, 0.3214, 0.3214, 0.3214, 0.3214, 0.3214, 0.4194, 0.4194, 0.4194, 0.4194, 0.4194, 0.4194, 0.4194, 0.4194, 0.4194, 0.4194, 0.4194, 0.4194, 0.4194, 0.4629, 0.4842, 0.4842, 0.4932, 0.4932, 0.4932, 0.496, 0.496, 0.496, 0.496, 0.496, 0.496, 0.496, 0.496, 0.496, 0.496, 0.496, 0.496, 0.496, 0.496, 0.496, 0.496, 0.496, 0.496, 0.496, 0.496, 0.496, 0.496, 0.496, 0.496, 0.496, 0.496, 0.496, 0.496, 0.496, 0.496, 0.496, 0.496, 0.496]","[-0.0176, -0.0318, 0.0409, 0.0243, 0.0186, 0.0749, 0.0832, 0.0717, 0.0305, 0.0593, 0.0493, 0.0971, 0.1049, 0.0541, 0.0501, 0.1217, 0.0771, 0.0771, 0.143, 0.1164, 0.1468, 0.1585, 0.0989, 0.1478, 0.1401, 0.1571, 0.1796, 0.1427, 0.1928, 0.1516, 0.1361, 0.2257, 0.1891, 0.1802, 0.2428, 0.1906, 0.2402, 0.2572, 0.2557, 0.2712, 0.2379, 0.2848, 0.2674, 0.2451, 0.2736, 0.224, 0.3055, 0.265, 0.3167, 0.3329, 0.2912, 0.3367, 0.2681, 0.2746, 0.3384, 0.2831, 0.3648, 0.3297, 0.3643, 0.3693, 0.3685, 0.3542, 0.3781, 0.334, 0.3662, 0.3441, 0.4308, 0.3931, 0.3593, 0.4397, 0.3948, 0.4096, 0.4066, 0.4265, 0.4398, 0.4597, 0.4254, 0.4809, 0.4643, 0.4659]","[0.514, 0.6057, 0.5669, 0.5409, 0.6181, 0.6554, 0.7448, 0.8035, 0.8027, 0.8975, 0.9571, 0.9917, 0.9886, 0.9827, 1.0983, 1.1883, 1.1431, 1.1054, 1.0625]","[0.0298, 0.0873, 0.1554, 0.1691, 0.2406, 0.3143, 0.3397, 0.3699, 0.4214, 0.4755, 0.5145, 0.5553, 0.5575, 0.6279, 0.6836, 0.6882, 0.74, 0.7406, 0.782]","[0.6863, 0.4498, 0.3258, 0.5108, 0.329, 0.3444, 0.5166, 0.6299, 0.4148, 0.5411, 0.2713, 0.6204, 0.2718, 0.608, 0.499, 0.3066, 0.739, 0.5662, 0.7633]"
46.94,2024-11-24T10:48:00.000Z,2024-11-24T09:20:00.000Z,22173,XAUUSD,LONG,London Open Liquidity Scalp,1.124,2.4,41.76,-0.8396,1.2963,2075.506,2075.877,2075.877,2075.506,2.5,2075.652,2075.847,2075.478,2076.086,4.0,2.5,1.0,MANUAL,88,closed,41.76,1.12,2075.877,2075.506,1.4109,0.8671,0.1723,0.2491,false,true,Monday,9,10,November,2024,1.4667,5280000,2075.478,2075.652,13006.56,13053.5,8.0,0.3211,1.0,false,false,true,8801,London Open Liquidity Scalp — QA 200,"[0.3351, 0.3351, 0.3351, 0.4437, 0.4437, 0.4437, 0.4437, 0.4437, 0.4437, 0.4437, 0.4437, 0.4437, 0.4437, 0.4437, 0.5103, 0.6265, 0.6265, 0.6265, 0.6265, 0.6853, 0.7256, 0.7256, 0.7256, 0.7256, 0.7256, 0.7256, 0.7256, 0.8313, 0.8313, 0.8313, 0.8313, 0.8313, 0.8313, 0.9496, 0.9496, 0.9496, 0.9496, 0.9703, 0.9703, 0.9703, 0.9703, 0.9703, 0.9703, 0.9703, 0.9703, 0.9805, 0.9805, 1.0327, 1.0338, 1.1338, 1.1338, 1.1338, 1.1338, 1.1338, 1.219, 1.279, 1.279, 1.279, 1.279, 1.2932, 1.2932, 1.2932, 1.2932, 1.2932, 1.2963, 1.2963, 1.2963, 1.2963, 1.2963, 1.2963, 1.2963, 1.2963, 1.2963, 1.2963, 1.2963, 1.2963, 1.2963, 1.2963, 1.2963, 1.2963]","[0.0243, 0.1602, 0.1602, 0.276, 0.2997, 0.2997, 0.2997, 0.2997, 0.2997, 0.3214, 0.3214, 0.3214, 0.3216, 0.3216, 0.3216, 0.3216, 0.3216, 0.3216, 0.3339, 0.4265, 0.4265, 0.4265, 0.4265, 0.4923, 0.4923, 0.4923, 0.4923, 0.4923, 0.5132, 0.5132, 0.5132, 0.5132, 0.5132, 0.5411, 0.5411, 0.5411, 0.5411, 0.5411, 0.5411, 0.5411, 0.6778, 0.6778, 0.6778, 0.6778, 0.6778, 0.6778, 0.6778, 0.6778, 0.7234, 0.7234, 0.7234, 0.7234, 0.7743, 0.8107, 0.8107, 0.8107, 0.8107, 0.8107, 0.8107, 0.8107, 0.8107, 0.8107, 0.8107, 0.8396, 0.8396, 0.8396, 0.8396, 0.8396, 0.8396, 0.8396, 0.8396, 0.8396, 0.8396, 0.8396, 0.8396, 0.8396, 0.8396, 0.8396, 0.8396, 0.8396]","[0.0426, 0.0252, 0.0328, 0.0911, 0.0412, 0.1137, 0.0845, 0.0998, 0.137, 0.1808, 0.1165, 0.1689, 0.2122, 0.1624, 0.1751, 0.2366, 0.2023, 0.2352, 0.2225, 0.2595, 0.2705, 0.351, 0.3143, 0.2943, 0.3656, 0.3767, 0.4033, 0.3617, 0.4188, 0.4316, 0.4553, 0.4933, 0.4932, 0.469, 0.4902, 0.4815, 0.5598, 0.5381, 0.5156, 0.5361, 0.556, 0.6035, 0.5746, 0.6075, 0.6483, 0.6192, 0.654, 0.6799, 0.6551, 0.6752, 0.7475, 0.6952, 0.7349, 0.7697, 0.7465, 0.7429, 0.8397, 0.8155, 0.8682, 0.8446, 0.89, 0.8773, 0.8487, 0.934, 0.8683, 0.9061, 0.9072, 0.9937, 0.9634, 1.0276, 0.9929, 0.9906, 1.0377, 1.011, 1.0969, 1.0528, 1.0994, 1.073, 1.09, 1.124]","[1.0866, 1.1069, 1.2034, 1.1965, 1.3101, 1.3916, 1.4167, 1.4898, 1.4907, 1.4907, 1.4907, 1.4792, 1.4907, 1.4907]","[0.0245, 0.0722, 0.1186, 0.1943, 0.1963, 0.2378, 0.3106, 0.3264, 0.3406, 0.3744, 0.438, 0.5055, 0.5568, 0.6285]","[1.2418, 1.187, 0.9968, 1.0867, 1.386, 1.0593, 1.224, 1.0631, 1.3784, 1.2336, 1.2823, 1.3513, 1.0994, 0.9829]"
-20.66,2025-06-30T16:27:00.000Z,2025-06-30T14:53:00.000Z,22174,NQ,SHORT,London Open Liquidity Scalp,-0.4844,0.64,42.65,-0.66,1.0477,18367.58378,18361.87809,18368.71979,18361.87809,2.5,18365.37863,18368.71979,18368.71979,18357.02572,4.5,0.75,5.0,SL,94,closed,42.65,0.48,18361.87809,18367.58378,1.3923,0.4623,0.3948,0.0855,false,true,Monday,14,16,June,2025,1.5667,5640000,18368.71979,18365.37863,13053.5,13032.84,9.0,0.3267,1.0,false,false,true,8801,London Open Liquidity Scalp — QA 200,"[0.0911, 0.3339, 0.4198, 0.4198, 0.4198, 0.4198, 0.4198, 0.4198, 0.4198, 0.4198, 0.4198, 0.4198, 0.488, 0.488, 0.488, 0.488, 0.5646, 0.5646, 0.5671, 0.5671, 0.5671, 0.5671, 0.6892, 0.6892, 0.6892, 0.6892, 0.6892, 0.6892, 0.6892, 0.7672, 0.7672, 0.773, 0.773, 0.788, 0.788, 0.8573, 0.8573, 0.8573, 0.8573, 0.8573, 0.8573, 0.8573, 0.8573, 0.8573, 0.8573, 0.8573, 0.8573, 0.8573, 0.8573, 0.8573, 0.8573, 0.8882, 1.0392, 1.0392, 1.0392, 1.0392, 1.0477, 1.0477, 1.0477, 1.0477, 1.0477, 1.0477, 1.0477, 1.0477, 1.0477, 1.0477, 1.0477, 1.0477, 1.0477, 1.0477, 1.0477, 1.0477, 1.0477, 1.0477, 1.0477, 1.0477, 1.0477, 1.0477, 1.0477, 1.0477]","[0.2093, 0.2093, 0.2093, 0.2093, 0.2617, 0.2648, 0.2663, 0.2663, 0.2663, 0.2663, 0.2935, 0.2935, 0.2935, 0.3109, 0.3109, 0.3323, 0.3323, 0.3323, 0.3323, 0.402, 0.402, 0.402, 0.402, 0.4422, 0.4422, 0.4422, 0.4466, 0.4466, 0.4466, 0.4466, 0.4505, 0.4728, 0.4728, 0.5242, 0.5242, 0.5242, 0.5242, 0.5242, 0.5242, 0.5242, 0.5242, 0.5242, 0.5242, 0.526, 0.526, 0.6074, 0.6074, 0.614, 0.614, 0.614, 0.66, 0.66, 0.66, 0.66, 0.66, 0.66, 0.66, 0.66, 0.66, 0.66, 0.66, 0.66, 0.66, 0.66, 0.66, 0.66, 0.66, 0.66, 0.66, 0.66, 0.66, 0.66, 0.66, 0.66, 0.66, 0.66, 0.66, 0.66, 0.66, 0.66]","[-0.0363, 0.0163, 0.0211, -0.04, -0.0478, -0.0023, -0.0586, -0.0563, -0.0531, -0.087, -0.0337, -0.1014, -0.1013, -0.1173, -0.0943, -0.0953, -0.0808, -0.1406, -0.0877, -0.0779, -0.1453, -0.1221, -0.1579, -0.1331, -0.1696, -0.1236, -0.2085, -0.1946, -0.1773, -0.1786, -0.1926, -0.1663, -0.1548, -0.1654, -0.1751, -0.2332, -0.1874, -0.2616, -0.2508, -0.2051, -0.2252, -0.2124, -0.2587, -0.2715, -0.314, -0.2431, -0.3246, -0.2489, -0.3246, -0.2613, -0.3296, -0.2759, -0.2986, -0.3331, -0.296, -0.332, -0.3121, -0.3153, -0.3842, -0.3954, -0.3889, -0.3606, -0.3938, -0.3716, -0.4373, -0.3944, -0.4275, -0.3762, -0.3815, -0.3947, -0.3865, -0.3915, -0.4447, -0.4926, -0.4978, -0.468, -0.4247, -0.4813, -0.5231, -0.4844]","[0.453, 0.4483, 0.4312, 0.5416, 0.6176, 0.5857, 0.608]","[0.0768, 0.1361, 0.1896, 0.1939, 0.1942, 0.2151, 0.2222]","[-0.5297, -0.3038, -0.4601, -0.5405, -0.2922, -0.2012, -0.2455]"
-22.77,2024-01-28T18:55:00.000Z,2024-01-28T13:32:00.000Z,22175,EURUSD,LONG,London Open Liquidity Scalp,-0.4375,0.32,52.04,-0.3281,1.2195,1.09541,1.09795,1.09795,1.09431,2.5,1.09595,1.09431,1.09431,1.10005,3.0,0.8,10.0,SL,323,closed,52.04,0.44,1.09795,1.09541,1.314,0.3588,0.3929,0.3054,true,false,Monday,13,18,January,2024,5.3833,19380000,1.09431,1.09595,13032.84,13010.07,6.0,0.3993,1.0,false,false,false,8801,London Open Liquidity Scalp — QA 200,"[0.2397, 0.2397, 0.2397, 0.2529, 0.2696, 0.2696, 0.3446, 0.3949, 0.3949, 0.3949, 0.4973, 0.4973, 0.5264, 0.5791, 0.5791, 0.5791, 0.5791, 0.5791, 0.5791, 0.5791, 0.6693, 0.6693, 0.7469, 0.7469, 0.7469, 0.7469, 0.7469, 0.7469, 0.7469, 0.7469, 0.7469, 0.7469, 0.7469, 0.8902, 0.8902, 0.8902, 0.8902, 0.8902, 0.8902, 0.919, 0.919, 0.919, 0.9785, 0.9785, 0.9982, 1.0649, 1.0649, 1.0649, 1.0682, 1.0682, 1.1205, 1.1205, 1.1205, 1.1205, 1.2011, 1.2011, 1.2011, 1.2011, 1.2011, 1.2011, 1.2011, 1.2011, 1.2011, 1.2011, 1.2011, 1.2195, 1.2195, 1.2195, 1.2195, 1.2195, 1.2195, 1.2195, 1.2195, 1.2195, 1.2195, 1.2195, 1.2195, 1.2195, 1.2195, 1.2195]","[0.0613, 0.1751, 0.1751, 0.1835, 0.1835, 0.1835, 0.1835, 0.1835, 0.1885, 0.2813, 0.2813, 0.2813, 0.2813, 0.2813, 0.2813, 0.2813, 0.2813, 0.3206, 0.3206, 0.3206, 0.3206, 0.3206, 0.3206, 0.3206, 0.3206, 0.3206, 0.3206, 0.3262, 0.3262, 0.3262, 0.3281, 0.3281, 0.3281, 0.3281, 0.3281, 0.3281, 0.3281, 0.3281, 0.3281, 0.3281, 0.3281, 0.3281, 0.3281, 0.3281, 0.3281, 0.3281, 0.3281, 0.3281, 0.3281, 0.3281, 0.3281, 0.3281, 0.3281, 0.3281, 0.3281, 0.3281, 0.3281, 0.3281, 0.3281, 0.3281, 0.3281, 0.3281, 0.3281, 0.3281, 0.3281, 0.3281, 0.3281, 0.3281, 0.3281, 0.3281, 0.3281, 0.3281, 0.3281, 0.3281, 0.3281, 0.3281, 0.3281, 0.3281, 0.3281, 0.3281]","[0.0123, 0.0109, 0.0065, 0.0047, -0.014, -0.0674, 0.002, -0.0488, -0.0454, -0.0824, -0.0977, -0.0537, -0.0932, -0.1151, -0.0723, -0.0896, -0.1305, -0.1114, -0.1018, -0.1263, -0.1491, -0.1079, -0.0964, -0.0864, -0.0962, -0.108, -0.1233, -0.1345, -0.1676, -0.1574, -0.1411, -0.1669, -0.1956, -0.1836, -0.2256, -0.23, -0.198, -0.2237, -0.1969, -0.19, -0.2083, -0.2498, -0.2175, -0.2183, -0.2243, -0.2124, -0.2544, -0.259, -0.2737, -0.2699, -0.2351, -0.2731, -0.3058, -0.2927, -0.2654, -0.2935, -0.3272, -0.3557, -0.3535, -0.3243, -0.327, -0.369, -0.3855, -0.3572, -0.3548, -0.3795, -0.3645, -0.3544, -0.3515, -0.3652, -0.3467, -0.3669, -0.3854, -0.4094, -0.3925, -0.4105, -0.4474, -0.4191, -0.4096, -0.4375]","[0.5493, 0.6552, 0.6209, 0.6993, 0.7266, 0.7577, 0.8079, 0.9274, 1.0228, 1.0742, 1.1466, 1.1636, 1.1769, 1.1963, 1.2946, 1.3522, 1.3514, 1.4024, 1.3993, 1.355]","[0.0142, 0.0238, 0.0478, 0.0912, 0.1585, 0.2353, 0.252, 0.2674, 0.2963, 0.3014, 0.3247, 0.3325, 0.3413, 0.4075, 0.45, 0.5231, 0.5556, 0.5722, 0.6055, 0.6423]","[-0.343, -0.2334, -0.2515, -0.558, -0.4714, -0.489, -0.5922, -0.2166, -0.3661, -0.1539, -0.5169, -0.2362, -0.4935, -0.2869, -0.2369, -0.375, -0.1521, -0.5425, -0.4638, -0.2731]"
58.59,2024-02-13T10:26:00.000Z,2024-02-13T08:06:00.000Z,22176,GBPUSD,LONG,London Open Liquidity Scalp,1.1026,0.25,53.14,-0.6675,1.7976,1.25092,1.25621,1.25665,1.25092,2.0,1.25235,1.25665,1.2502,1.25665,3.5,1.2,10.0,TP,140,closed,53.14,1.1,1.25621,1.25092,2.1285,0.6134,0.695,0.0962,false,true,Tuesday,8,10,February,2024,2.3333,8400000,1.2502,1.25235,13010.07,13068.66,7.0,0.4085,1.0,false,false,true,8801,London Open Liquidity Scalp — QA 200,"[0.0749, 0.436, 0.436, 0.633, 0.633, 0.6902, 0.8059, 0.8677, 0.9042, 0.9042, 1.0164, 1.0164, 1.0164, 1.1632, 1.1983, 1.3708, 1.3708, 1.3983, 1.3983, 1.3983, 1.483, 1.78, 1.78, 1.78, 1.7819, 1.7976, 1.7976, 1.7976]","[0.2176, 0.2176, 0.2176, 0.2553, 0.3609, 0.3609, 0.3609, 0.3609, 0.3609, 0.3753, 0.4666, 0.4666, 0.4666, 0.4857, 0.4857, 0.5569, 0.5608, 0.6485, 0.6485, 0.6485, 0.6485, 0.6485, 0.6675, 0.6675, 0.6675, 0.6675, 0.6675, 0.6675]","[0.0798, 0.1112, 0.0821, 0.1158, 0.188, 0.255, 0.2575, 0.2882, 0.3812, 0.3912, 0.478, 0.4735, 0.531, 0.5458, 0.5573, 0.6683, 0.7125, 0.709, 0.7226, 0.8203, 0.8692, 0.8981, 0.9254, 0.9886, 0.9587, 1.0155, 1.0784, 1.1026]","[1.2169, 1.2928, 1.3481, 1.3674, 1.3443]","[0.0087, 0.0459, 0.0634, 0.0751, 0.1264]","[1.3184, 1.3396, 0.9034, 1.2101, 1.2517]"
55.77,2024-07-04T16:45:00.000Z,2024-07-04T14:50:00.000Z,22177,EURUSD,SHORT,London Open Liquidity Scalp,1.2952,0.23,43.06,-0.5953,2.4897,1.09845,1.0928,1.09845,1.0928,2.5,1.09736,1.09499,1.09919,1.09278,3.0,0.8,10.0,MANUAL,115,closed,43.06,1.3,1.0928,1.09845,2.6869,0.5202,1.1945,0.0548,false,false,Thursday,14,16,July,2024,1.9167,6900000,1.09919,1.09736,13068.66,13124.43,6.0,0.3295,1.0,false,false,true,8801,London Open Liquidity Scalp — QA 200,"[0.3683, 0.4158, 0.4158, 0.4662, 0.8193, 0.8193, 0.8958, 1.2353, 1.2353, 1.2353, 1.5783, 1.5783, 1.5783, 1.5903, 1.8129, 2.1187, 2.1187, 2.1187, 2.4169, 2.4169, 2.4368, 2.4897, 2.4897]","[0.2663, 0.2663, 0.2663, 0.2663, 0.2663, 0.2663, 0.3753, 0.3753, 0.3753, 0.3778, 0.4903, 0.4903, 0.501, 0.5192, 0.5953, 0.5953, 0.5953, 0.5953, 0.5953, 0.5953, 0.5953, 0.5953, 0.5953]","[0.0191, 0.1121, 0.2067, 0.1885, 0.2605, 0.3714, 0.4199, 0.4566, 0.4672, 0.5901, 0.6245, 0.6316, 0.7419, 0.7812, 0.8307, 0.8842, 0.9813, 0.972, 1.0895, 1.1537, 1.1522, 1.2083, 1.2952]","[1.2471, 1.2658, 1.2418, 1.3147, 1.3296, 1.3886, 1.34, 1.2976, 1.3596, 1.3809, 1.4395]","[0.0684, 0.1413, 0.1979, 0.2659, 0.3382, 0.4016, 0.4256, 0.461, 0.5336, 0.5442, 0.6143]","[1.5453, 1.3037, 1.5298, 1.2759, 1.4209, 1.4494, 1.1914, 1.2072, 1.3357, 1.397, 1.4856]"
-15.92,2024-01-11T13:08:00.000Z,2024-01-11T10:02:00.000Z,22178,EURUSD,LONG,London Open Liquidity Scalp,-0.3727,0.17,42.71,-0.6578,0.2102,1.10622,1.10841,1.10841,1.10622,3.0,1.10788,1.10694,1.10536,1.11544,3.0,0.8,10.0,MANUAL,186,closed,42.71,0.37,1.10841,1.10622,0.4296,1.7731,0.122,0.2065,true,false,Thursday,10,13,January,2024,3.1,11160000,1.10536,1.10788,13124.43,13108.51,6.0,0.3254,1.0,false,true,true,8801,London Open Liquidity Scalp — QA 200,"[0.1576, 0.2102, 0.2102, 0.2102, 0.2102, 0.2102, 0.2102, 0.2102, 0.2102, 0.2102, 0.2102, 0.2102, 0.2102, 0.2102, 0.2102, 0.2102, 0.2102, 0.2102, 0.2102, 0.2102, 0.2102, 0.2102, 0.2102, 0.2102, 0.2102, 0.2102, 0.2102, 0.2102, 0.2102, 0.2102, 0.2102, 0.2102, 0.2102, 0.2102, 0.2102, 0.2102, 0.3727]","[0.0653, 0.1505, 0.1505, 0.3018, 0.3018, 0.3018, 0.3018, 0.3018, 0.3485, 0.3485, 0.3485, 0.3485, 0.4785, 0.4785, 0.4785, 0.5054, 0.5054, 0.5054, 0.5518, 0.5997, 0.5997, 0.5997, 0.5997, 0.5997, 0.5997, 0.6352, 0.6352, 0.6352, 0.6352, 0.6578, 0.6578, 0.6578, 0.6578, 0.6578, 0.6578, 0.6578, 0.6578]","[0.0094, -0.03, -0.0609, -0.0284, -0.0479, -0.0707, -0.0881, -0.1213, -0.0606, -0.1029, -0.092, -0.1556, -0.1689, -0.1794, -0.1483, -0.1575, -0.1929, -0.1714, -0.2308, -0.1656, -0.1693, -0.2515, -0.2423, -0.2055, -0.2332, -0.2481, -0.2682, -0.298, -0.2659, -0.2598, -0.2785, -0.3387, -0.3403, -0.3341, -0.3457, -0.3343, -0.3727]","[0.2417, 0.2096, 0.1909, 0.1655, 0.1922, 0.2417, 0.2417, 0.2154]","[0.0337, 0.0367, 0.1052, 0.1841, 0.1983, 0.2229, 0.2974, 0.3763]","[-0.3738, -0.5364, -0.2957, -0.2627, -0.3904, -0.1569, -0.322, -0.4617]"
-35.89,2024-01-14T14:41:00.000Z,2024-01-14T09:02:00.000Z,22179,EURUSD,LONG,London Open Liquidity Scalp,-0.8959,0.17,40.06,-1.1831,0.2038,1.08037,1.08369,1.08369,1.08037,2.5,1.0832,1.08106,1.08081,1.08918,3.0,0.8,10.0,STOP_OUT,339,closed,40.06,0.9,1.08369,1.08037,0.3204,4.396,0.5,0.0046,false,false,Monday,9,14,January,2024,5.65,20340000,1.08081,1.0832,13108.51,13072.62,6.0,0.3056,1.0,false,false,true,8801,London Open Liquidity Scalp — QA 200,"[0.1629, 0.2038, 0.2038, 0.2038, 0.2038, 0.2038, 0.2038, 0.2038, 0.2038, 0.2038, 0.2038, 0.2038, 0.2038, 0.2038, 0.2038, 0.2038, 0.2038, 0.2038, 0.2038, 0.2038, 0.2038, 0.8959]","[0.2815, 0.2815, 0.3023, 0.3134, 0.3295, 0.4497, 0.5373, 0.5373, 0.7048, 0.7048, 0.811, 0.811, 0.811, 0.9939, 0.9939, 1.0062, 1.1305, 1.1305, 1.1305, 1.1466, 1.1831, 1.1831]","[-0.0507, -0.106, -0.1331, -0.1607, -0.2425, -0.2493, -0.3277, -0.2843, -0.3757, -0.4224, -0.4488, -0.5186, -0.5742, -0.5425, -0.6417, -0.6862, -0.7307, -0.7306, -0.7458, -0.8512, -0.8613, -0.8959]","[0.2344, 0.2344, 0.2344, 0.2123, 0.2344, 0.2344, 0.2344, 0.2344, 0.2344, 0.2344, 0.2344, 0.2344, 0.2344, 0.2344, 0.2344, 0.2222, 0.2101, 0.2196, 0.2344, 0.2073, 0.2344]","[0.0745, 0.1166, 0.1478, 0.1953, 0.214, 0.2739, 0.3153, 0.3341, 0.3538, 0.3661, 0.4263, 0.4514, 0.4702, 0.4734, 0.544, 0.573, 0.6107, 0.6314, 0.7022, 0.7437, 0.8132]","[-0.6012, -0.6776, -0.7564, -0.9733, -0.806, -1.0772, -0.6545, -1.0567, -0.7586, -0.7101, -0.7937, -1.0351, -0.8264, -0.6603, -0.8357, -1.0003, -0.6983, -0.9002, -0.8077, -0.9228, -1.0351]"
75.04,2025-05-24T13:16:00.000Z,2025-05-24T08:56:00.000Z,22180,EURUSD,LONG,London Open Liquidity Scalp,1.4359,0.42,52.26,-0.4332,2.5347,1.08844,1.09212,1.09212,1.08844,1.5,1.08898,1.09084,1.08774,1.09084,3.0,0.8,10.0,TP,260,closed,52.26,1.44,1.09212,1.08844,2.619,0.5665,1.0988,0.1196,false,true,Monday,8,13,May,2025,4.3333,15600000,1.08774,1.08898,13072.62,13147.66,6.0,0.3998,1.0,false,true,true,8801,London Open Liquidity Scalp — QA 200,"[0.1743, 0.4324, 0.4659, 0.4659, 0.4659, 0.4659, 0.4659, 0.4659, 0.7897, 0.7897, 0.8454, 0.8454, 0.8454, 0.8454, 1.0003, 1.0003, 1.0003, 1.144, 1.144, 1.144, 1.144, 1.1893, 1.349, 1.349, 1.4507, 1.6153, 1.6937, 1.7223, 1.7606, 1.8595, 1.8595, 1.8595, 1.8595, 1.8595, 2.0363, 2.0363, 2.0363, 2.0363, 2.1569, 2.1569, 2.3666, 2.3666, 2.3666, 2.4643, 2.4643, 2.4643, 2.5297, 2.5347, 2.5347, 2.5347, 2.5347, 2.5347]","[0.056, 0.1785, 0.1785, 0.1785, 0.2824, 0.2824, 0.2824, 0.2824, 0.2824, 0.2844, 0.2844, 0.2844, 0.2844, 0.338, 0.338, 0.338, 0.338, 0.338, 0.338, 0.338, 0.338, 0.3428, 0.4332, 0.4332, 0.4332, 0.4332, 0.4332, 0.4332, 0.4332, 0.4332, 0.4332, 0.4332, 0.4332, 0.4332, 0.4332, 0.4332, 0.4332, 0.4332, 0.4332, 0.4332, 0.4332, 0.4332, 0.4332, 0.4332, 0.4332, 0.4332, 0.4332, 0.4332, 0.4332, 0.4332, 0.4332, 0.4332]","[0.0177, 0.0937, 0.1037, 0.1447, 0.1208, 0.1561, 0.2234, 0.2339, 0.2912, 0.3192, 0.3265, 0.3607, 0.3431, 0.3986, 0.4323, 0.4392, 0.451, 0.5258, 0.5644, 0.568, 0.6094, 0.6508, 0.6301, 0.6263, 0.6568, 0.7015, 0.7904, 0.7975, 0.8224, 0.8195, 0.8389, 0.8665, 0.9524, 0.9817, 0.9678, 1.0013, 0.996, 1.0097, 1.0842, 1.0994, 1.1139, 1.1926, 1.1969, 1.1879, 1.285, 1.2796, 1.2911, 1.3392, 1.3161, 1.404, 1.4158, 1.4359]","[1.4848, 1.5577, 1.6051, 1.6232, 1.5765, 1.5738, 1.5779, 1.5981, 1.617, 1.6873, 1.6779, 1.7298, 1.7155, 1.8034, 1.9121, 1.8942, 1.9012]","[0.0179, 0.0763, 0.0807, 0.1482, 0.1569, 0.182, 0.194, 0.2248, 0.2837, 0.3118, 0.3916, 0.4276, 0.4687, 0.49, 0.5344, 0.536, 0.5569]","[1.5971, 1.4553, 1.4384, 1.6162, 1.587, 1.3132, 1.5652, 1.3628, 1.615, 1.7111, 1.5691, 1.3423, 1.5946, 1.4192, 1.6663, 1.3946, 1.5571]"
1.16,2025-08-09T10:52:00.000Z,2025-08-09T08:23:00.000Z,22181,EURUSD,SHORT,London Open Liquidity Scalp,0.0289,0.17,40.18,-0.1603,1.209,1.05921,1.05599,1.05921,1.05599,3.0,1.05883,1.05873,1.06118,1.05178,3.0,0.8,10.0,BE,149,closed,40.18,0.03,1.05599,1.05921,1.2404,0.0239,0.2956,0.0497,false,true,Monday,8,10,August,2025,2.4833,8940000,1.06118,1.05883,13147.66,13148.82,6.0,0.3056,1.0,true,false,true,8801,London Open Liquidity Scalp — QA 200,"[0.2927, 0.3797, 0.788, 0.788, 0.788, 0.9934, 1.1934, 1.209, 1.209]","[0.1603, 0.1603, 0.1603, 0.1603, 0.1603, 0.1603, 0.1603, 0.1603, 0.1603]","[0.0028, -0.0, -0.0216, 0.0509, -0.0194, 0.0164, 0.0053, 0.0498, 0.0289]","[0.0868, 0.1308, 0.1938, 0.2198, 0.2855, 0.26, 0.3789, 0.3409, 0.4585, 0.4855, 0.5046, 0.5716, 0.5308, 0.5997, 0.6315]","[0.0635, 0.1034, 0.17, 0.1731, 0.2484, 0.3042, 0.3755, 0.4112, 0.484, 0.5531, 0.6045, 0.6749, 0.744, 0.7616, 0.7946]","[0.0092, 0.1637, 0.0388, 0.3158, 0.1958, 0.2469, -0.1582, 0.3082, 0.1701, 0.2636, 0.1872, 0.1435, 0.1164, 0.1961, 0.1155]"
3.47,2024-04-04T10:35:00.000Z,2024-04-04T08:41:00.000Z,22182,XAUUSD,LONG,London Open Liquidity Scalp,0.0809,1.91,42.87,-0.1688,1.1446,1990.477,1990.772,1990.772,1990.477,2.5,1990.515,1990.515,1990.29,1991.077,4.0,2.5,1.0,BE,114,closed,42.87,0.08,1990.772,1990.477,1.269,0.0707,1.0637,0.2473,false,true,Thursday,8,10,April,2024,1.9,6840000,1990.29,1990.515,13148.82,13152.29,8.0,0.326,1.0,false,false,true,8801,London Open Liquidity Scalp — QA 200,"[0.1494, 0.491, 0.491, 0.491, 0.491, 0.491, 0.6376, 0.6789, 0.6789, 0.7434, 0.7434, 0.8381, 0.8381, 0.8381, 1.0353, 1.1446, 1.1446, 1.1446, 1.1446, 1.1446, 1.1446, 1.1446]","[0.1629, 0.1688, 0.1688, 0.1688, 0.1688, 0.1688, 0.1688, 0.1688, 0.1688, 0.1688, 0.1688, 0.1688, 0.1688, 0.1688, 0.1688, 0.1688, 0.1688, 0.1688, 0.1688, 0.1688, 0.1688, 0.1688]","[-0.0136, 0.0424, 0.0209, 0.0537, 0.0519, 0.0299, -0.0098, 0.0407, 0.0537, 0.0183, 0.0653, 0.0498, 0.0289, 0.0235, 0.0606, 0.0455, 0.0447, 0.0309, 0.0365, 0.037, 0.0761, 0.0809]","[0.1233, 0.1585, 0.2768, 0.2369, 0.3095, 0.3891, 0.4628, 0.4379, 0.471, 0.5446, 0.5494, 0.5485, 0.5398, 0.5709]","[0.0189, 0.0852, 0.0945, 0.1046, 0.1442, 0.1542, 0.1811, 0.1946, 0.2062, 0.2544, 0.2964, 0.3074, 0.3593, 0.376]","[-0.1136, -0.1098, 0.0804, 0.2589, -0.0156, 0.1781, -0.0147, 0.3333, -0.0964, 0.2894, 0.3216, -0.1144, 0.2975, 0.3349]"
-36.76,2024-12-18T14:29:00.000Z,2024-12-18T09:20:00.000Z,22183,XAUUSD,LONG,London Open Liquidity Scalp,-0.7238,3.87,50.79,-0.9967,1.4353,2076.662,2076.982,2076.982,2076.662,1.5,2076.793,2076.662,2076.662,2076.99,4.0,2.5,1.0,SL,309,closed,50.79,0.72,2076.982,2076.662,1.4539,0.5043,0.1741,0.1845,true,false,Wednesday,9,14,December,2024,5.15,18540000,2076.662,2076.793,13152.29,13115.53,8.0,0.3862,1.0,false,false,true,8801,London Open Liquidity Scalp — QA 200,"[0.2558, 0.2558, 0.3505, 0.3505, 0.3505, 0.4414, 0.4414, 0.4414, 0.4414, 0.4648, 0.5202, 0.5202, 0.6383, 0.7172, 0.7234, 0.7234, 0.7234, 0.7234, 0.7234, 0.7234, 0.7234, 0.7778, 0.8549, 0.8549, 0.8549, 0.8549, 0.8549, 0.8549, 1.0366, 1.0366, 1.0366, 1.0366, 1.1216, 1.1995, 1.1995, 1.1995, 1.1995, 1.1995, 1.2829, 1.2829, 1.2829, 1.3081, 1.3081, 1.3479, 1.4353, 1.4353, 1.4353, 1.4353, 1.4353, 1.4353, 1.4353, 1.4353, 1.4353, 1.4353, 1.4353, 1.4353, 1.4353, 1.4353, 1.4353, 1.4353, 1.4353]","[0.136, 0.2011, 0.2011, 0.2772, 0.2772, 0.326, 0.326, 0.3308, 0.3308, 0.4018, 0.4018, 0.4018, 0.4018, 0.4018, 0.4018, 0.4018, 0.5056, 0.5056, 0.5056, 0.5056, 0.5056, 0.5489, 0.5489, 0.5489, 0.5581, 0.6354, 0.6581, 0.6581, 0.669, 0.669, 0.7214, 0.7214, 0.7214, 0.7214, 0.7214, 0.7214, 0.7214, 0.7214, 0.8589, 0.8589, 0.8589, 0.8589, 0.9399, 0.9399, 0.9399, 0.9399, 0.9967, 0.9967, 0.9967, 0.9967, 0.9967, 0.9967, 0.9967, 0.9967, 0.9967, 0.9967, 0.9967, 0.9967, 0.9967, 0.9967, 0.9967]","[0.0085, -0.0124, -0.0575, -0.0483, -0.0635, -0.0943, -0.0413, -0.1344, -0.0899, -0.1624, -0.1218, -0.1816, -0.1136, -0.18, -0.2189, -0.2179, -0.2142, -0.2319, -0.1838, -0.268, -0.2156, -0.2476, -0.2465, -0.2848, -0.2674, -0.2783, -0.3234, -0.3317, -0.3056, -0.3365, -0.4055, -0.3372, -0.3838, -0.4021, -0.3839, -0.3971, -0.4483, -0.4881, -0.454, -0.4653, -0.4642, -0.4937, -0.4865, -0.5108, -0.5707, -0.582, -0.599, -0.5881, -0.6249, -0.6352, -0.575, -0.5968, -0.6508, -0.6571, -0.616, -0.6506, -0.6368, -0.7068, -0.6589, -0.6783, -0.7238]","[0.7918, 0.7905, 0.9034, 1.0061, 1.1097]","[0.0218, 0.0815, 0.1555, 0.2243, 0.2773]","[-0.8167, -0.5012, -0.667, -0.7196, -0.5963]"
-34.19,2025-10-06T20:24:00.000Z,2025-10-06T15:13:00.000Z,22184,USDJPY,SHORT,London Open Liquidity Scalp,-0.6883,0.23,49.67,-0.9104,0.9857,147.309,146.868,147.329,146.868,2.0,147.097,147.329,147.329,146.632,3.0,0.9,9.2,SL,311,closed,49.67,0.69,146.868,147.309,1.1523,0.6983,0.5261,0.0886,false,true,Monday,15,20,October,2025,5.1833,18660000,147.329,147.097,13115.53,13081.34,6.0,0.3787,1.0,false,false,false,8801,London Open Liquidity Scalp — QA 200,"[0.3825, 0.3825, 0.3825, 0.3825, 0.3825, 0.3825, 0.3825, 0.4181, 0.4181, 0.4181, 0.4181, 0.4181, 0.4181, 0.4188, 0.4188, 0.4188, 0.4188, 0.4188, 0.4745, 0.5733, 0.5733, 0.5733, 0.5733, 0.5821, 0.5821, 0.5821, 0.5821, 0.6007, 0.6007, 0.6795, 0.7692, 0.7692, 0.7692, 0.7692, 0.7692, 0.7692, 0.7692, 0.7692, 0.863, 0.863, 0.863, 0.863, 0.916, 0.916, 0.916, 0.916, 0.916, 0.9515, 0.9515, 0.9515, 0.9515, 0.9515, 0.9515, 0.9515, 0.9515, 0.9515, 0.9515, 0.9515, 0.9515, 0.9515, 0.9857, 0.9857, 0.9857, 0.9857, 0.9857, 0.9857, 0.9857, 0.9857, 0.9857, 0.9857, 0.9857, 0.9857, 0.9857, 0.9857, 0.9857, 0.9857, 0.9857, 0.9857, 0.9857, 0.9857]","[0.0766, 0.0766, 0.1687, 0.1687, 0.1687, 0.1687, 0.3226, 0.339, 0.339, 0.339, 0.339, 0.339, 0.339, 0.3681, 0.3681, 0.3681, 0.3693, 0.3921, 0.3921, 0.3921, 0.3921, 0.3921, 0.4185, 0.4185, 0.4185, 0.5351, 0.5351, 0.5351, 0.5686, 0.5763, 0.5763, 0.5763, 0.5763, 0.5763, 0.5763, 0.5763, 0.5763, 0.5763, 0.5763, 0.5822, 0.5822, 0.5822, 0.5822, 0.6668, 0.7362, 0.7362, 0.7362, 0.7362, 0.7362, 0.7443, 0.7443, 0.7635, 0.7635, 0.7635, 0.7635, 0.7635, 0.8468, 0.8468, 0.8468, 0.9104, 0.9104, 0.9104, 0.9104, 0.9104, 0.9104, 0.9104, 0.9104, 0.9104, 0.9104, 0.9104, 0.9104, 0.9104, 0.9104, 0.9104, 0.9104, 0.9104, 0.9104, 0.9104, 0.9104, 0.9104]","[-0.0127, -0.0331, -0.0388, -0.0675, -0.0402, -0.0672, -0.0633, -0.0929, -0.0717, -0.0972, -0.1256, -0.1222, -0.0724, -0.0957, -0.1537, -0.1044, -0.1873, -0.1629, -0.1791, -0.1606, -0.2184, -0.1523, -0.1753, -0.1771, -0.256, -0.1914, -0.2393, -0.23, -0.2302, -0.252, -0.2499, -0.2797, -0.2603, -0.3059, -0.3152, -0.2911, -0.2901, -0.3287, -0.3161, -0.3076, -0.3632, -0.3881, -0.3306, -0.3409, -0.3488, -0.4195, -0.3873, -0.4288, -0.3956, -0.3929, -0.3981, -0.4409, -0.4608, -0.4842, -0.5049, -0.4842, -0.4959, -0.455, -0.5329, -0.5357, -0.4974, -0.515, -0.5618, -0.5222, -0.5989, -0.6118, -0.6048, -0.5642, -0.5621, -0.5881, -0.6099, -0.6375, -0.6642, -0.6154, -0.634, -0.6578, -0.6189, -0.686, -0.6569, -0.6883]","[0.7078, 0.7285, 0.7287, 0.7589, 0.7926, 0.881, 0.8802, 0.8583, 0.8635, 0.8304, 0.8774, 0.8623]","[0.0594, 0.0667, 0.0774, 0.0869, 0.0941, 0.098, 0.1271, 0.1806, 0.1836, 0.2466, 0.3131, 0.3141]","[-0.6032, -0.8596, -0.8841, -0.7839, -0.4578, -0.6952, -0.5723, -0.8726, -0.6817, -0.634, -0.7834, -0.4581]"
-37.39,2024-01-31T13:31:00.000Z,2024-01-31T07:49:00.000Z,22185,USDJPY,SHORT,London Open Liquidity Scalp,-0.7293,0.24,51.27,-0.547,1.6842,145.254,144.735,145.297,144.735,2.0,145.127,145.297,145.36,144.662,3.0,0.9,9.2,MANUAL,342,closed,51.27,0.73,144.735,145.254,1.7378,0.433,0.5875,0.3127,true,true,Wednesday,7,13,January,2024,5.7,20520000,145.36,145.127,13081.34,13043.95,6.0,0.3919,1.0,false,false,true,8801,London Open Liquidity Scalp — QA 200,"[0.0819, 0.3237, 0.3237, 0.3237, 0.3237, 0.5029, 0.5029, 0.5029, 0.5029, 0.5937, 0.5937, 0.5937, 0.5937, 0.5937, 0.7078, 0.7078, 0.7078, 0.7078, 0.7078, 0.7078, 0.7078, 0.8002, 0.8002, 0.8002, 0.8002, 0.8038, 0.8038, 0.8038, 0.8038, 0.8038, 1.0001, 1.0001, 1.0001, 1.0244, 1.0244, 1.0244, 1.0244, 1.0244, 1.0244, 1.0244, 1.1139, 1.1139, 1.2763, 1.2763, 1.2763, 1.315, 1.315, 1.315, 1.315, 1.315, 1.315, 1.4044, 1.4044, 1.4044, 1.4044, 1.4044, 1.4044, 1.5511, 1.5747, 1.5747, 1.5747, 1.5747, 1.5747, 1.6842, 1.6842, 1.6842, 1.6842, 1.6842, 1.6842, 1.6842, 1.6842, 1.6842, 1.6842, 1.6842, 1.6842, 1.6842, 1.6842, 1.6842, 1.6842, 1.6842]","[0.0625, 0.0625, 0.0936, 0.2029, 0.2029, 0.2029, 0.2029, 0.2029, 0.269, 0.269, 0.269, 0.269, 0.3039, 0.3039, 0.3385, 0.3385, 0.3385, 0.3385, 0.3385, 0.3385, 0.3385, 0.364, 0.364, 0.364, 0.364, 0.364, 0.364, 0.364, 0.364, 0.4205, 0.4205, 0.4205, 0.4205, 0.456, 0.456, 0.456, 0.456, 0.456, 0.456, 0.456, 0.5264, 0.5264, 0.5264, 0.547, 0.547, 0.547, 0.547, 0.547, 0.547, 0.547, 0.547, 0.547, 0.547, 0.547, 0.547, 0.547, 0.547, 0.547, 0.547, 0.547, 0.547, 0.547, 0.547, 0.547, 0.547, 0.547, 0.547, 0.547, 0.547, 0.547, 0.547, 0.547, 0.547, 0.547, 0.547, 0.547, 0.547, 0.547, 0.547, 0.547]","[0.0097, -0.0327, -0.0072, -0.0262, -0.0127, -0.0613, -0.0355, -0.0772, -0.051, -0.0561, -0.0687, -0.0958, -0.1516, -0.1147, -0.103, -0.1374, -0.1407, -0.1556, -0.1942, -0.1481, -0.2197, -0.2069, -0.1786, -0.1967, -0.1832, -0.2186, -0.2106, -0.266, -0.2649, -0.2888, -0.3246, -0.2487, -0.2768, -0.2666, -0.2819, -0.3277, -0.3214, -0.3705, -0.3772, -0.4025, -0.3503, -0.3995, -0.3696, -0.4417, -0.4275, -0.3907, -0.4059, -0.4801, -0.4543, -0.4201, -0.5002, -0.4923, -0.4783, -0.5011, -0.4932, -0.5519, -0.5315, -0.5109, -0.567, -0.588, -0.5777, -0.5483, -0.5925, -0.5992, -0.6171, -0.6398, -0.5934, -0.5838, -0.5985, -0.6006, -0.6703, -0.6455, -0.6973, -0.6339, -0.7235, -0.6839, -0.6927, -0.7299, -0.7394, -0.7293]","[0.6993, 0.8166, 0.7769, 0.8963, 0.8661, 0.9113, 0.955, 0.9168, 0.9345, 0.975, 0.9476, 0.9229, 1.0171, 0.971, 1.0782, 1.0818, 1.1555, 1.2168, 1.314, 1.3919, 1.4902, 1.5884]","[0.0649, 0.1142, 0.1186, 0.1811, 0.2032, 0.2387, 0.2726, 0.3009, 0.3301, 0.3377, 0.3798, 0.4367, 0.4533, 0.5126, 0.5549, 0.5835, 0.648, 0.674, 0.7127, 0.7731, 0.8073, 0.8728]","[-0.5371, -0.4929, -0.916, -0.7894, -0.6093, -0.8583, -0.8243, -0.5456, -0.7204, -0.5877, -0.9046, -0.4323, -0.7022, -0.6237, -0.884, -0.4693, -0.6001, -0.7287, -0.8603, -0.7322, -0.7287, -0.6859]"
-4.3,2025-08-12T17:41:00.000Z,2025-08-12T13:11:00.000Z,22186,GBPUSD,LONG,London Open Liquidity Scalp,-0.0815,0.21,52.73,-0.4757,0.5391,1.24642,1.24896,1.24896,1.24642,2.0,1.24761,1.24771,1.2451,1.25262,3.5,1.2,10.0,BE,270,closed,52.73,0.08,1.24896,1.24642,0.8453,0.1512,0.222,0.2385,true,true,Tuesday,13,17,August,2025,4.5,16200000,1.2451,1.24761,13043.95,13039.65,7.0,0.4042,1.0,false,false,false,8801,London Open Liquidity Scalp — QA 200,"[0.1945, 0.3219, 0.3219, 0.3219, 0.3219, 0.3219, 0.3491, 0.3491, 0.3491, 0.3787, 0.3787, 0.3787, 0.3787, 0.3787, 0.3787, 0.4269, 0.4269, 0.4269, 0.4269, 0.4269, 0.4269, 0.4966, 0.4966, 0.4966, 0.4966, 0.5201, 0.5201, 0.5201, 0.5201, 0.5391, 0.5391, 0.5391, 0.5391, 0.5391, 0.5391, 0.5391, 0.5391, 0.5391, 0.5391, 0.5391, 0.5391, 0.5391, 0.5391, 0.5391, 0.5391, 0.5391, 0.5391, 0.5391, 0.5391, 0.5391, 0.5391, 0.5391, 0.5391, 0.5391, 0.5391, 0.5391, 0.5391, 0.5391, 0.5391, 0.5391, 0.5391, 0.5391, 0.5391, 0.5391, 0.5391, 0.5391, 0.5391, 0.5391, 0.5391, 0.5391, 0.5391, 0.5391, 0.5391, 0.5391, 0.5391, 0.5391, 0.5391, 0.5391, 0.5391, 0.5391]","[0.1637, 0.1637, 0.1637, 0.1637, 0.2474, 0.2474, 0.2795, 0.2795, 0.2795, 0.2795, 0.2905, 0.2905, 0.2905, 0.2905, 0.2905, 0.3014, 0.3382, 0.3382, 0.3382, 0.3382, 0.3382, 0.3382, 0.3382, 0.3382, 0.3382, 0.3382, 0.3909, 0.3909, 0.3909, 0.3909, 0.4313, 0.4313, 0.4313, 0.4313, 0.4313, 0.4313, 0.4313, 0.4313, 0.4313, 0.4313, 0.4313, 0.4313, 0.4313, 0.4703, 0.4703, 0.4703, 0.4703, 0.4757, 0.4757, 0.4757, 0.4757, 0.4757, 0.4757, 0.4757, 0.4757, 0.4757, 0.4757, 0.4757, 0.4757, 0.4757, 0.4757, 0.4757, 0.4757, 0.4757, 0.4757, 0.4757, 0.4757, 0.4757, 0.4757, 0.4757, 0.4757, 0.4757, 0.4757, 0.4757, 0.4757, 0.4757, 0.4757, 0.4757, 0.4757, 0.4757]","[0.0233, -0.0395, 0.0364, -0.0068, -0.0501, 0.0243, -0.0256, 0.0132, -0.0229, -0.0176, 0.0302, -0.0525, -0.0184, 0.0254, -0.0493, 0.0035, -0.0405, 0.0072, -0.0418, -0.0581, -0.0438, -0.0116, 0.0064, -0.0458, -0.0543, -0.0396, -0.0329, -0.025, -0.0522, -0.058, -0.0676, 0.0093, -0.0085, -0.0357, -0.0631, -0.0734, -0.0786, -0.078, -0.0815, -0.0336, -0.044, -0.0412, -0.0029, -0.0129, -0.0388, -0.0306, -0.0585, -0.0569, -0.0346, -0.042, -0.0609, -0.0589, -0.0856, -0.0623, -0.0937, -0.0367, -0.0865, -0.0154, -0.0295, -0.0403, -0.0873, -0.0399, -0.0353, -0.103, -0.0606, -0.0358, -0.1006, -0.0704, -0.1149, -0.0414, -0.0588, -0.0428, -0.0662, -0.0817, -0.0831, -0.0359, -0.1213, -0.0602, -0.0713, -0.0815]","[0.0374, 0.0953, 0.0943, 0.1807, 0.2993, 0.2817, 0.3889, 0.3675, 0.473, 0.564, 0.5978]","[0.0754, 0.148, 0.1993, 0.2373, 0.2708, 0.2712, 0.3216, 0.3404, 0.3991, 0.4679, 0.4807]","[0.1263, -0.1527, -0.191, -0.2549, 0.1142, 0.158, -0.1692, 0.1679, -0.2159, -0.0438, -0.0327]"
84.33,2024-06-03T11:38:00.000Z,2024-06-03T07:46:00.000Z,22187,EURUSD,SHORT,London Open Liquidity Scalp,2.0781,0.15,40.58,-0.5846,3.8754,1.06818,1.05594,1.06818,1.05594,2.5,1.06658,1.06088,1.06933,1.05972,3.0,0.8,10.0,MANUAL,232,closed,40.58,2.08,1.05594,1.06818,4.1884,0.5362,1.7973,0.1833,false,true,Monday,7,11,June,2024,3.8667,13920000,1.06933,1.06658,13039.65,13123.98,6.0,0.3112,1.0,false,false,true,8801,London Open Liquidity Scalp — QA 200,"[0.4156, 0.8592, 0.8592, 1.3259, 1.4008, 1.6141, 1.8868, 2.367, 2.3764, 2.8503, 2.9492, 3.2176, 3.6961, 3.8111, 3.8754]","[0.0933, 0.1659, 0.2549, 0.2549, 0.3685, 0.3685, 0.4073, 0.4073, 0.536, 0.5846, 0.5846, 0.5846, 0.5846, 0.5846, 0.5846]","[0.1742, 0.2893, 0.4086, 0.5299, 0.7217, 0.8086, 0.9603, 1.0638, 1.2192, 1.4097, 1.5658, 1.6191, 1.7804, 1.9506, 2.0781]","[2.0537, 2.1516, 2.2109, 2.1675, 2.2683, 2.3374, 2.3431, 2.3207, 2.3072, 2.3689, 2.4735, 2.5087, 2.6205, 2.6746, 2.7272, 2.8209, 2.8771, 2.8416, 2.8844, 2.8863, 2.8719, 2.9889, 3.0695, 3.1419, 3.0987]","[0.0452, 0.1206, 0.1727, 0.1825, 0.2511, 0.2707, 0.3423, 0.3886, 0.4001, 0.4133, 0.4863, 0.523, 0.5262, 0.5476, 0.5541, 0.5561, 0.5597, 0.5775, 0.6111, 0.6207, 0.6762, 0.7193, 0.7692, 0.8333, 0.8575]","[2.3563, 1.9156, 2.1291, 2.1773, 1.9241, 1.9138, 1.8865, 2.3738, 2.2768, 2.1072, 2.3422, 2.0147, 2.317, 2.0496, 2.0903, 2.0874, 1.9192, 2.371, 2.3006, 2.1132, 2.3582, 1.9439, 2.3343, 2.1677, 1.9721]"
-0.82,2024-05-14T22:04:00.000Z,2024-05-14T15:30:00.000Z,22188,XAUUSD,LONG,London Open Liquidity Scalp,-0.0149,3.68,54.88,-0.4634,1.0272,2075.644,2075.866,2075.866,2075.644,1.5,2075.713,2075.723,2075.564,2075.937,4.0,2.5,1.0,BE,394,closed,54.88,0.01,2075.866,2075.644,1.1974,0.0145,0.409,0.3119,true,true,Tuesday,15,22,May,2024,6.5667,23640000,2075.564,2075.713,13123.98,13123.16,8.0,0.4182,1.0,false,false,false,8801,London Open Liquidity Scalp — QA 200,"[0.0974, 0.2197, 0.2197, 0.2452, 0.2452, 0.443, 0.443, 0.443, 0.443, 0.443, 0.4456, 0.4456, 0.4456, 0.4734, 0.4734, 0.4734, 0.4734, 0.4734, 0.5397, 0.5397, 0.5397, 0.5397, 0.5397, 0.5626, 0.5626, 0.6941, 0.6941, 0.6941, 0.6941, 0.6941, 0.6941, 0.6941, 0.6941, 0.7517, 0.7517, 0.7786, 0.7786, 0.7786, 0.7786, 0.7786, 0.7786, 0.7979, 0.7979, 0.7979, 0.9166, 0.9166, 0.9545, 0.9999, 0.9999, 1.0138, 1.0272, 1.0272, 1.0272, 1.0272, 1.0272, 1.0272, 1.0272, 1.0272, 1.0272, 1.0272, 1.0272, 1.0272, 1.0272, 1.0272, 1.0272, 1.0272, 1.0272, 1.0272, 1.0272, 1.0272, 1.0272, 1.0272, 1.0272, 1.0272, 1.0272, 1.0272, 1.0272, 1.0272, 1.0272, 1.0272]","[0.2056, 0.2178, 0.2643, 0.2643, 0.2643, 0.284, 0.284, 0.284, 0.284, 0.284, 0.284, 0.284, 0.284, 0.284, 0.284, 0.284, 0.284, 0.3484, 0.3484, 0.3484, 0.3484, 0.3484, 0.3484, 0.3484, 0.3484, 0.3484, 0.387, 0.387, 0.387, 0.4223, 0.4223, 0.4223, 0.4223, 0.4223, 0.4472, 0.4478, 0.4478, 0.4478, 0.4478, 0.4478, 0.4478, 0.4478, 0.4478, 0.4478, 0.455, 0.455, 0.4634, 0.4634, 0.4634, 0.4634, 0.4634, 0.4634, 0.4634, 0.4634, 0.4634, 0.4634, 0.4634, 0.4634, 0.4634, 0.4634, 0.4634, 0.4634, 0.4634, 0.4634, 0.4634, 0.4634, 0.4634, 0.4634, 0.4634, 0.4634, 0.4634, 0.4634, 0.4634, 0.4634, 0.4634, 0.4634, 0.4634, 0.4634, 0.4634, 0.4634]","[0.0139, -0.0194, -0.0035, -0.0199, 0.0047, 0.0048, 0.0114, 0.0032, -0.0137, 0.0117, -0.0394, 0.0358, 0.0162, -0.0219, -0.026, -0.03, 0.0111, 0.0401, 0.0414, 0.0202, -0.0286, 0.0369, -0.0213, 0.019, 0.0304, 0.0346, -0.0363, 0.0086, 0.025, 0.0, 0.0363, -0.0212, -0.0174, 0.0067, -0.0504, -0.0318, -0.0501, 0.0153, 0.0357, -0.0265, 0.0001, 0.0253, -0.0343, 0.0075, -0.0249, -0.0161, -0.0384, 0.0028, -0.0079, -0.0301, -0.0146, -0.0443, -0.0399, -0.0406, -0.055, 0.0195, 0.0196, -0.0281, 0.0023, -0.0374, -0.0348, -0.0285, 0.0165, -0.0478, -0.0142, -0.0122, -0.005, -0.0268, 0.0012, -0.016, -0.0144, 0.0264, 0.0197, 0.0134, -0.003, -0.0244, -0.0173, 0.0126, -0.0015, -0.0149]","[0.1016, 0.1471, 0.2186, 0.327, 0.3468, 0.3402, 0.3992]","[0.0788, 0.1374, 0.1839, 0.2185, 0.2643, 0.3345, 0.3381]","[0.2173, -0.1868, -0.045, 0.1046, 0.2189, 0.0625, -0.2146]"
-33.59,2025-10-15T12:42:00.000Z,2025-10-15T08:19:00.000Z,22189,EURUSD,SHORT,London Open Liquidity Scalp,-0.6396,0.21,52.52,-0.9812,0.512,1.08124,1.07744,1.08124,1.07744,1.5,1.07874,1.08037,1.08129,1.07492,3.0,0.8,10.0,STOP_OUT,263,closed,52.52,0.64,1.07744,1.08124,0.736,1.2492,0.047,0.2723,true,false,Wednesday,8,12,October,2025,4.3833,15780000,1.08129,1.07874,13123.16,13089.57,6.0,0.4002,1.0,false,false,true,8801,London Open Liquidity Scalp — QA 200,"[0.3221, 0.3696, 0.3696, 0.3696, 0.3696, 0.3857, 0.3945, 0.4154, 0.4154, 0.4154, 0.4285, 0.4285, 0.4285, 0.4285, 0.512, 0.512, 0.512, 0.512, 0.512, 0.512, 0.512, 0.512, 0.512, 0.512, 0.512, 0.512, 0.512, 0.512, 0.512, 0.512, 0.512, 0.512, 0.512, 0.512, 0.512, 0.512, 0.512, 0.512, 0.512, 0.512, 0.512, 0.512, 0.512, 0.512, 0.512, 0.512, 0.512, 0.512, 0.512, 0.512, 0.512, 0.6396]","[0.2157, 0.2157, 0.2157, 0.2157, 0.298, 0.298, 0.298, 0.298, 0.298, 0.323, 0.4433, 0.4433, 0.4433, 0.4433, 0.4433, 0.4433, 0.4453, 0.4499, 0.4499, 0.4499, 0.5367, 0.5767, 0.6539, 0.6539, 0.6964, 0.6964, 0.6964, 0.6964, 0.6964, 0.6964, 0.8183, 0.8183, 0.8183, 0.8183, 0.8183, 0.8183, 0.8948, 0.8948, 0.9627, 0.9627, 0.9627, 0.9812, 0.9812, 0.9812, 0.9812, 0.9812, 0.9812, 0.9812, 0.9812, 0.9812, 0.9812, 0.9812]","[0.0067, -0.0019, -0.0529, -0.0839, -0.0384, -0.0467, -0.0457, -0.1244, -0.1243, -0.1489, -0.1287, -0.1448, -0.1619, -0.1976, -0.2055, -0.153, -0.1644, -0.2224, -0.2775, -0.2124, -0.2169, -0.29, -0.3125, -0.3348, -0.3391, -0.3257, -0.3163, -0.2999, -0.3224, -0.3299, -0.3447, -0.3973, -0.4094, -0.4439, -0.4339, -0.444, -0.4307, -0.4406, -0.4566, -0.488, -0.5161, -0.4906, -0.5398, -0.5479, -0.523, -0.5672, -0.5601, -0.6143, -0.6186, -0.6484, -0.6686, -0.6396]","[0.5888, 0.5594, 0.5261, 0.5089, 0.4757, 0.5465, 0.5779, 0.5888, 0.5888, 0.5888, 0.5786, 0.5888, 0.5394, 0.5381]","[0.0174, 0.0337, 0.0562, 0.1209, 0.1479, 0.1659, 0.1919, 0.239, 0.2654, 0.3381, 0.3493, 0.4149, 0.4947, 0.5275]","[-0.3911, -0.7341, -0.7169, -0.7972, -0.4759, -0.5011, -0.7664, -0.5841, -0.6246, -0.7385, -0.4909, -0.6845, -0.3661, -0.613]"
1.77,2025-08-24T17:08:00.000Z,2025-08-24T14:05:00.000Z,22190,GBPUSD,LONG,London Open Liquidity Scalp,0.039,0.23,45.35,-0.1331,1.5811,1.26832,1.27174,1.27174,1.26832,2.0,1.26859,1.26859,1.2666,1.27258,3.5,1.2,10.0,BE,183,closed,45.35,0.04,1.27174,1.26832,1.726,0.0247,1.5421,0.1366,false,true,Monday,14,17,August,2025,3.05,10980000,1.2666,1.26859,13089.57,13091.34,7.0,0.3465,1.0,true,false,true,8801,London Open Liquidity Scalp — QA 200,"[0.053, 0.3592, 0.3592, 0.3592, 0.3592, 0.4301, 0.4429, 0.4593, 0.5647, 0.5647, 0.5806, 0.6238, 0.7626, 0.7626, 0.7626, 0.7626, 0.7862, 1.1733, 1.1911, 1.1911, 1.1911, 1.2615, 1.2615, 1.4064, 1.4098, 1.4098, 1.4098, 1.4098, 1.4853, 1.5212, 1.5811, 1.5811, 1.5811, 1.5811, 1.5811, 1.5811]","[0.1331, 0.1331, 0.1331, 0.1331, 0.1331, 0.1331, 0.1331, 0.1331, 0.1331, 0.1331, 0.1331, 0.1331, 0.1331, 0.1331, 0.1331, 0.1331, 0.1331, 0.1331, 0.1331, 0.1331, 0.1331, 0.1331, 0.1331, 0.1331, 0.1331, 0.1331, 0.1331, 0.1331, 0.1331, 0.1331, 0.1331, 0.1331, 0.1331, 0.1331, 0.1331, 0.1331]","[-0.0165, 0.0433, 0.045, -0.0368, 0.0311, 0.0453, 0.0507, 0.0385, -0.0206, 0.0158, 0.0524, 0.0271, 0.002, -0.0204, 0.0271, 0.0509, 0.0347, 0.0083, 0.0142, 0.0127, 0.0664, 0.0421, -0.0036, 0.0476, 0.0468, 0.0495, 0.0145, -0.0037, 0.0305, 0.0044, 0.0704, -0.0076, 0.0275, 0.0152, 0.0289, 0.039]","[0.0586, 0.0304, 0.1197, 0.1149, 0.1024, 0.1159, 0.1366, 0.1201, 0.1173]","[0.0145, 0.0176, 0.0943, 0.1583, 0.2148, 0.226, 0.2517, 0.2697, 0.2756]","[0.3018, 0.0201, -0.0284, -0.004, 0.3376, 0.2624, 0.3228, 0.3246, -0.056]"
-2.86,2024-12-24T19:32:00.000Z,2024-12-24T13:50:00.000Z,22191,XAUUSD,SHORT,London Open Liquidity Scalp,-0.0663,3.49,43.14,-0.4828,0.3216,2001.829,2001.729,2001.829,2001.729,3.0,2001.769,2001.759,2001.893,2001.398,4.0,2.5,1.0,BE,342,closed,43.14,0.07,2001.729,2001.829,0.6602,0.2062,0.0124,0.1606,true,true,Tuesday,13,19,December,2024,5.7,20520000,2001.893,2001.769,13091.34,13088.48,8.0,0.3295,1.0,false,false,true,8801,London Open Liquidity Scalp — QA 200,"[0.2055, 0.3094, 0.3094, 0.3216, 0.3216, 0.3216, 0.3216, 0.3216, 0.3216, 0.3216, 0.3216, 0.3216, 0.3216, 0.3216, 0.3216, 0.3216, 0.3216, 0.3216, 0.3216, 0.3216, 0.3216, 0.3216]","[0.0655, 0.1825, 0.235, 0.3295, 0.3295, 0.3295, 0.3381, 0.3895, 0.3895, 0.3997, 0.3997, 0.3997, 0.4134, 0.4134, 0.4204, 0.4204, 0.4828, 0.4828, 0.4828, 0.4828, 0.4828, 0.4828]","[-0.0216, -0.0146, 0.004, -0.0361, -0.0251, -0.0159, -0.0437, -0.0429, -0.0002, 0.008, 0.011, -0.0655, -0.0247, -0.0619, -0.0665, -0.0537, -0.0438, -0.0195, -0.0841, -0.0198, -0.0602, -0.0663]","[0.0614, 0.0775, 0.0864, 0.182, 0.134, 0.1611, 0.1584, 0.2495, 0.2456, 0.2888, 0.3501, 0.3698, 0.3698, 0.3698]","[0.0602, 0.1087, 0.1517, 0.2226, 0.2999, 0.3665, 0.3706, 0.3911, 0.4056, 0.4809, 0.4825, 0.5508, 0.6277, 0.6354]","[0.1495, -0.2143, -0.0017, 0.0751, 0.1673, 0.1939, 0.109, -0.1572, 0.0232, 0.1499, 0.149, -0.0255, 0.2306, -0.0293]"
74.27,2025-11-15T20:54:00.000Z,2025-11-15T15:33:00.000Z,22192,GBPUSD,SHORT,London Open Liquidity Scalp,1.3895,0.24,53.45,-0.5382,2.1522,1.2903,1.28434,1.2903,1.28434,1.5,1.28911,1.28578,1.29133,1.28578,3.5,1.2,10.0,TP,321,closed,53.45,1.39,1.28434,1.2903,2.4584,0.6456,0.7627,0.1287,false,false,Monday,15,20,November,2025,5.35,19260000,1.29133,1.28911,13088.48,13162.75,7.0,0.4084,1.0,false,false,true,8801,London Open Liquidity Scalp — QA 200,"[0.1116, 0.3697, 0.4162, 0.4162, 0.4162, 0.4275, 0.4275, 0.5145, 0.5145, 0.5145, 0.5797, 0.5797, 0.8238, 0.8238, 0.8238, 0.8238, 0.8594, 0.8594, 1.0365, 1.0365, 1.0365, 1.1116, 1.1116, 1.1116, 1.1251, 1.1251, 1.223, 1.223, 1.2393, 1.3126, 1.3456, 1.3456, 1.3456, 1.3456, 1.3456, 1.4175, 1.4485, 1.5753, 1.5753, 1.5753, 1.7521, 1.7713, 1.7973, 1.8346, 1.8346, 1.8823, 1.8823, 1.8823, 2.0091, 2.0091, 2.0091, 2.0492, 2.0492, 2.0492, 2.0821, 2.0821, 2.0821, 2.1522, 2.1522, 2.1522, 2.1522, 2.1522, 2.1522, 2.1522]","[0.0601, 0.1193, 0.1998, 0.1998, 0.1998, 0.1998, 0.1998, 0.1998, 0.1998, 0.2835, 0.2835, 0.3132, 0.3132, 0.3132, 0.3132, 0.3247, 0.3247, 0.377, 0.377, 0.3902, 0.3902, 0.3902, 0.3902, 0.3902, 0.4399, 0.4399, 0.4399, 0.4399, 0.4399, 0.4399, 0.4399, 0.4428, 0.4428, 0.4428, 0.4428, 0.4428, 0.5382, 0.5382, 0.5382, 0.5382, 0.5382, 0.5382, 0.5382, 0.5382, 0.5382, 0.5382, 0.5382, 0.5382, 0.5382, 0.5382, 0.5382, 0.5382, 0.5382, 0.5382, 0.5382, 0.5382, 0.5382, 0.5382, 0.5382, 0.5382, 0.5382, 0.5382, 0.5382, 0.5382]","[0.0342, 0.0813, 0.0974, 0.0805, 0.1404, 0.1747, 0.1791, 0.2016, 0.2314, 0.2065, 0.2318, 0.278, 0.2954, 0.2694, 0.2928, 0.3106, 0.3488, 0.4298, 0.4021, 0.4448, 0.4326, 0.5226, 0.5297, 0.5413, 0.5124, 0.5201, 0.5614, 0.6244, 0.6045, 0.6228, 0.6805, 0.6643, 0.7426, 0.7502, 0.7959, 0.8216, 0.8279, 0.8004, 0.8182, 0.8884, 0.864, 0.938, 0.9308, 0.9625, 0.954, 0.9751, 1.0246, 0.999, 1.0824, 1.1208, 1.1346, 1.1138, 1.1356, 1.1307, 1.2308, 1.1981, 1.244, 1.2334, 1.3226, 1.3148, 1.3498, 1.3429, 1.3607, 1.3895]","[1.4879, 1.5349, 1.6103, 1.7222, 1.8173, 1.8796, 1.9339, 1.9002, 1.9393, 1.9119, 1.8787, 1.8589, 1.9017, 1.9734, 2.0762, 2.0852, 2.1145, 2.2229, 2.3189, 2.3953]","[0.0384, 0.0668, 0.1403, 0.2132, 0.2163, 0.2235, 0.2708, 0.2744, 0.3228, 0.3484, 0.3793, 0.3826, 0.4424, 0.5053, 0.5544, 0.5648, 0.6202, 0.6897, 0.6925, 0.6931]","[1.4695, 1.2827, 1.2573, 1.6694, 1.54, 1.239, 1.4302, 1.6772, 1.5027, 1.3941, 1.6672, 1.3581, 1.3587, 1.5708, 1.4467, 1.6385, 1.4417, 1.2228, 1.2361, 1.3548]"
80.8,2025-11-25T12:32:00.000Z,2025-11-25T10:56:00.000Z,22193,XAUUSD,LONG,London Open Liquidity Scalp,1.5063,2.21,53.64,-0.85,2.7008,2080.582,2081.442,2081.442,2080.582,1.5,2080.788,2081.153,2080.546,2081.151,4.0,2.5,1.0,Trailing SL,96,closed,53.64,1.51,2081.442,2080.582,2.7941,0.5577,1.1945,0.1101,false,true,Tuesday,10,12,November,2025,1.6,5760000,2080.546,2080.788,13162.75,13243.55,8.0,0.4075,1.0,true,false,true,8801,London Open Liquidity Scalp — QA 200,"[0.3777, 0.9737, 1.1044, 1.3961, 1.9476, 2.4148, 2.4148, 2.7008]","[0.1414, 0.461, 0.55, 0.6005, 0.6955, 0.6955, 0.85, 0.85]","[0.1657, 0.4066, 0.588, 0.7767, 0.9368, 1.0899, 1.3543, 1.5063]","[1.4746, 1.4615, 1.514, 1.4849, 1.4393, 1.4892, 1.5427, 1.6105, 1.6382, 1.63, 1.614, 1.6328, 1.5927, 1.6631, 1.7399, 1.735, 1.7994, 1.8491, 1.9393, 2.0524, 2.0831, 2.0373]","[0.0048, 0.0204, 0.0927, 0.1529, 0.2061, 0.2812, 0.2831, 0.3029, 0.3092, 0.322, 0.3463, 0.382, 0.418, 0.4451, 0.4498, 0.4906, 0.5018, 0.5653, 0.6218, 0.6877, 0.6943, 0.6954]","[1.4379, 1.5353, 1.5767, 1.5424, 1.7015, 1.5301, 1.3376, 1.6405, 1.4669, 1.5364, 1.6533, 1.4639, 1.3186, 1.3072, 1.4648, 1.743, 1.4659, 1.4656, 1.4413, 1.3998, 1.6106, 1.6046]"
67.43,2025-02-18T15:45:00.000Z,2025-02-18T09:03:00.000Z,22194,XAUUSD,SHORT,London Open Liquidity Scalp,1.6629,2.89,40.55,-0.2163,3.2517,2035.917,2035.431,2035.917,2035.431,2.0,2035.887,2035.606,2036.027,2035.606,4.0,2.5,1.0,TP,402,closed,40.55,1.66,2035.431,2035.917,3.6162,0.5114,1.5888,0.2588,false,true,Tuesday,9,15,February,2025,6.7,24120000,2036.027,2035.887,13243.55,13310.98,8.0,0.3062,1.0,false,false,true,8801,London Open Liquidity Scalp — QA 200,"[0.3764, 0.402, 0.402, 0.5294, 0.5531, 0.5531, 0.6623, 0.6623, 0.6623, 0.6623, 0.6623, 0.6623, 0.708, 0.708, 0.9854, 0.9854, 0.9854, 0.9854, 0.9854, 1.0489, 1.1113, 1.1113, 1.1113, 1.1113, 1.1113, 1.2556, 1.4511, 1.4511, 1.4511, 1.4511, 1.4511, 1.652, 1.652, 1.6805, 1.6805, 1.6805, 1.6805, 1.7064, 1.7064, 1.819, 1.9867, 1.9867, 1.9867, 1.9867, 2.0695, 2.0695, 2.0695, 2.2718, 2.3673, 2.3673, 2.3673, 2.3673, 2.5284, 2.5284, 2.5284, 2.6572, 2.6572, 2.6572, 2.6572, 2.6572, 2.8397, 2.8756, 2.8756, 2.8756, 2.8756, 2.9185, 3.1146, 3.1146, 3.1158, 3.1158, 3.1158, 3.2517, 3.2517, 3.2517, 3.2517, 3.2517, 3.2517, 3.2517, 3.2517, 3.2517]","[0.2163, 0.2163, 0.2163, 0.2163, 0.2163, 0.2163, 0.2163, 0.2163, 0.2163, 0.2163, 0.2163, 0.2163, 0.2163, 0.2163, 0.2163, 0.2163, 0.2163, 0.2163, 0.2163, 0.2163, 0.2163, 0.2163, 0.2163, 0.2163, 0.2163, 0.2163, 0.2163, 0.2163, 0.2163, 0.2163, 0.2163, 0.2163, 0.2163, 0.2163, 0.2163, 0.2163, 0.2163, 0.2163, 0.2163, 0.2163, 0.2163, 0.2163, 0.2163, 0.2163, 0.2163, 0.2163, 0.2163, 0.2163, 0.2163, 0.2163, 0.2163, 0.2163, 0.2163, 0.2163, 0.2163, 0.2163, 0.2163, 0.2163, 0.2163, 0.2163, 0.2163, 0.2163, 0.2163, 0.2163, 0.2163, 0.2163, 0.2163, 0.2163, 0.2163, 0.2163, 0.2163, 0.2163, 0.2163, 0.2163, 0.2163, 0.2163, 0.2163, 0.2163, 0.2163, 0.2163]","[0.0524, 0.0306, 0.1065, 0.0564, 0.1464, 0.1503, 0.1411, 0.2065, 0.1443, 0.2418, 0.2078, 0.2187, 0.2419, 0.3036, 0.3408, 0.3048, 0.3358, 0.3874, 0.4162, 0.4091, 0.4098, 0.4407, 0.5086, 0.5207, 0.5267, 0.5348, 0.5855, 0.5695, 0.6407, 0.6508, 0.6016, 0.6585, 0.6544, 0.6641, 0.7469, 0.7498, 0.7921, 0.7965, 0.8038, 0.8612, 0.8447, 0.842, 0.9255, 0.8725, 0.9663, 0.9358, 1.0193, 0.9761, 1.042, 1.0381, 1.0162, 1.0486, 1.1013, 1.1562, 1.0992, 1.1549, 1.2298, 1.2204, 1.2652, 1.2452, 1.2279, 1.2996, 1.3157, 1.3043, 1.3227, 1.3738, 1.3542, 1.4087, 1.4471, 1.4635, 1.511, 1.4621, 1.5194, 1.5156, 1.5333, 1.5797, 1.5874, 1.6425, 1.6593, 1.6629]","[1.6971, 1.6478, 1.7273, 1.8335, 1.8341, 1.9404, 2.0441, 2.01, 2.0163, 2.1276, 2.1696, 2.1604, 2.1759, 2.2147, 2.1942, 2.2318, 2.2542, 2.2053]","[0.0559, 0.1178, 0.1955, 0.2062, 0.219, 0.221, 0.2324, 0.2552, 0.2819, 0.3407, 0.3593, 0.4037, 0.4174, 0.4527, 0.5211, 0.5856, 0.5857, 0.6539]","[1.5315, 1.689, 1.5696, 1.9513, 1.6126, 1.8517, 1.6287, 1.7565, 1.9023, 1.8917, 1.5503, 1.5715, 1.8626, 1.6954, 1.5909, 1.618, 1.5301, 1.9091]"
-22.97,2025-11-29T14:43:00.000Z,2025-11-29T07:57:00.000Z,22195,XAUUSD,SHORT,London Open Liquidity Scalp,-0.5122,3.14,44.85,-0.5894,1.5931,2050.84,2050.529,2050.84,2050.529,2.5,2050.756,2050.829,2050.899,2050.399,4.0,2.5,1.0,STOP_OUT,406,closed,44.85,0.51,2050.529,2050.84,1.8354,0.3215,0.1934,0.1902,true,true,Monday,7,14,November,2025,6.7667,24360000,2050.899,2050.756,13310.98,13288.01,8.0,0.3369,1.0,false,false,true,8801,London Open Liquidity Scalp — QA 200,"[0.3965, 0.3965, 0.4479, 0.5894, 0.5894, 0.5894, 0.5894, 0.7835, 0.7835, 0.7835, 1.0128, 1.0128, 1.029, 1.1848, 1.1848, 1.1848, 1.3627, 1.3627, 1.3627, 1.5575, 1.5575, 1.5575, 1.5575, 1.5575, 1.5931, 1.5931, 1.5931]","[0.0327, 0.2422, 0.2422, 0.2514, 0.2514, 0.2514, 0.3, 0.3, 0.3, 0.3288, 0.3288, 0.3288, 0.4459, 0.4459, 0.5018, 0.544, 0.544, 0.544, 0.5894, 0.5894, 0.5894, 0.5894, 0.5894, 0.5894, 0.5894, 0.5894, 0.5894]","[0.0061, -0.0618, -0.0613, -0.0539, -0.0869, -0.1392, -0.1355, -0.1094, -0.2121, -0.2152, -0.1743, -0.2653, -0.2703, -0.242, -0.3069, -0.2664, -0.3144, -0.3818, -0.3167, -0.3797, -0.4218, -0.4433, -0.4355, -0.4994, -0.5098, -0.4833, -0.5122]","[0.5914, 0.7108, 0.664, 0.7839, 0.7865, 0.866, 0.8983, 0.9352, 1.0261, 1.017]","[0.0282, 0.089, 0.1401, 0.1977, 0.2201, 0.2793, 0.3438, 0.3514, 0.3555, 0.4098]","[-0.3503, -0.64, -0.5267, -0.4529, -0.2954, -0.2739, -0.6924, -0.456, -0.6058, -0.3977]"
-16.59,2024-10-13T12:47:00.000Z,2024-10-13T07:34:00.000Z,22196,GBPUSD,LONG,London Open Liquidity Scalp,-0.3722,0.32,44.57,-0.5039,1.2394,1.27111,1.27354,1.27354,1.27041,3.0,1.27181,1.27041,1.27041,1.276,3.5,1.2,10.0,SL,313,closed,44.57,0.37,1.27354,1.27111,1.265,0.3003,0.4434,0.2322,true,true,Monday,7,12,October,2024,5.2167,18780000,1.27041,1.27181,13288.01,13271.42,7.0,0.3354,1.0,false,false,true,8801,London Open Liquidity Scalp — QA 200,"[0.1143, 0.4768, 0.4768, 0.5967, 0.6056, 0.6762, 0.6762, 0.7392, 0.7392, 0.9626, 1.079, 1.079, 1.079, 1.0881, 1.1849, 1.2394, 1.2394, 1.2394, 1.2394, 1.2394]","[0.2183, 0.2245, 0.2855, 0.2855, 0.3338, 0.3338, 0.3338, 0.3923, 0.3923, 0.4763, 0.4763, 0.5039, 0.5039, 0.5039, 0.5039, 0.5039, 0.5039, 0.5039, 0.5039, 0.5039]","[-0.0323, -0.0609, -0.0221, -0.0823, -0.0735, -0.1421, -0.1263, -0.1277, -0.1891, -0.2084, -0.1837, -0.2079, -0.2495, -0.3024, -0.2577, -0.3233, -0.3468, -0.3181, -0.3711, -0.3722]","[0.458, 0.4765, 0.464, 0.5635, 0.6631]","[0.0581, 0.0867, 0.0955, 0.1608, 0.2288]","[-0.2682, -0.3739, -0.5682, -0.4953, -0.0859]"
-41.58,2025-04-22T10:22:00.000Z,2025-04-22T08:11:00.000Z,22197,GBPUSD,LONG,London Open Liquidity Scalp,-0.9761,0.27,42.6,-0.8208,0.5011,1.24947,1.25156,1.25156,1.24919,3.0,1.25077,1.24919,1.24919,1.25551,3.5,1.2,10.0,SL,131,closed,42.6,0.98,1.25156,1.24947,0.6818,1.9479,0.5437,0.0941,false,true,Tuesday,8,10,April,2025,2.1833,7860000,1.24919,1.25077,13271.42,13229.84,7.0,0.321,1.0,false,false,true,8801,London Open Liquidity Scalp — QA 200,"[0.365, 0.365, 0.5011, 0.5011, 0.5011, 0.5011, 0.5011, 0.9761]","[0.3506, 0.3506, 0.3506, 0.5417, 0.5417, 0.7103, 0.7618, 0.8208]","[-0.1483, -0.2286, -0.3819, -0.5087, -0.5729, -0.6919, -0.897, -0.9761]","[0.5763, 0.5763, 0.5763, 0.5763, 0.5763, 0.5661]","[0.0446, 0.0984, 0.109, 0.1669, 0.2029, 0.281]","[-0.8745, -1.0283, -1.1429, -0.8196, -1.1209, -0.9181]"
141.68,2024-09-09T14:02:00.000Z,2024-09-09T07:29:00.000Z,22198,EURUSD,SHORT,London Open Liquidity Scalp,3.0528,0.33,46.41,-0.2804,4.2636,1.08905,1.08259,1.08905,1.08259,3.0,1.08865,1.08438,1.09007,1.08438,3.0,0.8,10.0,TP,393,closed,46.41,3.05,1.08259,1.08905,4.3369,0.716,1.2108,0.098,false,true,Monday,7,14,September,2024,6.55,23580000,1.09007,1.08865,13229.84,13371.52,6.0,0.3508,1.0,false,false,true,8801,London Open Liquidity Scalp — QA 200,"[0.3166, 0.4078, 0.4078, 0.6004, 0.6004, 0.6004, 0.676, 0.676, 0.8213, 0.8945, 0.8945, 0.8945, 0.8945, 0.8945, 1.1536, 1.1536, 1.2326, 1.2554, 1.2554, 1.2554, 1.279, 1.3347, 1.3347, 1.3347, 1.4626, 1.4626, 1.6716, 1.8408, 1.9134, 1.9278, 1.9278, 1.9602, 1.9602, 1.9602, 2.2462, 2.2462, 2.3005, 2.3005, 2.3922, 2.3922, 2.5846, 2.5846, 2.5846, 2.5846, 2.6231, 2.6231, 2.6231, 2.8789, 2.8789, 2.8789, 2.9754, 2.9754, 3.0595, 3.121, 3.1626, 3.1626, 3.3995, 3.3995, 3.3995, 3.5057, 3.5057, 3.5057, 3.534, 3.7388, 3.7388, 3.8886, 3.8886, 3.8886, 3.8886, 4.1008, 4.1008, 4.1008, 4.1418, 4.1418, 4.1418, 4.2117, 4.2636, 4.2636, 4.2636, 4.2636]","[0.2471, 0.2471, 0.2509, 0.2509, 0.2509, 0.2693, 0.2693, 0.2693, 0.2693, 0.2693, 0.2804, 0.2804, 0.2804, 0.2804, 0.2804, 0.2804, 0.2804, 0.2804, 0.2804, 0.2804, 0.2804, 0.2804, 0.2804, 0.2804, 0.2804, 0.2804, 0.2804, 0.2804, 0.2804, 0.2804, 0.2804, 0.2804, 0.2804, 0.2804, 0.2804, 0.2804, 0.2804, 0.2804, 0.2804, 0.2804, 0.2804, 0.2804, 0.2804, 0.2804, 0.2804, 0.2804, 0.2804, 0.2804, 0.2804, 0.2804, 0.2804, 0.2804, 0.2804, 0.2804, 0.2804, 0.2804, 0.2804, 0.2804, 0.2804, 0.2804, 0.2804, 0.2804, 0.2804, 0.2804, 0.2804, 0.2804, 0.2804, 0.2804, 0.2804, 0.2804, 0.2804, 0.2804, 0.2804, 0.2804, 0.2804, 0.2804, 0.2804, 0.2804, 0.2804, 0.2804]","[0.0371, 0.0479, 0.1038, 0.1114, 0.1941, 0.2389, 0.2971, 0.3306, 0.3345, 0.3871, 0.4389, 0.4274, 0.5353, 0.5237, 0.534, 0.6395, 0.6309, 0.6463, 0.7384, 0.7591, 0.7601, 0.8086, 0.9049, 0.948, 0.9373, 1.0273, 1.0397, 1.0686, 1.1442, 1.128, 1.1536, 1.2301, 1.2148, 1.3271, 1.3036, 1.345, 1.3988, 1.4655, 1.5084, 1.5626, 1.6019, 1.5672, 1.6561, 1.7164, 1.7454, 1.8002, 1.7939, 1.8459, 1.9095, 1.9285, 1.9328, 1.9847, 1.9777, 2.0396, 2.1279, 2.1207, 2.2044, 2.1771, 2.2357, 2.298, 2.3068, 2.3447, 2.3653, 2.4609, 2.4693, 2.5188, 2.5757, 2.6078, 2.5945, 2.6885, 2.6902, 2.7735, 2.8293, 2.8169, 2.8467, 2.8719, 2.8991, 2.965, 3.0523, 3.0528]","[3.0262, 3.0575, 3.0511, 3.0687, 3.0274, 3.1184, 3.0806, 3.1893, 3.2612, 3.2972, 3.3221, 3.3218, 3.377, 3.4405, 3.4045, 3.4228, 3.4556, 3.5016, 3.5276, 3.6229, 3.6164, 3.6172, 3.6005, 3.5582, 3.6445]","[0.0482, 0.0688, 0.1416, 0.2052, 0.2389, 0.2931, 0.3504, 0.3587, 0.3784, 0.4469, 0.5046, 0.5535, 0.5981, 0.6173, 0.6644, 0.6667, 0.6828, 0.7228, 0.7364, 0.7535, 0.7591, 0.7804, 0.8331, 0.8582, 0.8729]","[3.2463, 3.3513, 2.8541, 3.017, 3.2269, 3.1863, 2.9509, 2.8625, 2.9658, 2.8571, 3.2683, 3.3476, 3.13, 3.2265, 3.1895, 3.347, 2.9795, 3.0759, 2.9317, 3.0455, 3.0983, 2.8907, 2.9884, 3.0743, 3.1963]"
121.06,2024-06-23T13:57:00.000Z,2024-06-23T10:39:00.000Z,22199,USDJPY,LONG,London Open Liquidity Scalp,2.6352,0.24,45.94,-0.5329,3.9278,147.031,147.968,147.968,147.031,3.0,147.143,147.697,146.933,147.773,3.0,0.9,9.2,Trailing SL,198,closed,45.94,2.64,147.968,147.031,4.1829,0.6709,1.2926,0.3351,false,false,Monday,10,13,June,2024,3.3,11880000,146.933,147.143,13371.52,13492.58,6.0,0.3436,1.0,false,true,true,8801,London Open Liquidity Scalp — QA 200,"[0.3098, 0.6369, 1.0632, 1.3536, 1.673, 1.8959, 2.3082, 2.5895, 2.9845, 3.1251, 3.3614, 3.7841, 3.9278]","[0.2562, 0.2844, 0.2844, 0.2844, 0.4209, 0.4209, 0.4209, 0.4209, 0.5291, 0.5329, 0.5329, 0.5329, 0.5329]","[0.2398, 0.3939, 0.5676, 0.8504, 1.0439, 1.2362, 1.4475, 1.5831, 1.8016, 2.0244, 2.2588, 2.4728, 2.6352]","[2.7268, 2.8252, 2.8193, 2.8673, 2.9715]","[0.0793, 0.1393, 0.197, 0.2409, 0.26]","[2.6548, 2.8004, 2.8436, 2.4361, 2.8173]"
79.26,2025-05-17T18:22:00.000Z,2025-05-17T14:02:00.000Z,22200,GBPUSD,LONG,London Open Liquidity Scalp,1.5408,0.33,51.44,-0.8264,3.2404,1.25154,1.2579,1.2579,1.25154,1.5,1.25283,1.25518,1.25127,1.25518,3.5,1.2,10.0,TP,260,closed,51.44,1.54,1.2579,1.25154,3.5602,0.4755,1.6996,0.071,false,false,Monday,14,18,May,2025,4.3333,15600000,1.25127,1.25283,13492.58,13571.84,7.0,0.3812,1.0,false,false,true,8801,London Open Liquidity Scalp — QA 200,"[0.2573, 0.4958, 0.6008, 1.0231, 1.0508, 1.5129, 1.6389, 1.6845, 1.7563, 1.9501, 2.1335, 2.3333, 2.8047, 2.8537, 2.9932, 3.169, 3.2404]","[0.0719, 0.1672, 0.3022, 0.4102, 0.4189, 0.4189, 0.5201, 0.5201, 0.646, 0.646, 0.7102, 0.7102, 0.7102, 0.7738, 0.7738, 0.8264, 0.8264]","[0.0513, 0.1479, 0.2745, 0.3888, 0.4677, 0.5399, 0.6001, 0.7149, 0.803, 0.9138, 0.998, 1.0773, 1.2032, 1.3124, 1.3333, 1.4815, 1.5408]","[1.4986, 1.5016, 1.4569, 1.4568, 1.4157, 1.3987, 1.4853, 1.51]","[0.0027, 0.0396, 0.0482, 0.0541, 0.1012, 0.1572, 0.2269, 0.228]","[1.6797, 1.6149, 1.4145, 1.6566, 1.552, 1.6189, 1.8197, 1.4617]"
