netPnL,closeTime,openTime,tradeId,ticker,direction,setup,rMultiple,quantity,riskAmount,mae_r,mfe_r,mae_points,mfe_points,highestPrice,lowestPrice,plannedRR,entryPrice,exitPrice,stopLoss,takeProfit,commission_at_entry,spread_pips_at_entry,pip_value_at_entry,closeType,durationMinutes,status,originalRiskAmount,rewardToRiskRatio,mfe,mae,total_mfe_r,capture_ratio,management_gap,exit_timing_gap,would_have_won,exit_confirmed,dayOfWeek,hourOfEntry,hourOfExit,month,year,holdingTimeHours,holdingTimeMs,initial_sl,array_base_price,balance_at_creation,balance_at_exit,commission_total,planned_risk_pct,actual_risk_r,hasPartialCloses,hasMultipleTakeProfits,rulesFollowed,trading_session_id,sourceSessionName,bar_high_r,bar_low_r,bar_close_r,post_exit_bar_high_r,post_exit_bar_low_r,post_exit_bar_close_r
-21.47,2024-05-05T09:19:00.000Z,2024-05-05T07:36:00.000Z,22001,USDJPY,LONG,London Open Liquidity Scalp,-0.5221,0.35,41.12,-1.9423,0.5273,151.871,152.185,152.185,151.871,2.0,152.118,151.991,151.991,152.373,3.0,0.9,9.2,SL,103,closed,41.12,0.52,152.185,151.871,0.5273,-0.9901,1.0494,0.4646,true,true,Monday,7,9,May,2024,1.7167,6180000,151.991,152.118,10000.0,9978.53,6.0,0.4112,1.0,false,false,true,8801,London Open Liquidity Scalp — QA 200,"[0.0, 0.0, 0.0, 0.0, 0.0, 0.0, 0.0, 0.0, 0.0, 0.0, 0.4053, 0.0438, 0.0, 0.0577, 0.0, 0.1049, 0.1901, 0.1505, 0.0896, 0.0, 0.0882, 0.0, 0.0, 0.2032, 0.3154, 0.0057, 0.2547, 0.1313, 0.0253, 0.0, 0.093, 0.0924, 0.0, 0.3771, 0.5273, 0.3028, 0.0, 0.0, 0.0, 0.0, 0.0, 0.0, 0.0, 0.0, 0.0, 0.0, 0.0, 0.0, 0.0, 0.0, 0.0, 0.0, 0.0, 0.0, 0.0, 0.0, 0.0, 0.0, 0.0, 0.0, 0.0, 0.0, 0.0, 0.0, 0.0, 0.1037, 0.0, 0.0, 0.0, 0.0, 0.0, 0.0, 0.0, 0.0, 0.0, 0.0, 0.0, 0.0, 0.0, 0.0]","[0.4666, 0.4014, 0.7244, 0.9016, 1.3124, 1.0204, 0.7143, 0.6624, 0.2108, 0.2368, 0.1788, 0.4431, 0.5495, 0.2397, 0.3981, 0.1039, 0.0, 0.2954, 0.3091, 0.541, 0.4064, 0.6941, 0.213, 0.2873, 0.2014, 0.0847, 0.2296, 0.3742, 0.658, 0.6445, 0.475, 0.3737, 0.1851, 0.086, 0.0, 0.0, 0.4382, 0.4883, 0.4324, 0.9033, 0.4518, 0.297, 0.4204, 0.6186, 0.1028, 0.609, 0.7174, 0.973, 1.3243, 1.255, 1.4036, 1.4546, 1.5836, 1.8133, 1.2025, 1.5456, 1.4415, 1.9423, 1.4944, 1.2157, 1.1617, 0.8551, 0.9247, 0.5687, 0.3499, 0.0034, 0.3885, 0.6908, 1.0614, 1.1223, 0.6033, 0.4589, 0.6975, 0.8387, 1.1863, 1.0676, 0.64, 0.7147, 1.0036, 0.573]","[-0.2922, -0.3407, -0.5961, -0.8364, -1.0887, -0.9041, -0.6263, -0.5018, -0.1792, -0.1963, 0.0593, -0.1227, -0.4114, -0.0825, -0.3346, -0.0251, 0.1211, -0.1286, -0.0927, -0.4653, -0.1567, -0.4295, -0.1616, -0.1955, -0.1026, -0.0384, 0.0984, -0.0618, -0.2783, -0.365, -0.1689, -0.1726, -0.1512, 0.0826, 0.2656, 0.169, -0.2063, -0.4212, -0.3951, -0.7153, -0.4035, -0.1095, -0.3684, -0.2991, -0.0548, -0.3021, -0.6255, -0.9412, -0.9826, -1.0105, -1.1684, -1.402, -1.3576, -1.481, -1.1484, -1.3369, -1.3442, -1.6233, -1.3233, -1.0073, -0.932, -0.7183, -0.7052, -0.5391, -0.1963, 0.0555, -0.3447, -0.5076, -0.7561, -0.8603, -0.5424, -0.3817, -0.5444, -0.7544, -0.9172, -0.9167, -0.4956, -0.6184, -0.8819, -0.5221]","[0.0, 0.0, 0.0, 0.0, 0.0, 0.0, 0.0, 0.0, 0.0118, 0.0, 0.0932, 0.1918, 0.2558, 0.4213, 0.329, 0.3015, 0.1776, 0.3668, 0.2894, 0.4646, 0.3584, 0.4061, 0.4063, 0.4111, 0.4405]","[0.5979, 0.5732, 0.6535, 0.4979, 0.5128, 0.4334, 0.2177, 0.1499, 0.2785, 0.2226, 0.001, 0.0, 0.0, 0.0, 0.0, 0.0, 0.0, 0.0, 0.0, 0.0, 0.0, 0.0, 0.0, 0.0, 0.0]","[-0.5148, -0.5185, -0.5076, -0.3966, -0.3512, -0.3624, -0.1935, -0.1159, -0.1547, -0.1118, 0.0276, 0.1397, 0.1952, 0.3086, 0.2471, 0.1431, 0.1546, 0.2496, 0.2481, 0.2418, 0.2199, 0.3417, 0.2923, 0.374, 0.3875]"
95.2,2024-06-30T09:59:00.000Z,2024-06-30T09:37:00.000Z,22002,GBPUSD,SHORT,London Open Liquidity Scalp,1.9792,0.25,48.1,-2.015,0.0,1.27339,1.26958,1.27339,1.26583,2.0,1.26958,1.26583,1.27147,1.2658,3.5,1.2,10.0,MANUAL,22,closed,48.1,1.98,1.26958,1.27339,0.0,0.0,-1.9792,0.0,false,true,Monday,9,9,June,2024,0.3667,1320000,1.27147,1.26958,9978.53,10073.73,7.0,0.482,1.0,false,false,false,8801,London Open Liquidity Scalp — QA 200,"[0.0, 0.0, 0.0, 0.0, 0.0, 0.0, 0.0, 0.0]","[0.5278, 0.9148, 0.7466, 0.6668, 0.7375, 0.7378, 0.9572, 2.015]","[0.4654, 0.8321, 0.6791, 0.6028, 0.6291, 0.6018, 0.6751, 1.9792]","[0.0, 0.0, 0.0, 0.0, 0.0, 0.0]","[1.9465, 1.8806, 1.8328, 1.9261, 1.7574, 1.6665]","[1.9208, 1.8691, 1.7844, 1.7214, 1.6798, 1.6029]"
4.64,2025-06-19T11:33:00.000Z,2025-06-19T08:30:00.000Z,22003,USDJPY,LONG,London Open Liquidity Scalp,0.096,0.22,48.34,-0.7011,0.5504,151.374,151.679,151.679,151.374,2.5,151.545,151.545,151.301,152.155,3.0,0.9,9.2,BE,183,closed,48.34,0.1,151.679,151.374,0.6263,0.1533,0.4544,0.6263,false,false,Thursday,8,11,June,2025,3.05,10980000,151.301,151.545,10073.73,10078.37,6.0,0.4799,1.0,false,false,true,8801,London Open Liquidity Scalp — QA 200,"[0.1638, 0.4705, 0.5414, 0.5142, 0.4217, 0.0, 0.0, 0.2124, 0.0, 0.0, 0.0, 0.0529, 0.2129, 0.1049, 0.3771, 0.0015, 0.1071, 0.0, 0.0, 0.1976, 0.4333, 0.1757, 0.2924, 0.0, 0.0, 0.0, 0.1252, 0.2102, 0.5504, 0.2231, 0.0127, 0.2406, 0.2276, 0.3786, 0.3385, 0.1634]","[0.0657, 0.0, 0.0, 0.0943, 0.1228, 0.3087, 0.4972, 0.3204, 0.7011, 0.4411, 0.449, 0.0779, 0.2312, 0.4662, 0.2122, 0.1972, 0.0232, 0.3617, 0.2252, 0.1164, 0.0, 0.0, 0.3756, 0.4768, 0.5252, 0.5575, 0.2688, 0.0, 0.0, 0.1725, 0.2658, 0.0558, 0.0, 0.0, 0.0, 0.0]","[0.0322, 0.3837, 0.2947, 0.2542, 0.0556, -0.2531, -0.4062, -0.1735, -0.4731, -0.3014, -0.2477, -0.0002, 0.005, -0.1567, 0.1511, -0.0789, 0.0096, -0.3079, -0.1606, 0.0201, 0.3363, 0.088, -0.1091, -0.3648, -0.4083, -0.479, -0.0788, 0.1181, 0.2479, -0.0561, -0.098, 0.1213, 0.1584, 0.2758, 0.292, 0.096]","[0.1599, 0.3046, 0.1053, 0.0, 0.2164, 0.4135, 0.2547, 0.2107, 0.1435, 0.1405, 0.3479, 0.3762, 0.3733, 0.3122, 0.3834, 0.3555, 0.5286, 0.6263]","[0.0, 0.0417, 0.0844, 0.1206, 0.0, 0.0, 0.0, 0.0, 0.0, 0.0, 0.0, 0.0, 0.0, 0.0, 0.0, 0.0, 0.0, 0.0]","[0.0873, 0.1036, 0.0071, -0.0427, 0.1253, 0.2039, 0.2011, 0.139, 0.0611, 0.0833, 0.2317, 0.2859, 0.2689, 0.265, 0.3349, 0.3382, 0.4928, 0.421]"
51.44,2025-03-10T13:22:00.000Z,2025-03-10T07:12:00.000Z,22004,GBPUSD,SHORT,London Open Liquidity Scalp,1.254,0.2,41.02,-2.3265,0.2013,1.26732,1.2621,1.26732,1.25632,3.0,1.26252,1.25632,1.26459,1.25632,3.5,1.2,10.0,TP,370,closed,41.02,1.25,1.2621,1.26732,0.2013,6.2295,-1.0527,0.0,false,true,Monday,7,13,March,2025,6.1667,22200000,1.26459,1.26252,10078.37,10129.81,7.0,0.407,1.0,true,true,true,8801,London Open Liquidity Scalp — QA 200,"[0.1835, 0.0776, 0.073, 0.2013, 0.1504, 0.0, 0.0, 0.0, 0.0, 0.0, 0.0, 0.0, 0.0, 0.0, 0.0, 0.0, 0.0, 0.0, 0.0, 0.0, 0.0, 0.0, 0.0, 0.0, 0.0, 0.0, 0.0, 0.0, 0.0, 0.0, 0.0, 0.0, 0.0, 0.0, 0.0, 0.0, 0.0, 0.0, 0.0, 0.0, 0.0, 0.0, 0.0, 0.0, 0.0, 0.0, 0.0, 0.0, 0.0, 0.0, 0.0, 0.0, 0.0, 0.0, 0.0, 0.0, 0.0, 0.0, 0.0, 0.0, 0.0, 0.0, 0.0, 0.0, 0.0, 0.0, 0.0, 0.0, 0.0, 0.0, 0.0, 0.0, 0.0, 0.0, 0.0, 0.0, 0.0, 0.0, 0.0, 0.0]","[0.1846, 0.1254, 0.1128, 0.1141, 0.3465, 0.6949, 0.6335, 1.1185, 0.7428, 0.9172, 0.9863, 0.9091, 0.6146, 0.2878, 0.9229, 1.0366, 0.9477, 0.9774, 1.3296, 1.3669, 1.2022, 0.8622, 1.2055, 1.1396, 1.1872, 1.0701, 0.8871, 0.8707, 1.1346, 1.4211, 1.6711, 1.3259, 1.6472, 1.7143, 1.6429, 1.7766, 1.5973, 1.5692, 1.3432, 1.0913, 0.9249, 0.9464, 1.1808, 1.7159, 1.3429, 1.1089, 0.6636, 0.943, 1.2159, 1.6038, 1.5825, 1.8559, 1.7811, 1.9497, 1.6352, 1.866, 1.5904, 1.4659, 1.2632, 0.9158, 1.299, 1.311, 1.0827, 0.7706, 1.1612, 0.9921, 1.399, 1.7588, 1.9147, 1.9539, 2.2589, 2.3265, 1.9466, 1.6104, 1.6277, 1.3624, 1.5287, 1.7481, 1.9273, 1.4315]","[-0.1277, 0.0233, -0.0024, -0.0075, 0.1566, 0.5935, 0.5862, 0.9584, 0.6861, 0.8779, 0.8609, 0.6931, 0.4568, 0.2133, 0.6264, 0.9912, 0.8514, 0.8054, 1.081, 1.073, 1.0217, 0.7138, 0.9878, 0.9928, 1.0832, 0.8372, 0.8652, 0.7963, 1.0241, 1.3159, 1.6049, 1.2928, 1.5868, 1.5088, 1.5972, 1.6548, 1.3345, 1.3703, 1.0516, 0.9771, 0.7365, 0.8796, 1.1116, 1.4721, 1.238, 0.9209, 0.633, 0.8166, 1.1905, 1.4683, 1.4982, 1.6495, 1.7292, 1.749, 1.6024, 1.8282, 1.5052, 1.3402, 1.1929, 0.8659, 1.2649, 1.2838, 1.039, 0.7305, 1.0155, 0.9567, 1.3401, 1.6366, 1.8845, 1.8707, 2.121, 2.2481, 1.8786, 1.5794, 1.5981, 1.2759, 1.4792, 1.5834, 1.589, 1.254]","[0.0, 0.0, 0.0, 0.0, 0.0, 0.0, 0.0, 0.0, 0.0, 0.0, 0.0, 0.0, 0.0, 0.0, 0.0, 0.0, 0.0, 0.0, 0.0, 0.0, 0.0, 0.0, 0.0, 0.0, 0.0]","[1.2575, 1.2623, 1.2244, 1.232, 1.4668, 1.3249, 1.1726, 1.3779, 1.3594, 1.5183, 1.6226, 1.5148, 1.6609, 1.6291, 1.5048, 1.5795, 1.5329, 1.5733, 1.678, 1.7833, 1.8508, 1.8007, 1.8186, 1.8643, 1.8336]","[1.2357, 1.2001, 1.1485, 1.2182, 1.3212, 1.2217, 1.1196, 1.2458, 1.328, 1.4475, 1.49, 1.4489, 1.573, 1.579, 1.4781, 1.5122, 1.4097, 1.5132, 1.6683, 1.7264, 1.8339, 1.7731, 1.7392, 1.8317, 1.7899]"
-48.92,2025-01-02T19:22:00.000Z,2025-01-02T15:34:00.000Z,22005,EURUSD,SHORT,London Open Liquidity Scalp,-0.9961,0.32,49.11,-0.4582,1.9799,1.08045,1.07676,1.08128,1.07676,2.0,1.07976,1.08128,1.08128,1.07673,3.0,0.8,10.0,SL,228,closed,49.11,1.0,1.07676,1.08045,1.9799,-0.5031,2.976,1.0816,true,false,Thursday,15,19,January,2025,3.8,13680000,1.08128,1.07976,10129.81,10080.89,6.0,0.4848,1.0,false,false,true,8801,London Open Liquidity Scalp — QA 200,"[0.1328, 0.4979, 0.3996, 0.5785, 1.0659, 0.8003, 1.1114, 0.7785, 0.7206, 0.8658, 1.2247, 0.8042, 0.7819, 1.0736, 1.4407, 1.2488, 1.7568, 1.2809, 1.6041, 1.3194, 1.0294, 1.2394, 1.0893, 1.0789, 0.9711, 1.2401, 0.9585, 1.0843, 1.0049, 1.0348, 0.7959, 0.9508, 0.7305, 0.6361, 0.6397, 0.7889, 1.2998, 0.9487, 0.4017, 0.9863, 1.1916, 1.4475, 1.8176, 1.8184, 1.7725, 1.5023, 1.408, 1.5612, 1.9799, 1.8533, 1.7992, 1.469, 1.6016, 1.5158, 1.2309, 0.9874, 0.84, 0.8579, 0.7716, 1.047, 1.1281, 0.8315, 1.1065, 0.9034, 0.7933, 1.0275, 0.9767, 0.7514, 0.644, 0.4016, 0.1409, 0.2626, 0.0, 0.1207, 0.1789, 0.6544, 0.7971, 0.9838, 0.9685, 1.2315]","[0.0, 0.0, 0.0, 0.0, 0.0, 0.0, 0.0, 0.0, 0.0, 0.0, 0.0, 0.0, 0.0, 0.0, 0.0, 0.0, 0.0, 0.0, 0.0, 0.0, 0.0, 0.0, 0.0, 0.0, 0.0, 0.0, 0.0, 0.0, 0.0, 0.0, 0.0, 0.0, 0.0, 0.0, 0.0, 0.0, 0.0, 0.0, 0.0, 0.0, 0.0, 0.0, 0.0, 0.0, 0.0, 0.0, 0.0, 0.0, 0.0, 0.0, 0.0, 0.0, 0.0, 0.0, 0.0, 0.0, 0.0, 0.0, 0.0, 0.0, 0.0, 0.0, 0.0, 0.0, 0.0, 0.0, 0.0, 0.0, 0.0, 0.0, 0.0, 0.2785, 0.4582, 0.316, 0.0, 0.0, 0.0, 0.0, 0.0, 0.0]","[-0.0856, -0.4842, -0.354, -0.4973, -0.6747, -0.6831, -1.0097, -0.7516, -0.679, -0.8278, -0.8523, -0.7279, -0.7424, -1.0063, -1.1648, -1.1603, -1.4104, -1.0894, -1.364, -1.2617, -0.9702, -1.0257, -0.9613, -0.8043, -0.8416, -1.0021, -0.8648, -0.9745, -0.8749, -0.8925, -0.655, -0.8032, -0.6009, -0.6035, -0.4869, -0.6399, -1.0066, -0.6893, -0.3783, -0.7201, -1.013, -1.2617, -1.5563, -1.754, -1.4813, -1.3604, -1.2982, -1.4714, -1.7395, -1.7968, -1.6193, -1.3575, -1.5353, -1.3638, -1.1003, -0.9246, -0.7459, -0.6716, -0.5447, -0.9024, -0.9354, -0.6898, -1.0261, -0.7412, -0.7396, -0.8445, -0.8987, -0.591, -0.5086, -0.3181, -0.0714, 0.0656, 0.2318, 0.1832, -0.16, -0.5937, -0.6365, -0.9145, -0.9327, -0.9961]","[1.0816, 0.9339, 1.0372, 0.9663, 1.0089, 0.7879, 0.8918, 0.7301, 0.6055, 0.6616, 0.6228, 0.6147]","[0.0, 0.0, 0.0, 0.0, 0.0, 0.0, 0.0, 0.0, 0.0, 0.0, 0.0, 0.0]","[-1.023, -0.9102, -0.8824, -0.8615, -0.8805, -0.7537, -0.8064, -0.6416, -0.5918, -0.6241, -0.4607, -0.5775]"
22.18,2024-08-08T14:22:00.000Z,2024-08-08T09:54:00.000Z,22006,GBPUSD,SHORT,London Open Liquidity Scalp,0.4448,0.19,49.86,-1.1533,0.6044,1.2789,1.27436,1.2789,1.27204,1.5,1.27592,1.27204,1.2785,1.27204,3.5,1.2,10.0,TP,268,closed,49.86,0.44,1.27436,1.2789,0.6044,0.7359,0.1596,0.0,false,true,Thursday,9,14,August,2024,4.4667,16080000,1.2785,1.27592,10080.89,10103.07,7.0,0.4946,1.0,true,true,true,8801,London Open Liquidity Scalp — QA 200,"[0.2816, 0.0, 0.0574, 0.0, 0.0, 0.0, 0.0, 0.0, 0.0, 0.0, 0.0, 0.0, 0.0, 0.0, 0.0, 0.0, 0.0, 0.0, 0.0, 0.0, 0.0, 0.0, 0.0, 0.0, 0.0, 0.0, 0.0, 0.0, 0.0, 0.0, 0.0, 0.0, 0.0, 0.0, 0.0, 0.0, 0.0, 0.0, 0.0, 0.1963, 0.0514, 0.0, 0.0, 0.0, 0.0, 0.2132, 0.2486, 0.6044, 0.2306, 0.1055, 0.0834, 0.131, 0.0]","[0.0, 0.2194, 0.1857, 0.3376, 0.5836, 0.8639, 0.6266, 0.4883, 0.5661, 0.941, 0.6653, 0.9763, 0.6834, 0.8421, 0.616, 0.9231, 0.8332, 1.0061, 0.5672, 0.5641, 0.6706, 0.9059, 0.8717, 0.9917, 0.8359, 0.6614, 0.5434, 0.4608, 0.4458, 0.8119, 0.9237, 0.9225, 1.1533, 0.8743, 1.0303, 0.877, 0.7837, 0.6447, 0.3716, 0.2155, 0.0668, 0.3416, 0.3613, 0.8278, 0.4964, 0.2477, 0.0, 0.0, 0.0, 0.3784, 0.006, 0.1404, 0.5449]","[-0.1462, 0.2074, 0.1491, 0.2243, 0.4265, 0.5884, 0.4701, 0.4315, 0.5442, 0.7506, 0.6035, 0.6116, 0.3757, 0.6155, 0.5353, 0.8614, 0.7913, 0.7512, 0.5458, 0.4284, 0.5729, 0.5833, 0.7409, 0.9722, 0.6863, 0.5003, 0.4461, 0.3521, 0.3519, 0.7112, 0.5781, 0.6806, 0.9028, 0.7466, 0.974, 0.8262, 0.7261, 0.5095, 0.2196, 0.0604, 0.0183, 0.2676, 0.3358, 0.5873, 0.3263, 0.0049, -0.2255, -0.4498, -0.1977, 0.1934, -0.0423, 0.0053, 0.4448]","[0.0, 0.0, 0.0, 0.0, 0.0, 0.0, 0.0, 0.0, 0.0, 0.0, 0.0, 0.0, 0.0, 0.0, 0.0, 0.0, 0.0, 0.0, 0.0, 0.0, 0.0]","[0.6424, 0.7593, 0.7895, 1.034, 1.2176, 1.2063, 1.1954, 1.1904, 1.1621, 1.3124, 1.2243, 1.3161, 1.3402, 1.4066, 1.5573, 1.7047, 1.8598, 1.8611, 1.8621, 1.8283, 1.885]","[0.5541, 0.6454, 0.7565, 0.8876, 1.0353, 1.1742, 1.135, 1.1668, 1.1419, 1.2428, 1.1311, 1.1924, 1.2995, 1.3822, 1.514, 1.6824, 1.7275, 1.8401, 1.7489, 1.8165, 1.8432]"
-46.66,2025-09-09T12:05:00.000Z,2025-09-09T07:52:00.000Z,22007,GBPUSD,SHORT,London Open Liquidity Scalp,-0.9269,0.3,50.34,-0.2109,1.4032,1.27692,1.27424,1.27811,1.27424,1.5,1.27657,1.27811,1.27823,1.27408,3.5,1.2,10.0,MANUAL,253,closed,50.34,0.93,1.27424,1.27692,1.4032,-0.6606,2.3301,1.2794,true,false,Tuesday,7,12,September,2025,4.2167,15180000,1.27823,1.27657,10103.07,10056.41,7.0,0.4983,1.0,false,false,true,8801,London Open Liquidity Scalp — QA 200,"[0.0, 0.0, 0.0, 0.0726, 0.2123, 0.3127, 0.6756, 1.0858, 0.9329, 0.9937, 1.0877, 1.3161, 1.0315, 1.1642, 1.4032, 1.2898]","[0.2109, 0.0887, 0.163, 0.1579, 0.0, 0.0, 0.0, 0.0, 0.0, 0.0, 0.0, 0.0, 0.0, 0.0, 0.0, 0.0]","[0.131, 0.0667, 0.1228, 0.0397, -0.1589, -0.1699, -0.4292, -0.8396, -0.8308, -0.8991, -1.0558, -1.2542, -0.9891, -0.9932, -1.1425, -0.9269]","[1.1, 1.1336, 1.1778, 1.0581, 1.0796, 1.2794]","[0.0, 0.0, 0.0, 0.0, 0.0, 0.0]","[-0.9388, -0.9976, -1.0889, -1.0222, -1.0575, -1.0748]"
-2.79,2024-02-19T09:45:00.000Z,2024-02-19T08:57:00.000Z,22008,EURUSD,LONG,London Open Liquidity Scalp,-0.0662,0.21,42.14,-0.8069,0.5842,1.08658,1.08941,1.08941,1.08658,2.5,1.08822,1.08832,1.08619,1.0933,3.0,0.8,10.0,BE,48,closed,42.14,0.07,1.08941,1.08658,0.5842,-0.1133,0.6504,0.1391,true,true,Monday,8,9,February,2024,0.8,2880000,1.08619,1.08822,10056.41,10053.62,6.0,0.419,1.0,false,false,true,8801,London Open Liquidity Scalp — QA 200,"[0.2932, 0.5842, 0.0964, 0.0628, 0.0, 0.0, 0.1037, 0.2747, 0.0, 0.0, 0.0, 0.0374, 0.0, 0.0, 0.0, 0.4434, 0.4885, 0.2227, 0.1007, 0.0677, 0.0, 0.1338, 0.0, 0.0, 0.0059, 0.1192, 0.1634, 0.0, 0.0, 0.0, 0.0, 0.0, 0.2741, 0.4688, 0.3173, 0.1955, 0.27, 0.0396, 0.1621, 0.5552, 0.1984, 0.4507, 0.4004, 0.082, 0.4772, 0.484, 0.2337, 0.033]","[0.0493, 0.0, 0.0332, 0.4607, 0.4447, 0.2929, 0.032, 0.5646, 0.4105, 0.5364, 0.5181, 0.172, 0.5208, 0.3293, 0.2137, 0.0922, 0.0547, 0.0391, 0.1001, 0.0085, 0.3906, 0.3138, 0.2016, 0.3328, 0.2947, 0.3252, 0.1303, 0.3075, 0.5274, 0.5432, 0.8069, 0.3471, 0.0152, 0.0, 0.2598, 0.0, 0.1228, 0.3761, 0.1082, 0.0, 0.1589, 0.0, 0.1912, 0.0769, 0.0, 0.0, 0.0, 0.2509]","[0.0626, 0.2446, 0.0282, -0.3013, -0.3679, -0.1313, 0.0722, -0.1558, -0.3011, -0.277, -0.4602, -0.0888, -0.4084, -0.2512, -0.1165, 0.2281, 0.1826, 0.0858, -0.0112, 0.0371, -0.2392, -0.161, -0.1676, -0.1723, -0.1716, -0.0897, -0.0591, -0.1438, -0.4424, -0.4799, -0.4333, -0.2108, 0.1263, 0.3766, -0.0605, 0.0784, 0.0538, -0.2501, 0.0274, 0.3063, 0.033, 0.3348, 0.1119, -0.0304, 0.2905, 0.4378, 0.1878, -0.0662]","[0.0, 0.0, 0.0, 0.0, 0.0, 0.0, 0.0, 0.0, 0.0, 0.0, 0.0, 0.1182, 0.0485, 0.1223, 0.1391, 0.0, 0.0605, 0.0]","[0.1693, 0.2443, 0.3064, 0.3285, 0.4072, 0.424, 0.2723, 0.1524, 0.0691, 0.2596, 0.2249, 0.0866, 0.1297, 0.0654, 0.1422, 0.1331, 0.0, 0.1698]","[-0.141, -0.1928, -0.1936, -0.2466, -0.3379, -0.3396, -0.2198, -0.1228, -0.0466, -0.1544, -0.1212, 0.0469, -0.0285, 0.0193, -0.0037, -0.1107, 0.0247, -0.0679]"
67.21,2025-03-11T16:16:00.000Z,2025-03-11T14:51:00.000Z,22009,GBPUSD,LONG,London Open Liquidity Scalp,1.3924,0.36,48.27,-0.1073,2.1168,1.26504,1.26806,1.26806,1.26504,1.5,1.26519,1.26723,1.26383,1.26723,3.5,1.2,10.0,TP,85,closed,48.27,1.39,1.26806,1.26504,2.1168,0.6578,0.7244,1.7995,false,false,Tuesday,14,16,March,2025,1.4167,5100000,1.26383,1.26519,10053.62,10120.83,7.0,0.4801,1.0,false,false,true,8801,London Open Liquidity Scalp — QA 200,"[0.5881, 0.4231, 0.0393, 0.5625, 0.611, 0.3645, 0.1732, 0.7423, 0.7706, 0.673, 0.7528, 0.7549, 1.1248, 0.9977, 1.1469, 0.7741, 0.713, 0.9124, 0.999, 1.1681, 1.184, 1.3378, 1.0702, 1.2295, 0.9574, 1.4502, 1.5245, 1.9782, 1.6341, 2.0543, 1.6397, 1.9584, 1.5807, 2.066, 1.7766, 1.8896, 2.0078, 2.0902, 1.8633, 2.0441, 1.8651, 1.9681, 1.9113, 1.461, 1.7835, 1.926, 1.6911, 1.9608, 1.7088, 1.6936, 1.4134, 1.76, 1.724, 1.8076, 1.3837, 1.7517, 2.1168, 1.9088, 1.9276, 1.7212, 1.6937, 1.2717, 1.2294, 1.1832, 0.8505, 1.0382, 1.0932, 1.3546, 0.9298, 1.4699, 1.1297, 1.3476, 1.2345, 1.226, 1.5595, 1.8232, 1.697, 1.7505, 1.6013, 1.51]","[0.1073, 0.0, 0.0335, 0.0, 0.0, 0.0, 0.0, 0.0, 0.0, 0.0, 0.0, 0.0, 0.0, 0.0, 0.0, 0.0, 0.0, 0.0, 0.0, 0.0, 0.0, 0.0, 0.0, 0.0, 0.0, 0.0, 0.0, 0.0, 0.0, 0.0, 0.0, 0.0, 0.0, 0.0, 0.0, 0.0, 0.0, 0.0, 0.0, 0.0, 0.0, 0.0, 0.0, 0.0, 0.0, 0.0, 0.0, 0.0, 0.0, 0.0, 0.0, 0.0, 0.0, 0.0, 0.0, 0.0, 0.0, 0.0, 0.0, 0.0, 0.0, 0.0, 0.0, 0.0, 0.0, 0.0, 0.0, 0.0, 0.0, 0.0, 0.0, 0.0, 0.0, 0.0, 0.0, 0.0, 0.0, 0.0, 0.0, 0.0]","[0.2674, 0.2146, -0.0056, 0.3723, 0.5374, 0.3274, 0.1491, 0.5682, 0.6016, 0.5311, 0.622, 0.72, 0.8534, 0.8132, 0.9834, 0.7243, 0.6176, 0.7661, 0.8349, 1.0571, 0.9099, 1.0893, 0.8267, 1.1218, 0.9436, 1.3857, 1.4286, 1.6379, 1.5657, 1.7439, 1.5844, 1.6025, 1.5641, 1.8341, 1.7247, 1.8363, 1.7269, 1.9793, 1.8249, 1.9955, 1.7864, 1.7086, 1.7811, 1.3612, 1.6809, 1.8277, 1.6604, 1.8555, 1.606, 1.6288, 1.3609, 1.665, 1.5947, 1.6942, 1.3577, 1.6997, 1.8308, 1.8787, 1.6397, 1.5203, 1.4512, 1.1645, 1.1078, 1.1123, 0.8163, 0.9078, 0.8955, 1.0552, 0.8944, 1.1202, 1.0984, 1.0806, 1.1425, 1.1169, 1.4996, 1.5677, 1.5685, 1.6925, 1.3173, 1.3924]","[1.3865, 1.2208, 1.396, 1.5507, 1.7995]","[0.0, 0.0, 0.0, 0.0, 0.0]","[1.3015, 1.1954, 1.305, 1.4661, 1.6224]"
112.07,2025-03-06T13:09:00.000Z,2025-03-06T07:44:00.000Z,22010,EURUSD,SHORT,London Open Liquidity Scalp,2.4289,0.23,46.14,-2.9122,0.125,1.10274,1.09657,1.10274,1.09174,2.5,1.09682,1.09174,1.09885,1.09174,3.0,0.8,10.0,TP,325,closed,46.14,2.43,1.09657,1.10274,0.125,19.4312,-2.3039,0.0,false,true,Thursday,7,13,March,2025,5.4167,19500000,1.09885,1.09682,10120.83,10232.9,6.0,0.4559,1.0,false,false,true,8801,London Open Liquidity Scalp — QA 200,"[0.125, 0.0, 0.0, 0.0, 0.0, 0.0, 0.0, 0.0, 0.0, 0.0, 0.0, 0.0, 0.0, 0.0, 0.0, 0.0, 0.0, 0.0, 0.0, 0.0, 0.0]","[0.3376, 0.5421, 0.8866, 1.1128, 1.4997, 1.8294, 2.4175, 2.2458, 2.4294, 2.9122, 2.5777, 2.3946, 2.3875, 2.2605, 2.22, 2.193, 2.4423, 2.1047, 1.9597, 1.7519, 2.4963]","[0.134, 0.5153, 0.8384, 1.0128, 1.2954, 1.6824, 2.1106, 2.0787, 2.4121, 2.5943, 2.4643, 2.3285, 2.2574, 2.1292, 2.0227, 2.0725, 2.3856, 2.0663, 1.9115, 1.7182, 2.4289]","[0.0, 0.0, 0.0, 0.0, 0.0, 0.0, 0.0, 0.0, 0.0, 0.0, 0.0, 0.0, 0.0, 0.0, 0.0, 0.0, 0.0, 0.0, 0.0, 0.0, 0.0, 0.0, 0.0]","[2.7067, 2.5392, 2.6968, 2.7228, 2.5697, 2.7712, 2.8298, 2.8788, 2.8329, 2.9595, 2.9781, 3.1834, 3.1989, 3.0961, 3.0484, 2.9797, 3.1931, 3.1147, 3.0904, 3.1823, 2.9335, 2.8888, 2.8245]","[2.5786, 2.5017, 2.5717, 2.609, 2.5539, 2.6322, 2.7923, 2.7748, 2.752, 2.8312, 2.9443, 3.0077, 3.1287, 3.0237, 2.9988, 2.9423, 3.1047, 3.0122, 3.0645, 3.0263, 2.9183, 2.8741, 2.8193]"
34.68,2024-05-02T17:22:00.000Z,2024-05-02T15:00:00.000Z,22011,EURUSD,LONG,London Open Liquidity Scalp,0.6435,0.33,53.89,-0.3578,0.8261,1.09853,1.10045,1.10155,1.09853,1.5,1.09911,1.10155,1.09749,1.10155,3.0,0.8,10.0,TP,142,closed,53.89,0.64,1.10045,1.09853,1.5449,0.4165,0.1826,1.5449,false,false,Thursday,15,17,May,2024,2.3667,8520000,1.09749,1.09911,10232.9,10267.58,6.0,0.5266,1.0,false,false,true,8801,London Open Liquidity Scalp — QA 200,"[0.0, 0.2011, 0.0523, 0.231, 0.2314, 0.4927, 0.2264, 0.3369, 0.8261]","[0.2549, 0.0, 0.1929, 0.0, 0.3578, 0.0, 0.0186, 0.2276, 0.0]","[-0.1548, 0.1461, -0.0974, 0.1343, -0.0842, 0.3279, 0.0836, 0.0253, 0.6435]","[0.8433, 1.0564, 1.1541, 0.9886, 1.159, 1.1589, 1.0713, 1.2264, 1.1893, 1.2466, 1.2613, 1.2503, 1.326, 1.3806, 1.2994, 1.3488, 1.3517, 1.4166, 1.3492, 1.3993, 1.5449, 1.503]","[0.0, 0.0, 0.0, 0.0, 0.0, 0.0, 0.0, 0.0, 0.0, 0.0, 0.0, 0.0, 0.0, 0.0, 0.0, 0.0, 0.0, 0.0, 0.0, 0.0, 0.0, 0.0]","[0.8047, 0.9403, 0.9987, 0.9201, 1.0531, 0.9744, 1.0424, 1.1465, 1.0733, 1.1839, 1.1588, 1.1474, 1.2557, 1.1851, 1.1679, 1.2901, 1.3285, 1.2864, 1.3293, 1.3524, 1.3431, 1.3698]"
-41.35,2024-02-14T18:27:00.000Z,2024-02-14T14:44:00.000Z,22012,USDJPY,LONG,London Open Liquidity Scalp,-0.9232,0.23,44.79,-1.831,0.0989,146.43,146.837,146.837,146.43,1.5,146.816,146.621,146.605,147.132,3.0,0.9,9.2,MANUAL,223,closed,44.79,0.92,146.837,146.43,0.0989,-9.3347,1.0221,0.0515,true,true,Wednesday,14,18,February,2024,3.7167,13380000,146.605,146.816,10267.58,10226.23,6.0,0.4362,1.0,false,false,false,8801,London Open Liquidity Scalp — QA 200,"[0.0, 0.0989, 0.0, 0.0, 0.0, 0.0, 0.0, 0.0, 0.0, 0.0, 0.0, 0.0, 0.0, 0.0, 0.0, 0.0, 0.0, 0.0, 0.0, 0.0, 0.0, 0.0, 0.0, 0.0, 0.0, 0.0, 0.0, 0.0, 0.0, 0.0, 0.0, 0.0, 0.0, 0.0, 0.0, 0.0, 0.0, 0.0, 0.0, 0.0, 0.0, 0.0, 0.0, 0.0, 0.0, 0.0, 0.0, 0.0, 0.0, 0.0, 0.0, 0.0, 0.0, 0.0, 0.0, 0.0401, 0.0676, 0.0, 0.0, 0.0, 0.0, 0.0, 0.0, 0.0, 0.0, 0.0, 0.0, 0.0, 0.0, 0.0, 0.0, 0.0, 0.0, 0.0, 0.0, 0.0, 0.0, 0.0, 0.0, 0.0]","[0.2836, 0.2422, 0.4514, 0.8844, 0.9099, 1.33, 1.0823, 1.2933, 1.4584, 1.7058, 1.8178, 1.8093, 1.831, 1.8102, 1.6626, 1.4513, 1.6139, 1.1732, 1.2491, 1.0455, 0.7715, 0.4511, 0.5191, 0.589, 0.3112, 0.6622, 1.0168, 0.6433, 0.4522, 0.6607, 0.7082, 1.2085, 0.862, 0.6062, 0.8112, 1.0212, 0.996, 1.1461, 1.0756, 0.5524, 1.2718, 0.8145, 0.9833, 0.6537, 0.9895, 1.1103, 1.3145, 1.0488, 0.9548, 1.1541, 1.0865, 1.3161, 1.2198, 0.8351, 0.4537, 0.2631, 0.3657, 0.7306, 0.7041, 1.2685, 0.9925, 0.9949, 1.1926, 1.2908, 1.431, 1.1526, 1.6858, 1.2029, 0.9824, 0.906, 0.5416, 0.5972, 0.6624, 0.5862, 0.4796, 0.4671, 1.0192, 1.0412, 0.7406, 1.0456]","[-0.1702, -0.059, -0.3781, -0.6203, -0.8515, -1.1975, -0.8993, -1.0867, -1.3654, -1.4651, -1.5251, -1.6269, -1.7414, -1.3903, -1.635, -1.3379, -1.2556, -0.981, -1.1989, -0.824, -0.5325, -0.3012, -0.3361, -0.222, -0.1764, -0.5721, -0.7209, -0.4831, -0.363, -0.3475, -0.6208, -0.9639, -0.7987, -0.5461, -0.7708, -0.982, -0.762, -1.0793, -0.8454, -0.5385, -0.8566, -0.7354, -0.8482, -0.5603, -0.8405, -1.0338, -1.2559, -0.9397, -0.8382, -1.0553, -0.9598, -1.1628, -0.9991, -0.6592, -0.3455, -0.1169, -0.115, -0.2919, -0.5733, -0.8581, -0.8326, -0.8875, -1.0441, -1.1284, -1.3447, -0.9531, -1.2763, -1.104, -0.9054, -0.6965, -0.4608, -0.4454, -0.5668, -0.5197, -0.4396, -0.2463, -0.6159, -0.7859, -0.4534, -0.9232]","[0.0, 0.0, 0.0, 0.0, 0.0, 0.0, 0.0, 0.0, 0.0, 0.0, 0.0, 0.0, 0.0, 0.0, 0.0, 0.0, 0.0, 0.0, 0.0515, 0.0, 0.0, 0.0, 0.0, 0.0]","[1.0583, 1.0171, 0.7263, 0.7038, 0.5766, 0.7938, 0.6372, 0.5001, 0.6079, 0.7237, 0.9136, 0.6244, 0.6166, 0.4755, 0.6605, 0.4728, 0.4927, 0.2779, 0.3419, 0.2344, 0.2862, 0.3608, 0.4165, 0.1989]","[-0.8866, -0.8056, -0.7011, -0.5796, -0.5586, -0.6777, -0.5989, -0.4443, -0.5469, -0.6382, -0.7557, -0.5946, -0.5406, -0.4385, -0.5408, -0.4357, -0.3941, -0.253, -0.143, -0.2055, -0.246, -0.3233, -0.3491, -0.1699]"
28.88,2025-06-09T11:29:00.000Z,2025-06-09T07:05:00.000Z,22013,EURUSD,LONG,London Open Liquidity Scalp,0.5717,0.34,50.52,-0.7502,1.3517,1.0784,1.08151,1.08173,1.0784,1.5,1.07951,1.08173,1.07803,1.08173,3.0,0.8,10.0,TP,264,closed,50.52,0.57,1.08151,1.0784,1.3517,0.4229,0.78,1.1073,false,false,Monday,7,11,June,2025,4.4,15840000,1.07803,1.07951,10226.23,10255.11,6.0,0.494,1.0,true,false,true,8801,London Open Liquidity Scalp — QA 200,"[0.4533, 0.8214, 1.0873, 0.9747, 0.5147, 0.2364, 0.3543, 0.0, 0.0, 0.0676, 0.0, 0.0, 0.0, 0.0, 0.0, 0.0, 0.0, 0.0, 0.0206, 0.0, 0.0, 0.0, 0.2358, 0.3573, 0.2485, 0.6136, 0.6133, 0.3956, 0.3242, 0.4784, 0.4268, 0.8445, 0.9602, 0.6931, 0.8046, 0.8709, 0.5986, 0.8593, 0.5105, 0.9491, 1.0293, 1.2175, 1.1582, 1.3517, 0.9377, 0.9979, 0.5551, 0.4646, 0.3078, 0.669, 0.8684, 0.7952]","[0.0, 0.0, 0.0, 0.0, 0.0, 0.0, 0.2868, 0.6065, 0.5159, 0.068, 0.2016, 0.2979, 0.5264, 0.4932, 0.5043, 0.6156, 0.7502, 0.4086, 0.1077, 0.4099, 0.2012, 0.3071, 0.1901, 0.2132, 0.1471, 0.0, 0.0, 0.0, 0.0, 0.0, 0.0, 0.0, 0.0, 0.0, 0.0, 0.0, 0.0, 0.0, 0.0, 0.0, 0.0, 0.0, 0.0, 0.0, 0.0, 0.0, 0.0, 0.0, 0.1895, 0.0, 0.0, 0.0]","[0.3441, 0.6335, 0.9186, 0.8923, 0.4936, 0.1578, -0.0839, -0.3156, -0.4718, -0.02, -0.0951, -0.233, -0.3985, -0.3271, -0.4226, -0.5141, -0.7083, -0.3114, -0.0274, -0.1802, -0.1491, -0.2501, 0.0591, 0.0729, 0.133, 0.4686, 0.5065, 0.3593, 0.2518, 0.3196, 0.2038, 0.5314, 0.8253, 0.657, 0.7272, 0.6698, 0.5317, 0.6522, 0.4903, 0.5811, 0.9055, 1.1517, 1.0086, 1.1491, 0.8869, 0.6066, 0.5391, 0.4264, 0.1625, 0.4625, 0.687, 0.5717]","[0.7483, 0.6418, 0.6136, 0.6155, 0.768, 0.622, 0.742, 0.8132, 0.8438, 0.7976, 1.0326, 0.9775, 0.8625, 0.9199, 0.9778, 1.0195, 1.1073, 0.9557, 1.0146, 1.0151]","[0.0, 0.0, 0.0, 0.0, 0.0, 0.0, 0.0, 0.0, 0.0, 0.0, 0.0, 0.0, 0.0, 0.0, 0.0, 0.0, 0.0, 0.0, 0.0, 0.0]","[0.5325, 0.5927, 0.4849, 0.5924, 0.6777, 0.5971, 0.7129, 0.6962, 0.7455, 0.7821, 0.9209, 0.9309, 0.8204, 0.7577, 0.8504, 0.9675, 0.9884, 0.9111, 0.9884, 0.9646]"
133.43,2024-02-27T10:51:00.000Z,2024-02-27T09:37:00.000Z,22014,XAUUSD,LONG,London Open Liquidity Scalp,2.8132,2.22,47.43,-0.0,3.426,2083.854,2084.585,2084.585,2083.854,3.0,2083.854,2084.454,2083.641,2084.494,4.0,2.5,1.0,Trailing SL,74,closed,47.43,2.81,2084.585,2083.854,3.6643,0.7677,0.6128,3.6643,false,false,Tuesday,9,10,February,2024,1.2333,4440000,2083.641,2083.854,10255.11,10388.54,8.0,0.4625,1.0,false,false,true,8801,London Open Liquidity Scalp — QA 200,"[0.8395, 0.905, 1.4922, 1.9095, 2.0424, 2.2622, 2.0442, 2.5331, 2.0293, 2.1264, 2.3867, 2.725, 2.767, 3.0778, 2.6896, 3.0594, 3.35, 2.8605, 2.7211, 2.6758, 2.4526, 2.5545, 2.1838, 2.2937, 2.4239, 2.3884, 2.1347, 2.4801, 2.4227, 2.556, 2.9462, 2.6876, 2.8227, 3.1581, 3.3583, 3.166, 2.9036, 3.2554, 3.3648, 3.426, 3.0046, 2.7712, 2.6273, 2.989, 2.547, 2.4727, 2.4868, 2.6413, 2.5703, 2.3923, 2.3445, 2.7633, 2.8909, 2.7652, 2.7481, 2.3334, 2.3982, 2.3901, 2.3931, 2.1572, 2.3705, 2.2608, 2.4565, 2.2748, 2.5359, 2.8464, 2.5816, 2.7569, 2.858, 2.7073, 3.1049, 2.8578, 2.6269, 2.9094]","[0.0, 0.0, 0.0, 0.0, 0.0, 0.0, 0.0, 0.0, 0.0, 0.0, 0.0, 0.0, 0.0, 0.0, 0.0, 0.0, 0.0, 0.0, 0.0, 0.0, 0.0, 0.0, 0.0, 0.0, 0.0, 0.0, 0.0, 0.0, 0.0, 0.0, 0.0, 0.0, 0.0, 0.0, 0.0, 0.0, 0.0, 0.0, 0.0, 0.0, 0.0, 0.0, 0.0, 0.0, 0.0, 0.0, 0.0, 0.0, 0.0, 0.0, 0.0, 0.0, 0.0, 0.0, 0.0, 0.0, 0.0, 0.0, 0.0, 0.0, 0.0, 0.0, 0.0, 0.0, 0.0, 0.0, 0.0, 0.0, 0.0, 0.0, 0.0, 0.0, 0.0, 0.0]","[0.5657, 0.7348, 1.4001, 1.8128, 1.8868, 2.1108, 1.9195, 2.1585, 1.9554, 2.0907, 2.3572, 2.632, 2.687, 2.9295, 2.6407, 2.9452, 3.1709, 2.7791, 2.5905, 2.5029, 2.2451, 2.4245, 2.1475, 2.1477, 2.152, 2.1743, 2.0837, 2.4061, 2.2399, 2.4994, 2.9022, 2.6009, 2.573, 2.8373, 2.9695, 2.9685, 2.8186, 3.0816, 3.3125, 3.1836, 2.9597, 2.7223, 2.5698, 2.7452, 2.4247, 2.381, 2.2177, 2.5779, 2.4551, 2.333, 2.2263, 2.5624, 2.6427, 2.724, 2.4116, 2.2795, 2.1929, 2.2664, 2.2184, 2.0506, 2.14, 2.1707, 2.3438, 2.1809, 2.3303, 2.6441, 2.4945, 2.657, 2.6601, 2.637, 2.8577, 2.6654, 2.587, 2.8132]","[2.9418, 2.8636, 2.846, 2.9315, 3.0644, 3.1762, 3.3958, 3.2281, 3.1687, 3.18, 3.2136, 3.3797, 3.2845, 3.3728, 3.3692, 3.5303, 3.6228, 3.6643, 3.5489, 3.6551, 3.6197, 3.4979, 3.44, 3.4614, 3.3835]","[0.0, 0.0, 0.0, 0.0, 0.0, 0.0, 0.0, 0.0, 0.0, 0.0, 0.0, 0.0, 0.0, 0.0, 0.0, 0.0, 0.0, 0.0, 0.0, 0.0, 0.0, 0.0, 0.0, 0.0, 0.0]","[2.8375, 2.7427, 2.6979, 2.8219, 2.9704, 3.1299, 3.2983, 3.1825, 3.1281, 3.1517, 3.1256, 3.2827, 3.1765, 3.2126, 3.3436, 3.458, 3.4876, 3.5863, 3.4989, 3.5815, 3.4838, 3.4245, 3.4259, 3.3892, 3.3073]"
-33.89,2025-08-07T11:06:00.000Z,2025-08-07T08:20:00.000Z,22015,XAUUSD,SHORT,London Open Liquidity Scalp,-0.8156,1.81,41.55,-0.0835,1.4309,2065.301,2064.954,2065.469,2064.954,2.5,2065.282,2065.469,2065.511,2064.708,4.0,2.5,1.0,MANUAL,166,closed,41.55,0.82,2064.954,2065.301,1.4309,-0.57,2.2465,0.8173,true,false,Thursday,8,11,August,2025,2.7667,9960000,2065.511,2065.282,10388.54,10354.65,8.0,0.4,1.0,false,false,false,8801,London Open Liquidity Scalp — QA 200,"[0.471, 0.7792, 0.764, 1.0176, 0.8051, 0.9508, 0.6981, 0.614, 0.4501, 0.9008, 0.9074, 0.5359, 0.6054, 0.8929, 0.9119, 0.8558, 0.5391, 0.0846, 0.3586, 0.11, 0.0515, 0.4728, 0.7126, 0.6475, 1.2511, 1.4309, 1.0519, 0.4912, 0.6423, 0.6911, 1.1959, 1.1259, 0.8514]","[0.0, 0.0, 0.0, 0.0, 0.0, 0.0, 0.0, 0.0, 0.0, 0.0, 0.0, 0.0, 0.0, 0.0, 0.0, 0.0, 0.0, 0.036, 0.0, 0.0835, 0.0054, 0.0, 0.0, 0.0, 0.0, 0.0, 0.0, 0.0, 0.0, 0.0, 0.0, 0.0, 0.0]","[-0.3756, -0.6905, -0.5394, -0.705, -0.6895, -0.8979, -0.5888, -0.5111, -0.4022, -0.7123, -0.7794, -0.4656, -0.5375, -0.8743, -0.8179, -0.6546, -0.3317, -0.0344, -0.1334, -0.0007, -0.041, -0.4511, -0.6805, -0.5647, -0.9254, -1.0736, -0.7435, -0.4592, -0.5475, -0.5645, -0.843, -0.8432, -0.8156]","[0.8173, 0.6472, 0.4497, 0.4992, 0.4428, 0.3249]","[0.0, 0.0, 0.0, 0.0, 0.0, 0.0]","[-0.6414, -0.5217, -0.4151, -0.4599, -0.4147, -0.273]"
-42.9,2025-12-08T11:36:00.000Z,2025-12-08T07:19:00.000Z,22016,NQ,LONG,London Open Liquidity Scalp,-0.9766,0.32,43.93,-1.1147,0.4164,18628.56887,18639.1756,18639.1756,18628.56887,3.0,18636.29098,18629.52624,18629.36345,18657.07356,4.5,0.75,5.0,STOP_OUT,257,closed,43.93,0.98,18639.1756,18628.56887,0.4164,-2.3453,1.393,0.0,false,true,Monday,7,11,December,2025,4.2833,15420000,18629.36345,18636.29098,10354.65,10311.75,9.0,0.4243,1.0,false,false,true,8801,London Open Liquidity Scalp — QA 200,"[0.2021, 0.1259, 0.1083, 0.4164, 0.0, 0.0421, 0.0062, 0.0, 0.0, 0.0, 0.0, 0.0, 0.0, 0.0, 0.0, 0.0, 0.0]","[0.3305, 0.1713, 0.0364, 0.1568, 0.3148, 0.2196, 0.2736, 0.3735, 0.5129, 0.4397, 0.1889, 0.4923, 0.7142, 0.8004, 0.7575, 0.4397, 1.1147]","[-0.0933, 0.0665, 0.0411, 0.1096, -0.2246, -0.1577, -0.1883, -0.2266, -0.4771, -0.333, -0.1072, -0.289, -0.4587, -0.4929, -0.387, -0.3467, -0.9766]","[0.0, 0.0, 0.0, 0.0, 0.0, 0.0, 0.0, 0.0, 0.0, 0.0, 0.0, 0.0, 0.0, 0.0]","[0.899, 0.7882, 0.6109, 0.6473, 0.6148, 0.7487, 0.5573, 0.4848, 0.6069, 0.6472, 0.6439, 0.6206, 0.6672, 0.7133]","[-0.8466, -0.7368, -0.5925, -0.6023, -0.5486, -0.6308, -0.5199, -0.4692, -0.4988, -0.6086, -0.4921, -0.5807, -0.5894, -0.5228]"
-53.93,2025-11-26T13:28:00.000Z,2025-11-26T09:22:00.000Z,22017,XAUUSD,SHORT,London Open Liquidity Scalp,-0.9809,4.52,54.98,-0.0438,2.1032,2047.953,2047.692,2048.067,2047.692,2.5,2047.948,2048.067,2048.07,2047.644,4.0,2.5,1.0,MANUAL,246,closed,54.98,0.98,2047.692,2047.953,2.1032,-0.4664,3.0841,0.9094,true,false,Wednesday,9,13,November,2025,4.1,14760000,2048.07,2047.948,10311.75,10257.82,8.0,0.5332,1.0,true,true,true,8801,London Open Liquidity Scalp — QA 200,"[0.4748, 0.3834, 0.1319, 0.5296, 0.2198, 0.7191, 0.9016, 1.1804, 0.8708, 0.7065, 0.6286, 0.412, 0.4833, 0.7406, 1.1243, 1.3639, 0.9485, 0.7475, 0.7227, 0.7123, 0.945, 0.9733, 1.1576, 1.0264, 0.8702, 1.3549, 0.9345, 1.3246, 0.8967, 1.0528, 1.354, 1.2774, 1.5636, 2.1032, 1.3951, 1.4247, 1.5348, 1.4799, 1.4746, 1.4951, 1.5311, 1.0486, 0.7836, 1.1947, 0.8416, 1.1255, 1.2196, 1.1999, 1.2874, 0.9984, 1.2161, 0.9609, 1.1163, 1.6444, 1.146, 1.3345, 1.4639, 1.8026, 1.8525, 1.6187, 1.5423, 1.5799, 1.4964, 1.1812, 0.8969, 1.0244, 0.8087, 1.1172, 1.4429, 1.5584, 1.6653, 1.1662, 1.4403, 1.3973, 1.4679, 1.4223, 1.0959, 1.0019, 1.3089, 1.106]","[0.0438, 0.0, 0.0, 0.0367, 0.0, 0.0, 0.0, 0.0, 0.0, 0.0, 0.0, 0.0, 0.0, 0.0, 0.0, 0.0, 0.0, 0.0, 0.0, 0.0, 0.0, 0.0, 0.0, 0.0, 0.0, 0.0, 0.0, 0.0, 0.0, 0.0, 0.0, 0.0, 0.0, 0.0, 0.0, 0.0, 0.0, 0.0, 0.0, 0.0, 0.0, 0.0, 0.0, 0.0, 0.0, 0.0, 0.0, 0.0, 0.0, 0.0, 0.0, 0.0, 0.0, 0.0, 0.0, 0.0, 0.0, 0.0, 0.0, 0.0, 0.0, 0.0, 0.0, 0.0, 0.0, 0.0, 0.0, 0.0, 0.0, 0.0, 0.0, 0.0, 0.0, 0.0, 0.0, 0.0, 0.0, 0.0, 0.0, 0.0]","[-0.1485, -0.3277, -0.0933, -0.2329, -0.1646, -0.6105, -0.7802, -0.9706, -0.7965, -0.4979, -0.3679, -0.2153, -0.3701, -0.7101, -0.9637, -1.0195, -0.7789, -0.5245, -0.4808, -0.5616, -0.6281, -0.8597, -0.9767, -0.998, -0.8117, -1.022, -0.8464, -1.118, -0.7867, -1.0286, -1.0564, -1.2197, -1.4239, -1.7029, -1.3764, -1.3479, -1.478, -1.4075, -1.3634, -1.3031, -1.2793, -0.9493, -0.7464, -1.0987, -0.7825, -0.8752, -0.9084, -1.1421, -1.2466, -0.9468, -0.9652, -0.765, -1.0417, -1.3495, -1.0743, -1.2501, -1.369, -1.6082, -1.7978, -1.4915, -1.465, -1.3695, -1.4072, -1.0387, -0.7614, -0.8082, -0.721, -1.025, -1.3088, -1.3259, -1.4279, -1.0636, -1.3401, -1.3002, -1.3297, -1.2087, -0.9024, -0.9822, -1.2526, -0.9809]","[0.9094, 0.8315, 0.813, 0.7288, 0.8539, 0.7444, 0.5172, 0.5624, 0.4144, 0.2821, 0.2984, 0.3463, 0.3665, 0.2096, 0.1601, 0.0, 0.0, 0.0, 0.0, 0.0, 0.0, 0.0, 0.0]","[0.0, 0.0, 0.0, 0.0, 0.0, 0.0, 0.0, 0.0, 0.0, 0.0, 0.0, 0.0, 0.0, 0.0, 0.0221, 0.0852, 0.3073, 0.3583, 0.2323, 0.367, 0.4681, 0.5705, 0.5697]","[-0.8451, -0.7172, -0.7957, -0.646, -0.7313, -0.6117, -0.4617, -0.4826, -0.3543, -0.2305, -0.2683, -0.3019, -0.2626, -0.1557, -0.0284, 0.0332, 0.1959, 0.1987, 0.1777, 0.271, 0.433, 0.4839, 0.4298]"
-35.85,2023-12-26T15:33:00.000Z,2023-12-26T10:41:00.000Z,22018,NQ,SHORT,London Open Liquidity Scalp,-0.7018,0.41,51.08,-0.3088,1.4831,18369.86781,18358.59782,18374.21505,18358.59782,2.5,18367.92564,18374.21505,18374.21505,18352.20212,4.5,0.75,5.0,SL,292,closed,51.08,0.7,18358.59782,18369.86781,1.4831,-0.4732,2.1849,0.9981,true,false,Tuesday,10,15,December,2023,4.8667,17520000,18374.21505,18367.92564,10257.82,10221.97,9.0,0.498,1.0,false,false,true,8801,London Open Liquidity Scalp — QA 200,"[0.0786, 0.2309, 0.3622, 0.4154, 0.7227, 0.5801, 0.6958, 0.3384, 0.1797, 0.0135, 0.4556, 0.9704, 0.4845, 0.475, 0.4637, 0.7789, 1.04, 0.9385, 1.2556, 1.3649, 1.4831, 1.2447, 1.2126, 1.3068, 0.9949, 0.6741, 1.0988, 0.6181, 1.1018, 0.8731, 0.5522, 0.6044, 0.7666, 0.4949, 0.302, 0.6658, 0.6508, 0.7751, 0.7208, 0.6283, 0.97, 0.6321, 1.0468, 0.7725, 0.3559, 0.5157, 0.8195, 0.9251, 1.3334, 0.8628, 0.8995, 0.8367, 0.3925, 0.7259, 0.8137, 1.016, 1.3114, 0.748]","[0.012, 0.0, 0.0, 0.0, 0.0, 0.0, 0.0, 0.1624, 0.0038, 0.3088, 0.0, 0.0, 0.0, 0.0, 0.0, 0.0, 0.0, 0.0, 0.0, 0.0, 0.0, 0.0, 0.0, 0.0, 0.0, 0.0, 0.0, 0.0, 0.0, 0.0, 0.0, 0.0, 0.0, 0.0, 0.0, 0.0, 0.0, 0.0, 0.0, 0.0, 0.0, 0.0, 0.0, 0.0, 0.0, 0.0, 0.0, 0.0, 0.0, 0.0, 0.0, 0.0, 0.0, 0.0, 0.0, 0.0, 0.0, 0.0]","[-0.0297, -0.081, -0.2535, -0.3361, -0.5711, -0.3667, -0.3588, -0.098, -0.101, 0.1186, -0.3704, -0.6793, -0.3706, -0.2747, -0.447, -0.7148, -0.9244, -0.6414, -0.9779, -1.235, -1.2654, -1.1382, -1.1686, -1.1481, -0.9601, -0.6299, -0.8811, -0.5246, -0.7277, -0.7252, -0.5079, -0.5276, -0.6273, -0.3811, -0.1863, -0.6257, -0.6185, -0.691, -0.694, -0.5961, -0.8383, -0.4904, -0.8193, -0.5565, -0.3097, -0.4528, -0.7744, -0.8439, -1.1261, -0.8226, -0.8638, -0.5235, -0.3331, -0.6591, -0.7825, -0.9721, -1.2779, -0.7018]","[0.8624, 0.9399, 0.9981, 0.8795, 0.7767, 0.6332, 0.7043, 0.6281, 0.6119, 0.4248, 0.2621, 0.2941, 0.1022]","[0.0, 0.0, 0.0, 0.0, 0.0, 0.0, 0.0, 0.0, 0.0, 0.0, 0.0, 0.0, 0.0]","[-0.8039, -0.9122, -0.8699, -0.8495, -0.7505, -0.5804, -0.6467, -0.5901, -0.5063, -0.3764, -0.2313, -0.2665, -0.088]"
60.57,2024-11-24T16:02:00.000Z,2024-11-24T14:52:00.000Z,22019,EURUSD,SHORT,London Open Liquidity Scalp,1.3481,0.19,44.93,-2.0435,0.0,1.10063,1.09588,1.10063,1.09275,2.0,1.09588,1.09275,1.0982,1.09123,3.0,0.8,10.0,MANUAL,70,closed,44.93,1.35,1.09588,1.10063,0.0,0.0,-1.3481,0.0,false,true,Monday,14,16,November,2024,1.1667,4200000,1.0982,1.09588,10221.97,10282.54,6.0,0.4395,1.0,false,false,false,8801,London Open Liquidity Scalp — QA 200,"[0.0, 0.0, 0.0, 0.0, 0.0, 0.0, 0.0, 0.0, 0.0, 0.0, 0.0, 0.0, 0.0, 0.0, 0.0, 0.0, 0.0, 0.0, 0.0, 0.0, 0.0, 0.0, 0.0, 0.0, 0.0, 0.0, 0.0, 0.0, 0.0, 0.0, 0.0, 0.0, 0.0, 0.0, 0.0, 0.0, 0.0, 0.0, 0.0, 0.0, 0.0, 0.0, 0.0, 0.0, 0.0, 0.0, 0.0, 0.0, 0.0, 0.0, 0.0, 0.0, 0.0, 0.0, 0.0, 0.0, 0.0, 0.0, 0.0, 0.0, 0.0, 0.0, 0.0, 0.0, 0.0, 0.0, 0.0, 0.0, 0.0, 0.0]","[0.8426, 0.8596, 0.841, 0.7587, 0.6325, 0.7301, 0.8416, 0.7916, 1.186, 1.1874, 1.143, 0.6868, 0.98, 1.1731, 0.8969, 1.4446, 1.6016, 1.3865, 1.667, 1.363, 1.5019, 1.5579, 1.8908, 1.741, 1.9608, 1.6825, 1.3643, 0.9711, 1.2212, 1.1595, 1.2877, 1.0828, 1.5857, 1.6462, 1.7727, 1.5713, 1.5689, 1.7202, 1.8774, 2.0376, 1.755, 1.6047, 1.5332, 1.241, 1.0795, 1.1001, 1.2941, 1.5873, 1.7919, 1.775, 1.2956, 1.4038, 1.7141, 1.663, 1.8167, 1.8093, 1.4416, 1.5296, 2.0435, 1.6762, 1.33, 1.0378, 1.0681, 0.8701, 1.3598, 1.0471, 0.9784, 1.1022, 1.287, 1.3681]","[0.5057, 0.6551, 0.7304, 0.6334, 0.5693, 0.6596, 0.6816, 0.7844, 1.1258, 1.129, 0.8669, 0.6547, 0.9563, 0.9091, 0.772, 1.1409, 1.3767, 1.2985, 1.4934, 1.2954, 1.2288, 1.4738, 1.527, 1.616, 1.7587, 1.4487, 1.1709, 0.9252, 1.1441, 0.9936, 1.2412, 1.0403, 1.349, 1.6048, 1.6862, 1.4983, 1.463, 1.6541, 1.8257, 1.8069, 1.6223, 1.5752, 1.4701, 1.1144, 1.0214, 0.9828, 1.197, 1.4272, 1.6773, 1.4388, 1.1944, 1.2926, 1.6421, 1.634, 1.7319, 1.6756, 1.3683, 1.4632, 1.6896, 1.5348, 1.2005, 0.9655, 0.9405, 0.6601, 1.0747, 0.8784, 0.8958, 0.948, 1.1526, 1.3481]","[0.0, 0.0, 0.0, 0.0, 0.0, 0.0, 0.0, 0.0, 0.0, 0.0]","[1.3619, 1.3565, 1.446, 1.4622, 1.451, 1.5421, 1.6992, 1.5112, 1.693, 1.6909]","[1.3459, 1.3213, 1.3806, 1.4418, 1.4221, 1.3886, 1.5136, 1.469, 1.5851, 1.6234]"
-36.41,2025-07-16T16:57:00.000Z,2025-07-16T10:44:00.000Z,22020,NQ,LONG,London Open Liquidity Scalp,-0.7089,0.43,51.36,-1.7453,0.949,18318.44859,18334.59586,18334.59586,18318.44859,2.0,18328.90839,18322.91527,18322.91527,18340.89464,4.5,0.75,5.0,SL,373,closed,51.36,0.71,18334.59586,18318.44859,0.949,-0.747,1.6579,0.0628,true,true,Wednesday,10,16,July,2025,6.2167,22380000,18322.91527,18328.90839,10282.54,10246.13,9.0,0.4995,1.0,true,false,true,8801,London Open Liquidity Scalp — QA 200,"[0.3282, 0.5744, 0.7948, 0.949, 0.7825, 0.527, 0.0983, 0.0, 0.0976, 0.0, 0.0, 0.0, 0.0, 0.1413, 0.0, 0.0, 0.0, 0.0, 0.0, 0.0, 0.0, 0.0, 0.0, 0.0, 0.0, 0.0, 0.0, 0.0, 0.0, 0.0, 0.0, 0.0, 0.0, 0.0, 0.0, 0.0, 0.0, 0.0, 0.0, 0.0, 0.0, 0.0, 0.0, 0.0, 0.0, 0.0, 0.0, 0.0, 0.0, 0.0, 0.0, 0.0, 0.0, 0.0, 0.0, 0.0, 0.0, 0.0, 0.0, 0.0, 0.0, 0.0512, 0.0, 0.0395, 0.076, 0.0, 0.0, 0.0, 0.0, 0.0392, 0.352, 0.0, 0.0, 0.0]","[0.0, 0.0, 0.0, 0.0, 0.0, 0.0, 0.0855, 0.5514, 0.0871, 0.4719, 0.7816, 0.6636, 0.5952, 0.4033, 0.4507, 0.5983, 0.2689, 0.4006, 0.4959, 0.342, 0.4182, 0.7003, 0.657, 0.6847, 0.6625, 0.9465, 0.73, 0.7285, 1.1232, 1.0124, 0.5416, 0.66, 0.8539, 0.947, 0.9409, 0.5469, 0.8962, 0.8204, 1.1492, 0.9071, 0.7723, 0.3683, 0.81, 0.7204, 0.6248, 1.0354, 1.215, 1.3177, 1.6421, 1.3079, 1.5401, 1.6127, 1.7453, 1.0828, 1.3057, 1.1401, 1.135, 1.0402, 0.6587, 0.4789, 0.2635, 0.0726, 0.1725, 0.2237, 0.0172, 0.1215, 0.276, 0.6496, 0.2604, 0.1662, 0.1218, 0.3635, 0.4119, 0.7948]","[0.245, 0.4332, 0.5386, 0.7468, 0.5828, 0.488, -0.0202, -0.1694, 0.0059, -0.2705, -0.5849, -0.3604, -0.4922, -0.1898, -0.379, -0.4892, -0.213, -0.2651, -0.2503, -0.2419, -0.321, -0.4871, -0.4752, -0.5567, -0.5872, -0.8399, -0.5522, -0.4823, -0.7186, -0.8098, -0.4466, -0.4854, -0.784, -0.7631, -0.808, -0.4595, -0.6312, -0.6931, -0.8122, -0.6526, -0.4248, -0.3107, -0.6945, -0.3871, -0.4642, -0.8241, -1.111, -1.2224, -1.4322, -1.1315, -1.3625, -1.5619, -1.468, -1.0242, -1.2013, -1.0303, -1.0496, -0.9156, -0.5787, -0.3472, -0.2079, -0.0043, -0.1517, -0.0369, 0.0267, -0.0683, -0.2212, -0.4006, -0.1432, -0.0363, 0.1486, -0.3355, -0.367, -0.7089]","[0.0, 0.0, 0.0, 0.0, 0.0, 0.0, 0.0, 0.0, 0.0, 0.0, 0.0, 0.0, 0.0, 0.0, 0.0, 0.0, 0.0, 0.0, 0.0, 0.0, 0.0, 0.0, 0.0, 0.0, 0.0628]","[0.8307, 0.6168, 0.5605, 0.3946, 0.5238, 0.5319, 0.358, 0.6371, 0.5745, 0.5087, 0.5672, 0.5392, 0.3461, 0.2742, 0.452, 0.467, 0.4266, 0.4042, 0.288, 0.2724, 0.1143, 0.132, 0.2712, 0.1346, 0.074]","[-0.7566, -0.5826, -0.4252, -0.3806, -0.4139, -0.4471, -0.3274, -0.4462, -0.545, -0.3901, -0.4695, -0.4434, -0.2855, -0.2355, -0.3429, -0.4138, -0.4006, -0.3791, -0.2323, -0.2106, -0.0792, -0.0663, -0.0977, -0.076, -0.0279]"
-26.08,2025-12-11T15:54:00.000Z,2025-12-11T09:50:00.000Z,22021,EURUSD,SHORT,London Open Liquidity Scalp,-0.63,0.18,41.4,-0.3418,0.8213,1.10497,1.10222,1.10652,1.10222,3.0,1.10416,1.10652,1.10652,1.09709,3.0,0.8,10.0,SL,364,closed,41.4,0.63,1.10222,1.10497,0.8213,-0.7671,1.4513,0.7094,true,false,Thursday,9,15,December,2025,6.0667,21840000,1.10652,1.10416,10246.13,10220.05,6.0,0.4041,1.0,false,false,true,8801,London Open Liquidity Scalp — QA 200,"[0.1212, 0.6054, 0.4524, 0.571, 0.6412, 0.683, 0.6111, 0.2746, 0.1766, 0.2224, 0.1589, 0.0, 0.0, 0.16, 0.0, 0.3934, 0.1141, 0.8213, 0.3535, 0.6835, 0.7148, 0.53, 0.1627, 0.6525]","[0.0, 0.0, 0.0, 0.0, 0.0, 0.0, 0.0, 0.0, 0.1724, 0.0, 0.2437, 0.3199, 0.2838, 0.2566, 0.3418, 0.0, 0.0099, 0.0, 0.0, 0.0, 0.0, 0.0, 0.0279, 0.0]","[-0.0798, -0.4625, -0.3908, -0.34, -0.5951, -0.522, -0.4285, -0.2357, -0.0384, -0.1639, 0.0028, 0.2707, 0.1611, 0.1916, 0.1938, -0.2846, -0.0524, -0.4867, -0.2161, -0.5164, -0.488, -0.2943, -0.0164, -0.63]","[0.6423, 0.6621, 0.5841, 0.5179, 0.5003, 0.7094, 0.4975, 0.5721, 0.5672, 0.5869, 0.4638, 0.3921, 0.5341, 0.3583, 0.3284, 0.457, 0.3688, 0.2795]","[0.0, 0.0, 0.0, 0.0, 0.0, 0.0, 0.0, 0.0, 0.0, 0.0, 0.0, 0.0, 0.0, 0.0, 0.0, 0.0, 0.0, 0.0]","[-0.617, -0.595, -0.5045, -0.4413, -0.4792, -0.5739, -0.4796, -0.5299, -0.4486, -0.4197, -0.2965, -0.3689, -0.3824, -0.3532, -0.3076, -0.2812, -0.2796, -0.2459]"
77.92,2025-07-17T13:57:00.000Z,2025-07-17T08:29:00.000Z,22022,GBPUSD,SHORT,London Open Liquidity Scalp,1.6797,0.2,46.39,-1.9823,0.0,1.28041,1.27583,1.28041,1.27195,2.5,1.27583,1.27195,1.27814,1.27005,3.5,1.2,10.0,Trailing SL,328,closed,46.39,1.68,1.27583,1.28041,0.0,0.0,-1.6797,0.0,false,true,Thursday,8,13,July,2025,5.4667,19680000,1.27814,1.27583,10220.05,10297.97,7.0,0.4539,1.0,true,false,false,8801,London Open Liquidity Scalp — QA 200,"[0.0, 0.0, 0.0, 0.0, 0.0, 0.0, 0.0, 0.0, 0.0, 0.0, 0.0, 0.0, 0.0, 0.0, 0.0, 0.0, 0.0, 0.0, 0.0, 0.0, 0.0]","[0.0782, 0.4336, 0.6255, 0.759, 0.7611, 1.4546, 1.4102, 1.8205, 1.9823, 1.5298, 1.238, 1.2203, 1.0361, 1.1827, 1.0781, 1.3144, 1.0323, 1.2474, 1.6035, 1.4029, 1.702]","[0.0628, 0.4034, 0.5782, 0.6888, 0.6415, 1.1514, 1.3571, 1.6477, 1.7659, 1.4806, 1.1943, 0.9025, 0.8751, 1.0521, 0.9845, 1.2158, 0.9639, 1.1964, 1.3406, 1.1526, 1.6797]","[0.0, 0.0, 0.0, 0.0, 0.0, 0.0, 0.0, 0.0, 0.0, 0.0, 0.0, 0.0, 0.0, 0.0, 0.0, 0.0, 0.0, 0.0, 0.0, 0.0]","[1.8454, 1.8014, 1.9475, 1.9345, 2.1336, 2.0667, 2.0931, 2.1733, 2.3306, 2.5201, 2.5309, 2.5041, 2.5652, 2.5093, 2.6489, 2.8482, 2.5763, 2.6105, 2.5269, 2.4358]","[1.8265, 1.7719, 1.801, 1.9, 1.9867, 1.969, 2.0571, 2.1462, 2.2697, 2.4251, 2.3654, 2.4883, 2.4517, 2.4653, 2.494, 2.6552, 2.5569, 2.5242, 2.4628, 2.3864]"
-47.27,2024-01-02T11:11:00.000Z,2024-01-02T09:34:00.000Z,22023,XAUUSD,SHORT,London Open Liquidity Scalp,-0.884,2.3,53.47,-0.0,1.7936,2082.437,2082.021,2082.669,2082.021,1.5,2082.437,2082.669,2082.669,2082.089,4.0,2.5,1.0,SL,97,closed,53.47,0.88,2082.021,2082.437,1.7936,-0.4929,2.6776,0.8407,true,false,Tuesday,9,11,January,2024,1.6167,5820000,2082.669,2082.437,10297.97,10250.7,8.0,0.5192,1.0,false,false,true,8801,London Open Liquidity Scalp — QA 200,"[0.4663, 1.0006, 0.7002, 0.7781, 1.0891, 0.7275, 1.0892, 0.828, 0.7574, 0.5705, 0.9891, 1.2806, 1.0619, 0.98, 0.5861, 0.3629, 0.5288, 0.4685, 0.7713, 1.119, 0.9262, 1.0304, 0.9985, 0.9665, 0.7118, 0.6538, 0.8862, 0.8364, 1.1597, 1.4485, 1.1979, 1.1116, 0.8718, 1.1163, 1.0693, 0.9435, 0.5359, 0.8735, 1.0019, 0.9276, 0.995, 1.2261, 1.4548, 1.7159, 1.7936, 1.4403, 1.4059, 1.0744, 1.366, 1.1762, 0.9613, 1.3181, 1.1299, 0.9054, 0.589, 0.7362, 0.8602, 1.0865, 0.7028, 1.0852, 0.7781, 0.4539, 0.3802, 0.6015, 0.8053, 0.6769, 0.8491, 0.7884, 0.6878, 0.9974, 0.8627, 0.9668, 1.3968, 1.0006, 0.9206, 1.136, 1.1841, 1.5217, 0.934, 1.0074]","[0.0, 0.0, 0.0, 0.0, 0.0, 0.0, 0.0, 0.0, 0.0, 0.0, 0.0, 0.0, 0.0, 0.0, 0.0, 0.0, 0.0, 0.0, 0.0, 0.0, 0.0, 0.0, 0.0, 0.0, 0.0, 0.0, 0.0, 0.0, 0.0, 0.0, 0.0, 0.0, 0.0, 0.0, 0.0, 0.0, 0.0, 0.0, 0.0, 0.0, 0.0, 0.0, 0.0, 0.0, 0.0, 0.0, 0.0, 0.0, 0.0, 0.0, 0.0, 0.0, 0.0, 0.0, 0.0, 0.0, 0.0, 0.0, 0.0, 0.0, 0.0, 0.0, 0.0, 0.0, 0.0, 0.0, 0.0, 0.0, 0.0, 0.0, 0.0, 0.0, 0.0, 0.0, 0.0, 0.0, 0.0, 0.0, 0.0, 0.0]","[-0.4175, -0.8289, -0.6201, -0.6085, -0.9783, -0.6941, -0.7328, -0.8121, -0.5488, -0.546, -0.8732, -1.019, -0.7823, -0.6894, -0.5264, -0.261, -0.3391, -0.4283, -0.7073, -1.0353, -0.7756, -0.9946, -0.8232, -0.7819, -0.6518, -0.5841, -0.7578, -0.7574, -1.1197, -1.0976, -1.1506, -1.0858, -0.7773, -0.8554, -0.9347, -0.769, -0.444, -0.6874, -0.6811, -0.883, -0.781, -1.1386, -1.2943, -1.5609, -1.6191, -1.2682, -1.1843, -0.8973, -1.2435, -1.0961, -0.8896, -1.0287, -1.0189, -0.8473, -0.5063, -0.5138, -0.8338, -0.9836, -0.6561, -0.9392, -0.5995, -0.2982, -0.1759, -0.4704, -0.7817, -0.5332, -0.8257, -0.7584, -0.4728, -0.8977, -0.8192, -0.8803, -1.0941, -0.882, -0.865, -1.1113, -1.1675, -1.2686, -0.8977, -0.884]","[0.8407, 0.6664, 0.8296, 0.6787, 0.5995, 0.6501, 0.5388]","[0.0, 0.0, 0.0, 0.0, 0.0, 0.0, 0.0]","[-0.7846, -0.6237, -0.6843, -0.6337, -0.5533, -0.6216, -0.4667]"
76.01,2025-12-08T19:15:00.000Z,2025-12-08T15:25:00.000Z,22024,GBPUSD,LONG,London Open Liquidity Scalp,1.7788,0.35,42.73,-0.052,1.8597,1.23445,1.23678,1.23756,1.23445,2.5,1.23451,1.23756,1.23329,1.23756,3.5,1.2,10.0,TP,230,closed,42.73,1.78,1.23678,1.23445,2.54,0.7003,0.0809,2.54,false,false,Monday,15,19,December,2025,3.8333,13800000,1.23329,1.23451,10250.7,10326.71,7.0,0.4168,1.0,false,false,true,8801,London Open Liquidity Scalp — QA 200,"[0.2342, 0.7753, 0.568, 0.5836, 1.0352, 0.971, 1.097, 1.1071, 1.2582, 0.8527, 1.1701, 1.448, 1.6533, 1.7708, 1.8597]","[0.052, 0.0, 0.0, 0.0, 0.0, 0.0, 0.0, 0.0, 0.0, 0.0, 0.0, 0.0, 0.0, 0.0, 0.0]","[0.0913, 0.7256, 0.5222, 0.4491, 0.9237, 0.8258, 0.7432, 0.9043, 1.0066, 0.7445, 1.015, 1.2399, 1.5424, 1.6858, 1.7788]","[1.854, 1.9705, 2.0331, 2.1996, 2.3061, 2.3285, 2.326, 2.2019, 2.1936, 2.1278, 2.0914, 2.0661, 2.1188, 2.1984, 2.1444, 2.2329, 2.2884, 2.3043, 2.54, 2.5366]","[0.0, 0.0, 0.0, 0.0, 0.0, 0.0, 0.0, 0.0, 0.0, 0.0, 0.0, 0.0, 0.0, 0.0, 0.0, 0.0, 0.0, 0.0, 0.0, 0.0]","[1.7746, 1.8821, 2.0041, 2.0815, 2.2595, 2.2466, 2.2131, 2.1243, 2.0726, 2.1052, 2.0734, 1.9878, 2.0935, 2.153, 2.1053, 2.0602, 2.227, 2.2737, 2.4239, 2.4835]"
-48.15,2024-03-17T08:38:00.000Z,2024-03-17T07:13:00.000Z,22025,EURUSD,SHORT,London Open Liquidity Scalp,-0.9757,0.3,49.35,-0.0,1.2601,1.08287,1.08083,1.08449,1.08083,1.5,1.08287,1.08449,1.08449,1.08044,3.0,0.8,10.0,SL,85,closed,49.35,0.98,1.08083,1.08287,1.2601,-0.7743,2.2358,0.952,true,false,Monday,7,8,March,2024,1.4167,5100000,1.08449,1.08287,10326.71,10278.56,6.0,0.4779,1.0,false,false,true,8801,London Open Liquidity Scalp — QA 200,"[0.375, 0.7463, 0.4335, 0.6365, 0.8825, 1.2601, 1.0893, 1.1174]","[0.0, 0.0, 0.0, 0.0, 0.0, 0.0, 0.0, 0.0]","[-0.2984, -0.61, -0.3981, -0.3868, -0.8388, -1.1863, -1.0717, -0.9757]","[0.952, 0.9337, 0.7032, 0.6401, 0.7039, 0.8861, 0.7533, 0.7722]","[0.0, 0.0, 0.0, 0.0, 0.0, 0.0, 0.0, 0.0]","[-0.9332, -0.8017, -0.6449, -0.626, -0.6116, -0.7079, -0.7243, -0.6185]"
45.47,2024-02-17T14:33:00.000Z,2024-02-17T14:02:00.000Z,22026,XAUUSD,LONG,London Open Liquidity Scalp,1.0075,1.7,45.13,-0.0,1.9866,2055.287,2055.816,2055.819,2055.287,2.0,2055.287,2055.819,2055.021,2055.819,4.0,2.5,1.0,TP,31,closed,45.13,1.01,2055.816,2055.287,1.9866,0.5071,0.9791,1.2914,false,false,Monday,14,14,February,2024,0.5167,1860000,2055.021,2055.287,10278.56,10324.03,8.0,0.4391,1.0,false,false,false,8801,London Open Liquidity Scalp — QA 200,"[0.687, 1.0032, 1.2308, 1.6069, 1.5209, 1.625, 1.9866, 1.1075]","[0.0, 0.0, 0.0, 0.0, 0.0, 0.0, 0.0, 0.0]","[0.4095, 0.8283, 1.1073, 1.3828, 1.4119, 1.5629, 1.7947, 1.0075]","[1.2308, 1.2914, 1.052, 1.2599, 1.1544, 1.0279, 1.0848, 1.0552]","[0.0, 0.0, 0.0, 0.0, 0.0, 0.0, 0.0, 0.0]","[1.0823, 1.1199, 1.0363, 1.0653, 1.0836, 1.0004, 1.0172, 0.9118]"
-29.72,2025-07-27T09:41:00.000Z,2025-07-27T08:12:00.000Z,22027,NQ,LONG,London Open Liquidity Scalp,-0.5426,0.6,54.77,-0.6415,0.864,18887.72858,18894.65486,18894.65486,18887.72858,3.0,18890.6799,18888.18377,18886.07925,18904.48185,4.5,0.75,5.0,MANUAL,89,closed,54.77,0.54,18894.65486,18887.72858,0.864,-0.628,1.4066,0.0081,false,true,Monday,8,9,July,2025,1.4833,5340000,18886.07925,18890.6799,10324.03,10294.31,9.0,0.5305,1.0,false,false,true,8801,London Open Liquidity Scalp — QA 200,"[0.1864, 0.3886, 0.2596, 0.1817, 0.3179, 0.7104, 0.6151, 0.864, 0.2724, 0.0, 0.0, 0.0, 0.0, 0.0, 0.0, 0.0663, 0.0]","[0.0868, 0.0, 0.0, 0.0, 0.0, 0.0, 0.0, 0.0, 0.0903, 0.3882, 0.3622, 0.5161, 0.212, 0.4659, 0.3528, 0.3436, 0.6415]","[-0.035, 0.1751, 0.2084, 0.0924, 0.2651, 0.5155, 0.4959, 0.623, 0.1521, -0.334, -0.3265, -0.3759, -0.07, -0.3844, -0.2733, -0.2507, -0.5426]","[0.0, 0.0, 0.0, 0.0, 0.0, 0.0, 0.0, 0.0, 0.0, 0.0, 0.0, 0.0, 0.0, 0.0, 0.0, 0.0, 0.0, 0.0, 0.0, 0.0, 0.0081]","[0.5147, 0.6384, 0.5304, 0.3754, 0.5948, 0.5668, 0.5329, 0.4119, 0.5747, 0.4474, 0.5022, 0.4312, 0.3944, 0.5644, 0.6095, 0.4948, 0.5546, 0.3914, 0.2678, 0.3415, 0.2199]","[-0.4448, -0.5222, -0.4569, -0.3253, -0.438, -0.5314, -0.3837, -0.3744, -0.3627, -0.3961, -0.3932, -0.3939, -0.3733, -0.4758, -0.5196, -0.4765, -0.4795, -0.3525, -0.2409, -0.2359, -0.1253]"
116.8,2025-05-05T14:12:00.000Z,2025-05-05T08:15:00.000Z,22028,EURUSD,SHORT,London Open Liquidity Scalp,2.3769,0.28,49.14,-2.4679,0.0,1.08015,1.07582,1.08015,1.07165,3.0,1.07582,1.07165,1.07757,1.07056,3.0,0.8,10.0,Trailing SL,357,closed,49.14,2.38,1.07582,1.08015,0.0,0.0,-2.3769,0.0,false,true,Monday,8,14,May,2025,5.95,21420000,1.07757,1.07582,10294.31,10411.11,6.0,0.4774,1.0,true,false,true,8801,London Open Liquidity Scalp — QA 200,"[0.0, 0.0, 0.0, 0.0, 0.0, 0.0, 0.0, 0.0, 0.0, 0.0, 0.0, 0.0, 0.0, 0.0, 0.0, 0.0, 0.0, 0.0, 0.0, 0.0, 0.0, 0.0, 0.0]","[0.7522, 0.7051, 0.9549, 1.3329, 1.4647, 1.2082, 1.1556, 1.4169, 1.6585, 2.1454, 1.9613, 1.8338, 2.1994, 2.1596, 1.8404, 2.1713, 2.3099, 2.2142, 2.0459, 1.8045, 1.9016, 1.6593, 2.4679]","[0.4614, 0.5617, 0.8306, 1.1533, 1.3105, 1.1543, 1.1243, 1.2156, 1.6159, 1.9809, 1.8266, 1.7195, 2.1436, 1.931, 1.7849, 1.9663, 2.2369, 2.1682, 1.9579, 1.7551, 1.6125, 1.631, 2.3769]","[0.0, 0.0, 0.0, 0.0, 0.0, 0.0, 0.0, 0.0, 0.0, 0.0]","[2.4678, 2.4101, 2.3816, 2.5979, 2.5942, 2.4733, 2.4504, 2.3007, 2.4407, 2.5503]","[2.4398, 2.3255, 2.3413, 2.4168, 2.4692, 2.3727, 2.3284, 2.2894, 2.371, 2.5082]"
-3.41,2025-01-15T08:44:00.000Z,2025-01-15T07:10:00.000Z,22029,EURUSD,SHORT,London Open Liquidity Scalp,-0.0648,0.36,52.61,-0.8956,1.2691,1.05917,1.05605,1.05917,1.05605,1.5,1.05788,1.05778,1.05932,1.05571,3.0,0.8,10.0,BE,94,closed,52.61,0.06,1.05605,1.05917,1.2691,-0.0511,1.3339,0.2482,true,true,Wednesday,7,8,January,2025,1.5667,5640000,1.05932,1.05788,10411.11,10407.7,6.0,0.5053,1.0,false,false,false,8801,London Open Liquidity Scalp — QA 200,"[0.0, 0.0, 0.0, 0.0, 0.0, 0.0, 0.0, 0.0, 0.248, 0.0, 0.0, 0.0108, 0.0, 0.088, 0.3536, 0.1318, 0.4449, 0.1398, 0.0, 0.0, 0.0, 0.2585, 0.0, 0.0, 0.0, 0.0, 0.0, 0.0, 0.0, 0.0, 0.0276, 0.0, 0.0, 0.0, 0.1437, 0.0, 0.1828, 0.4737, 0.0, 0.0, 0.0, 0.1793, 0.0096, 0.0, 0.0, 0.0, 0.0, 0.0, 0.2103, 0.2797, 0.5104, 0.4164, 0.1199, 0.0849, 0.0, 0.0, 0.0, 0.0, 0.0, 0.1016, 0.0, 0.0897, 0.3406, 0.0, 0.4495, 0.5303, 0.5679, 0.3321, 0.3178, 0.3281, 0.2696, 0.2759, 0.5402, 0.7759, 0.9916, 1.0344, 1.2055, 1.2691, 1.1874, 0.3642]","[0.3422, 0.4888, 0.0906, 0.3543, 0.3722, 0.4655, 0.2955, 0.5499, 0.1715, 0.1055, 0.5158, 0.2245, 0.1448, 0.1153, 0.0, 0.0, 0.0, 0.1207, 0.2028, 0.4823, 0.2528, 0.1161, 0.29, 0.3085, 0.613, 0.3833, 0.3234, 0.6437, 0.3928, 0.4296, 0.2008, 0.5123, 0.2869, 0.2881, 0.2443, 0.4163, 0.378, 0.0794, 0.1191, 0.3683, 0.3496, 0.2789, 0.1323, 0.4763, 0.6279, 0.7042, 0.5849, 0.268, 0.0, 0.0, 0.0, 0.0, 0.085, 0.0414, 0.325, 0.8956, 0.3535, 0.617, 0.4848, 0.2284, 0.2382, 0.046, 0.0, 0.2114, 0.0, 0.0, 0.1656, 0.0, 0.0, 0.0, 0.3309, 0.0, 0.0, 0.0, 0.0, 0.0, 0.0, 0.0, 0.0, 0.2526]","[0.275, 0.3616, 0.0531, 0.3334, 0.2876, 0.337, 0.2468, 0.3408, -0.0563, 0.0526, 0.2948, 0.0903, 0.0876, -0.0394, -0.2467, -0.0986, -0.1933, -0.0384, 0.0826, 0.3618, 0.1692, -0.0714, 0.2702, 0.2726, 0.5043, 0.199, 0.1794, 0.4272, 0.2316, 0.3374, 0.1499, 0.4151, 0.181, 0.0975, 0.1481, 0.1876, 0.0632, -0.1642, 0.0909, 0.2577, 0.2857, 0.032, 0.0863, 0.3873, 0.4303, 0.6235, 0.575, 0.2022, -0.1746, -0.2383, -0.3836, -0.3328, -0.014, 0.0118, 0.2882, 0.5678, 0.262, 0.3851, 0.3131, 0.0865, 0.1336, -0.0218, -0.1818, 0.067, -0.2949, -0.3464, -0.2138, -0.2957, -0.2989, -0.1786, -0.067, -0.2051, -0.4971, -0.7416, -0.9477, -0.9251, -1.1085, -1.0596, -1.1519, -0.0648]","[0.0837, 0.1386, 0.1508, 0.2482, 0.0411, 0.0, 0.0]","[0.0102, 0.0, 0.0, 0.006, 0.1161, 0.2714, 0.2921]","[-0.0441, -0.1038, -0.1248, -0.1234, 0.0293, 0.1634, 0.2153]"
114.0,2023-12-29T11:57:00.000Z,2023-12-29T09:28:00.000Z,22030,XAUUSD,SHORT,London Open Liquidity Scalp,2.0883,3.74,54.59,-3.0263,0.0,2033.731,2033.289,2033.731,2032.984,3.0,2033.289,2032.984,2033.435,2032.851,4.0,2.5,1.0,Trailing SL,149,closed,54.59,2.09,2033.289,2033.731,0.0,0.0,-2.0883,0.0,false,true,Friday,9,11,December,2023,2.4833,8940000,2033.435,2033.289,10407.7,10521.7,8.0,0.5245,1.0,false,false,true,8801,London Open Liquidity Scalp — QA 200,"[0.0, 0.0, 0.0, 0.0, 0.0, 0.0, 0.0, 0.0, 0.0, 0.0, 0.0, 0.0, 0.0, 0.0, 0.0, 0.0, 0.0, 0.0, 0.0, 0.0, 0.0, 0.0, 0.0, 0.0, 0.0, 0.0, 0.0, 0.0, 0.0, 0.0, 0.0, 0.0, 0.0, 0.0, 0.0, 0.0, 0.0, 0.0, 0.0, 0.0, 0.0, 0.0, 0.0, 0.0, 0.0, 0.0, 0.0, 0.0, 0.0, 0.0, 0.0, 0.0, 0.0, 0.0, 0.0, 0.0, 0.0, 0.0, 0.0, 0.0, 0.0, 0.0, 0.0, 0.0, 0.0, 0.0, 0.0, 0.0, 0.0, 0.0, 0.0, 0.0, 0.0, 0.0, 0.0, 0.0, 0.0, 0.0, 0.0, 0.0]","[0.6003, 0.9226, 1.0209, 1.5203, 1.3805, 1.2363, 1.3402, 1.1306, 1.0662, 1.4147, 1.7878, 1.4614, 1.2863, 1.53, 1.3392, 1.446, 1.7758, 2.0487, 2.0422, 2.213, 2.4865, 2.7374, 2.2359, 2.3285, 2.552, 2.4701, 2.8368, 2.588, 2.7444, 2.4458, 3.0263, 2.9152, 2.7184, 2.1482, 2.4842, 2.1881, 2.4508, 2.296, 2.3997, 2.2031, 2.0558, 2.3143, 2.0995, 1.8806, 2.0875, 1.7394, 1.9435, 1.6393, 1.8279, 1.6834, 1.5763, 1.6551, 1.6023, 1.514, 1.5002, 1.4229, 1.3684, 1.7478, 1.4081, 1.671, 1.6407, 1.7938, 1.9348, 1.7206, 1.7987, 1.9307, 1.5971, 1.7871, 1.6142, 1.9511, 1.8034, 1.9919, 1.9548, 1.8363, 1.648, 2.1301, 2.5187, 2.6082, 2.7484, 2.1659]","[0.5348, 0.8444, 0.9597, 1.4853, 1.3348, 1.157, 1.241, 0.9886, 1.0308, 1.39, 1.5635, 1.4313, 1.1961, 1.3427, 1.1845, 1.41, 1.6282, 1.9861, 1.8465, 2.1184, 2.2292, 2.4904, 2.1497, 2.2578, 2.3903, 2.3633, 2.6535, 2.4542, 2.4483, 2.3913, 2.6623, 2.797, 2.4501, 2.0894, 2.4104, 2.0564, 2.3743, 2.1888, 2.2285, 2.0809, 1.9661, 2.2372, 2.0087, 1.8214, 1.7751, 1.5931, 1.7056, 1.434, 1.684, 1.6495, 1.5667, 1.5772, 1.5742, 1.4373, 1.307, 1.2823, 1.1153, 1.517, 1.342, 1.6159, 1.567, 1.7705, 1.6742, 1.6202, 1.7197, 1.8649, 1.5579, 1.6415, 1.5863, 1.7793, 1.4747, 1.745, 1.8142, 1.6798, 1.6217, 2.0386, 2.3976, 2.5549, 2.6274, 2.0883]","[0.0, 0.0, 0.0, 0.0, 0.0, 0.0, 0.0, 0.0, 0.0, 0.0, 0.0, 0.0, 0.0, 0.0, 0.0, 0.0, 0.0, 0.0, 0.0, 0.0, 0.0]","[2.2881, 2.3007, 2.3131, 2.2464, 2.2702, 2.2109, 2.1417, 2.2236, 2.3071, 2.2142, 2.3405, 2.5256, 2.3691, 2.4496, 2.2571, 2.2932, 2.1594, 2.2293, 2.1418, 2.1554, 2.2694]","[2.1938, 2.2773, 2.1987, 2.1676, 2.1636, 2.1195, 2.1086, 2.182, 2.1983, 2.1656, 2.2528, 2.4271, 2.3572, 2.3181, 2.2413, 2.2066, 2.1542, 2.1786, 2.1211, 2.0801, 2.2172]"
-1.52,2025-04-01T12:50:00.000Z,2025-04-01T10:07:00.000Z,22031,EURUSD,LONG,London Open Liquidity Scalp,-0.0339,0.18,44.83,-0.4392,0.5343,1.07343,1.07587,1.07587,1.07343,2.0,1.07453,1.07453,1.07203,1.07954,3.0,0.8,10.0,BE,163,closed,44.83,0.03,1.07587,1.07343,0.5343,-0.0634,0.5682,0.2981,true,false,Tuesday,10,12,April,2025,2.7167,9780000,1.07203,1.07453,10521.7,10520.18,6.0,0.4261,1.0,true,false,true,8801,London Open Liquidity Scalp — QA 200,"[0.0, 0.0068, 0.5343, 0.2319, 0.1017, 0.0, 0.066, 0.2842, 0.1262, 0.0]","[0.1983, 0.4392, 0.0, 0.318, 0.1039, 0.2688, 0.2927, 0.0, 0.0862, 0.0763]","[-0.1436, -0.1116, 0.2524, 0.0373, -0.0012, -0.1925, -0.1214, 0.1995, 0.0439, -0.0339]","[0.0772, 0.1182, 0.2981, 0.1454, 0.1446, 0.1243, 0.1682, 0.1762]","[0.1533, 0.0, 0.0, 0.0, 0.0, 0.0296, 0.0, 0.0]","[-0.0071, 0.0836, 0.1802, 0.1239, 0.0889, 0.0194, 0.0842, 0.1092]"
52.6,2025-11-03T14:18:00.000Z,2025-11-03T09:44:00.000Z,22032,USDJPY,LONG,London Open Liquidity Scalp,1.0579,0.23,49.72,-0.2228,1.9693,151.197,151.718,151.718,151.197,1.5,151.25,151.606,151.013,151.606,3.0,0.9,9.2,TP,274,closed,49.72,1.06,151.718,151.197,1.9693,0.5372,0.9114,1.6793,false,false,Monday,9,14,November,2025,4.5667,16440000,151.013,151.25,10520.18,10572.78,6.0,0.4726,1.0,true,false,true,8801,London Open Liquidity Scalp — QA 200,"[0.0594, 0.4388, 0.3181, 0.3757, 0.6269, 0.5366, 0.5191, 0.2968, 0.867, 0.7522, 0.764, 0.518, 0.7855, 0.7848, 0.8354, 1.1641, 0.7867, 1.0114, 0.9417, 1.1446, 0.922, 1.0207, 0.701, 0.7361, 0.5957, 0.5271, 0.5876, 0.812, 1.1036, 0.5771, 0.962, 0.6385, 0.544, 0.495, 1.0009, 1.167, 1.1915, 1.2609, 1.5194, 1.8386, 1.9693, 1.561, 1.2355, 1.3342, 1.1351, 1.1553, 0.9271, 0.9234, 0.8707, 0.6318, 0.6394, 0.902, 0.9235, 1.2442]","[0.2228, 0.0, 0.1154, 0.0, 0.0255, 0.0, 0.0, 0.0, 0.0, 0.0, 0.0, 0.0, 0.0, 0.0, 0.0, 0.0, 0.0, 0.0, 0.0, 0.0, 0.0, 0.0, 0.0, 0.0, 0.0, 0.0, 0.0, 0.0, 0.0, 0.0, 0.0, 0.0, 0.0, 0.0, 0.0, 0.0, 0.0, 0.0, 0.0, 0.0, 0.0, 0.0, 0.0, 0.0, 0.0, 0.0, 0.0, 0.0, 0.0, 0.0, 0.0, 0.0, 0.0, 0.0]","[-0.0099, 0.3867, 0.2328, 0.154, 0.2485, 0.4098, 0.2547, 0.1544, 0.5597, 0.6333, 0.613, 0.3904, 0.689, 0.7568, 0.7599, 0.8677, 0.7706, 0.9568, 0.8227, 0.9308, 0.6859, 0.7192, 0.6652, 0.5176, 0.3267, 0.2979, 0.4408, 0.495, 0.7965, 0.5139, 0.6957, 0.6043, 0.3935, 0.4056, 0.8252, 0.9866, 1.0922, 1.1705, 1.2922, 1.4638, 1.6901, 1.2609, 1.0095, 1.2393, 1.1015, 1.0145, 0.7135, 0.561, 0.6735, 0.561, 0.55, 0.5564, 0.848, 1.0579]","[1.2395, 1.4911, 1.6134, 1.6793, 1.6463]","[0.0, 0.0, 0.0, 0.0, 0.0]","[1.1871, 1.3141, 1.4653, 1.5601, 1.6043]"
-27.24,2024-09-09T17:26:00.000Z,2024-09-09T14:09:00.000Z,22033,NQ,LONG,London Open Liquidity Scalp,-0.5457,0.67,49.92,-0.8702,0.7346,18092.72989,18098.7118,18098.7118,18092.72989,1.5,18095.97357,18093.93964,18092.24606,18101.56484,4.5,0.75,5.0,MANUAL,197,closed,49.92,0.55,18098.7118,18092.72989,0.7346,-0.7429,1.2803,0.4283,true,true,Monday,14,17,September,2024,3.2833,11820000,18092.24606,18095.97357,10572.78,10545.54,9.0,0.4722,1.0,false,false,false,8801,London Open Liquidity Scalp — QA 200,"[0.0722, 0.2474, 0.4902, 0.5226, 0.6577, 0.5121, 0.7346, 0.4884, 0.4425, 0.3031, 0.08, 0.226, 0.0]","[0.1676, 0.0, 0.0, 0.0467, 0.0, 0.0, 0.0, 0.0, 0.1615, 0.0, 0.3091, 0.0215, 0.8702]","[-0.0206, 0.1845, 0.3915, 0.2513, 0.3693, 0.4435, 0.577, 0.3608, 0.1593, 0.1577, -0.1753, 0.101, -0.5457]","[0.0, 0.0, 0.0, 0.0, 0.0, 0.0, 0.0, 0.0, 0.0, 0.0, 0.0, 0.0867, 0.241, 0.0021, 0.0, 0.1818, 0.0086, 0.0866, 0.2963, 0.3208, 0.4283]","[0.5162, 0.3814, 0.3878, 0.3778, 0.4329, 0.3799, 0.3693, 0.2757, 0.4258, 0.2111, 0.2618, 0.238, 0.0609, 0.0626, 0.1129, 0.211, 0.0523, 0.1171, 0.0, 0.0, 0.0]","[-0.4691, -0.3716, -0.3054, -0.2818, -0.3128, -0.3563, -0.3273, -0.2216, -0.2653, -0.1643, -0.252, -0.0828, 0.0069, -0.0236, -0.0523, 0.0082, -0.0346, 0.0146, 0.1893, 0.2575, 0.3524]"
-27.52,2024-12-24T14:55:00.000Z,2024-12-24T13:07:00.000Z,22034,XAUUSD,LONG,London Open Liquidity Scalp,-0.5478,1.83,50.24,-0.6349,0.1195,2047.22,2047.428,2047.428,2047.12,2.0,2047.395,2047.12,2047.12,2047.945,4.0,2.5,1.0,SL,108,closed,50.24,0.55,2047.428,2047.22,0.9213,-0.5946,0.6673,0.9213,true,false,Tuesday,13,14,December,2024,1.8,6480000,2047.12,2047.395,10545.54,10518.02,8.0,0.4764,1.0,false,false,true,8801,London Open Liquidity Scalp — QA 200,"[0.0, 0.1103, 0.0211, 0.1195, 0.0, 0.0, 0.0, 0.0]","[0.2945, 0.1032, 0.1666, 0.0476, 0.4489, 0.2099, 0.5459, 0.6349]","[-0.1401, 0.0004, -0.079, 0.0715, -0.3128, -0.1511, -0.3987, -0.5478]","[0.0, 0.0, 0.0, 0.0, 0.0, 0.0, 0.0, 0.0, 0.0579, 0.1908, 0.3772, 0.4675, 0.4945, 0.5675, 0.6106, 0.7679, 0.6418, 0.6988, 0.7019, 0.7947, 0.9213, 0.8437]","[0.7031, 0.737, 0.5376, 0.4512, 0.2987, 0.2614, 0.3458, 0.21, 0.1007, 0.0, 0.0, 0.0, 0.0, 0.0, 0.0, 0.0, 0.0, 0.0, 0.0, 0.0, 0.0, 0.0]","[-0.6169, -0.5422, -0.4914, -0.3325, -0.2661, -0.2196, -0.2745, -0.1089, -0.0132, 0.1593, 0.2839, 0.4015, 0.4492, 0.4463, 0.5523, 0.6189, 0.5297, 0.6454, 0.6851, 0.7443, 0.7899, 0.719]"
69.81,2024-07-09T08:34:00.000Z,2024-07-09T08:12:00.000Z,22035,EURUSD,SHORT,London Open Liquidity Scalp,1.4072,0.35,49.61,-1.4834,0.0214,1.07674,1.0746,1.07674,1.0725,1.5,1.07463,1.0725,1.07605,1.0725,3.0,0.8,10.0,TP,22,closed,49.61,1.41,1.0746,1.07674,0.0214,65.757,-1.3858,0.0,false,true,Tuesday,8,8,July,2024,0.3667,1320000,1.07605,1.07463,10518.02,10587.83,6.0,0.4717,1.0,false,false,true,8801,London Open Liquidity Scalp — QA 200,"[0.0, 0.0214, 0.0, 0.0, 0.0, 0.0, 0.0, 0.0]","[0.3002, 0.1066, 0.3507, 0.6452, 0.8448, 0.9844, 1.421, 1.4834]","[0.1746, 0.0427, 0.3427, 0.4161, 0.8084, 0.954, 1.1687, 1.4072]","[0.0, 0.0, 0.0, 0.0, 0.0, 0.0, 0.0, 0.0, 0.0, 0.0, 0.0, 0.0, 0.0, 0.0, 0.0, 0.0, 0.0, 0.0, 0.0]","[1.5661, 1.5918, 1.3685, 1.5202, 1.5907, 1.684, 1.6315, 1.8974, 1.7796, 1.8495, 1.9481, 2.1212, 2.2352, 2.2873, 2.3398, 2.4844, 2.5793, 2.7514, 2.6564]","[1.5269, 1.4275, 1.3532, 1.3451, 1.4575, 1.4898, 1.6151, 1.6838, 1.772, 1.7795, 1.9024, 2.0624, 2.2059, 2.1976, 2.2779, 2.4511, 2.5534, 2.7083, 2.6322]"
106.64,2024-02-11T14:14:00.000Z,2024-02-11T07:19:00.000Z,22036,EURUSD,SHORT,London Open Liquidity Scalp,2.0297,0.28,52.54,-2.6832,0.0,1.07889,1.07382,1.07889,1.0691,2.5,1.07382,1.0691,1.07571,1.0691,3.0,0.8,10.0,TP,415,closed,52.54,2.03,1.07382,1.07889,0.0,0.0,-2.0297,0.0,false,true,Monday,7,14,February,2024,6.9167,24900000,1.07571,1.07382,10587.83,10694.47,6.0,0.4962,1.0,false,false,true,8801,London Open Liquidity Scalp — QA 200,"[0.0, 0.0, 0.0, 0.0, 0.0, 0.0, 0.0, 0.0, 0.0, 0.0, 0.0, 0.0, 0.0, 0.0, 0.0, 0.0, 0.0, 0.0, 0.0, 0.0, 0.0, 0.0, 0.0, 0.0, 0.0, 0.0, 0.0, 0.0, 0.0, 0.0, 0.0, 0.0, 0.0, 0.0, 0.0, 0.0, 0.0, 0.0, 0.0, 0.0, 0.0, 0.0, 0.0, 0.0, 0.0, 0.0, 0.0, 0.0, 0.0, 0.0, 0.0, 0.0, 0.0, 0.0, 0.0, 0.0, 0.0, 0.0, 0.0, 0.0, 0.0, 0.0, 0.0, 0.0, 0.0, 0.0, 0.0, 0.0, 0.0, 0.0, 0.0, 0.0, 0.0, 0.0, 0.0, 0.0, 0.0, 0.0, 0.0, 0.0]","[0.5072, 0.5434, 0.1975, 1.1204, 1.1171, 1.1433, 1.5524, 1.5653, 1.506, 1.9535, 1.5571, 1.6215, 1.2923, 1.3311, 1.4612, 1.6248, 1.3256, 1.3603, 1.086, 1.2516, 1.3853, 1.7234, 1.4604, 1.7075, 1.9346, 1.9704, 2.2553, 2.4881, 2.3818, 1.9689, 1.7299, 2.1814, 2.0307, 2.3467, 2.5643, 2.2999, 2.0967, 1.7928, 2.0894, 1.854, 1.8691, 2.2585, 2.0795, 2.3804, 2.1113, 1.9233, 1.7659, 2.0009, 2.2778, 2.2437, 1.8548, 2.0165, 1.8734, 1.5156, 1.773, 1.5998, 1.8185, 1.9423, 2.1947, 2.6832, 2.1312, 2.5602, 2.1971, 2.5324, 2.3517, 2.2421, 2.0723, 1.9138, 1.8736, 2.0437, 1.9278, 2.0484, 2.406, 2.3219, 2.1676, 2.0975, 2.5798, 2.2915, 2.4704, 2.1571]","[0.3114, 0.261, 0.1777, 0.8269, 1.002, 1.0255, 1.305, 1.4675, 1.4528, 1.6964, 1.5125, 1.4663, 1.2609, 1.2798, 1.2227, 1.5177, 1.2318, 1.1999, 1.0271, 1.0828, 1.3565, 1.58, 1.4041, 1.4799, 1.8818, 1.9239, 2.1929, 2.2664, 2.2058, 1.8922, 1.6625, 2.0016, 1.9701, 2.1516, 2.2149, 2.1051, 1.8583, 1.6119, 2.0104, 1.8367, 1.7321, 2.112, 2.0361, 2.3507, 2.0516, 1.8035, 1.5374, 1.9336, 2.2214, 2.102, 1.8271, 1.88, 1.803, 1.484, 1.7405, 1.551, 1.7632, 1.8303, 2.164, 2.4455, 2.1091, 2.2833, 2.1594, 2.4089, 2.2717, 2.0988, 1.9058, 1.6597, 1.8077, 1.9173, 1.7859, 1.774, 2.1715, 2.169, 2.146, 2.0434, 2.2966, 2.0067, 2.2518, 2.0297]","[0.0, 0.0, 0.0, 0.0, 0.0, 0.0, 0.0, 0.0, 0.0, 0.0, 0.0, 0.0, 0.0, 0.0, 0.0, 0.0]","[2.2066, 2.2502, 2.2566, 2.2934, 2.2928, 2.4358, 2.5869, 2.6989, 2.5733, 2.8347, 2.7188, 2.7248, 2.8878, 2.7578, 2.742, 2.8107]","[2.0863, 2.2404, 2.1791, 2.2591, 2.2163, 2.3554, 2.4033, 2.5247, 2.5178, 2.6949, 2.6836, 2.6597, 2.7871, 2.7173, 2.6725, 2.7281]"
-0.63,2025-08-13T14:39:00.000Z,2025-08-13T08:48:00.000Z,22037,EURUSD,SHORT,London Open Liquidity Scalp,-0.0138,0.19,45.66,-0.5871,0.3257,1.07127,1.06909,1.07127,1.06909,2.0,1.06987,1.06977,1.07226,1.06509,3.0,0.8,10.0,BE,351,closed,45.66,0.01,1.06909,1.07127,0.3257,-0.0424,0.3395,0.0,false,true,Wednesday,8,14,August,2025,5.85,21060000,1.07226,1.06987,10694.47,10693.84,6.0,0.4269,1.0,true,false,true,8801,London Open Liquidity Scalp — QA 200,"[0.0769, 0.0892, 0.0, 0.1294, 0.0, 0.2821, 0.0404, 0.1836, 0.1083, 0.0, 0.1811, 0.3257, 0.1908, 0.3004, 0.1544, 0.0, 0.0, 0.0, 0.0, 0.0, 0.2667, 0.0, 0.0511]","[0.3146, 0.3847, 0.2188, 0.5871, 0.2104, 0.0382, 0.0896, 0.0, 0.2571, 0.2598, 0.0, 0.0, 0.1864, 0.2535, 0.0693, 0.366, 0.5144, 0.5711, 0.0864, 0.2964, 0.1542, 0.3517, 0.0357]","[0.2265, 0.195, 0.1434, 0.2132, 0.1381, -0.1527, -0.0071, -0.0842, 0.0647, 0.1706, -0.0923, -0.2079, 0.1122, -0.0622, 0.0244, 0.3105, 0.341, 0.4488, 0.0714, 0.181, -0.0279, 0.2849, -0.0138]","[0.0, 0.0, 0.0, 0.0, 0.0, 0.0, 0.0, 0.0, 0.0, 0.0, 0.0, 0.0, 0.0, 0.0, 0.0, 0.0, 0.0, 0.0, 0.0, 0.0, 0.0, 0.0, 0.0, 0.0, 0.0]","[0.1362, 0.3353, 0.444, 0.4856, 0.603, 0.604, 0.6903, 0.8444, 0.8025, 0.7467, 0.8641, 0.8511, 0.8614, 0.8483, 0.95, 0.9164, 0.9976, 1.1446, 1.1008, 1.2345, 1.2896, 1.2732, 1.4308, 1.3789, 1.3099]","[0.1135, 0.2408, 0.3048, 0.3541, 0.5004, 0.5746, 0.6192, 0.7857, 0.7737, 0.6954, 0.8535, 0.8153, 0.8347, 0.8081, 0.8659, 0.8904, 0.9313, 1.0621, 1.0673, 1.0911, 1.1616, 1.23, 1.3952, 1.3477, 1.2812]"
0.01,2024-10-18T21:42:00.000Z,2024-10-18T15:27:00.000Z,22038,USDJPY,LONG,London Open Liquidity Scalp,0.0002,0.17,44.59,-1.0118,1.0167,149.86,150.425,150.425,149.86,2.5,150.142,150.142,149.864,150.838,3.0,0.9,9.2,BE,375,closed,44.59,0.0,150.425,149.86,1.0167,0.0002,1.0165,0.5759,false,false,Friday,15,21,October,2024,6.25,22500000,149.864,150.142,10693.84,10693.85,6.0,0.417,1.0,false,false,true,8801,London Open Liquidity Scalp — QA 200,"[0.0, 0.3039, 0.1882, 0.4103, 0.2197, 0.0, 0.0, 0.0717, 0.2919, 0.3242, 0.2129, 0.0062, 0.0, 0.0, 0.0, 0.0, 0.0, 0.0132, 0.0, 0.0564, 0.0, 0.0, 0.2132, 0.5067, 0.5835, 1.0167, 0.6843, 0.4258, 0.5242, 0.7649, 0.83, 0.5357, 0.8449, 0.7014, 0.3905, 0.1959, 0.4024, 0.1186, 0.0, 0.0, 0.2376, 0.238, 0.2813, 0.0, 0.095, 0.0995, 0.371, 0.2682, 0.2517, 0.0511, 0.0, 0.2938, 0.0, 0.0, 0.0, 0.0, 0.0, 0.0, 0.1407, 0.0, 0.0, 0.2373, 0.0, 0.0, 0.0, 0.3517, 0.0, 0.0, 0.0782, 0.0, 0.0, 0.0, 0.0, 0.0, 0.0, 0.1526, 0.0, 0.3774, 0.5384, 0.026]","[0.5122, 0.2059, 0.0276, 0.0, 0.3608, 0.384, 0.1345, 0.2726, 0.0, 0.0, 0.0258, 0.2982, 0.4129, 0.572, 0.5016, 0.8376, 0.767, 0.437, 0.5219, 0.2016, 0.4716, 0.3693, 0.0883, 0.0, 0.0, 0.0, 0.0, 0.0, 0.0, 0.0, 0.0, 0.0, 0.0, 0.0, 0.0, 0.0, 0.0, 0.2617, 0.4768, 0.4934, 0.3669, 0.3537, 0.0, 0.6522, 0.0, 0.1404, 0.0, 0.0386, 0.1532, 0.0585, 0.1782, 0.4839, 0.6068, 0.5186, 0.6224, 0.8919, 1.0118, 0.5947, 0.2373, 0.4916, 0.4915, 0.3246, 0.5007, 0.8072, 0.4029, 0.0, 0.2623, 0.4797, 0.15, 0.4318, 0.4009, 0.8802, 0.1978, 0.1128, 0.1716, 0.0116, 0.285, 0.0201, 0.0, 0.0501]","[-0.3114, -0.004, 0.1263, 0.2615, 0.0436, -0.1552, -0.0846, -0.1438, 0.1828, 0.271, 0.1347, -0.1524, -0.2714, -0.4179, -0.2427, -0.4702, -0.4454, -0.2219, -0.4355, -0.1399, -0.4374, -0.2449, 0.067, 0.3499, 0.5274, 0.6616, 0.5278, 0.2527, 0.3697, 0.5549, 0.4225, 0.5139, 0.7372, 0.5821, 0.3067, 0.1263, 0.2643, -0.0453, -0.3656, -0.4268, -0.0335, -0.053, 0.1328, -0.2288, 0.0548, 0.0076, 0.1852, 0.1718, 0.0376, 0.006, -0.1182, -0.101, -0.3585, -0.3714, -0.5435, -0.6832, -0.6809, -0.523, -0.1177, -0.3567, -0.3175, -0.1447, -0.4521, -0.6701, -0.2654, 0.1169, -0.2085, -0.4236, -0.0299, -0.2309, -0.3204, -0.4936, -0.0638, -0.049, -0.1091, 0.0322, -0.166, 0.1202, 0.4533, 0.0002]","[0.0763, 0.2401, 0.3368, 0.3002, 0.4752, 0.5011, 0.4715, 0.4687, 0.4309, 0.4429, 0.3205, 0.3045, 0.4892, 0.542, 0.4735, 0.5441, 0.4697, 0.5465, 0.4601, 0.5759, 0.4891]","[0.0173, 0.0, 0.0, 0.0, 0.0, 0.0, 0.0, 0.0, 0.0, 0.0, 0.0, 0.0, 0.0, 0.0, 0.0, 0.0, 0.0, 0.0, 0.0, 0.0, 0.0]","[0.038, 0.1742, 0.2358, 0.2781, 0.3999, 0.456, 0.414, 0.3754, 0.3657, 0.3744, 0.2761, 0.2727, 0.439, 0.4203, 0.3657, 0.4027, 0.4355, 0.4071, 0.3814, 0.4919, 0.4493]"
-35.92,2024-11-22T08:54:00.000Z,2024-11-22T07:22:00.000Z,22039,GBPUSD,LONG,London Open Liquidity Scalp,-0.8573,0.29,41.9,-2.0375,0.2846,1.28964,1.29299,1.29299,1.28964,2.5,1.29258,1.29114,1.29114,1.29619,3.5,1.2,10.0,SL,92,closed,41.9,0.86,1.29299,1.28964,0.2846,-3.0123,1.1419,0.0,false,true,Friday,7,8,November,2024,1.5333,5520000,1.29114,1.29258,10693.85,10657.93,7.0,0.3918,1.0,false,false,true,8801,London Open Liquidity Scalp — QA 200,"[0.2846, 0.0, 0.0, 0.0, 0.0, 0.0, 0.0, 0.0, 0.0, 0.0, 0.0, 0.0, 0.0, 0.0, 0.0, 0.0, 0.0, 0.0, 0.0, 0.0, 0.0, 0.0, 0.0, 0.0, 0.0, 0.0, 0.0, 0.0, 0.0, 0.0, 0.0, 0.0, 0.0, 0.0, 0.0, 0.0, 0.0, 0.0, 0.0, 0.0, 0.0, 0.0, 0.0, 0.0, 0.0, 0.0, 0.0, 0.0, 0.0, 0.0, 0.0, 0.0, 0.0, 0.0, 0.0, 0.0, 0.0, 0.0, 0.0, 0.0, 0.0, 0.0, 0.0, 0.0, 0.0, 0.0, 0.0, 0.0, 0.0, 0.0, 0.0, 0.0, 0.0, 0.0, 0.0, 0.0, 0.0, 0.0, 0.0, 0.0]","[0.2867, 0.3787, 0.5961, 0.9272, 1.2867, 0.6903, 0.5712, 0.3878, 0.8155, 1.0396, 0.8259, 0.6512, 0.7367, 0.7677, 0.8134, 1.0069, 1.0577, 1.2869, 1.4626, 1.3212, 1.1204, 0.9939, 0.6032, 0.3791, 0.7332, 0.5123, 0.5865, 0.4556, 0.3256, 0.7792, 0.4368, 0.9623, 0.652, 0.8007, 1.0624, 1.3724, 1.3054, 1.3145, 1.1707, 1.5493, 1.5277, 1.2181, 0.8154, 1.1388, 1.4622, 1.4001, 1.7627, 2.0066, 1.7138, 1.4418, 1.9697, 1.8483, 2.023, 1.6904, 1.4062, 1.2314, 1.3929, 1.779, 1.7587, 1.8216, 2.0375, 1.7042, 1.551, 1.4477, 1.3107, 1.3556, 1.0904, 1.3356, 1.084, 1.3119, 1.0534, 0.761, 1.0407, 1.0218, 1.2133, 1.2988, 1.0463, 1.0979, 1.3901, 0.9405]","[-0.0481, -0.3564, -0.5229, -0.7509, -0.9403, -0.6113, -0.3477, -0.2822, -0.7189, -0.8845, -0.761, -0.4671, -0.5527, -0.7123, -0.7748, -0.8357, -0.9381, -1.0982, -1.4126, -1.0219, -1.0288, -0.8445, -0.5117, -0.2725, -0.4862, -0.4376, -0.5065, -0.3692, -0.248, -0.5581, -0.3325, -0.6329, -0.5856, -0.6738, -0.9932, -1.2578, -1.1299, -1.0169, -1.1333, -1.3476, -1.5122, -1.1063, -0.7535, -0.9965, -1.2502, -1.3524, -1.5906, -1.7079, -1.6803, -1.4005, -1.5963, -1.714, -1.9144, -1.5341, -1.2385, -1.0465, -1.276, -1.5792, -1.636, -1.679, -1.7777, -1.511, -1.4558, -1.3173, -1.255, -1.0933, -0.84, -1.1263, -1.0482, -1.2019, -0.9597, -0.7135, -0.7761, -0.9744, -0.8809, -1.0348, -0.9222, -1.0222, -1.2058, -0.8573]","[0.0, 0.0, 0.0, 0.0, 0.0, 0.0, 0.0, 0.0, 0.0, 0.0, 0.0, 0.0, 0.0, 0.0]","[1.0513, 1.013, 0.9065, 0.8542, 0.7802, 0.9775, 0.8871, 0.8381, 0.7627, 0.6484, 0.4254, 0.3242, 0.5267, 0.3779]","[-0.9224, -0.9244, -0.7527, -0.8387, -0.7648, -0.8332, -0.8394, -0.7627, -0.62, -0.5162, -0.3946, -0.291, -0.3683, -0.323]"
48.43,2024-08-21T13:18:00.000Z,2024-08-21T09:42:00.000Z,22040,NQ,LONG,London Open Liquidity Scalp,1.1553,0.31,41.92,-0.1891,2.0509,18731.69748,18746.80115,18746.80115,18731.69748,1.5,18732.97253,18743.08659,18726.22982,18743.08659,4.5,0.75,5.0,TP,216,closed,41.92,1.16,18746.80115,18731.69748,2.0509,0.5633,0.8956,1.1717,false,false,Wednesday,9,13,August,2024,3.6,12960000,18726.22982,18732.97253,10657.93,10706.36,9.0,0.3933,1.0,false,false,false,8801,London Open Liquidity Scalp — QA 200,"[0.0696, 0.2946, 1.0248, 1.0046, 1.4788, 1.6809, 1.7983, 1.7536, 1.885, 1.6754, 1.5871, 1.7096, 1.2489, 1.1899, 1.0079, 1.3912, 1.0065, 1.04, 1.3262, 1.6165, 1.8408, 1.4083, 1.1039, 1.4266, 1.4816, 1.6456, 1.1845, 1.439, 1.5215, 1.7558, 1.6388, 1.2216, 1.1317, 1.4597, 1.4466, 1.0819, 1.1413, 1.35, 1.6644, 1.8128, 2.0509, 1.9597, 1.6944, 1.4832, 1.6504, 1.8966, 1.6413, 1.61, 1.5362, 1.7623, 1.7007, 1.4241, 1.607, 1.8976, 1.9805, 1.6512, 1.651, 1.5261, 1.382, 1.5692, 1.3418, 1.2754, 1.0282, 0.846, 1.3365, 0.974, 1.1405, 1.4228, 1.713, 1.8828, 1.5835, 1.5098, 1.5011, 1.2155, 1.4477, 1.4457, 1.4686, 1.6225, 1.7562, 1.3771]","[0.1891, 0.0, 0.0, 0.0, 0.0, 0.0, 0.0, 0.0, 0.0, 0.0, 0.0, 0.0, 0.0, 0.0, 0.0, 0.0, 0.0, 0.0, 0.0, 0.0, 0.0, 0.0, 0.0, 0.0, 0.0, 0.0, 0.0, 0.0, 0.0, 0.0, 0.0, 0.0, 0.0, 0.0, 0.0, 0.0, 0.0, 0.0, 0.0, 0.0, 0.0, 0.0, 0.0, 0.0, 0.0, 0.0, 0.0, 0.0, 0.0, 0.0, 0.0, 0.0, 0.0, 0.0, 0.0, 0.0, 0.0, 0.0, 0.0, 0.0, 0.0, 0.0, 0.0, 0.0, 0.0, 0.0, 0.0, 0.0, 0.0, 0.0, 0.0, 0.0, 0.0, 0.0, 0.0, 0.0, 0.0, 0.0, 0.0, 0.0]","[-0.0817, 0.2396, 0.7089, 0.9327, 1.2835, 1.5182, 1.7429, 1.6802, 1.6473, 1.5503, 1.5294, 1.3165, 1.1451, 0.842, 0.9848, 1.1363, 0.8273, 0.8441, 1.2454, 1.544, 1.7014, 1.3082, 1.0439, 1.3142, 1.3331, 1.3657, 1.0484, 1.3556, 1.3971, 1.598, 1.3587, 1.071, 1.1129, 1.4264, 1.2556, 0.9287, 1.0722, 1.2814, 1.42, 1.6996, 1.8812, 1.8699, 1.5674, 1.3373, 1.5987, 1.8576, 1.4375, 1.3164, 1.4204, 1.6406, 1.6346, 1.3533, 1.3948, 1.6748, 1.8202, 1.4786, 1.5042, 1.1798, 1.2929, 1.5108, 1.2808, 1.0114, 0.9085, 0.7974, 1.0991, 0.8787, 1.0482, 1.3287, 1.2944, 1.6235, 1.3507, 1.4702, 1.3625, 0.9967, 1.341, 1.405, 1.3997, 1.524, 1.7308, 1.1553]","[1.1366, 1.0563, 1.0248, 1.0899, 1.0459, 1.1717]","[0.0, 0.0, 0.0, 0.0, 0.0, 0.0]","[1.0689, 0.9576, 0.8377, 0.9594, 1.0189, 1.0596]"
35.01,2025-03-03T13:32:00.000Z,2025-03-03T07:57:00.000Z,22041,EURUSD,LONG,London Open Liquidity Scalp,0.8056,0.21,43.46,-0.2846,1.7945,1.06856,1.07287,1.07287,1.06856,2.5,1.06915,1.07082,1.06708,1.07433,3.0,0.8,10.0,Trailing SL,335,closed,43.46,0.81,1.07287,1.06856,1.7945,0.4489,0.9889,1.6093,false,false,Monday,7,13,March,2025,5.5833,20100000,1.06708,1.06915,10706.36,10741.37,6.0,0.4059,1.0,false,false,true,8801,London Open Liquidity Scalp — QA 200,"[0.6587, 0.9352, 0.9411, 1.2514, 0.9605, 1.0587, 0.7035, 0.5335, 0.6468, 0.6827, 0.3417, 0.2114, 0.5093, 0.1462, 0.2525, 0.5191, 0.9335, 0.888, 0.698, 0.4513, 0.884, 0.9724, 0.7879, 0.5685, 0.411, 0.6747, 1.0864, 1.3136, 0.8046, 0.746, 0.3415, 0.3512, 0.1495, 0.2999, 0.1048, 0.0981, 0.1176, 0.1299, 0.0998, 0.1622, 0.2681, 0.7352, 0.6924, 0.882, 0.939, 1.0301, 1.2506, 0.9317, 0.8705, 0.8446, 0.8134, 1.0929, 1.0272, 0.7983, 0.8703, 1.0524, 0.74, 0.4652, 0.9222, 0.9046, 1.0657, 1.3439, 0.8688, 0.568, 0.9238, 1.076, 1.1569, 1.5232, 1.6862, 1.7945, 1.5788, 1.168, 0.9453, 0.7609, 1.0963, 1.3554, 1.0959, 1.0434, 1.1734, 1.1725]","[0.0, 0.0, 0.0, 0.0, 0.0, 0.0, 0.0, 0.0, 0.0, 0.0, 0.0, 0.0, 0.0, 0.0982, 0.2846, 0.0, 0.0, 0.0, 0.0, 0.0, 0.0, 0.0, 0.0, 0.0, 0.0, 0.0, 0.0, 0.0, 0.0, 0.0, 0.0, 0.0204, 0.0, 0.1036, 0.1961, 0.0897, 0.1344, 0.026, 0.2217, 0.0528, 0.0, 0.0, 0.0, 0.0, 0.0, 0.0, 0.0, 0.0, 0.0, 0.0, 0.0, 0.0, 0.0, 0.0, 0.0, 0.0, 0.0, 0.0, 0.0, 0.0, 0.0, 0.0, 0.0, 0.0, 0.0, 0.0, 0.0, 0.0, 0.0, 0.0, 0.0, 0.0, 0.0, 0.0, 0.0, 0.0, 0.0, 0.0, 0.0, 0.0]","[0.4564, 0.8719, 0.8833, 1.0057, 0.9114, 0.9018, 0.6084, 0.4688, 0.4634, 0.4789, 0.2324, 0.1749, 0.2031, 0.0186, 0.087, 0.3866, 0.7573, 0.6585, 0.6345, 0.3666, 0.7793, 0.6397, 0.7264, 0.4592, 0.3618, 0.5535, 0.7086, 1.0461, 0.6716, 0.608, 0.325, 0.2242, 0.102, 0.0657, -0.0552, -0.0239, -0.0144, 0.0272, -0.1186, 0.0128, 0.2273, 0.4099, 0.3529, 0.7474, 0.7274, 0.9727, 1.189, 0.8623, 0.7826, 0.7925, 0.7041, 0.962, 0.9888, 0.6851, 0.7482, 1.0263, 0.6862, 0.4422, 0.7159, 0.8204, 0.7956, 1.1058, 0.7549, 0.5285, 0.6617, 1.02, 1.0981, 1.3261, 1.5573, 1.6291, 1.4958, 1.0743, 0.7035, 0.5734, 0.8933, 1.1981, 1.0267, 1.0027, 1.0802, 0.8056]","[0.877, 0.8578, 0.8722, 0.8567, 0.9837, 0.9527, 1.0287, 0.9503, 1.0898, 1.017, 1.099, 1.1869, 1.0865, 1.247, 1.1351, 1.228, 1.2852, 1.2186, 1.3481, 1.5146, 1.6093, 1.5085]","[0.0, 0.0, 0.0, 0.0, 0.0, 0.0, 0.0, 0.0, 0.0, 0.0, 0.0, 0.0, 0.0, 0.0, 0.0, 0.0, 0.0, 0.0, 0.0, 0.0, 0.0, 0.0]","[0.8066, 0.7925, 0.7669, 0.7527, 0.9229, 0.9334, 0.9092, 0.9018, 0.9227, 0.9316, 1.0209, 1.1179, 1.0081, 1.1816, 1.075, 1.1025, 1.2013, 1.2033, 1.2625, 1.4333, 1.519, 1.4419]"
24.94,2025-07-21T20:26:00.000Z,2025-07-21T15:34:00.000Z,22042,XAUUSD,SHORT,London Open Liquidity Scalp,0.4929,2.9,50.6,-1.6235,0.5755,2076.61,2076.225,2076.61,2075.802,3.0,2076.326,2075.802,2076.501,2075.802,4.0,2.5,1.0,TP,292,closed,50.6,0.49,2076.225,2076.61,0.5755,0.8565,0.0826,0.0,false,true,Monday,15,20,July,2025,4.8667,17520000,2076.501,2076.326,10741.37,10766.31,8.0,0.4711,1.0,false,false,true,8801,London Open Liquidity Scalp — QA 200,"[0.2678, 0.2786, 0.2637, 0.0, 0.0, 0.0, 0.182, 0.2103, 0.0, 0.0, 0.0, 0.0, 0.0, 0.0, 0.0, 0.0, 0.0, 0.0, 0.0, 0.0, 0.0, 0.0, 0.0, 0.0, 0.0, 0.0, 0.0, 0.0, 0.0, 0.0, 0.0, 0.0, 0.0, 0.0, 0.0, 0.0, 0.0, 0.0, 0.0624, 0.0, 0.0, 0.0, 0.0, 0.0, 0.0, 0.0, 0.0, 0.0, 0.0, 0.0, 0.0, 0.0, 0.0, 0.0, 0.0, 0.0, 0.0, 0.0, 0.0, 0.0, 0.114, 0.2851, 0.5755, 0.0838, 0.0, 0.1202, 0.0898, 0.0, 0.0, 0.0, 0.0, 0.0, 0.0, 0.0, 0.0, 0.0, 0.0, 0.0, 0.0, 0.0]","[0.1201, 0.0, 0.0, 0.1982, 0.703, 0.3476, 0.1454, 0.2837, 0.7567, 0.4002, 0.8108, 0.9956, 1.4443, 1.515, 1.5536, 1.6235, 1.4394, 1.1223, 1.0023, 1.0402, 0.6764, 0.4428, 0.6017, 0.9406, 0.7804, 1.0282, 1.0409, 1.3305, 1.4232, 1.081, 0.8533, 0.3565, 0.5318, 0.3504, 0.5822, 0.5804, 0.6011, 0.5265, 0.0172, 0.4163, 0.8101, 0.3993, 0.6469, 0.837, 1.2392, 1.5182, 1.5328, 1.1325, 1.2866, 0.9936, 1.3974, 1.0013, 1.1788, 1.26, 1.305, 0.9338, 0.8536, 0.9632, 0.5496, 0.2058, 0.2889, 0.0767, 0.0, 0.1251, 0.2591, 0.0, 0.4821, 0.6179, 1.0128, 1.0226, 1.4158, 0.9166, 0.5797, 0.7912, 0.9958, 0.821, 0.8792, 0.5406, 0.9332, 0.6517]","[-0.1624, -0.1666, -0.172, 0.1386, 0.5067, 0.3048, 0.0977, 0.1848, 0.4187, 0.3616, 0.6448, 0.9702, 1.2205, 1.1711, 1.431, 1.5837, 1.3942, 1.0007, 0.6741, 0.8876, 0.6532, 0.3393, 0.4599, 0.7808, 0.5634, 0.772, 0.9916, 1.0533, 1.239, 1.0104, 0.6626, 0.321, 0.4433, 0.2335, 0.4955, 0.5491, 0.4932, 0.2305, -0.0353, 0.2712, 0.5216, 0.3342, 0.5621, 0.7997, 1.1084, 1.3579, 1.4341, 1.0351, 1.0858, 0.9271, 1.1844, 0.9843, 1.0603, 1.0182, 1.1561, 0.8946, 0.7621, 0.8544, 0.5238, 0.1802, 0.0945, -0.1012, -0.3215, 0.0534, 0.1275, -0.1118, 0.2348, 0.569, 0.871, 0.9205, 1.1376, 0.8673, 0.5287, 0.745, 0.9545, 0.596, 0.7989, 0.4553, 0.7626, 0.4929]","[0.0, 0.0, 0.0, 0.0, 0.0, 0.0, 0.0, 0.0, 0.0, 0.0, 0.0, 0.0, 0.0, 0.0, 0.0, 0.0, 0.0, 0.0, 0.0]","[0.5148, 0.599, 0.4909, 0.4251, 0.5586, 0.8363, 0.6048, 0.4756, 0.4188, 0.5629, 0.6048, 0.7296, 0.8101, 1.0383, 0.7916, 0.8003, 0.7093, 0.619, 0.8295]","[0.4693, 0.5441, 0.4533, 0.3771, 0.4887, 0.6299, 0.5374, 0.4434, 0.3949, 0.4494, 0.5461, 0.7143, 0.794, 0.8844, 0.7759, 0.7088, 0.6508, 0.5937, 0.7397]"
34.84,2024-08-12T11:53:00.000Z,2024-08-12T07:50:00.000Z,22043,XAUUSD,SHORT,London Open Liquidity Scalp,0.7535,1.71,46.24,-1.5705,0.2025,1996.496,1996.016,1996.496,1995.395,2.5,1996.071,1995.395,1996.341,1995.395,4.0,2.5,1.0,TP,243,closed,46.24,0.75,1996.016,1996.496,0.2025,3.721,-0.551,0.0,false,true,Monday,7,11,August,2024,4.05,14580000,1996.341,1996.071,10766.31,10801.15,8.0,0.4295,1.0,false,false,true,8801,London Open Liquidity Scalp — QA 200,"[0.2025, 0.1716, 0.195, 0.0, 0.0, 0.0, 0.0, 0.0, 0.0, 0.0, 0.0, 0.0, 0.0, 0.0, 0.0, 0.0, 0.0, 0.0, 0.0, 0.0, 0.0, 0.0, 0.0, 0.0, 0.0, 0.0, 0.0, 0.0, 0.0, 0.0, 0.0, 0.0, 0.0, 0.0, 0.0, 0.0, 0.0, 0.0, 0.0, 0.0, 0.0, 0.0, 0.0, 0.0, 0.0, 0.0, 0.0, 0.0]","[0.1112, 0.0093, 0.0, 0.4214, 0.7081, 0.9303, 1.0168, 0.8581, 0.9726, 1.1242, 1.4797, 1.3641, 0.9668, 1.0086, 1.1521, 0.7689, 1.3875, 0.8398, 0.7256, 0.6217, 0.7333, 0.5371, 0.4333, 0.3161, 0.4177, 0.7845, 0.7722, 1.199, 1.3651, 1.5016, 1.0147, 1.0831, 0.8183, 0.8068, 0.6432, 0.7983, 1.0248, 1.39, 1.5705, 1.4184, 1.3732, 1.1838, 1.5035, 1.0764, 1.1214, 1.0163, 1.1271, 0.7818]","[0.0159, -0.1439, -0.1553, 0.3288, 0.6936, 0.8831, 0.8414, 0.6994, 0.7522, 0.7943, 1.1169, 1.2522, 0.8536, 0.7451, 0.9725, 0.7133, 1.0167, 0.7093, 0.6115, 0.5737, 0.62, 0.5129, 0.321, 0.2265, 0.394, 0.7575, 0.7142, 1.0671, 1.3298, 1.1285, 0.9929, 0.9907, 0.7176, 0.5626, 0.489, 0.7554, 0.9471, 1.113, 1.3985, 1.4004, 1.3441, 1.0678, 1.3369, 1.0248, 0.8512, 0.9964, 1.0047, 0.7535]","[0.0, 0.0, 0.0, 0.0, 0.0, 0.0]","[0.94, 1.0739, 0.9049, 0.9922, 1.023, 1.1933]","[0.8554, 0.9721, 0.8946, 0.9089, 0.87, 1.0255]"
60.17,2025-05-29T20:37:00.000Z,2025-05-29T13:52:00.000Z,22044,EURUSD,LONG,London Open Liquidity Scalp,1.4336,0.17,41.97,-0.3505,2.2785,1.09936,1.10571,1.10571,1.09936,2.5,1.10021,1.10367,1.09779,1.10625,3.0,0.8,10.0,Trailing SL,405,closed,41.97,1.43,1.10571,1.09936,2.2785,0.6292,0.8449,1.8807,false,false,Thursday,13,20,May,2025,6.75,24300000,1.09779,1.10021,10801.15,10861.32,6.0,0.3886,1.0,true,false,false,8801,London Open Liquidity Scalp — QA 200,"[0.2646, 0.6618, 0.8398, 0.6529, 0.9331, 0.7402, 0.9014, 0.9637, 1.1042, 1.3981, 1.4921, 1.4645, 1.3352, 1.1596, 1.4395, 1.6447, 2.0295, 2.1002, 1.7043, 1.8719, 2.1356, 2.2785, 1.8961, 1.9774, 2.1766, 1.8545, 2.0867, 1.9995, 1.7416, 1.2703, 1.0018, 1.4483, 1.1717, 1.0459, 0.8704, 1.2426, 0.9939, 0.8407, 1.1572, 0.9595, 1.5485, 1.3588, 1.6828, 1.5267, 1.7401, 1.8186, 1.4476, 1.7974, 2.0625, 1.6822, 1.8383, 1.5494, 1.4314, 1.5259, 1.6639, 1.285, 1.3935, 1.7803, 1.8814, 1.6644, 1.8731, 1.9445, 1.7606, 2.0335, 1.6429, 1.8519, 1.6057, 1.7129, 1.6912, 1.3994, 1.6238, 1.3461, 1.1886, 1.3819, 1.6121, 1.7517, 1.5888, 1.7594, 1.7658, 1.477]","[0.3505, 0.0578, 0.0, 0.0, 0.0, 0.0, 0.0, 0.0, 0.0, 0.0, 0.0, 0.0, 0.0, 0.0, 0.0, 0.0, 0.0, 0.0, 0.0, 0.0, 0.0, 0.0, 0.0, 0.0, 0.0, 0.0, 0.0, 0.0, 0.0, 0.0, 0.0, 0.0, 0.0, 0.0, 0.0, 0.0, 0.0, 0.0, 0.0, 0.0, 0.0, 0.0, 0.0, 0.0, 0.0, 0.0, 0.0, 0.0, 0.0, 0.0, 0.0, 0.0, 0.0, 0.0, 0.0, 0.0, 0.0, 0.0, 0.0, 0.0, 0.0, 0.0, 0.0, 0.0, 0.0, 0.0, 0.0, 0.0, 0.0, 0.0, 0.0, 0.0, 0.0, 0.0, 0.0, 0.0, 0.0, 0.0, 0.0, 0.0]","[-0.0523, 0.3248, 0.712, 0.546, 0.6122, 0.7166, 0.7595, 0.7742, 1.0779, 1.1663, 1.1367, 1.1063, 1.1248, 1.0642, 1.2643, 1.5815, 1.8336, 1.8506, 1.5456, 1.7647, 1.8612, 2.0305, 1.6363, 1.8919, 1.8721, 1.718, 1.9362, 1.869, 1.4776, 1.1836, 0.9339, 1.2556, 1.1445, 0.8456, 0.7377, 1.1496, 0.8524, 0.7665, 0.966, 0.8204, 1.1976, 1.2731, 1.3962, 1.4143, 1.6554, 1.7466, 1.3906, 1.6852, 1.8182, 1.6349, 1.4235, 1.2887, 1.1872, 1.457, 1.3278, 1.0757, 1.2945, 1.532, 1.6478, 1.593, 1.7402, 1.8194, 1.5695, 1.6418, 1.5811, 1.4812, 1.3227, 1.6106, 1.4549, 1.2387, 1.3607, 1.1756, 1.0101, 1.339, 1.4651, 1.6058, 1.4025, 1.6807, 1.7061, 1.4336]","[1.6387, 1.5664, 1.7915, 1.7353, 1.797, 1.8606, 1.8807, 1.7001]","[0.0, 0.0, 0.0, 0.0, 0.0, 0.0, 0.0, 0.0]","[1.6081, 1.5543, 1.6548, 1.6333, 1.7034, 1.7818, 1.7486, 1.632]"
59.35,2024-09-03T13:58:00.000Z,2024-09-03T07:22:00.000Z,22045,EURUSD,SHORT,London Open Liquidity Scalp,1.2976,0.19,45.74,-2.3109,0.0,1.06506,1.05954,1.06506,1.05644,1.5,1.05954,1.05644,1.06193,1.05596,3.0,0.8,10.0,Trailing SL,396,closed,45.74,1.3,1.05954,1.06506,0.0,0.0,-1.2976,0.0,false,true,Tuesday,7,13,September,2024,6.6,23760000,1.06193,1.05954,10861.32,10920.67,6.0,0.4211,1.0,false,false,true,8801,London Open Liquidity Scalp — QA 200,"[0.0, 0.0, 0.0, 0.0, 0.0, 0.0, 0.0, 0.0, 0.0, 0.0, 0.0, 0.0, 0.0, 0.0, 0.0, 0.0, 0.0, 0.0, 0.0, 0.0, 0.0, 0.0, 0.0, 0.0, 0.0, 0.0]","[0.4098, 0.7859, 0.9166, 1.1493, 0.8532, 0.9221, 0.7378, 1.0057, 1.3986, 1.4418, 1.6011, 1.3732, 1.2241, 1.3933, 1.51, 1.7634, 1.722, 1.895, 2.1667, 2.176, 2.3109, 2.1489, 2.1379, 2.1914, 2.1564, 1.4081]","[0.2971, 0.7584, 0.8606, 0.94, 0.6499, 0.8294, 0.6494, 0.9738, 1.3047, 1.3891, 1.4934, 1.3237, 1.0552, 1.0669, 1.4223, 1.7096, 1.5817, 1.7887, 2.0571, 2.1116, 2.2529, 2.0598, 2.069, 1.9329, 1.7972, 1.2976]","[0.0, 0.0, 0.0, 0.0, 0.0, 0.0, 0.0, 0.0, 0.0, 0.0, 0.0, 0.0, 0.0, 0.0, 0.0, 0.0, 0.0, 0.0, 0.0, 0.0]","[1.2747, 1.1673, 1.2025, 1.2557, 1.2227, 1.2743, 1.477, 1.6049, 1.5341, 1.6023, 1.5346, 1.4421, 1.6709, 1.6508, 1.561, 1.7194, 1.5751, 1.6633, 1.7522, 1.8877]","[1.2423, 1.1359, 1.0992, 1.1241, 1.1979, 1.2169, 1.3551, 1.4661, 1.4043, 1.5523, 1.5116, 1.4032, 1.5755, 1.6169, 1.4985, 1.6338, 1.548, 1.5778, 1.7313, 1.7932]"
41.69,2025-10-12T19:00:00.000Z,2025-10-12T15:37:00.000Z,22046,NQ,LONG,London Open Liquidity Scalp,1.008,0.31,41.36,-0.0,1.8867,18624.66508,18637.19265,18637.19265,18624.66508,2.0,18624.66508,18631.35751,18618.02514,18637.94496,4.5,0.75,5.0,Trailing SL,203,closed,41.36,1.01,18637.19265,18624.66508,1.8867,0.5343,0.8787,1.5113,false,false,Monday,15,19,October,2025,3.3833,12180000,18618.02514,18624.66508,10920.67,10962.36,9.0,0.3787,1.0,false,false,false,8801,London Open Liquidity Scalp — QA 200,"[0.4651, 0.9098, 1.3462, 1.1513, 0.7071, 0.9285, 1.057, 0.8192, 1.1383, 1.3233, 1.31, 1.3757, 1.6262, 1.2562, 1.4573, 1.773, 1.5755, 1.5728, 1.4545, 1.5058, 1.4865, 1.1442, 1.4121, 1.5281, 1.8867, 1.3468, 1.1596, 1.1673, 0.8828, 0.9877, 0.6543, 0.8482, 1.1557, 1.0739, 0.952, 0.9567, 0.8495, 0.5719, 0.3266, 1.0437]","[0.0, 0.0, 0.0, 0.0, 0.0, 0.0, 0.0, 0.0, 0.0, 0.0, 0.0, 0.0, 0.0, 0.0, 0.0, 0.0, 0.0, 0.0, 0.0, 0.0, 0.0, 0.0, 0.0, 0.0, 0.0, 0.0, 0.0, 0.0, 0.0, 0.0, 0.0, 0.0, 0.0, 0.0, 0.0, 0.0, 0.0, 0.0, 0.0, 0.0]","[0.3104, 0.7806, 1.0987, 0.8591, 0.6649, 0.7857, 0.8192, 0.6774, 0.9251, 1.2186, 1.1356, 1.2399, 1.5576, 1.178, 1.3938, 1.4559, 1.4894, 1.4529, 1.1366, 1.2714, 1.2432, 1.0807, 1.3845, 1.4659, 1.6968, 1.2773, 1.0894, 0.9988, 0.797, 0.8412, 0.527, 0.6135, 0.8782, 0.9717, 0.8071, 0.7535, 0.5342, 0.4305, 0.2833, 1.008]","[1.1217, 1.0187, 1.1725, 1.2093, 1.2068, 1.2589, 1.2859, 1.38, 1.2877, 1.5113, 1.3968, 1.4213, 1.3597, 1.3881, 1.265, 1.2492]","[0.0, 0.0, 0.0, 0.0, 0.0, 0.0, 0.0, 0.0, 0.0, 0.0, 0.0, 0.0, 0.0, 0.0, 0.0, 0.0]","[0.9949, 0.9583, 1.1126, 1.0841, 1.1709, 1.1828, 1.2628, 1.3321, 1.2308, 1.3695, 1.2948, 1.2832, 1.298, 1.2539, 1.1386, 1.0739]"
3.11,2025-08-02T17:25:00.000Z,2025-08-02T13:42:00.000Z,22047,XAUUSD,SHORT,London Open Liquidity Scalp,0.0774,1.94,40.16,-0.3913,0.8791,2033.073,2032.81,2033.073,2032.81,1.5,2032.992,2032.992,2033.199,2032.682,4.0,2.5,1.0,BE,223,closed,40.16,0.08,2032.81,2033.073,0.8791,0.088,0.8017,0.2783,false,true,Monday,13,17,August,2025,3.7167,13380000,2033.199,2032.992,10962.36,10965.47,8.0,0.3663,1.0,false,false,false,8801,London Open Liquidity Scalp — QA 200,"[0.2318, 0.5416, 0.5962, 0.2976, 0.1821, 0.1754, 0.3215, 0.7177, 0.6971, 0.682, 0.4078, 0.5614, 0.5443, 0.6811, 0.415, 0.3263, 0.6456, 0.7085, 0.8791, 0.5213, 0.6321, 0.2249, 0.0, 0.0, 0.3407, 0.0, 0.276, 0.5544, 0.0994, 0.2334, 0.0549, 0.0, 0.2256, 0.3702, 0.0987, 0.0423, 0.2866, 0.5402, 0.4489, 0.5508, 0.3705, 0.2151, 0.4429, 0.0]","[0.0, 0.0, 0.0, 0.0, 0.1573, 0.3552, 0.0, 0.0, 0.0, 0.0, 0.0, 0.0, 0.0, 0.0, 0.0, 0.0331, 0.0, 0.0, 0.0, 0.0, 0.0, 0.0, 0.1185, 0.299, 0.0, 0.31, 0.2296, 0.0, 0.0944, 0.0, 0.1862, 0.3913, 0.0, 0.0, 0.0, 0.0039, 0.0, 0.0, 0.0, 0.0, 0.0, 0.199, 0.0, 0.283]","[-0.1658, -0.4124, -0.4401, -0.27, 0.0452, 0.0576, -0.271, -0.4752, -0.6647, -0.5965, -0.3883, -0.5192, -0.4151, -0.4762, -0.2822, -0.208, -0.4855, -0.6622, -0.8134, -0.4951, -0.309, -0.1745, 0.0589, 0.163, -0.2024, 0.1472, -0.104, -0.3861, -0.0025, -0.1496, 0.0227, 0.274, -0.1039, -0.1701, -0.0869, -0.0293, -0.201, -0.4432, -0.2677, -0.5071, -0.3371, -0.0169, -0.1952, 0.0774]","[0.0, 0.0, 0.0, 0.0, 0.0933, 0.0499, 0.1054, 0.0, 0.0, 0.0, 0.0, 0.0, 0.0, 0.0, 0.0, 0.0043, 0.034, 0.2783, 0.0282, 0.1078, 0.0, 0.0, 0.0]","[0.0412, 0.1841, 0.2806, 0.2435, 0.0828, 0.0757, 0.0855, 0.1549, 0.3711, 0.3584, 0.2461, 0.1902, 0.3478, 0.3355, 0.1682, 0.0609, 0.0492, 0.0576, 0.1354, 0.1211, 0.2014, 0.3498, 0.3991]","[0.0238, 0.0833, 0.223, 0.135, 0.0246, 0.043, -0.0231, 0.142, 0.2779, 0.3054, 0.2345, 0.1229, 0.2684, 0.2087, 0.1289, 0.0385, -0.0094, -0.0725, 0.0726, 0.0192, 0.1701, 0.2712, 0.3275]"
-42.24,2025-11-11T13:33:00.000Z,2025-11-11T10:11:00.000Z,22048,GBPUSD,LONG,London Open Liquidity Scalp,-0.7686,0.28,54.96,-1.4568,0.0,1.28903,1.29191,1.29191,1.28903,1.5,1.29191,1.28993,1.28993,1.29487,3.5,1.2,10.0,SL,202,closed,54.96,0.77,1.29191,1.28903,0.0,0.0,0.7686,0.0,false,true,Tuesday,10,13,November,2025,3.3667,12120000,1.28993,1.29191,10965.47,10923.23,7.0,0.5012,1.0,true,false,true,8801,London Open Liquidity Scalp — QA 200,"[0.0, 0.0, 0.0, 0.0, 0.0, 0.0, 0.0, 0.0, 0.0, 0.0, 0.0, 0.0, 0.0]","[0.6185, 0.6973, 1.3041, 1.4568, 1.0666, 1.2104, 1.2223, 1.0083, 0.6195, 0.5426, 0.9895, 1.0018, 0.961]","[-0.4936, -0.6286, -0.9877, -1.2215, -0.9231, -1.0999, -1.123, -0.7461, -0.4771, -0.4691, -0.8351, -0.9675, -0.7686]","[0.0, 0.0, 0.0, 0.0, 0.0]","[0.8114, 0.8683, 0.8943, 0.9066, 0.9887]","[-0.7818, -0.7596, -0.839, -0.8553, -0.9382]"
-39.23,2025-04-10T18:04:00.000Z,2025-04-10T13:23:00.000Z,22049,GBPUSD,LONG,London Open Liquidity Scalp,-0.9261,0.33,42.36,-1.6723,0.2426,1.2871,1.28953,1.28953,1.2871,3.0,1.28922,1.28805,1.28795,1.29302,3.5,1.2,10.0,STOP_OUT,281,closed,42.36,0.93,1.28953,1.2871,0.2426,-3.8174,1.1687,0.0,false,true,Thursday,13,18,April,2025,4.6833,16860000,1.28795,1.28922,10923.23,10884.0,7.0,0.3878,1.0,true,false,false,8801,London Open Liquidity Scalp — QA 200,"[0.2426, 0.0, 0.0, 0.0, 0.0, 0.0, 0.0, 0.0, 0.0, 0.0, 0.0, 0.0, 0.0, 0.0, 0.0, 0.0, 0.0, 0.0, 0.0, 0.0, 0.0, 0.0, 0.0, 0.0, 0.0, 0.0, 0.0, 0.0, 0.0, 0.0, 0.0, 0.0, 0.0, 0.0, 0.0, 0.0, 0.0, 0.0, 0.0, 0.0, 0.0, 0.0, 0.0, 0.0, 0.0, 0.0, 0.0, 0.0, 0.0, 0.0, 0.0, 0.0, 0.0, 0.0, 0.0, 0.0]","[0.2272, 0.2186, 0.542, 0.4796, 0.7599, 0.5775, 0.8759, 0.9506, 0.7037, 0.6348, 0.6401, 0.8247, 0.8266, 0.5676, 0.7091, 0.9339, 1.2097, 1.4519, 1.1129, 1.3806, 1.1073, 1.1039, 0.9544, 1.1788, 1.3972, 1.2843, 1.4598, 1.6496, 1.3812, 1.1649, 1.3575, 1.4095, 1.267, 1.1853, 0.9197, 0.9271, 1.5341, 1.4504, 1.3497, 1.6723, 1.2357, 1.0202, 1.1873, 1.5282, 1.663, 1.3145, 1.1689, 0.8811, 0.8108, 0.6041, 0.8687, 0.6834, 0.5784, 0.7374, 0.7228, 0.9611]","[0.0198, -0.1324, -0.4335, -0.3977, -0.7045, -0.4412, -0.6733, -0.8351, -0.6188, -0.5699, -0.5878, -0.7466, -0.7834, -0.5002, -0.6233, -0.767, -0.9995, -1.2682, -1.0216, -1.1102, -0.9779, -0.9769, -0.8249, -1.1204, -1.2501, -1.2439, -1.2808, -1.3339, -1.2614, -0.9824, -1.2717, -1.1468, -1.0507, -0.8665, -0.8149, -0.8477, -1.1675, -1.4038, -1.2534, -1.4804, -1.1919, -0.9761, -1.024, -1.3574, -1.5802, -1.2807, -0.9305, -0.6971, -0.632, -0.5836, -0.6443, -0.6225, -0.4812, -0.6472, -0.6723, -0.9261]","[0.0, 0.0, 0.0, 0.0, 0.0, 0.0, 0.0, 0.0, 0.0, 0.0, 0.0, 0.0]","[0.9032, 0.6546, 0.6943, 0.6339, 0.4594, 0.496, 0.506, 0.3418, 0.4917, 0.3906, 0.3562, 0.4344]","[-0.7814, -0.6035, -0.5413, -0.466, -0.4059, -0.4668, -0.4508, -0.3261, -0.426, -0.3592, -0.3104, -0.3884]"
27.84,2024-12-19T11:22:00.000Z,2024-12-19T07:51:00.000Z,22050,XAUUSD,SHORT,London Open Liquidity Scalp,0.6061,2.94,45.93,-1.233,0.1439,2032.112,2031.897,2032.112,2031.529,2.5,2031.919,2031.529,2032.075,2031.529,4.0,2.5,1.0,TP,211,closed,45.93,0.61,2031.897,2032.112,0.1439,4.212,-0.4622,0.0,false,true,Thursday,7,11,December,2024,3.5167,12660000,2032.075,2031.919,10884.0,10911.84,8.0,0.422,1.0,false,false,true,8801,London Open Liquidity Scalp — QA 200,"[0.0, 0.0, 0.0297, 0.0, 0.0, 0.0, 0.0, 0.0, 0.0, 0.0, 0.0, 0.0, 0.0, 0.0, 0.0, 0.0, 0.0, 0.0, 0.0, 0.0, 0.0, 0.0, 0.0, 0.0, 0.0, 0.0, 0.0, 0.1439, 0.0, 0.0, 0.0, 0.0, 0.0, 0.0, 0.0, 0.0, 0.0, 0.0, 0.0, 0.0, 0.0, 0.0]","[0.5115, 0.3303, 0.4034, 0.7271, 0.7493, 0.6029, 0.763, 0.7952, 0.2933, 0.6528, 0.6498, 0.5118, 0.3118, 0.6729, 0.435, 0.2791, 0.5494, 0.5807, 0.5377, 0.4767, 0.5638, 0.9999, 0.7287, 0.5608, 0.7185, 0.4571, 0.3748, 0.1462, 0.1538, 0.6311, 1.1696, 1.1415, 1.233, 0.8043, 0.7616, 0.5884, 0.9331, 0.8486, 1.0915, 0.9343, 0.7825, 0.6424]","[0.457, 0.2439, 0.3206, 0.4584, 0.6552, 0.4138, 0.7248, 0.6196, 0.2707, 0.4561, 0.569, 0.3405, 0.2655, 0.474, 0.3068, 0.1476, 0.3009, 0.4824, 0.4765, 0.4644, 0.532, 0.8393, 0.6267, 0.4617, 0.6228, 0.3213, 0.3137, 0.0373, 0.1081, 0.5102, 0.8628, 1.0279, 1.0461, 0.6795, 0.6337, 0.4729, 0.7723, 0.6584, 0.7706, 0.8392, 0.7184, 0.6061]","[0.0, 0.0, 0.0, 0.0, 0.0, 0.0, 0.0, 0.0, 0.0, 0.0, 0.0, 0.0, 0.0, 0.0, 0.0, 0.0, 0.0, 0.0, 0.0, 0.0, 0.0, 0.0, 0.0, 0.0, 0.0]","[0.6334, 0.6312, 0.8006, 0.8767, 0.7064, 0.7908, 0.757, 0.817, 0.9105, 0.9925, 1.1271, 1.1844, 1.0979, 1.1581, 1.4253, 1.4214, 1.7101, 1.738, 1.6445, 1.5059, 1.4287, 1.4641, 1.5254, 1.4674, 1.3962]","[0.5897, 0.6245, 0.7939, 0.6978, 0.6609, 0.7548, 0.7045, 0.7347, 0.8317, 0.9641, 1.0976, 1.0444, 1.0648, 1.1075, 1.2365, 1.3917, 1.5058, 1.6114, 1.5039, 1.4847, 1.3651, 1.3757, 1.4868, 1.3744, 1.3062]"
21.92,2025-06-21T11:54:00.000Z,2025-06-21T09:11:00.000Z,22051,EURUSD,SHORT,London Open Liquidity Scalp,0.4535,0.34,48.33,-1.4347,0.5776,1.09317,1.09032,1.09317,1.08831,2.0,1.09114,1.08831,1.09256,1.08831,3.0,0.8,10.0,TP,163,closed,48.33,0.45,1.09032,1.09317,0.5776,0.7851,0.1241,0.0,false,true,Monday,9,11,June,2025,2.7167,9780000,1.09256,1.09114,10911.84,10933.76,6.0,0.4429,1.0,false,false,true,8801,London Open Liquidity Scalp — QA 200,"[0.0811, 0.0051, 0.2156, 0.0, 0.0, 0.0, 0.1407, 0.0, 0.1257, 0.3505, 0.0, 0.0371, 0.4437, 0.5134, 0.4397, 0.3512, 0.0, 0.0, 0.0, 0.0, 0.0, 0.1461, 0.3039, 0.3111, 0.0, 0.1951, 0.3357, 0.5776, 0.2523, 0.0, 0.0, 0.0612, 0.0, 0.0, 0.0724, 0.0, 0.0, 0.0, 0.0, 0.0, 0.0, 0.0, 0.0, 0.0, 0.0, 0.0, 0.0, 0.0, 0.0, 0.0, 0.0, 0.0, 0.0, 0.0, 0.0, 0.0378, 0.0794, 0.1211, 0.2333, 0.4229, 0.0437, 0.0, 0.0, 0.1736, 0.3243, 0.0, 0.0, 0.0, 0.0, 0.0, 0.0, 0.0, 0.0, 0.0, 0.0, 0.0, 0.0, 0.0, 0.0, 0.0]","[0.3841, 0.0818, 0.0, 0.6708, 0.3769, 0.2969, 0.1992, 0.1327, 0.313, 0.0, 0.2578, 0.0, 0.0, 0.0, 0.0, 0.0, 0.2271, 0.183, 0.5711, 0.5448, 0.4259, 0.0734, 0.0, 0.0, 0.1504, 0.0, 0.1681, 0.0, 0.0, 0.225, 0.3335, 0.0426, 0.5055, 0.6023, 0.3899, 0.4913, 0.2234, 0.3965, 0.828, 0.6883, 0.9059, 0.8906, 0.9766, 0.9998, 1.2642, 1.1478, 1.0083, 0.8626, 0.9282, 0.8993, 0.9295, 1.2595, 0.6149, 0.6031, 0.162, 0.0835, 0.0, 0.0438, 0.0681, 0.0, 0.1749, 0.2643, 0.2389, 0.3908, 0.1064, 0.3787, 0.6409, 0.5421, 0.7638, 1.0886, 1.0407, 1.308, 1.1358, 1.4347, 1.1123, 0.8826, 0.6846, 0.8354, 1.0714, 0.4836]","[0.1374, 0.0233, -0.0749, 0.3596, 0.3481, 0.2501, -0.0398, 0.112, -0.0343, -0.2545, 0.2102, -0.0235, -0.267, -0.2684, -0.3021, -0.2826, 0.0679, 0.1305, 0.4777, 0.3393, 0.2369, 0.0348, -0.2374, -0.2669, 0.1221, -0.1351, -0.1066, -0.3177, -0.1705, 0.1175, 0.2246, -0.0225, 0.3714, 0.4477, 0.2123, 0.4603, 0.2055, 0.3724, 0.696, 0.6514, 0.8387, 0.7886, 0.7855, 0.9458, 1.2052, 0.8785, 0.7158, 0.6051, 0.8531, 0.7246, 0.8591, 0.8977, 0.5059, 0.3821, 0.1438, -0.0095, -0.032, -0.0445, -0.1573, -0.3161, 0.0455, 0.1773, 0.2139, 0.1164, -0.0166, 0.2819, 0.5956, 0.4804, 0.6188, 0.8879, 0.9063, 1.0812, 1.068, 1.2205, 0.9322, 0.8593, 0.6469, 0.7119, 0.9916, 0.4535]","[0.0, 0.0, 0.0, 0.0, 0.0, 0.0, 0.0, 0.0, 0.0, 0.0, 0.0, 0.0, 0.0, 0.0]","[0.4829, 0.5664, 0.5581, 0.4451, 0.5195, 0.6665, 0.6753, 0.9374, 1.0226, 0.9112, 0.9136, 0.9672, 1.1238, 0.9873]","[0.456, 0.5132, 0.4756, 0.4105, 0.455, 0.6308, 0.6234, 0.7933, 0.8802, 0.894, 0.8932, 0.9099, 1.0303, 0.9589]"
-29.91,2025-05-28T09:54:00.000Z,2025-05-28T08:45:00.000Z,22052,GBPUSD,SHORT,London Open Liquidity Scalp,-0.5933,0.34,50.41,-0.1285,0.6918,1.27173,1.27051,1.27242,1.27051,2.0,1.27154,1.27242,1.27302,1.26857,3.5,1.2,10.0,MANUAL,69,closed,50.41,0.59,1.27051,1.27173,0.7938,-0.7474,1.2851,0.7938,true,false,Wednesday,8,9,May,2025,1.15,4140000,1.27302,1.27154,10933.76,10903.85,7.0,0.461,1.0,false,false,false,8801,London Open Liquidity Scalp — QA 200,"[0.0421, 0.4237, 0.5501, 0.3115, 0.313, 0.0436, 0.4305, 0.6918]","[0.1285, 0.0, 0.0, 0.0223, 0.0, 0.0655, 0.0, 0.0]","[-0.0136, -0.2843, -0.3017, -0.0706, -0.2108, -0.0184, -0.2371, -0.5933]","[0.5317, 0.5289, 0.4402, 0.464, 0.6067, 0.6884, 0.6011, 0.7938, 0.6053, 0.5805, 0.4926, 0.4052, 0.4211]","[0.0, 0.0, 0.0, 0.0, 0.0, 0.0, 0.0, 0.0, 0.0, 0.0, 0.0, 0.0, 0.0]","[-0.4649, -0.4441, -0.396, -0.4545, -0.5325, -0.6331, -0.5694, -0.6693, -0.5527, -0.4504, -0.3428, -0.3372, -0.3248]"
-27.27,2024-02-01T08:56:00.000Z,2024-02-01T08:05:00.000Z,22053,XAUUSD,SHORT,London Open Liquidity Scalp,-0.6603,1.73,41.3,-0.4569,1.7907,2080.571,2080.034,2080.62,2080.034,2.0,2080.462,2080.62,2080.701,2079.983,4.0,2.5,1.0,MANUAL,51,closed,41.3,0.66,2080.034,2080.571,1.7907,-0.3687,2.451,0.827,true,false,Thursday,8,8,February,2024,0.85,3060000,2080.701,2080.462,10903.85,10876.58,8.0,0.3788,1.0,false,false,true,8801,London Open Liquidity Scalp — QA 200,"[0.233, 0.1774, 0.147, 0.0, 0.1304, 0.1704, 0.0057, 0.0, 0.2803, 0.1286, 0.277, 0.2381, 0.6608, 1.0039, 0.6461, 0.9182, 0.9178, 1.0589, 1.2785, 1.355, 1.3616, 1.5755, 1.6608, 1.7907, 1.2894, 1.505, 1.4054, 1.5033, 1.2032, 1.1648, 0.7455, 0.6487, 0.9154, 0.8862, 0.6395, 0.7517, 0.2934, 0.0, 0.0, 0.0, 0.0, 0.3332, 0.3386, 0.4129, 0.4037, 0.6737, 0.4438, 0.6979, 0.6506, 0.8188, 0.7485]","[0.0, 0.0324, 0.383, 0.3051, 0.0437, 0.4569, 0.3212, 0.2134, 0.0797, 0.2148, 0.0, 0.0, 0.0, 0.0, 0.0, 0.0, 0.0, 0.0, 0.0, 0.0, 0.0, 0.0, 0.0, 0.0, 0.0, 0.0, 0.0, 0.0, 0.0, 0.0, 0.0, 0.0, 0.0, 0.0, 0.0, 0.0, 0.0, 0.1176, 0.2717, 0.326, 0.3195, 0.0527, 0.0637, 0.0, 0.0, 0.0, 0.0, 0.0, 0.0, 0.0, 0.0]","[-0.1481, -0.0574, 0.1389, 0.0936, -0.0755, 0.2071, 0.2184, 0.1739, 0.0253, -0.0632, -0.1826, -0.2065, -0.6031, -0.8707, -0.56, -0.8904, -0.8495, -1.0238, -1.124, -1.3301, -1.3025, -1.5096, -1.6012, -1.7526, -1.2378, -1.3955, -1.3652, -1.3048, -1.0564, -1.0049, -0.7052, -0.5813, -0.7925, -0.6211, -0.5917, -0.4665, -0.2216, 0.0556, 0.2406, 0.2672, 0.2833, -0.1936, -0.2005, -0.297, -0.3527, -0.5412, -0.4052, -0.5333, -0.4984, -0.7694, -0.6603]","[0.7004, 0.827, 0.7755, 0.7632, 0.6362, 0.452, 0.481, 0.3208, 0.2218, 0.1931, 0.2852, 0.262, 0.291, 0.3464]","[0.0, 0.0, 0.0, 0.0, 0.0, 0.0, 0.0, 0.0, 0.0, 0.0, 0.0, 0.0, 0.0, 0.0]","[-0.6207, -0.6909, -0.7416, -0.7213, -0.548, -0.4291, -0.4006, -0.2977, -0.2097, -0.1438, -0.1795, -0.1272, -0.2328, -0.2841]"
54.63,2024-09-14T10:29:00.000Z,2024-09-14T09:08:00.000Z,22054,EURUSD,SHORT,London Open Liquidity Scalp,1.0149,0.28,53.83,-1.0286,0.0,1.06937,1.06741,1.06937,1.06168,3.0,1.06741,1.06168,1.06932,1.06168,3.0,0.8,10.0,TP,81,closed,53.83,1.01,1.06741,1.06937,0.0,0.0,-1.0149,0.0,false,true,Monday,9,10,September,2024,1.35,4860000,1.06932,1.06741,10876.58,10931.21,6.0,0.4949,1.0,true,false,true,8801,London Open Liquidity Scalp — QA 200,"[0.0, 0.0, 0.0, 0.0, 0.0, 0.0, 0.0, 0.0]","[0.5788, 0.3488, 0.5729, 0.5147, 0.5155, 0.8115, 0.6397, 1.0286]","[0.4427, 0.2239, 0.5634, 0.439, 0.3371, 0.741, 0.5382, 1.0149]","[0.0, 0.0, 0.0, 0.0, 0.0, 0.0, 0.0, 0.0, 0.0]","[1.0259, 0.9626, 0.917, 0.9899, 1.035, 1.0408, 1.0305, 1.0137, 0.9596]","[0.9913, 0.9558, 0.8794, 0.9628, 0.8823, 0.985, 0.9806, 0.9606, 0.8802]"
2.34,2024-08-10T13:59:00.000Z,2024-08-10T10:03:00.000Z,22055,GBPUSD,SHORT,London Open Liquidity Scalp,0.055,0.26,42.51,-0.9003,0.8802,1.29692,1.29398,1.29692,1.29398,1.5,1.29543,1.29543,1.29708,1.29295,3.5,1.2,10.0,BE,236,closed,42.51,0.06,1.29398,1.29692,0.8802,0.0625,0.8252,0.0526,false,true,Monday,10,13,August,2024,3.9333,14160000,1.29708,1.29543,10931.21,10933.55,7.0,0.3889,1.0,false,false,true,8801,London Open Liquidity Scalp — QA 200,"[0.0994, 0.1937, 0.1006, 0.3454, 0.8802, 0.8294, 0.4544, 0.3299, 0.089, 0.0, 0.0, 0.0, 0.0, 0.0206, 0.0, 0.0, 0.0, 0.0, 0.0, 0.0, 0.0, 0.0, 0.0075, 0.1903, 0.1216, 0.0, 0.2864, 0.1797, 0.1763, 0.302, 0.3596, 0.1282, 0.5931, 0.5159, 0.2866, 0.2969, 0.1276, 0.0901, 0.1995, 0.2672, 0.1796, 0.0865, 0.0, 0.2713, 0.1743, 0.3017, 0.1924, 0.7038, 0.4876, 0.1765, 0.036, 0.0, 0.0, 0.0203, 0.0, 0.1972, 0.2453, 0.2142, 0.0931, 0.0565, 0.0, 0.0, 0.0, 0.0, 0.0, 0.0, 0.0, 0.2796, 0.0582, 0.0, 0.2157, 0.132, 0.4512, 0.2949, 0.3356, 0.1389, 0.0, 0.0, 0.0, 0.0]","[0.2618, 0.0, 0.2502, 0.0, 0.0, 0.0, 0.0, 0.0, 0.009, 0.2765, 0.6788, 0.4063, 0.5544, 0.183, 0.5995, 0.5788, 0.6684, 0.8692, 0.8578, 0.5498, 0.9003, 0.6186, 0.2457, 0.0, 0.3541, 0.245, 0.1635, 0.0, 0.214, 0.0289, 0.0, 0.1038, 0.0, 0.0, 0.0, 0.1924, 0.0003, 0.0064, 0.0811, 0.1519, 0.2066, 0.1498, 0.4704, 0.2883, 0.0, 0.0, 0.0, 0.0, 0.0, 0.0, 0.3604, 0.6108, 0.4513, 0.2398, 0.4723, 0.0957, 0.1173, 0.0, 0.3279, 0.1745, 0.4435, 0.6957, 0.4228, 0.3146, 0.6811, 0.8024, 0.3008, 0.0, 0.3947, 0.4315, 0.0, 0.0, 0.0, 0.1302, 0.0, 0.3058, 0.3944, 0.4711, 0.6659, 0.1071]","[0.0824, -0.1502, 0.0456, -0.2719, -0.4995, -0.6989, -0.388, -0.1817, -0.0394, 0.2269, 0.3692, 0.359, 0.3684, 0.0278, 0.3709, 0.4521, 0.605, 0.6873, 0.7102, 0.5274, 0.8198, 0.575, 0.2086, -0.1151, 0.136, 0.1886, -0.0062, -0.0933, 0.0287, -0.1536, -0.2644, -0.0475, -0.2554, -0.4362, -0.2619, -0.0319, -0.0434, -0.0437, -0.0587, -0.12, 0.036, 0.0619, 0.4036, 0.0268, -0.1169, -0.2649, -0.1737, -0.4894, -0.3205, -0.1357, 0.1564, 0.236, 0.3986, 0.1585, 0.3871, 0.0278, -0.0982, -0.1649, 0.1957, 0.0588, 0.3079, 0.5532, 0.3348, 0.2274, 0.4749, 0.6103, 0.1806, -0.1051, 0.1977, 0.0944, -0.1793, -0.0799, -0.3466, -0.2073, -0.1327, 0.0512, 0.2188, 0.4448, 0.6483, 0.055]","[0.0, 0.0526, 0.0, 0.0, 0.0, 0.0, 0.0, 0.0]","[0.1092, 0.0373, 0.1891, 0.1965, 0.1504, 0.2742, 0.1181, 0.2226]","[0.0866, -0.0036, 0.1273, 0.1363, 0.0919, 0.1478, 0.0849, 0.2094]"
-35.26,2024-08-20T20:56:00.000Z,2024-08-20T15:21:00.000Z,22056,GBPUSD,SHORT,London Open Liquidity Scalp,-0.785,0.22,44.92,-0.2321,1.9147,1.26868,1.26436,1.26979,1.26436,1.5,1.26821,1.26979,1.27022,1.2652,3.5,1.2,10.0,MANUAL,335,closed,44.92,0.79,1.26436,1.26868,1.9147,-0.41,2.6997,0.9978,true,false,Tuesday,15,20,August,2024,5.5833,20100000,1.27022,1.26821,10933.55,10898.29,7.0,0.4108,1.0,true,false,true,8801,London Open Liquidity Scalp — QA 200,"[0.1985, 0.4656, 0.4803, 0.2036, 0.1922, 0.0933, 0.0629, 0.1391, 0.1672, 0.5162, 0.846, 0.8665, 1.1214, 1.4002, 1.1516, 1.1493, 1.3028, 1.4273, 1.8227, 1.6453, 1.5762, 1.6492, 1.9147, 1.5428, 1.302, 1.4531, 1.2087, 1.3312, 1.6431, 1.339, 1.5458, 1.4422, 1.2434, 0.9099, 0.9237, 1.0923, 1.2059, 1.2028, 1.3467, 1.499, 1.8356, 1.4928, 1.4668, 1.6814, 1.4452, 1.3481, 1.3558, 1.2843, 1.066, 0.8564, 1.1073, 1.017, 0.8195, 0.6823, 0.562, 0.9125, 0.6915, 0.5665, 0.4664, 0.1816, 0.3666, 0.1833, 0.0, 0.3354, 0.0674, 0.0777, 0.8178]","[0.0, 0.0, 0.0, 0.1966, 0.1796, 0.1067, 0.0631, 0.0142, 0.0, 0.0, 0.0, 0.0, 0.0, 0.0, 0.0, 0.0, 0.0, 0.0, 0.0, 0.0, 0.0, 0.0, 0.0, 0.0, 0.0, 0.0, 0.0, 0.0, 0.0, 0.0, 0.0, 0.0, 0.0, 0.0, 0.0, 0.0, 0.0, 0.0, 0.0, 0.0, 0.0, 0.0, 0.0, 0.0, 0.0, 0.0, 0.0, 0.0, 0.0, 0.0, 0.0, 0.0, 0.0, 0.0, 0.0, 0.0, 0.0, 0.0, 0.0, 0.1161, 0.0, 0.0601, 0.2107, 0.0, 0.104, 0.2321, 0.0]","[-0.1889, -0.2176, -0.2116, 0.0257, -0.0938, -0.0631, 0.0119, -0.0496, -0.0736, -0.4411, -0.7746, -0.7564, -0.9191, -1.1592, -1.0926, -1.0699, -1.2273, -1.3003, -1.5406, -1.5002, -1.5056, -1.5669, -1.7821, -1.4563, -1.281, -1.3686, -1.028, -1.2458, -1.5499, -1.2961, -1.4005, -1.2496, -1.1931, -0.8199, -0.8766, -1.0458, -1.1618, -1.0959, -1.2774, -1.4538, -1.4826, -1.4582, -1.2743, -1.2967, -1.2059, -1.1062, -1.2985, -1.2216, -0.8272, -0.7174, -1.0797, -0.837, -0.5844, -0.4726, -0.4972, -0.784, -0.6711, -0.4358, -0.195, -0.0111, -0.2341, -0.0099, 0.1766, -0.2744, -0.0143, 0.1592, -0.785]","[0.9285, 0.8919, 0.9978, 0.8579, 0.9501, 0.8469, 0.7097, 0.4965, 0.5793, 0.7015, 0.5466, 0.4122, 0.4675, 0.2514, 0.1882]","[0.0, 0.0, 0.0, 0.0, 0.0, 0.0, 0.0, 0.0, 0.0, 0.0, 0.0, 0.0, 0.0, 0.0, 0.0]","[-0.8069, -0.8434, -0.8592, -0.8384, -0.913, -0.7855, -0.6578, -0.4816, -0.5418, -0.6411, -0.5126, -0.3904, -0.3794, -0.2104, -0.1705]"
37.54,2024-06-07T19:47:00.000Z,2024-06-07T13:44:00.000Z,22057,USDJPY,LONG,London Open Liquidity Scalp,0.8326,0.31,45.09,-0.2765,1.849,149.579,149.911,149.911,149.579,3.0,149.622,149.752,149.466,150.091,3.0,0.9,9.2,Trailing SL,363,closed,45.09,0.83,149.911,149.579,1.849,0.4503,1.0164,1.1635,false,false,Friday,13,19,June,2024,6.05,21780000,149.466,149.622,10898.29,10935.83,6.0,0.4137,1.0,false,false,true,8801,London Open Liquidity Scalp — QA 200,"[0.3447, 0.5564, 0.0762, 0.6536, 0.3384, 0.1226, 0.8578, 0.9663, 1.2357, 1.199, 1.2107, 0.6951, 0.9321, 0.8856, 1.23, 1.332, 1.4945, 1.5735, 1.7398, 1.849, 1.3821, 1.659, 1.7471, 1.6723, 1.3854, 1.4581, 1.2357, 1.1181, 1.4924, 1.6123, 1.6259, 1.1625, 0.8559, 1.072, 0.5456, 0.6574, 0.5337, 0.4231, 0.3851, 0.6887, 0.5212, 0.4802, 0.7575, 0.581, 0.9038, 0.6098, 0.5764, 0.5595, 0.3278, 0.3794, 0.4589, 0.5998, 0.7684, 0.4822, 0.1497, 0.0718, 0.0, 0.2285, 0.3482, 0.1557, 0.3975, 0.1108, 0.2646, 0.9117, 0.6835, 1.0317, 0.7241, 0.8381, 1.4321, 0.8234, 0.6793, 0.567, 0.3067, 0.1964, 0.1383, 0.4261, 0.7357, 0.7739, 0.4639, 1.0049]","[0.0, 0.0, 0.2398, 0.0, 0.0, 0.0, 0.0, 0.0, 0.0, 0.0, 0.0, 0.0, 0.0, 0.0, 0.0, 0.0, 0.0, 0.0, 0.0, 0.0, 0.0, 0.0, 0.0, 0.0, 0.0, 0.0, 0.0, 0.0, 0.0, 0.0, 0.0, 0.0, 0.0, 0.0, 0.0, 0.0, 0.0, 0.0, 0.0, 0.0, 0.0, 0.0, 0.0, 0.0, 0.0, 0.0, 0.0, 0.0, 0.0, 0.0, 0.0, 0.0, 0.0, 0.0, 0.0, 0.2753, 0.2765, 0.0, 0.1771, 0.0, 0.0, 0.0, 0.0, 0.0, 0.0, 0.0, 0.0, 0.0, 0.0, 0.0, 0.0, 0.0, 0.0371, 0.0, 0.1818, 0.0901, 0.0, 0.0, 0.0, 0.0]","[0.2304, 0.2283, -0.0095, 0.3669, 0.2654, 0.0675, 0.5328, 0.8748, 1.1611, 1.1053, 1.0047, 0.6431, 0.841, 0.8009, 1.0854, 1.2199, 1.4408, 1.5106, 1.5848, 1.6469, 1.2894, 1.3636, 1.5464, 1.2736, 1.2799, 1.1919, 1.0858, 1.0797, 1.3046, 1.4948, 1.3131, 1.1143, 0.7681, 0.7193, 0.4867, 0.4008, 0.2969, 0.2409, 0.3097, 0.6053, 0.4263, 0.2236, 0.5435, 0.55, 0.7057, 0.4724, 0.3033, 0.3596, 0.2424, 0.348, 0.2956, 0.5417, 0.5745, 0.4145, 0.1298, -0.0936, -0.2356, 0.153, 0.068, 0.1238, 0.2838, 0.0623, 0.202, 0.5508, 0.4958, 0.8275, 0.6279, 0.7381, 1.0546, 0.7897, 0.5642, 0.388, 0.1393, 0.1321, 0.03, 0.1486, 0.5607, 0.6749, 0.3872, 0.8326]","[0.98, 0.9405, 0.9532, 1.0576, 0.9995, 1.0317, 1.1635, 1.115, 1.13]","[0.0, 0.0, 0.0, 0.0, 0.0, 0.0, 0.0, 0.0, 0.0]","[0.9087, 0.8655, 0.9122, 0.9546, 0.9069, 1.0011, 1.1216, 1.0592, 1.0934]"
-2.58,2024-01-27T11:52:00.000Z,2024-01-27T08:14:00.000Z,22058,NQ,SHORT,London Open Liquidity Scalp,-0.0539,0.35,47.87,-0.9503,0.3004,18092.20866,18083.61338,18092.20866,18083.61338,3.0,18085.67784,18085.42784,18092.55021,18065.06072,4.5,0.75,5.0,BE,218,closed,47.87,0.05,18083.61338,18092.20866,0.3004,-0.1794,0.3543,0.2304,true,true,Monday,8,11,January,2024,3.6333,13080000,18092.55021,18085.67784,10935.83,10933.25,9.0,0.4377,1.0,false,false,true,8801,London Open Liquidity Scalp — QA 200,"[0.0, 0.0, 0.0, 0.0, 0.0, 0.0, 0.0, 0.0, 0.0, 0.0433, 0.0, 0.0, 0.0, 0.3004]","[0.4006, 0.2033, 0.457, 0.6171, 0.7788, 0.9503, 0.5074, 0.1739, 0.2658, 0.6293, 0.5212, 0.6077, 0.2681, 0.2518]","[0.3393, 0.1855, 0.3487, 0.5039, 0.6243, 0.8171, 0.4423, 0.136, 0.2052, 0.2818, 0.3182, 0.4434, 0.2065, -0.0539]","[0.0, 0.0363, 0.2304, 0.0083, 0.1886, 0.0, 0.0, 0.0, 0.0, 0.0, 0.0, 0.0, 0.0, 0.0, 0.0, 0.0, 0.0, 0.0, 0.0, 0.0294, 0.0]","[0.1454, 0.0268, 0.0001, 0.1073, 0.0, 0.0533, 0.2539, 0.4479, 0.2181, 0.3275, 0.1691, 0.1711, 0.3712, 0.2592, 0.1868, 0.3458, 0.5285, 0.4016, 0.3979, 0.2658, 0.3369]","[0.0806, 0.0144, -0.0603, 0.0404, -0.0641, 0.0471, 0.1301, 0.2887, 0.1746, 0.1947, 0.0987, 0.1415, 0.2875, 0.1813, 0.1342, 0.3018, 0.4032, 0.3048, 0.2804, 0.1856, 0.3273]"
-33.26,2025-05-25T15:43:00.000Z,2025-05-25T10:45:00.000Z,22059,USDJPY,LONG,London Open Liquidity Scalp,-0.6532,0.2,50.92,-1.1443,0.1866,147.554,147.917,147.917,147.554,1.5,147.866,147.594,147.594,148.274,3.0,0.9,9.2,SL,298,closed,50.92,0.65,147.917,147.554,0.1866,-3.5005,0.8398,0.0,false,true,Monday,10,15,May,2025,4.9667,17880000,147.594,147.866,10933.25,10899.99,6.0,0.4657,1.0,false,false,false,8801,London Open Liquidity Scalp — QA 200,"[0.0, 0.0, 0.0, 0.0, 0.0, 0.0, 0.0, 0.0, 0.0, 0.0, 0.0, 0.0, 0.0, 0.0, 0.1613, 0.0, 0.0, 0.1866, 0.0]","[0.5237, 0.6765, 0.5983, 0.5019, 0.7372, 1.0166, 0.5434, 0.7412, 1.1443, 1.0385, 0.937, 0.7504, 0.4222, 0.1859, 0.3484, 0.602, 0.4594, 0.0619, 0.7072]","[-0.3793, -0.3531, -0.2646, -0.4544, -0.7079, -0.7096, -0.3656, -0.679, -0.7396, -0.9981, -0.6604, -0.5341, -0.3488, -0.1461, -0.1297, -0.4347, -0.1957, 0.0028, -0.6532]","[0.0, 0.0, 0.0, 0.0, 0.0, 0.0, 0.0, 0.0, 0.0, 0.0, 0.0, 0.0, 0.0, 0.0, 0.0, 0.0, 0.0, 0.0, 0.0, 0.0]","[0.6896, 0.6153, 0.583, 0.5665, 0.395, 0.3634, 0.2912, 0.3363, 0.3863, 0.3192, 0.4275, 0.3283, 0.4319, 0.3333, 0.2569, 0.35, 0.4421, 0.5112, 0.3543, 0.6134]","[-0.6263, -0.5943, -0.5632, -0.4603, -0.3687, -0.3174, -0.2582, -0.201, -0.2185, -0.2743, -0.3687, -0.2257, -0.3299, -0.2514, -0.1894, -0.286, -0.3574, -0.4668, -0.3187, -0.4088]"
79.51,2025-08-04T18:51:00.000Z,2025-08-04T15:54:00.000Z,22060,GBPUSD,LONG,London Open Liquidity Scalp,1.5179,0.22,52.38,-0.0,2.4667,1.28237,1.2882,1.2882,1.28237,1.5,1.28237,1.28596,1.28,1.28592,3.5,1.2,10.0,MANUAL,177,closed,52.38,1.52,1.2882,1.28237,2.4667,0.6154,0.9488,1.762,false,false,Monday,15,18,August,2025,2.95,10620000,1.28,1.28237,10899.99,10979.5,7.0,0.4806,1.0,false,true,true,8801,London Open Liquidity Scalp — QA 200,"[0.6489, 0.5506, 0.6671, 0.8882, 0.6929, 0.7752, 1.2892, 1.1405, 1.5565, 1.7626, 1.7256, 1.8537, 1.976, 2.4667, 2.3773, 2.088, 2.1941, 1.8522, 1.9639, 1.9289, 1.8321, 1.6316, 1.9571, 1.8003, 1.633, 1.6896, 1.4618, 1.5789, 1.1335, 1.1865, 1.2309, 1.5199, 1.5124, 1.906, 1.6272]","[0.0, 0.0, 0.0, 0.0, 0.0, 0.0, 0.0, 0.0, 0.0, 0.0, 0.0, 0.0, 0.0, 0.0, 0.0, 0.0, 0.0, 0.0, 0.0, 0.0, 0.0, 0.0, 0.0, 0.0, 0.0, 0.0, 0.0, 0.0, 0.0, 0.0, 0.0, 0.0, 0.0, 0.0, 0.0]","[0.5493, 0.399, 0.4829, 0.5964, 0.6457, 0.6617, 1.1304, 1.0472, 1.3989, 1.5767, 1.6535, 1.6801, 1.8398, 2.0571, 2.0869, 1.9132, 2.133, 1.7145, 1.8688, 1.694, 1.4804, 1.6176, 1.7431, 1.5383, 1.437, 1.2689, 1.2224, 1.2318, 1.1056, 1.0896, 1.2089, 1.3121, 1.4871, 1.7627, 1.5179]","[1.5577, 1.5686, 1.4459, 1.3832, 1.4254, 1.4717, 1.5476, 1.575, 1.5581, 1.4935, 1.762, 1.6381, 1.6933, 1.7575, 1.6241, 1.5325, 1.3985]","[0.0, 0.0, 0.0, 0.0, 0.0, 0.0, 0.0, 0.0, 0.0, 0.0, 0.0, 0.0, 0.0, 0.0, 0.0, 0.0, 0.0]","[1.5108, 1.5288, 1.4151, 1.3354, 1.3946, 1.3663, 1.5056, 1.4723, 1.4607, 1.481, 1.5791, 1.5287, 1.5813, 1.5853, 1.5521, 1.4571, 1.3433]"
60.41,2024-06-03T17:08:00.000Z,2024-06-03T13:11:00.000Z,22061,NQ,SHORT,London Open Liquidity Scalp,1.2983,0.6,46.53,-1.7144,0.0,18333.47063,18326.86968,18333.47063,18321.87108,2.5,18326.86968,18321.87108,18330.71997,18317.24394,4.5,0.75,5.0,Trailing SL,237,closed,46.53,1.3,18326.86968,18333.47063,0.0,0.0,-1.2983,0.0,false,true,Monday,13,17,June,2024,3.95,14220000,18330.71997,18326.86968,10979.5,11039.91,9.0,0.4238,1.0,false,false,true,8801,London Open Liquidity Scalp — QA 200,"[0.0, 0.0, 0.0, 0.0, 0.0, 0.0, 0.0, 0.0, 0.0, 0.0, 0.0, 0.0, 0.0, 0.0, 0.0]","[0.1071, 0.3255, 0.3589, 0.8983, 1.2122, 1.3727, 1.5185, 1.1799, 1.349, 1.7144, 1.2782, 1.1575, 1.0973, 1.5124, 1.3215]","[0.0711, 0.2078, 0.311, 0.8091, 1.1512, 1.1703, 1.4531, 1.1006, 1.304, 1.4995, 1.1578, 1.1063, 0.9812, 1.3046, 1.2983]","[0.0, 0.0, 0.0, 0.0, 0.0, 0.0, 0.0, 0.0, 0.0, 0.0, 0.0, 0.0, 0.0]","[1.3163, 1.5834, 1.5413, 1.7225, 1.6267, 1.7901, 1.5928, 1.5279, 1.5889, 1.6904, 1.7628, 1.6565, 1.6402]","[1.2405, 1.419, 1.5105, 1.6542, 1.5935, 1.6649, 1.5489, 1.5076, 1.5139, 1.5719, 1.6697, 1.6372, 1.5278]"
73.23,2025-06-12T15:11:00.000Z,2025-06-12T09:37:00.000Z,22062,GBPUSD,SHORT,London Open Liquidity Scalp,1.7586,0.21,41.64,-2.8135,0.1382,1.28325,1.27735,1.28325,1.27363,2.0,1.27763,1.27363,1.27963,1.27363,3.5,1.2,10.0,TP,334,closed,41.64,1.76,1.27735,1.28325,0.1382,12.725,-1.6204,0.0,false,true,Thursday,9,15,June,2025,5.5667,20040000,1.27963,1.27763,11039.91,11113.14,7.0,0.3772,1.0,false,true,true,8801,London Open Liquidity Scalp — QA 200,"[0.1382, 0.0, 0.0, 0.0, 0.0, 0.0, 0.0, 0.0, 0.0, 0.0, 0.0, 0.0, 0.0, 0.0, 0.0, 0.0, 0.0, 0.0, 0.0, 0.0, 0.0, 0.0, 0.0, 0.0, 0.0, 0.0, 0.0, 0.0, 0.0, 0.0, 0.0, 0.0, 0.0, 0.0, 0.0, 0.0, 0.0, 0.0, 0.0, 0.0, 0.0, 0.0, 0.0, 0.0, 0.0, 0.0, 0.0, 0.0, 0.0, 0.0, 0.0, 0.0, 0.0, 0.0, 0.0, 0.0, 0.0, 0.0, 0.0, 0.0, 0.0, 0.0, 0.0, 0.0, 0.0, 0.0]","[0.0, 0.4202, 0.6696, 0.7231, 0.9137, 1.271, 1.1468, 1.3973, 1.4713, 1.6133, 1.9308, 1.722, 1.8599, 2.3877, 1.837, 1.7997, 1.9815, 2.0551, 1.5691, 1.8936, 1.8311, 1.8887, 2.1253, 2.3883, 2.6221, 2.5379, 2.6334, 2.6142, 2.4347, 2.8135, 2.2605, 1.955, 2.0425, 2.4823, 2.4953, 2.7018, 2.5269, 1.988, 2.3546, 2.4456, 2.0497, 2.029, 1.6055, 2.1188, 1.9056, 2.111, 2.0585, 1.9831, 1.7929, 1.4725, 1.9527, 1.7745, 1.2281, 1.7342, 1.6242, 1.4745, 1.5467, 1.5829, 1.3396, 1.4605, 1.2092, 1.3516, 1.7186, 1.4592, 1.3028, 1.7977]","[-0.1155, 0.2355, 0.596, 0.5592, 0.7611, 0.8964, 1.1026, 1.2546, 1.3037, 1.5107, 1.7909, 1.6969, 1.7705, 2.1099, 1.7609, 1.7504, 1.8418, 1.7986, 1.5283, 1.8512, 1.8106, 1.8746, 2.0687, 2.1701, 2.2942, 2.3832, 2.5992, 2.3854, 2.3895, 2.5431, 2.0699, 1.7635, 1.9881, 2.1977, 2.3955, 2.5617, 2.3749, 1.9555, 2.2309, 2.3759, 1.9398, 1.859, 1.5295, 1.8304, 1.825, 2.0016, 1.9913, 1.955, 1.5931, 1.3438, 1.7047, 1.5127, 1.201, 1.4226, 1.4841, 1.4295, 1.4189, 1.3259, 1.1634, 1.3872, 1.1275, 1.2637, 1.6715, 1.4156, 1.1426, 1.7586]","[0.0, 0.0, 0.0, 0.0, 0.0, 0.0, 0.0, 0.0, 0.0, 0.0, 0.0]","[1.9188, 2.1321, 2.057, 2.0795, 2.1194, 2.1968, 2.1254, 2.3437, 2.1634, 2.1205, 2.1924]","[1.8429, 1.9733, 2.0511, 2.0025, 2.0835, 2.0693, 2.0962, 2.2232, 2.1225, 2.0969, 2.0219]"
-25.91,2024-03-21T15:11:00.000Z,2024-03-21T10:17:00.000Z,22063,USDJPY,LONG,London Open Liquidity Scalp,-0.6172,0.18,41.98,-1.3956,0.557,147.142,147.647,147.647,147.142,1.5,147.503,147.245,147.245,147.891,3.0,0.9,9.2,SL,294,closed,41.98,0.62,147.647,147.142,0.557,-1.1081,1.1742,0.3163,true,true,Thursday,10,15,March,2024,4.9,17640000,147.245,147.503,11113.14,11087.23,6.0,0.3778,1.0,false,false,true,8801,London Open Liquidity Scalp — QA 200,"[0.0, 0.0, 0.0, 0.0, 0.0, 0.0, 0.0, 0.0, 0.0, 0.0, 0.0, 0.0, 0.0, 0.0, 0.0, 0.0, 0.0, 0.0, 0.0, 0.0, 0.0, 0.0, 0.0, 0.0, 0.0, 0.0, 0.0, 0.0, 0.0, 0.0, 0.0, 0.0, 0.0, 0.0, 0.0, 0.0, 0.0, 0.0, 0.0, 0.0, 0.0, 0.0, 0.011, 0.061, 0.0, 0.0, 0.0, 0.0, 0.0, 0.0, 0.0, 0.0045, 0.1666, 0.077, 0.2493, 0.557, 0.0376, 0.0]","[0.6367, 0.6695, 1.1286, 0.7544, 0.7813, 0.6753, 0.5346, 0.6146, 0.5075, 0.7657, 0.8708, 0.9019, 1.1122, 1.0368, 1.3218, 0.7634, 0.7194, 0.8191, 0.9921, 1.1766, 1.3956, 1.3222, 0.7725, 1.0315, 0.6975, 0.9945, 0.7306, 0.7558, 0.511, 0.6103, 0.2268, 0.846, 0.4879, 1.0114, 0.7899, 0.7297, 0.7864, 0.8749, 1.0696, 0.4373, 0.8323, 0.6947, 0.5881, 0.0615, 0.2113, 0.6969, 0.6918, 0.4776, 0.6255, 0.703, 0.3262, 0.1883, 0.0, 0.2541, 0.155, 0.0, 0.2475, 0.8033]","[-0.4175, -0.6122, -0.8694, -0.6996, -0.5043, -0.4465, -0.3868, -0.5439, -0.4708, -0.6586, -0.7692, -0.8047, -0.7862, -0.8786, -0.9346, -0.6331, -0.5108, -0.5977, -0.853, -1.0933, -1.192, -0.9139, -0.6951, -0.9798, -0.5771, -0.7812, -0.6673, -0.6579, -0.3315, -0.4371, -0.1813, -0.6186, -0.358, -0.7109, -0.7395, -0.6576, -0.4397, -0.751, -0.7379, -0.4016, -0.7559, -0.5631, -0.2542, 0.0016, -0.0967, -0.4422, -0.3949, -0.3329, -0.4165, -0.4667, -0.2738, -0.0629, 0.1362, -0.141, 0.136, 0.3222, -0.1013, -0.6172]","[0.0, 0.0, 0.0, 0.0667, 0.0, 0.0371, 0.0, 0.0, 0.0, 0.0, 0.0, 0.0, 0.0532, 0.0488, 0.3163, 0.2532, 0.1943]","[0.5987, 0.4917, 0.374, 0.2259, 0.171, 0.202, 0.2277, 0.2979, 0.3202, 0.3088, 0.133, 0.2097, 0.1943, 0.03, 0.0, 0.0162, 0.0201]","[-0.5083, -0.4046, -0.3009, -0.1413, -0.1356, -0.1275, -0.1334, -0.1762, -0.2684, -0.2923, -0.1179, -0.1973, -0.1259, -0.0063, 0.1679, 0.1281, 0.0581]"
0.15,2024-05-25T14:19:00.000Z,2024-05-25T08:37:00.000Z,22064,XAUUSD,SHORT,London Open Liquidity Scalp,0.003,2.87,50.68,-1.2827,1.1337,2039.765,2039.338,2039.765,2039.338,2.5,2039.538,2039.538,2039.715,2039.096,4.0,2.5,1.0,BE,342,closed,50.68,0.0,2039.338,2039.765,1.1337,0.0026,1.1307,0.0503,false,true,Monday,8,14,May,2024,5.7,20520000,2039.715,2039.538,11087.23,11087.38,8.0,0.4571,1.0,false,false,false,8801,London Open Liquidity Scalp — QA 200,"[0.1023, 0.0, 0.2897, 0.5249, 0.3389, 0.4865, 0.6958, 0.8417, 0.9341, 0.918, 0.7727, 0.7269, 0.8848, 1.0539, 1.1337, 0.8867, 0.7846, 1.0936, 1.0688, 1.0869, 0.5515, 0.5998, 0.4556, 0.1655, 0.0367, 0.0, 0.0, 0.0, 0.0, 0.0, 0.0, 0.0, 0.0, 0.0, 0.0, 0.0, 0.0, 0.0, 0.0, 0.0, 0.0, 0.0, 0.0, 0.0647, 0.1897, 0.0653, 0.0, 0.3012, 0.0, 0.2845, 0.5075, 0.2784, 0.6873, 0.6927, 0.5657, 0.273, 0.1523, 0.254, 0.1635, 0.2806, 0.2012, 0.4097, 0.0936, 0.0, 0.2445, 0.4722, 0.4131, 0.1354, 0.0, 0.1612, 0.6752, 0.651, 0.3453, 0.1548, 0.1536, 0.1988, 0.1033, 0.3968, 0.412, 0.0911]","[0.2149, 0.2471, 0.0163, 0.0, 0.0391, 0.0, 0.0, 0.0, 0.0, 0.0, 0.0, 0.0, 0.0, 0.0, 0.0, 0.0, 0.0, 0.0, 0.0, 0.0, 0.0, 0.0, 0.0, 0.1447, 0.3893, 0.4412, 0.6605, 0.7327, 0.9049, 1.0336, 1.044, 1.2172, 1.2827, 0.8414, 0.7763, 0.769, 0.8293, 0.4423, 0.6567, 0.3823, 0.7178, 0.2736, 0.4269, 0.1311, 0.0, 0.4126, 0.3712, 0.2381, 0.1183, 0.0, 0.0, 0.0, 0.0, 0.0, 0.0, 0.0, 0.1646, 0.1095, 0.0, 0.0, 0.0, 0.0, 0.2042, 0.173, 0.0, 0.0, 0.0, 0.1004, 0.5307, 0.0706, 0.0, 0.0252, 0.0, 0.0951, 0.187, 0.0, 0.0, 0.0058, 0.0, 0.0416]","[0.0584, 0.2368, -0.0633, -0.4042, -0.1409, -0.2841, -0.5105, -0.6853, -0.828, -0.7771, -0.478, -0.6604, -0.754, -0.9075, -0.9056, -0.8099, -0.7584, -0.885, -0.8011, -0.8859, -0.4494, -0.4969, -0.2759, -0.1091, 0.1955, 0.309, 0.3837, 0.6508, 0.8769, 0.9699, 0.9714, 1.1969, 1.0516, 0.7658, 0.7338, 0.7224, 0.7395, 0.4074, 0.6087, 0.3421, 0.581, 0.143, 0.361, 0.0743, -0.0908, 0.1386, 0.2756, -0.035, 0.0694, -0.2045, -0.4782, -0.2517, -0.5249, -0.5454, -0.5271, -0.1303, 0.0672, -0.0468, -0.051, -0.2095, -0.1647, -0.305, 0.0432, 0.1342, -0.2248, -0.3761, -0.3273, 0.0356, 0.2222, -0.1242, -0.3704, -0.3002, -0.2616, -0.033, -0.0524, -0.1841, -0.0897, -0.1997, -0.2506, 0.003]","[0.0, 0.0503, 0.0, 0.0137, 0.0, 0.0, 0.0, 0.0, 0.0, 0.0069, 0.0, 0.0, 0.0, 0.0]","[0.186, 0.1228, 0.1465, 0.1391, 0.2318, 0.1687, 0.2197, 0.0936, 0.2157, 0.2197, 0.2313, 0.2431, 0.3803, 0.461]","[0.1636, 0.0893, 0.0995, 0.0905, 0.1992, 0.1265, 0.1131, 0.0711, 0.1403, 0.0977, 0.1469, 0.1312, 0.3042, 0.3097]"
-18.46,2024-01-21T21:32:00.000Z,2024-01-21T14:36:00.000Z,22065,XAUUSD,LONG,London Open Liquidity Scalp,-0.4108,1.63,44.94,-1.536,0.2794,2045.791,2046.292,2046.292,2045.791,2.5,2046.215,2046.102,2045.939,2046.905,4.0,2.5,1.0,STOP_OUT,416,closed,44.94,0.41,2046.292,2045.791,0.2794,-1.4703,0.6902,0.0,false,true,Monday,14,21,January,2024,6.9333,24960000,2045.939,2046.215,11087.38,11068.92,8.0,0.4053,1.0,false,false,true,8801,London Open Liquidity Scalp — QA 200,"[0.0, 0.0, 0.0392, 0.2794, 0.0, 0.0, 0.0, 0.0, 0.0, 0.0, 0.0888, 0.0, 0.0, 0.0, 0.0, 0.0, 0.0, 0.0, 0.0, 0.0719, 0.0, 0.0, 0.0, 0.0, 0.0, 0.0, 0.0, 0.0, 0.0, 0.0, 0.0, 0.0, 0.0, 0.0, 0.0, 0.0, 0.0, 0.1249, 0.0, 0.0, 0.0, 0.0, 0.0, 0.0, 0.0, 0.0, 0.0, 0.0, 0.0, 0.0, 0.0, 0.0, 0.0, 0.0, 0.0, 0.0, 0.0, 0.0, 0.0, 0.0, 0.0, 0.0, 0.0, 0.0, 0.0082, 0.087, 0.0, 0.0, 0.0, 0.0, 0.0, 0.0, 0.0, 0.0, 0.0, 0.0, 0.0, 0.0, 0.0, 0.0]","[0.7263, 0.6727, 0.3374, 0.0399, 0.3482, 0.5528, 0.7296, 0.6951, 0.9387, 0.4969, 0.5169, 0.6012, 0.9446, 1.0204, 0.9858, 0.707, 0.6425, 0.5218, 0.3673, 0.4303, 0.5848, 0.936, 0.7469, 0.9012, 0.8603, 1.0452, 0.742, 0.4838, 0.2501, 0.8041, 0.2851, 0.3888, 0.5727, 0.2595, 0.7633, 0.2384, 0.205, 0.451, 0.8445, 0.6501, 0.9361, 0.9123, 1.3862, 1.491, 1.4886, 1.536, 1.5123, 1.0363, 1.1983, 1.2448, 1.1136, 0.868, 1.0147, 1.1879, 1.2165, 1.0731, 0.4443, 0.3888, 0.9859, 0.9164, 0.9055, 0.9526, 1.1474, 0.3734, 0.152, 0.4436, 0.8158, 0.8375, 0.8187, 0.828, 0.9848, 1.1677, 1.2622, 0.9905, 1.1873, 1.4932, 1.3279, 1.0545, 1.12, 0.487]","[-0.4029, -0.5068, -0.2004, 0.0728, -0.2262, -0.3744, -0.6339, -0.3886, -0.6528, -0.3638, -0.1871, -0.5458, -0.8331, -0.8589, -0.9398, -0.5899, -0.5505, -0.4215, -0.2935, -0.2156, -0.5527, -0.7658, -0.542, -0.7549, -0.7114, -0.9864, -0.6349, -0.3843, -0.0902, -0.4594, -0.1881, -0.3672, -0.4169, -0.1908, -0.4986, -0.2131, -0.0993, -0.2335, -0.4653, -0.5662, -0.8616, -0.8107, -1.0566, -1.3125, -1.0755, -1.1809, -1.3722, -0.9398, -1.1035, -0.936, -0.8652, -0.7341, -0.7882, -1.0644, -1.1603, -0.742, -0.363, -0.2724, -0.5896, -0.6054, -0.6949, -0.7402, -0.7381, -0.3447, -0.1096, -0.1527, -0.5003, -0.6813, -0.761, -0.6897, -0.9132, -1.1422, -1.1409, -0.7595, -1.0197, -1.2407, -1.0432, -0.9367, -0.9233, -0.4108]","[0.0, 0.0, 0.0, 0.0, 0.0, 0.0, 0.0]","[0.749, 0.7218, 0.8079, 0.836, 0.7226, 0.9319, 0.6844]","[-0.5099, -0.6039, -0.7114, -0.6972, -0.6498, -0.7488, -0.6562]"
-22.61,2025-10-13T17:59:00.000Z,2025-10-13T15:57:00.000Z,22066,USDJPY,SHORT,London Open Liquidity Scalp,-0.4166,0.29,54.27,-0.8089,1.4776,145.936,145.473,145.936,145.473,1.5,145.772,145.856,145.974,145.468,3.0,0.9,9.2,MANUAL,122,closed,54.27,0.42,145.473,145.936,1.4776,-0.2819,1.8942,0.4996,true,false,Monday,15,17,October,2025,2.0333,7320000,145.974,145.772,11068.92,11046.31,6.0,0.4903,1.0,false,false,true,8801,London Open Liquidity Scalp — QA 200,"[0.0, 0.2171, 0.5233, 0.4773, 0.7732, 1.0015, 1.0167, 1.3586, 1.4394, 1.4776, 1.2063, 0.9645, 0.9365, 0.9924, 0.9862, 1.0428, 0.8523, 0.8691, 0.9126, 0.7587, 0.7158, 0.547, 0.4946, 0.747, 0.6764, 0.4494, 0.8593, 0.7854, 0.5976, 0.2057, 0.3105, 0.1566, 0.3106, 0.3183, 0.4414, 0.1795, 0.3174, 0.4293, 0.3466, 0.6548, 0.3601, 0.2418, 0.0, 0.0, 0.0, 0.0, 0.0, 0.0, 0.0, 0.0, 0.0, 0.0, 0.0, 0.0, 0.0, 0.1572, 0.1941, 0.0, 0.4022, 0.4381, 0.5428, 0.4808, 0.7652, 0.5938, 0.3027, 0.4651, 0.4792, 0.2788, 0.0548, 0.2567, 0.1552, 0.4315, 0.2512, 0.5113, 0.5224, 0.5553, 0.612, 0.238, 0.3342, 0.6272]","[0.2384, 0.2197, 0.0, 0.0, 0.0, 0.0, 0.0, 0.0, 0.0, 0.0, 0.0, 0.0, 0.0, 0.0, 0.0, 0.0, 0.0, 0.0, 0.0, 0.0, 0.0, 0.0, 0.0, 0.0, 0.0, 0.0, 0.0, 0.0, 0.0, 0.145, 0.0, 0.0, 0.0, 0.0, 0.0, 0.0, 0.0, 0.0, 0.0, 0.0, 0.0, 0.0, 0.0637, 0.4557, 0.4282, 0.5553, 0.3928, 0.2932, 0.5047, 0.8089, 0.6618, 0.5398, 0.5969, 0.6977, 0.4107, 0.084, 0.281, 0.495, 0.0, 0.0, 0.0, 0.0, 0.0, 0.0, 0.0, 0.0, 0.0, 0.0, 0.0129, 0.1017, 0.0531, 0.036, 0.1067, 0.0, 0.0, 0.0, 0.0, 0.1565, 0.0, 0.0]","[0.1729, -0.0723, -0.3771, -0.3274, -0.6475, -0.9361, -0.8422, -1.1351, -1.2668, -1.4303, -1.0678, -0.9237, -0.8816, -0.9191, -0.9004, -0.9688, -0.8353, -0.8238, -0.8046, -0.6556, -0.6472, -0.3621, -0.4258, -0.5181, -0.5793, -0.4119, -0.7208, -0.775, -0.5051, -0.1375, -0.266, -0.0612, -0.2924, -0.2589, -0.385, -0.1318, -0.2004, -0.3299, -0.3208, -0.5117, -0.2848, -0.1892, 0.034, 0.2681, 0.3325, 0.5122, 0.2957, 0.2448, 0.3354, 0.5749, 0.4634, 0.4847, 0.5426, 0.4211, 0.2429, -0.1176, 0.0613, 0.2042, -0.201, -0.2752, -0.4903, -0.4615, -0.6673, -0.3823, -0.172, -0.4038, -0.4493, -0.2588, -0.0397, -0.1473, -0.0915, -0.1581, -0.1287, -0.2428, -0.272, -0.5085, -0.2833, -0.0172, -0.3062, -0.4166]","[0.4996, 0.4357, 0.3127, 0.4256, 0.2745, 0.2642, 0.0858, 0.1338, 0.1849, 0.1316, 0.2481, 0.2217, 0.1898, 0.303]","[0.0, 0.0, 0.0, 0.0, 0.0, 0.0, 0.0, 0.0, 0.0, 0.0, 0.0, 0.0, 0.0135, 0.0]","[-0.2987, -0.4075, -0.2878, -0.3932, -0.2205, -0.1774, -0.0687, -0.0965, -0.1486, -0.1193, -0.2096, -0.1962, -0.1071, -0.1716]"
75.87,2024-05-30T18:38:00.000Z,2024-05-30T13:18:00.000Z,22067,NQ,SHORT,London Open Liquidity Scalp,1.8637,0.34,40.71,-1.9695,0.0,18492.82579,18480.97882,18492.82579,18469.76898,2.5,18480.97882,18469.76898,18486.99404,18465.94078,4.5,0.75,5.0,Trailing SL,320,closed,40.71,1.86,18480.97882,18492.82579,0.0,0.0,-1.8637,0.0,false,true,Thursday,13,18,May,2024,5.3333,19200000,18486.99404,18480.97882,11046.31,11122.18,9.0,0.3685,1.0,false,false,false,8801,London Open Liquidity Scalp — QA 200,"[0.0, 0.0, 0.0, 0.0, 0.0, 0.0, 0.0, 0.0, 0.0, 0.0, 0.0, 0.0, 0.0, 0.0, 0.0, 0.0, 0.0, 0.0, 0.0, 0.0, 0.0]","[0.6906, 0.5104, 0.7012, 0.8182, 0.6128, 1.0127, 0.8971, 1.0821, 1.1721, 1.466, 1.4039, 1.3357, 1.4522, 1.0286, 1.4712, 1.8806, 1.8456, 1.5933, 1.3205, 1.4555, 1.9695]","[0.436, 0.3604, 0.6546, 0.6837, 0.5537, 0.7537, 0.8541, 0.9276, 0.9459, 1.3365, 1.2546, 1.0503, 1.1899, 1.0211, 1.4177, 1.5792, 1.8297, 1.5173, 1.2192, 1.223, 1.8637]","[0.0, 0.0, 0.0, 0.0, 0.0, 0.0, 0.0, 0.0, 0.0, 0.0, 0.0, 0.0, 0.0]","[2.0059, 2.1357, 1.9767, 1.9979, 2.1734, 2.1945, 2.343, 2.3517, 2.2314, 2.4571, 2.5091, 2.4705, 2.705]","[1.9982, 2.027, 1.9223, 1.9797, 2.1252, 2.1391, 2.2104, 2.2036, 2.2016, 2.285, 2.4647, 2.412, 2.5292]"
62.65,2025-03-20T14:51:00.000Z,2025-03-20T08:02:00.000Z,22068,EURUSD,LONG,London Open Liquidity Scalp,1.5067,0.17,41.58,-0.0,2.2025,1.09675,1.10219,1.10219,1.09675,2.5,1.09675,1.10047,1.09428,1.10293,3.0,0.8,10.0,MANUAL,409,closed,41.58,1.51,1.10219,1.09675,2.2025,0.6841,0.6958,2.146,false,false,Thursday,8,14,March,2025,6.8167,24540000,1.09428,1.09675,11122.18,11184.83,6.0,0.3738,1.0,false,false,true,8801,London Open Liquidity Scalp — QA 200,"[0.7549, 1.115, 1.502, 1.2992, 1.3591, 1.8555, 1.4491, 1.3144, 1.0162, 0.8125, 1.1952, 1.5095, 1.3802, 1.4904, 1.3336, 0.9998, 1.2952, 1.2105, 1.7319, 1.5111, 1.1724, 1.7023, 1.7919, 1.554, 1.6461, 1.4441, 1.3092, 1.6884, 1.7419, 1.9804, 1.5823, 1.6106, 1.4578, 1.39, 1.5861, 1.2484, 1.1848, 1.3267, 1.4063, 1.3765, 0.941, 0.8173, 1.1533, 1.0247, 0.8409, 1.1291, 1.422, 1.4649, 1.3321, 1.5178, 1.721, 1.4358, 1.7122, 1.6373, 1.3493, 1.365, 1.2066, 1.1622, 1.5659, 1.4847, 1.4958, 1.5226, 1.747, 1.7065, 1.8579, 1.9357, 1.6937, 2.0188, 2.1906, 1.7077, 1.7857, 1.6219, 2.0891, 2.2025, 1.8671, 1.8336, 1.979, 1.5911, 1.5265, 1.6903]","[0.0, 0.0, 0.0, 0.0, 0.0, 0.0, 0.0, 0.0, 0.0, 0.0, 0.0, 0.0, 0.0, 0.0, 0.0, 0.0, 0.0, 0.0, 0.0, 0.0, 0.0, 0.0, 0.0, 0.0, 0.0, 0.0, 0.0, 0.0, 0.0, 0.0, 0.0, 0.0, 0.0, 0.0, 0.0, 0.0, 0.0, 0.0, 0.0, 0.0, 0.0, 0.0, 0.0, 0.0, 0.0, 0.0, 0.0, 0.0, 0.0, 0.0, 0.0, 0.0, 0.0, 0.0, 0.0, 0.0, 0.0, 0.0, 0.0, 0.0, 0.0, 0.0, 0.0, 0.0, 0.0, 0.0, 0.0, 0.0, 0.0, 0.0, 0.0, 0.0, 0.0, 0.0, 0.0, 0.0, 0.0, 0.0, 0.0, 0.0]","[0.6492, 1.0611, 1.3805, 1.2646, 1.2191, 1.562, 1.3293, 1.0339, 0.8396, 0.6746, 1.1719, 1.2583, 1.3642, 1.2234, 1.2145, 0.948, 1.1824, 1.1897, 1.4862, 1.2843, 1.0242, 1.3819, 1.7093, 1.4706, 1.5701, 1.3949, 1.2567, 1.6346, 1.6963, 1.7267, 1.5303, 1.5775, 1.2885, 1.229, 1.4728, 1.179, 1.1378, 1.2146, 1.2663, 1.1434, 0.867, 0.715, 0.8115, 0.8831, 0.7462, 1.0125, 1.2587, 1.3635, 1.2163, 1.3039, 1.4267, 1.1214, 1.4975, 1.556, 1.2424, 1.2456, 1.1542, 0.9539, 1.2607, 1.3283, 1.4496, 1.4838, 1.4878, 1.5458, 1.7367, 1.8217, 1.6237, 1.9598, 2.0187, 1.6603, 1.7337, 1.5892, 1.8744, 2.0597, 1.6391, 1.725, 1.7407, 1.4312, 1.3603, 1.5067]","[1.7295, 1.5898, 1.854, 1.9431, 2.146, 2.0807, 1.9988, 1.8845]","[0.0, 0.0, 0.0, 0.0, 0.0, 0.0, 0.0, 0.0]","[1.6281, 1.5608, 1.7348, 1.8886, 1.9886, 2.0263, 1.9158, 1.8293]"
-30.08,2025-06-20T20:29:00.000Z,2025-06-20T15:14:00.000Z,22069,GBPUSD,SHORT,London Open Liquidity Scalp,-0.6692,0.3,44.95,-0.1959,1.1786,1.25358,1.25154,1.25429,1.25154,1.5,1.25329,1.25429,1.25478,1.25106,3.5,1.2,10.0,MANUAL,315,closed,44.95,0.67,1.25154,1.25358,1.1786,-0.5678,1.8478,0.7016,true,false,Friday,15,20,June,2025,5.25,18900000,1.25478,1.25329,11184.83,11154.75,7.0,0.4019,1.0,false,false,true,8801,London Open Liquidity Scalp — QA 200,"[0.484, 0.9586, 0.4819, 0.4451, 0.609, 1.1786, 0.7463, 0.3921, 0.2385, 0.1918, 0.2177, 0.1395, 0.4649, 0.5832, 0.3932, 0.6601, 0.4859, 0.1246, 0.132, 0.3478, 0.7945]","[0.0, 0.0, 0.0, 0.0, 0.0, 0.0, 0.0, 0.0, 0.0, 0.0, 0.0, 0.1959, 0.0, 0.0, 0.1084, 0.0, 0.0, 0.0, 0.0021, 0.0, 0.0]","[-0.4586, -0.8004, -0.4319, -0.434, -0.5871, -0.927, -0.6341, -0.3548, -0.2212, -0.0892, -0.1788, 0.0705, -0.3378, -0.2672, -0.1601, -0.5166, -0.3019, -0.0965, -0.064, -0.2507, -0.6692]","[0.5954, 0.6694, 0.7016, 0.5872, 0.5422, 0.4891, 0.4113, 0.2018, 0.3483, 0.3561, 0.2068, 0.1022, 0.1234, 0.3023, 0.2881, 0.271, 0.336, 0.5554]","[0.0, 0.0, 0.0, 0.0, 0.0, 0.0, 0.0, 0.0, 0.0, 0.0, 0.0, 0.0935, 0.0, 0.0, 0.0, 0.0, 0.0, 0.0]","[-0.5663, -0.6073, -0.577, -0.462, -0.5297, -0.3836, -0.3428, -0.1814, -0.2956, -0.3145, -0.1752, -0.0301, -0.0941, -0.1895, -0.2612, -0.1815, -0.2817, -0.3853]"
94.83,2025-05-24T17:37:00.000Z,2025-05-24T14:42:00.000Z,22070,EURUSD,SHORT,London Open Liquidity Scalp,1.9333,0.18,49.05,-3.3499,0.0976,1.07524,1.06569,1.07524,1.06061,2.5,1.06596,1.06061,1.06873,1.05904,3.0,0.8,10.0,MANUAL,175,closed,49.05,1.93,1.06569,1.07524,0.0976,19.8084,-1.8357,0.0,false,true,Monday,14,17,May,2025,2.9167,10500000,1.06873,1.06596,11154.75,11249.58,6.0,0.4397,1.0,false,false,true,8801,London Open Liquidity Scalp — QA 200,"[0.0976, 0.0, 0.0, 0.0, 0.0, 0.0, 0.0, 0.0, 0.0, 0.0, 0.0, 0.0, 0.0, 0.0, 0.0, 0.0, 0.0, 0.0, 0.0, 0.0, 0.0, 0.0, 0.0, 0.0, 0.0, 0.0, 0.0, 0.0, 0.0, 0.0, 0.0, 0.0, 0.0, 0.0, 0.0, 0.0, 0.0, 0.0, 0.0, 0.0, 0.0, 0.0, 0.0, 0.0, 0.0, 0.0, 0.0, 0.0, 0.0, 0.0, 0.0, 0.0, 0.0, 0.0, 0.0, 0.0, 0.0, 0.0, 0.0, 0.0, 0.0, 0.0, 0.0, 0.0, 0.0, 0.0, 0.0, 0.0, 0.0, 0.0, 0.0, 0.0, 0.0, 0.0, 0.0, 0.0, 0.0, 0.0, 0.0, 0.0]","[0.0, 0.7277, 0.7639, 0.6094, 0.6684, 1.1884, 1.5168, 1.2863, 1.2941, 1.4509, 1.3068, 1.5257, 1.8696, 1.8202, 2.1748, 1.877, 1.8227, 2.1795, 2.0599, 2.1167, 1.9153, 1.7377, 1.9373, 1.8891, 1.8623, 1.8276, 2.0483, 2.0947, 1.7952, 2.1029, 2.1194, 2.3272, 2.5972, 2.6101, 2.5861, 2.4932, 2.6811, 2.8813, 3.3499, 3.0709, 2.9107, 2.6786, 2.7367, 2.3065, 2.1555, 2.3189, 2.1749, 2.1731, 2.4687, 2.5673, 2.5295, 2.8645, 2.7981, 2.9404, 2.7254, 2.7462, 2.516, 2.4404, 2.2211, 2.1354, 2.0383, 1.9336, 2.0865, 1.8771, 2.1579, 2.5359, 1.9326, 1.7745, 1.867, 1.7103, 1.5922, 1.3099, 1.724, 1.3348, 1.8686, 2.1247, 2.1242, 1.9705, 2.3151, 2.1743]","[-0.0653, 0.4926, 0.6086, 0.4852, 0.6224, 1.1378, 1.2938, 1.1913, 1.0391, 1.3326, 1.2271, 1.4986, 1.779, 1.7832, 2.0818, 1.8362, 1.8082, 2.0192, 1.9194, 2.0177, 1.7863, 1.697, 1.897, 1.747, 1.749, 1.7912, 1.9139, 2.0766, 1.7433, 1.9619, 1.8583, 2.2028, 2.3035, 2.3717, 2.535, 2.3952, 2.6195, 2.7765, 3.0358, 3.0296, 2.6928, 2.6675, 2.6123, 2.252, 2.1416, 2.2916, 2.0404, 2.1066, 2.3134, 2.2584, 2.4102, 2.4887, 2.7085, 2.6429, 2.7069, 2.5861, 2.3403, 2.3296, 2.1374, 1.8534, 1.734, 1.8756, 1.91, 1.7903, 2.0421, 2.1487, 1.8677, 1.6464, 1.7443, 1.5659, 1.3647, 1.2815, 1.6103, 1.3107, 1.6246, 1.8544, 2.0878, 1.935, 2.2803, 1.9333]","[0.0, 0.0, 0.0, 0.0, 0.0, 0.0, 0.0, 0.0, 0.0, 0.0, 0.0, 0.0, 0.0]","[1.9778, 2.2299, 2.3182, 2.5262, 2.3688, 2.3825, 2.2236, 2.24, 2.3861, 2.4282, 2.4429, 2.281, 2.4487]","[1.9632, 2.0857, 2.2371, 2.3737, 2.2723, 2.2848, 2.1767, 2.2079, 2.3342, 2.4018, 2.354, 2.2552, 2.4089]"
65.81,2024-10-27T17:26:00.000Z,2024-10-27T14:04:00.000Z,22071,GBPUSD,SHORT,London Open Liquidity Scalp,1.2207,0.31,53.91,-1.2585,0.0564,1.24607,1.2438,1.24607,1.2418,2.5,1.2439,1.2418,1.24562,1.23959,3.5,1.2,10.0,MANUAL,202,closed,53.91,1.22,1.2438,1.24607,0.0564,21.6436,-1.1643,0.0,false,true,Monday,14,17,October,2024,3.3667,12120000,1.24562,1.2439,11249.58,11315.39,7.0,0.4792,1.0,false,false,false,8801,London Open Liquidity Scalp — QA 200,"[0.0, 0.0564, 0.0, 0.0, 0.0, 0.0, 0.0, 0.0, 0.0, 0.0, 0.0, 0.0, 0.0]","[0.2016, 0.642, 0.659, 0.7487, 0.9359, 0.7631, 0.8131, 0.5318, 0.9634, 1.227, 0.823, 0.9903, 1.2585]","[0.1509, 0.2992, 0.4892, 0.5224, 0.7721, 0.5669, 0.5413, 0.4804, 0.7545, 0.9803, 0.7564, 0.953, 1.2207]","[0.0, 0.0, 0.0, 0.0, 0.0, 0.0, 0.0, 0.0, 0.0, 0.0]","[1.2937, 1.2132, 1.2875, 1.2995, 1.4535, 1.3067, 1.4252, 1.5186, 1.4715, 1.479]","[1.1985, 1.1889, 1.2536, 1.1747, 1.3535, 1.2622, 1.3469, 1.4731, 1.3747, 1.4517]"
34.38,2025-06-29T18:20:00.000Z,2025-06-29T13:59:00.000Z,22072,USDJPY,LONG,London Open Liquidity Scalp,0.7318,0.2,46.98,-0.1733,1.0384,148.332,148.645,148.893,148.332,2.0,148.377,148.893,148.119,148.893,3.0,0.9,9.2,TP,261,closed,46.98,0.73,148.645,148.332,1.8302,0.3998,0.3066,1.8302,false,false,Monday,13,18,June,2025,4.35,15660000,148.119,148.377,11315.39,11349.77,6.0,0.4152,1.0,false,false,true,8801,London Open Liquidity Scalp — QA 200,"[0.3344, 0.1483, 0.6022, 0.6395, 0.9477, 1.0384, 0.8381, 0.6903, 0.4556, 0.1857, 0.6197, 0.3104, 0.2002, 0.0808, 0.0656, 0.0998, 0.8355]","[0.0277, 0.0, 0.0, 0.0, 0.0, 0.0, 0.0, 0.0, 0.0, 0.0, 0.0, 0.0, 0.0, 0.1393, 0.0134, 0.1733, 0.0]","[0.1865, 0.1139, 0.5286, 0.5102, 0.784, 0.719, 0.7924, 0.5844, 0.3394, 0.1531, 0.4002, 0.1963, 0.1853, -0.0405, 0.0043, -0.0825, 0.7318]","[0.9397, 1.0045, 1.3016, 1.1924, 1.3, 1.3222, 1.3276, 1.4039, 1.4648, 1.3991, 1.53, 1.6847, 1.5929, 1.758, 1.6435, 1.8302]","[0.0, 0.0, 0.0, 0.0, 0.0, 0.0, 0.0, 0.0, 0.0, 0.0, 0.0, 0.0, 0.0, 0.0, 0.0, 0.0]","[0.8032, 0.9709, 1.1066, 1.1609, 1.1023, 1.1738, 1.3068, 1.2398, 1.3957, 1.3376, 1.4724, 1.5927, 1.5511, 1.713, 1.6312, 1.7356]"
70.72,2024-06-03T13:49:00.000Z,2024-06-03T07:28:00.000Z,22073,EURUSD,SHORT,London Open Liquidity Scalp,1.6601,0.33,42.6,-2.5972,0.0,1.09182,1.08849,1.09182,1.08593,2.0,1.08849,1.08593,1.08977,1.08593,3.0,0.8,10.0,TP,381,closed,42.6,1.66,1.08849,1.09182,0.0,0.0,-1.6601,0.0,false,true,Monday,7,13,June,2024,6.35,22860000,1.08977,1.08849,11349.77,11420.49,6.0,0.3753,1.0,false,true,false,8801,London Open Liquidity Scalp — QA 200,"[0.0, 0.0, 0.0, 0.0, 0.0, 0.0, 0.0, 0.0, 0.0, 0.0, 0.0, 0.0, 0.0, 0.0, 0.0, 0.0, 0.0, 0.0, 0.0, 0.0, 0.0, 0.0, 0.0, 0.0, 0.0, 0.0, 0.0, 0.0, 0.0, 0.0, 0.0, 0.0, 0.0, 0.0, 0.0, 0.0, 0.0, 0.0, 0.0, 0.0, 0.0, 0.0, 0.0, 0.0, 0.0, 0.0, 0.0, 0.0, 0.0, 0.0, 0.0, 0.0, 0.0, 0.0, 0.0, 0.0, 0.0, 0.0, 0.0, 0.0, 0.0, 0.0, 0.0, 0.0, 0.0, 0.0, 0.0, 0.0, 0.0, 0.0, 0.0, 0.0, 0.0, 0.0, 0.0, 0.0]","[0.5757, 0.4336, 0.6219, 0.7169, 1.0435, 1.4738, 1.4986, 1.6505, 1.6225, 1.4917, 2.141, 2.1878, 2.0426, 2.1579, 2.2161, 2.1713, 1.7435, 1.5543, 1.2668, 1.0771, 1.4487, 1.1535, 0.9936, 1.1756, 1.4465, 1.6707, 1.3637, 1.4583, 1.5889, 2.0015, 1.6501, 1.2959, 1.0998, 0.9378, 0.8971, 0.934, 0.6996, 1.2068, 1.3554, 1.2563, 1.3136, 1.2419, 1.3874, 1.2748, 1.5337, 1.6766, 1.8735, 1.6004, 1.4819, 1.1769, 1.1161, 1.1536, 1.4638, 1.3283, 1.3332, 1.5039, 1.4228, 1.4838, 1.7464, 1.6573, 2.0782, 2.1389, 2.0904, 2.3282, 2.2714, 2.4406, 2.5972, 2.3683, 2.3446, 2.3737, 2.4955, 2.3134, 2.4465, 2.5248, 2.5331, 1.7268]","[0.4401, 0.4125, 0.5087, 0.6943, 0.9846, 1.2809, 1.4292, 1.4239, 1.6061, 1.4053, 1.7506, 1.9781, 2.0059, 1.8168, 1.9632, 2.0469, 1.7053, 1.526, 1.2034, 0.9481, 1.314, 1.0642, 0.9551, 1.1039, 1.2107, 1.4873, 1.1778, 1.3567, 1.5391, 1.7375, 1.5113, 1.2594, 1.0115, 0.8091, 0.7858, 0.8993, 0.6511, 1.0907, 1.2902, 1.2311, 1.1594, 1.0298, 1.2325, 1.232, 1.2798, 1.623, 1.8475, 1.4983, 1.2628, 1.1476, 1.0894, 1.1158, 1.3136, 1.0461, 1.1081, 1.4065, 1.3299, 1.2363, 1.5889, 1.6493, 1.8905, 1.8077, 2.0145, 2.2336, 2.2347, 2.3616, 2.4972, 2.2041, 2.0413, 2.115, 2.3292, 2.2422, 2.4086, 2.2187, 2.3794, 1.6601]","[0.0, 0.0, 0.0, 0.0, 0.0, 0.0, 0.0, 0.0, 0.0, 0.0, 0.0, 0.0, 0.0, 0.0, 0.0, 0.0, 0.0, 0.0]","[1.7789, 1.7734, 1.8202, 1.962, 2.1414, 2.2267, 2.2297, 2.415, 2.2412, 2.4507, 2.2181, 2.2859, 2.3011, 2.3226, 2.5635, 2.4597, 2.4044, 2.4732]","[1.7626, 1.7472, 1.7894, 1.9076, 1.9952, 2.1743, 2.1898, 2.3179, 2.2163, 2.2539, 2.2134, 2.228, 2.1273, 2.2658, 2.351, 2.297, 2.2931, 2.36]"
-3.73,2024-07-18T12:26:00.000Z,2024-07-18T08:14:00.000Z,22074,XAUUSD,SHORT,London Open Liquidity Scalp,-0.0704,2.07,53.0,-1.0127,0.7703,2074.167,2073.711,2074.167,2073.711,2.0,2073.908,2073.898,2074.164,2073.396,4.0,2.5,1.0,BE,252,closed,53.0,0.07,2073.711,2074.167,0.7703,-0.0914,0.8407,0.1467,true,true,Thursday,8,12,July,2024,4.2,15120000,2074.164,2073.908,11420.49,11416.76,8.0,0.4641,1.0,false,false,false,8801,London Open Liquidity Scalp — QA 200,"[0.0037, 0.4178, 0.0993, 0.0, 0.2342, 0.2329, 0.1581, 0.0, 0.0, 0.2125, 0.0239, 0.1287, 0.0, 0.0, 0.1771, 0.1166, 0.3446, 0.3588, 0.7023, 0.4119, 0.4816, 0.3823, 0.7703, 0.2586, 0.124, 0.3028, 0.5634, 0.2181, 0.3798, 0.5701, 0.5485, 0.1898, 0.2879, 0.3601, 0.1469, 0.1624, 0.0263, 0.0, 0.0, 0.0, 0.0, 0.0, 0.0, 0.0, 0.0, 0.0, 0.0, 0.0, 0.0, 0.3742]","[0.0617, 0.0, 0.0121, 0.415, 0.1121, 0.0, 0.1891, 0.3776, 0.225, 0.3923, 0.3496, 0.0823, 0.3103, 0.3879, 0.3581, 0.0, 0.0, 0.0, 0.0, 0.0362, 0.0, 0.0, 0.0, 0.0, 0.0, 0.0, 0.0, 0.0657, 0.0, 0.0, 0.0, 0.0, 0.1344, 0.0, 0.0267, 0.2698, 0.2169, 0.4852, 0.7074, 1.0127, 0.9421, 0.5031, 0.7661, 0.837, 0.7881, 0.6625, 0.7326, 0.719, 0.6606, 0.0586]","[0.0529, -0.1411, -0.0175, 0.3153, 0.0009, -0.1827, -0.012, 0.3147, 0.1092, 0.0741, 0.2001, -0.0125, 0.2159, 0.3573, 0.1255, -0.0807, -0.1948, -0.2936, -0.4836, -0.1895, -0.4257, -0.3443, -0.488, -0.21, -0.0694, -0.2349, -0.3538, -0.1106, -0.2294, -0.3742, -0.3396, -0.1192, -0.0864, -0.0946, -0.0614, 0.1336, 0.143, 0.3929, 0.5658, 0.7482, 0.7204, 0.4587, 0.721, 0.6421, 0.7091, 0.37, 0.5293, 0.6892, 0.4139, -0.0704]","[0.1467, 0.0, 0.0, 0.0, 0.017, 0.0]","[0.0525, 0.115, 0.085, 0.1583, 0.0967, 0.2154]","[-0.0309, 0.0942, 0.0522, 0.1011, 0.0399, 0.1853]"
-39.06,2024-03-19T14:46:00.000Z,2024-03-19T08:31:00.000Z,22075,GBPUSD,LONG,London Open Liquidity Scalp,-0.8823,0.23,44.27,-2.0778,0.3183,1.27423,1.27881,1.27881,1.27423,2.0,1.2782,1.27629,1.27629,1.28202,3.5,1.2,10.0,SL,375,closed,44.27,0.88,1.27881,1.27423,0.3183,-2.7719,1.2006,0.0,false,true,Tuesday,8,14,March,2024,6.25,22500000,1.27629,1.2782,11416.76,11377.7,7.0,0.3878,1.0,false,false,true,8801,London Open Liquidity Scalp — QA 200,"[0.0, 0.0, 0.0367, 0.0, 0.03, 0.1437, 0.1717, 0.0, 0.0293, 0.3183, 0.0, 0.0, 0.0, 0.0, 0.0, 0.0, 0.0, 0.0, 0.0, 0.0, 0.0, 0.0, 0.0, 0.0, 0.0, 0.0, 0.0, 0.0, 0.0, 0.0, 0.0, 0.0, 0.0, 0.0, 0.0, 0.0, 0.0, 0.0, 0.0, 0.0, 0.0, 0.0, 0.0, 0.0, 0.0, 0.0, 0.0, 0.0, 0.0, 0.0, 0.0, 0.0, 0.0, 0.0, 0.0, 0.0, 0.0, 0.0, 0.0, 0.0, 0.0, 0.0, 0.0, 0.0, 0.0, 0.0, 0.0, 0.0, 0.0, 0.0, 0.0, 0.0, 0.0, 0.0, 0.0]","[0.3081, 0.6219, 0.1612, 0.4147, 0.4651, 0.4268, 0.1928, 0.2104, 0.121, 0.1705, 0.4665, 1.0906, 1.0379, 1.0233, 1.2635, 1.6019, 1.681, 1.5522, 1.6264, 1.7798, 1.4854, 1.5334, 1.5948, 1.9359, 2.0778, 1.7652, 1.5471, 1.3767, 1.5302, 1.2027, 1.2843, 1.2936, 1.1976, 0.9715, 0.9318, 0.9797, 0.8399, 0.9867, 1.1417, 0.7602, 0.7645, 1.0884, 1.1963, 0.8946, 1.2244, 1.4972, 1.6896, 1.24, 1.6576, 1.8948, 1.6889, 1.6598, 1.7832, 1.643, 1.59, 1.8036, 1.581, 1.4592, 1.647, 1.931, 1.6986, 1.2267, 1.1755, 1.3022, 1.0624, 1.031, 0.7779, 0.763, 1.0447, 1.4306, 1.3727, 1.1293, 1.2205, 1.4047, 1.106]","[-0.2663, -0.4129, -0.1071, -0.2511, -0.3178, -0.0629, -0.0424, -0.0863, -0.0614, 0.0225, -0.4219, -0.8145, -0.9307, -0.8787, -1.2277, -1.3381, -1.49, -1.3898, -1.6094, -1.6761, -1.4402, -1.4232, -1.5592, -1.6581, -1.8433, -1.739, -1.3629, -1.2605, -1.4772, -1.0976, -1.2188, -1.0803, -1.1096, -0.802, -0.8909, -0.8317, -0.7708, -0.6525, -0.8938, -0.6266, -0.6972, -1.0297, -1.1125, -0.8044, -1.1254, -1.2959, -1.5447, -1.1682, -1.372, -1.6039, -1.4166, -1.3452, -1.5413, -1.4004, -1.3546, -1.5082, -1.5091, -1.27, -1.4917, -1.691, -1.3124, -1.1343, -0.9624, -1.1683, -0.9907, -0.9362, -0.6707, -0.6173, -0.9947, -1.0834, -1.1048, -0.9095, -1.1256, -1.1319, -0.8823]","[0.0, 0.0, 0.0, 0.0, 0.0, 0.0, 0.0, 0.0]","[0.9235, 1.1096, 1.106, 1.0449, 0.9727, 0.8542, 0.9052, 0.9844]","[-0.8994, -0.903, -0.9938, -0.9171, -0.901, -0.7658, -0.8475, -0.9517]"
-39.32,2025-10-18T10:54:00.000Z,2025-10-18T10:06:00.000Z,22076,EURUSD,LONG,London Open Liquidity Scalp,-0.844,0.24,46.59,-1.0145,0.2982,1.09575,1.09828,1.09828,1.09575,3.0,1.09771,1.09608,1.09578,1.10349,3.0,0.8,10.0,MANUAL,48,closed,46.59,0.84,1.09828,1.09575,0.2982,-2.8303,1.1422,0.0,false,true,Monday,10,10,October,2025,0.8,2880000,1.09578,1.09771,11377.7,11338.38,6.0,0.4095,1.0,false,false,false,8801,London Open Liquidity Scalp — QA 200,"[0.2982, 0.1232, 0.0, 0.055, 0.0, 0.0, 0.0, 0.0]","[0.215, 0.0, 0.0955, 0.2578, 0.8197, 0.9612, 1.0145, 0.9147]","[0.0697, 0.0974, -0.0763, -0.0666, -0.4082, -0.795, -0.8723, -0.844]","[0.0, 0.0, 0.0, 0.0, 0.0, 0.0, 0.0, 0.0, 0.0, 0.0, 0.0, 0.0]","[0.8763, 1.0038, 0.8147, 0.8218, 0.8555, 0.8043, 0.5554, 0.49, 0.6493, 0.5777, 0.5537, 0.537]","[-0.8201, -0.8534, -0.7697, -0.7516, -0.7072, -0.6561, -0.5069, -0.4597, -0.5359, -0.4499, -0.5244, -0.4844]"
129.46,2024-04-04T16:52:00.000Z,2024-04-04T15:21:00.000Z,22077,NQ,SHORT,London Open Liquidity Scalp,2.9409,0.46,44.02,-3.7663,0.0,18327.11255,18309.13914,18327.11255,18294.82264,3.0,18309.13914,18294.82264,18313.91131,18294.82264,4.5,0.75,5.0,TP,91,closed,44.02,2.94,18309.13914,18327.11255,0.0,0.0,-2.9409,0.0,false,true,Thursday,15,16,April,2024,1.5167,5460000,18313.91131,18309.13914,11338.38,11467.84,9.0,0.3882,1.0,false,false,false,8801,London Open Liquidity Scalp — QA 200,"[0.0, 0.0, 0.0, 0.0, 0.0, 0.0, 0.0, 0.0, 0.0, 0.0, 0.0, 0.0, 0.0, 0.0, 0.0, 0.0, 0.0, 0.0, 0.0, 0.0, 0.0, 0.0, 0.0, 0.0, 0.0, 0.0, 0.0, 0.0, 0.0, 0.0, 0.0, 0.0, 0.0, 0.0, 0.0, 0.0, 0.0, 0.0, 0.0, 0.0, 0.0, 0.0, 0.0, 0.0, 0.0, 0.0, 0.0, 0.0, 0.0, 0.0, 0.0, 0.0, 0.0, 0.0, 0.0, 0.0, 0.0, 0.0, 0.0, 0.0, 0.0, 0.0, 0.0, 0.0, 0.0, 0.0, 0.0, 0.0, 0.0, 0.0, 0.0, 0.0, 0.0, 0.0, 0.0, 0.0, 0.0, 0.0, 0.0, 0.0]","[0.6325, 1.3412, 1.6298, 1.3507, 1.9756, 2.5711, 2.8123, 2.6499, 2.9193, 3.0091, 3.1737, 3.4553, 3.4615, 3.0459, 3.2366, 3.5499, 3.5081, 3.3813, 3.2351, 3.063, 3.4451, 3.6577, 3.7663, 3.3529, 2.9107, 2.8235, 2.5372, 2.899, 2.6135, 3.2724, 3.062, 2.6669, 2.8094, 2.8316, 2.8106, 2.8075, 3.0655, 3.1723, 2.7682, 3.1723, 2.8131, 2.4155, 2.4218, 2.6668, 2.5563, 2.909, 2.8042, 2.8303, 2.732, 2.7233, 3.2002, 2.9436, 2.8824, 2.6859, 2.5061, 2.624, 2.7205, 2.7162, 2.8762, 2.4387, 2.3646, 2.7004, 2.4727, 2.8094, 3.0614, 3.1896, 3.087, 2.8169, 3.0658, 2.6098, 2.97, 2.9463, 2.8926, 2.6687, 2.8388, 3.1527, 3.2541, 3.3753, 3.737, 2.9684]","[0.4908, 1.1277, 1.2746, 1.3192, 1.9398, 2.3513, 2.6792, 2.5666, 2.6641, 2.9615, 2.9873, 3.2846, 3.3628, 3.0113, 3.219, 3.4709, 3.4617, 3.3589, 3.0791, 3.0162, 3.2888, 3.5366, 3.604, 3.2743, 2.8878, 2.7317, 2.4927, 2.7158, 2.5706, 2.8843, 2.7878, 2.5646, 2.7818, 2.6, 2.5429, 2.6959, 2.918, 2.8193, 2.729, 2.854, 2.5679, 2.3569, 2.1351, 2.5229, 2.34, 2.7198, 2.7412, 2.5649, 2.4035, 2.6259, 3.0263, 2.824, 2.7417, 2.5902, 2.4459, 2.6117, 2.5429, 2.6509, 2.6039, 2.3301, 2.181, 2.613, 2.4047, 2.6384, 2.8593, 3.0764, 2.9573, 2.631, 2.7893, 2.5691, 2.7815, 2.8264, 2.7914, 2.6222, 2.6816, 3.0359, 3.1901, 3.3393, 3.6032, 2.9409]","[0.0, 0.0, 0.0, 0.0, 0.0, 0.0, 0.0, 0.0, 0.0, 0.0, 0.0, 0.0, 0.0, 0.0, 0.0, 0.0, 0.0, 0.0, 0.0, 0.0, 0.0, 0.0, 0.0, 0.0]","[3.201, 3.0825, 3.3665, 3.3951, 3.5413, 3.5773, 3.5602, 3.6477, 3.7621, 3.6089, 3.7826, 3.8512, 3.8248, 3.9764, 3.9009, 3.8341, 3.8516, 3.9686, 4.0408, 3.9578, 3.9957, 4.2344, 4.1503, 4.0424]","[3.0779, 3.0502, 3.1796, 3.3327, 3.3956, 3.5297, 3.4391, 3.5021, 3.6136, 3.5936, 3.7531, 3.7642, 3.8072, 3.8837, 3.8599, 3.8046, 3.8394, 3.8999, 3.9754, 3.9048, 3.9707, 4.0857, 4.0828, 4.0161]"
22.4,2025-03-11T17:45:00.000Z,2025-03-11T14:15:00.000Z,22078,EURUSD,LONG,London Open Liquidity Scalp,0.5562,0.19,40.27,-0.4299,1.1874,1.08306,1.08648,1.08648,1.08306,3.0,1.08397,1.08514,1.08186,1.0903,3.0,0.8,10.0,MANUAL,210,closed,40.27,0.56,1.08648,1.08306,1.5835,0.3512,0.6312,1.5835,false,false,Tuesday,14,17,March,2025,3.5,12600000,1.08186,1.08397,11467.84,11490.24,6.0,0.3512,1.0,false,false,false,8801,London Open Liquidity Scalp — QA 200,"[0.5511, 0.7791, 0.9129, 0.7851, 0.9313, 1.0086, 1.1874, 0.7703, 0.8216, 0.5558, 0.7372, 0.6438, 0.8222, 0.9554, 0.7395, 0.5572, 0.5356, 0.5757, 0.4643, 0.7881, 0.6255, 0.6273, 0.6644, 0.4111, 0.8464, 0.9118, 0.5792, 0.7479, 0.5561, 0.5033, 0.6042, 0.2631, 0.2582, 0.3077, 0.0, 0.2699, 0.5948, 0.6784, 0.6662, 0.6155, 0.4225, 0.5786]","[0.0, 0.0, 0.0, 0.0, 0.0, 0.0, 0.0, 0.0, 0.0, 0.0, 0.0, 0.0, 0.0, 0.0, 0.0, 0.0, 0.0, 0.1264, 0.0, 0.0, 0.0, 0.0, 0.0, 0.0, 0.0, 0.0, 0.0, 0.0, 0.0, 0.0, 0.0, 0.0756, 0.0, 0.0776, 0.4299, 0.1001, 0.0, 0.0, 0.0, 0.0, 0.0, 0.0]","[0.3892, 0.5881, 0.8747, 0.716, 0.814, 0.7747, 0.8351, 0.4661, 0.7733, 0.5039, 0.6724, 0.5417, 0.4288, 0.7671, 0.6592, 0.3828, 0.3936, 0.2056, 0.3549, 0.6238, 0.4449, 0.502, 0.4733, 0.2047, 0.5184, 0.6784, 0.5078, 0.6383, 0.5411, 0.4737, 0.3049, 0.0685, 0.2293, 0.0251, -0.2334, 0.1299, 0.5367, 0.5532, 0.6017, 0.3648, 0.3352, 0.5562]","[0.7499, 0.8396, 0.8681, 1.07, 1.0086, 1.1416, 1.3291, 1.2856, 1.4564, 1.4167, 1.3512, 1.5835, 1.4456, 1.4586, 1.4115, 1.4249]","[0.0, 0.0, 0.0, 0.0, 0.0, 0.0, 0.0, 0.0, 0.0, 0.0, 0.0, 0.0, 0.0, 0.0, 0.0, 0.0]","[0.7026, 0.6849, 0.843, 0.953, 0.9856, 1.119, 1.117, 1.2268, 1.4047, 1.2941, 1.3281, 1.4653, 1.3708, 1.4001, 1.2819, 1.3839]"
-37.7,2023-12-16T13:13:00.000Z,2023-12-16T07:28:00.000Z,22079,EURUSD,LONG,London Open Liquidity Scalp,-0.7644,0.18,49.32,-1.462,0.6942,1.05791,1.06378,1.06378,1.05791,2.0,1.06189,1.05981,1.05917,1.06734,3.0,0.8,10.0,STOP_OUT,345,closed,49.32,0.76,1.06378,1.05791,0.6942,-1.1011,1.4586,0.0,false,true,Monday,7,13,December,2023,5.75,20700000,1.05917,1.06189,11490.24,11452.54,6.0,0.4292,1.0,false,false,true,8801,London Open Liquidity Scalp — QA 200,"[0.0, 0.0, 0.0, 0.0517, 0.3839, 0.1295, 0.3202, 0.4798, 0.6942, 0.4874, 0.0, 0.0, 0.0, 0.0, 0.191, 0.0, 0.0, 0.0, 0.0, 0.0, 0.0, 0.0, 0.0, 0.0, 0.0, 0.0, 0.0, 0.0, 0.0, 0.0, 0.0, 0.0, 0.0, 0.0, 0.0, 0.0, 0.0, 0.0, 0.0, 0.0, 0.0, 0.0, 0.0, 0.0, 0.0, 0.0, 0.0, 0.0, 0.0, 0.0, 0.0, 0.0, 0.0, 0.0, 0.0, 0.0, 0.326, 0.0, 0.0, 0.0, 0.0, 0.1133, 0.0, 0.0, 0.0, 0.0, 0.0, 0.0, 0.0, 0.0, 0.0, 0.0, 0.0, 0.0, 0.0, 0.0, 0.0, 0.0, 0.0, 0.0]","[0.2921, 0.1285, 0.4978, 0.1226, 0.0498, 0.0, 0.0, 0.0, 0.0, 0.0, 0.0867, 0.4225, 0.5164, 0.3355, 0.1919, 0.467, 0.4632, 0.7527, 0.6131, 0.9382, 1.1786, 0.6412, 0.9895, 1.1485, 1.2072, 1.3788, 1.3205, 0.9609, 1.2401, 1.1491, 1.106, 1.332, 1.4003, 1.1156, 0.9999, 0.8545, 0.812, 0.6407, 0.7353, 0.7839, 1.1054, 1.2479, 1.462, 0.9263, 0.7366, 1.1028, 0.8161, 0.6724, 0.6934, 0.443, 0.3405, 0.3157, 0.4192, 0.8549, 0.5839, 0.4266, 0.3398, 0.1868, 0.4742, 0.3667, 0.2386, 0.0064, 0.2948, 0.5686, 0.853, 0.9295, 0.8451, 1.0967, 0.6783, 0.9445, 1.0299, 1.1106, 1.2178, 0.9205, 0.9173, 0.8711, 0.6803, 0.4438, 0.6801, 0.9891]","[-0.2156, -0.06, -0.2197, 0.0123, 0.2128, 0.05, 0.2898, 0.4378, 0.5823, 0.2535, -0.069, -0.1475, -0.3828, -0.258, -0.0527, -0.398, -0.4086, -0.7012, -0.4116, -0.7564, -0.8963, -0.5427, -0.7524, -0.9966, -1.0843, -1.2495, -1.0776, -0.74, -1.0692, -1.0623, -1.0117, -1.1507, -1.3052, -1.0815, -0.9573, -0.7178, -0.669, -0.4959, -0.6442, -0.5591, -0.7645, -1.048, -1.1634, -0.8708, -0.5956, -0.8714, -0.5813, -0.6032, -0.6019, -0.37, -0.2016, -0.2176, -0.3031, -0.666, -0.4772, -0.2835, -0.0887, -0.0805, -0.3765, -0.2719, -0.2117, 0.0678, -0.2357, -0.3997, -0.4854, -0.6895, -0.7872, -0.9718, -0.6159, -0.6371, -0.8057, -1.0563, -1.1851, -0.8574, -0.8294, -0.802, -0.6088, -0.3854, -0.6266, -0.7644]","[0.0, 0.0, 0.0, 0.0, 0.0, 0.0, 0.0, 0.0, 0.0, 0.0, 0.0, 0.0, 0.0, 0.0, 0.0, 0.0, 0.0, 0.0, 0.0, 0.0, 0.0, 0.0, 0.0, 0.0]","[0.8929, 0.7134, 0.5234, 0.5411, 0.5552, 0.6804, 0.7004, 0.6623, 0.4745, 0.5011, 0.4478, 0.3514, 0.4067, 0.5303, 0.547, 0.6384, 0.5198, 0.5518, 0.6908, 0.6295, 0.5112, 0.4778, 0.4614, 0.3274]","[-0.7071, -0.5834, -0.4817, -0.3827, -0.471, -0.532, -0.6484, -0.5345, -0.4499, -0.4708, -0.3938, -0.3322, -0.3683, -0.4235, -0.4977, -0.5776, -0.4225, -0.5154, -0.6291, -0.5048, -0.4744, -0.3801, -0.3219, -0.2035]"
40.74,2024-09-09T18:26:00.000Z,2024-09-09T14:19:00.000Z,22080,NQ,SHORT,London Open Liquidity Scalp,0.9479,0.33,42.98,-1.7744,0.0561,18280.9778,18268.94986,18280.9778,18263.08955,2.0,18269.31848,18263.08955,18275.88933,18256.17678,4.5,0.75,5.0,MANUAL,247,closed,42.98,0.95,18268.94986,18280.9778,0.0561,16.8966,-0.8918,0.0,false,true,Monday,14,18,September,2024,4.1167,14820000,18275.88933,18269.31848,11452.54,11493.28,9.0,0.3753,1.0,true,false,true,8801,London Open Liquidity Scalp — QA 200,"[0.0, 0.0, 0.0561, 0.0053, 0.0, 0.0, 0.0, 0.0, 0.0, 0.0, 0.0, 0.0, 0.0, 0.0, 0.0, 0.0, 0.0, 0.0, 0.0, 0.0, 0.0, 0.0, 0.0, 0.0, 0.0, 0.0, 0.0, 0.0, 0.0, 0.0, 0.0, 0.0, 0.0, 0.0, 0.0, 0.0, 0.0, 0.0, 0.0, 0.0, 0.0, 0.0, 0.0, 0.0, 0.0, 0.0, 0.0, 0.0, 0.0]","[0.1991, 0.3065, 0.5081, 0.2652, 0.6438, 1.0592, 0.8243, 1.0252, 1.1696, 1.3418, 1.5535, 1.7744, 1.7154, 1.636, 1.3981, 1.1506, 0.6195, 0.5717, 0.297, 0.3562, 0.8266, 0.8787, 0.8078, 0.5125, 0.6258, 0.4871, 0.5835, 0.4425, 0.2507, 0.5902, 0.3969, 0.3333, 0.3697, 0.7345, 1.0466, 1.2741, 0.9936, 0.6036, 0.9062, 1.0121, 1.312, 1.4288, 1.3228, 0.8992, 1.2503, 1.3651, 1.0002, 1.199, 1.0239]","[0.1839, 0.1689, 0.2619, 0.0813, 0.5131, 0.8845, 0.6898, 0.9264, 1.0843, 1.2951, 1.4131, 1.5913, 1.6427, 1.4797, 1.1387, 0.8734, 0.5405, 0.4481, 0.2064, 0.3025, 0.7279, 0.8333, 0.6459, 0.3854, 0.6043, 0.413, 0.4438, 0.2814, 0.2288, 0.3664, 0.321, 0.2093, 0.3131, 0.6327, 0.9939, 1.1338, 0.8081, 0.5007, 0.6135, 0.9573, 1.1, 1.3607, 1.2233, 0.8498, 1.1542, 1.2618, 0.9591, 0.9405, 0.9479]","[0.0, 0.0, 0.0, 0.0, 0.0, 0.0, 0.0, 0.0, 0.0, 0.0, 0.0, 0.0, 0.0, 0.0, 0.0, 0.0, 0.0, 0.0, 0.0, 0.0, 0.0, 0.0, 0.0, 0.0, 0.0]","[1.0199, 1.2815, 1.1985, 1.0986, 1.3234, 1.4624, 1.4455, 1.3441, 1.4861, 1.5076, 1.6218, 1.6108, 1.7312, 1.6962, 1.5284, 1.5255, 1.6515, 1.5963, 1.5873, 1.531, 1.4656, 1.342, 1.3858, 1.4603, 1.4816]","[1.0093, 1.1882, 1.1791, 1.0715, 1.2354, 1.3724, 1.392, 1.2944, 1.4456, 1.4029, 1.4575, 1.507, 1.6414, 1.627, 1.5205, 1.5044, 1.6, 1.5678, 1.5502, 1.4578, 1.4147, 1.3192, 1.3126, 1.3072, 1.4165]"
81.08,2024-04-04T13:43:00.000Z,2024-04-04T07:34:00.000Z,22081,EURUSD,SHORT,London Open Liquidity Scalp,1.5221,0.31,53.27,-2.5215,0.0,1.08983,1.08544,1.08983,1.08283,1.5,1.08544,1.08283,1.08718,1.08283,3.0,0.8,10.0,TP,369,closed,53.27,1.52,1.08544,1.08983,0.0,0.0,-1.5221,0.0,false,true,Thursday,7,13,April,2024,6.15,22140000,1.08718,1.08544,11493.28,11574.36,6.0,0.4635,1.0,false,false,true,8801,London Open Liquidity Scalp — QA 200,"[0.0, 0.0, 0.0, 0.0, 0.0, 0.0, 0.0, 0.0, 0.0, 0.0, 0.0, 0.0, 0.0, 0.0, 0.0, 0.0, 0.0, 0.0, 0.0, 0.0, 0.0, 0.0, 0.0, 0.0, 0.0, 0.0, 0.0, 0.0, 0.0, 0.0, 0.0, 0.0, 0.0, 0.0, 0.0, 0.0, 0.0, 0.0, 0.0, 0.0, 0.0, 0.0, 0.0, 0.0, 0.0, 0.0, 0.0, 0.0, 0.0, 0.0, 0.0, 0.0, 0.0, 0.0, 0.0, 0.0, 0.0, 0.0, 0.0, 0.0, 0.0, 0.0, 0.0, 0.0, 0.0, 0.0, 0.0, 0.0, 0.0, 0.0, 0.0, 0.0, 0.0, 0.0, 0.0, 0.0, 0.0, 0.0, 0.0, 0.0]","[0.6353, 0.9567, 1.1174, 1.5995, 1.4832, 1.2483, 1.3857, 1.3591, 1.8375, 2.1159, 1.59, 1.3478, 1.5315, 1.1409, 1.3243, 1.5072, 1.3964, 1.7176, 1.5779, 1.1256, 1.1103, 1.5743, 1.8487, 2.3156, 1.9044, 2.1913, 2.0208, 2.0624, 2.1877, 2.0773, 2.0454, 1.8783, 1.8173, 1.9861, 2.26, 1.9173, 1.8575, 2.1274, 2.0204, 1.8158, 1.4277, 1.2986, 1.8471, 1.7633, 1.5831, 1.7515, 1.3252, 1.2139, 1.5378, 1.8178, 1.5855, 1.8803, 1.968, 2.3907, 2.246, 2.0106, 2.0559, 2.2927, 2.2757, 2.2662, 1.9845, 1.6175, 2.0501, 1.5761, 1.8276, 1.8384, 1.9268, 1.545, 1.7864, 2.0357, 1.9411, 2.1927, 2.0993, 2.2753, 2.5215, 2.1121, 1.6529, 1.814, 1.5982, 1.6304]","[0.5845, 0.857, 1.0363, 1.3834, 1.4421, 1.1891, 1.221, 1.341, 1.6471, 1.828, 1.467, 1.269, 1.3519, 1.071, 1.1644, 1.3962, 1.3482, 1.3585, 1.2585, 0.9929, 1.0491, 1.4628, 1.8166, 2.0392, 1.869, 2.0587, 1.9757, 2.0114, 1.9298, 1.7522, 1.9712, 1.7393, 1.769, 1.9331, 2.1957, 1.8505, 1.8059, 2.0678, 2.0035, 1.7395, 1.3837, 1.2901, 1.6687, 1.6968, 1.3986, 1.5677, 1.2565, 1.1522, 1.4919, 1.7378, 1.5043, 1.6482, 1.9234, 2.1539, 2.2241, 1.8967, 1.9859, 2.2415, 2.2492, 2.2406, 1.9387, 1.5486, 1.7352, 1.5217, 1.7796, 1.7105, 1.7848, 1.4834, 1.6645, 1.9248, 1.7687, 1.9565, 1.9563, 2.2094, 2.2741, 1.9422, 1.5864, 1.6274, 1.4679, 1.5221]","[0.0, 0.0, 0.0, 0.0, 0.0, 0.0, 0.0, 0.0, 0.0]","[1.4335, 1.6324, 1.7491, 1.5899, 1.6726, 1.607, 1.6302, 1.6647, 1.6055]","[1.4135, 1.5321, 1.6315, 1.5722, 1.629, 1.5825, 1.557, 1.6184, 1.5816]"
-39.59,2025-10-06T16:47:00.000Z,2025-10-06T15:23:00.000Z,22082,NQ,LONG,London Open Liquidity Scalp,-0.7236,0.43,54.71,-0.9731,0.0,18324.60725,18330.75216,18330.75216,18324.43738,3.0,18330.75216,18324.43738,18324.43738,18349.6965,4.5,0.75,5.0,SL,84,closed,54.71,0.72,18330.75216,18324.60725,0.0,0.0,0.7236,0.0,false,true,Monday,15,16,October,2025,1.4,5040000,18324.43738,18330.75216,11574.36,11534.77,9.0,0.4727,1.0,false,false,true,8801,London Open Liquidity Scalp — QA 200,"[0.0, 0.0, 0.0, 0.0, 0.0, 0.0, 0.0, 0.0]","[0.3178, 0.5189, 0.831, 0.9219, 0.5912, 0.6908, 0.6357, 0.9731]","[-0.1651, -0.4368, -0.7886, -0.8909, -0.5481, -0.5704, -0.4571, -0.7236]","[0.0, 0.0, 0.0, 0.0, 0.0, 0.0, 0.0, 0.0, 0.0, 0.0]","[0.8225, 0.7689, 1.0069, 0.7386, 0.7573, 0.5589, 0.7686, 0.8337, 0.592, 0.4913]","[-0.7369, -0.6977, -0.7817, -0.6887, -0.5203, -0.5274, -0.6421, -0.7175, -0.5657, -0.4304]"
81.61,2024-09-17T12:41:00.000Z,2024-09-17T09:25:00.000Z,22083,NQ,SHORT,London Open Liquidity Scalp,1.6355,0.65,49.9,-2.4201,0.0,18146.50462,18137.27592,18146.50462,18131.03955,2.5,18137.27592,18131.03955,18141.08927,18127.74254,4.5,0.75,5.0,Trailing SL,196,closed,49.9,1.64,18137.27592,18146.50462,0.0,0.0,-1.6355,0.0,false,true,Tuesday,9,12,September,2024,3.2667,11760000,18141.08927,18137.27592,11534.77,11616.38,9.0,0.4326,1.0,true,false,true,8801,London Open Liquidity Scalp — QA 200,"[0.0, 0.0, 0.0, 0.0, 0.0, 0.0, 0.0, 0.0, 0.0, 0.0, 0.0, 0.0, 0.0, 0.0, 0.0, 0.0, 0.0, 0.0, 0.0, 0.0, 0.0, 0.0, 0.0, 0.0, 0.0, 0.0, 0.0, 0.0, 0.0, 0.0, 0.0, 0.0, 0.0, 0.0, 0.0, 0.0, 0.0, 0.0, 0.0, 0.0, 0.0, 0.0, 0.0, 0.0, 0.0, 0.0, 0.0, 0.0, 0.0, 0.0, 0.0, 0.0, 0.0, 0.0, 0.0, 0.0, 0.0, 0.0, 0.0, 0.0, 0.0, 0.0, 0.0, 0.0, 0.0, 0.0, 0.0, 0.0, 0.0, 0.0, 0.0, 0.0, 0.0, 0.0, 0.0, 0.0, 0.0, 0.0, 0.0, 0.0]","[0.5056, 0.6287, 0.7492, 0.668, 0.8356, 0.8968, 1.3094, 1.3712, 1.5888, 1.6271, 1.4388, 1.6473, 1.4108, 1.6716, 2.0506, 2.3165, 1.8877, 1.597, 1.6566, 1.5348, 1.4501, 1.7396, 1.9697, 1.9147, 1.9752, 2.0312, 2.1778, 2.2877, 2.3586, 2.1083, 2.4201, 2.143, 2.2999, 2.381, 2.17, 2.1113, 1.8211, 1.7003, 1.8334, 2.0704, 1.6782, 1.7419, 1.7615, 1.6971, 1.7425, 1.5359, 1.7324, 1.3508, 1.4615, 1.2018, 1.4054, 1.3251, 1.5108, 1.3454, 1.4634, 1.5411, 1.517, 1.6131, 1.5476, 1.3098, 0.9933, 0.7361, 1.3078, 1.4924, 1.7275, 1.5101, 1.2761, 1.6939, 1.6798, 1.6853, 1.3974, 1.1609, 1.0373, 0.9375, 1.3884, 1.2309, 1.2673, 1.4591, 1.2644, 1.6937]","[0.4035, 0.4211, 0.5911, 0.4465, 0.7434, 0.7063, 1.2096, 1.3409, 1.5358, 1.3432, 1.4002, 1.5978, 1.309, 1.6096, 1.9595, 2.0836, 1.8694, 1.5225, 1.6376, 1.4474, 1.4437, 1.6035, 1.8092, 1.8712, 1.9484, 1.7774, 2.0879, 2.2655, 2.3013, 2.0451, 2.3124, 2.0967, 2.1644, 2.271, 2.0037, 1.7304, 1.7776, 1.5927, 1.7048, 1.8491, 1.6216, 1.5722, 1.517, 1.5678, 1.6373, 1.4849, 1.5456, 1.2843, 1.2417, 1.0184, 1.2321, 1.0417, 1.2838, 1.1204, 1.1525, 1.3617, 1.4451, 1.3811, 1.5116, 1.2139, 0.9532, 0.7206, 1.0486, 1.4113, 1.4338, 1.4597, 1.1906, 1.5535, 1.626, 1.5392, 1.2728, 1.0846, 1.0186, 0.8655, 1.2787, 1.1745, 1.2299, 1.3987, 1.1625, 1.6355]","[0.0, 0.0, 0.0, 0.0, 0.0, 0.0, 0.0, 0.0, 0.0, 0.0, 0.0]","[1.7801, 1.779, 1.9586, 1.9102, 1.7307, 1.9185, 2.0159, 1.9519, 1.9053, 2.1134, 2.0036]","[1.7646, 1.6913, 1.7711, 1.8114, 1.7161, 1.8617, 1.9425, 1.8495, 1.8878, 1.9225, 1.9656]"
42.02,2024-02-09T08:00:00.000Z,2024-02-09T07:01:00.000Z,22084,GBPUSD,SHORT,London Open Liquidity Scalp,0.9081,0.18,46.27,-1.0897,0.2325,1.28086,1.27743,1.28086,1.27153,2.5,1.27803,1.27153,1.28063,1.27153,3.5,1.2,10.0,TP,59,closed,46.27,0.91,1.27743,1.28086,0.2325,3.9058,-0.6756,0.0,false,true,Friday,7,8,February,2024,0.9833,3540000,1.28063,1.27803,11616.38,11658.4,7.0,0.3983,1.0,false,false,true,8801,London Open Liquidity Scalp — QA 200,"[0.2325, 0.0, 0.0, 0.0, 0.0, 0.0, 0.0, 0.0]","[0.0318, 0.107, 0.4788, 0.4331, 0.8639, 0.6478, 0.5824, 1.0897]","[-0.0348, 0.0761, 0.4445, 0.3687, 0.5583, 0.6188, 0.5329, 0.9081]","[0.0, 0.0, 0.0, 0.0, 0.0, 0.0]","[1.0978, 1.4096, 1.5062, 1.4297, 1.5469, 1.6286]","[1.0705, 1.2324, 1.3735, 1.4038, 1.4264, 1.5777]"
-38.58,2024-05-22T13:19:00.000Z,2024-05-22T08:36:00.000Z,22085,XAUUSD,SHORT,London Open Liquidity Scalp,-0.8592,2.46,44.9,-0.0,1.8363,2051.581,2051.246,2051.763,2051.246,1.5,2051.581,2051.763,2051.763,2051.308,4.0,2.5,1.0,SL,283,closed,44.9,0.86,2051.246,2051.581,1.8363,-0.4679,2.6955,1.1195,true,false,Wednesday,8,13,May,2024,4.7167,16980000,2051.763,2051.581,11658.4,11619.82,8.0,0.3851,1.0,false,true,true,8801,London Open Liquidity Scalp — QA 200,"[0.3105, 0.4923, 0.3836, 0.5232, 0.3791, 0.8301, 0.7489, 0.5248, 0.6651, 0.866, 0.8901, 1.0087, 1.1443, 0.5214, 1.0017, 0.8242, 0.9157, 0.6955, 0.669, 0.7525, 0.681, 0.5065, 0.8185, 0.9433, 1.1851, 1.1414, 0.8763, 1.2481, 1.3182, 1.1331, 1.4834, 1.1189, 1.0807, 1.3937, 1.8363, 1.3988, 1.4441, 1.1435, 1.3128, 1.1055, 0.9383, 0.952, 1.1192, 1.3054, 0.9389, 0.9689, 1.3041, 1.0769, 1.3464, 1.2292, 1.2297, 1.0986, 0.76, 0.7973, 1.1137, 0.776, 0.711, 0.9653, 1.3378, 1.514, 1.6088, 1.5708, 1.1751, 0.908, 1.2885, 0.9343, 0.8978, 0.4817, 0.6672, 0.6185, 0.921, 0.5027, 0.4397, 0.9927, 0.6179, 0.4599, 0.771, 0.3489, 0.3101, 1.0882]","[0.0, 0.0, 0.0, 0.0, 0.0, 0.0, 0.0, 0.0, 0.0, 0.0, 0.0, 0.0, 0.0, 0.0, 0.0, 0.0, 0.0, 0.0, 0.0, 0.0, 0.0, 0.0, 0.0, 0.0, 0.0, 0.0, 0.0, 0.0, 0.0, 0.0, 0.0, 0.0, 0.0, 0.0, 0.0, 0.0, 0.0, 0.0, 0.0, 0.0, 0.0, 0.0, 0.0, 0.0, 0.0, 0.0, 0.0, 0.0, 0.0, 0.0, 0.0, 0.0, 0.0, 0.0, 0.0, 0.0, 0.0, 0.0, 0.0, 0.0, 0.0, 0.0, 0.0, 0.0, 0.0, 0.0, 0.0, 0.0, 0.0, 0.0, 0.0, 0.0, 0.0, 0.0, 0.0, 0.0, 0.0, 0.0, 0.0, 0.0]","[-0.2375, -0.2568, -0.2835, -0.5039, -0.3406, -0.484, -0.7332, -0.4984, -0.5383, -0.8188, -0.8332, -0.816, -0.805, -0.4732, -0.8036, -0.4802, -0.7586, -0.6271, -0.6222, -0.5333, -0.66, -0.3439, -0.5355, -0.7909, -1.0737, -0.8326, -0.7689, -1.1065, -1.0283, -1.1054, -1.4104, -1.0388, -0.9721, -1.2565, -1.5476, -1.1785, -1.143, -1.0526, -1.086, -0.9979, -0.8987, -0.9279, -1.0804, -1.2692, -0.8837, -0.9467, -1.0194, -0.9916, -1.1991, -1.021, -1.0846, -0.9862, -0.6946, -0.7826, -1.0695, -0.7221, -0.6118, -0.9151, -1.0105, -1.3197, -1.5778, -1.3452, -0.9607, -0.7869, -0.9912, -0.8921, -0.7615, -0.4708, -0.3853, -0.6017, -0.6575, -0.3822, -0.4174, -0.6413, -0.5568, -0.3848, -0.5043, -0.299, -0.169, -0.8592]","[1.0008, 1.0833, 1.1195, 1.0683, 0.991]","[0.0, 0.0, 0.0, 0.0, 0.0]","[-0.9522, -1.0547, -1.1053, -1.0365, -0.961]"
76.39,2025-06-02T13:14:00.000Z,2025-06-02T09:43:00.000Z,22086,XAUUSD,SHORT,London Open Liquidity Scalp,1.8686,2.54,40.88,-2.2598,0.0,2079.166,2078.803,2079.166,2078.482,2.0,2078.803,2078.482,2078.964,2078.482,4.0,2.5,1.0,TP,211,closed,40.88,1.87,2078.803,2079.166,0.0,0.0,-1.8686,0.0,false,true,Monday,9,13,June,2025,3.5167,12660000,2078.964,2078.803,11619.82,11696.21,8.0,0.3518,1.0,true,false,true,8801,London Open Liquidity Scalp — QA 200,"[0.0, 0.0, 0.0, 0.0, 0.0, 0.0, 0.0, 0.0, 0.0, 0.0, 0.0, 0.0, 0.0, 0.0]","[0.6752, 0.8504, 1.0124, 1.4484, 1.1924, 1.4522, 1.3306, 1.5671, 1.4383, 1.7889, 1.6836, 2.0561, 2.2598, 1.8974]","[0.4532, 0.8211, 0.8726, 1.3086, 1.0874, 1.3816, 1.1397, 1.5203, 1.4039, 1.7331, 1.6578, 1.9078, 2.0919, 1.8686]","[0.0, 0.0, 0.0, 0.0, 0.0, 0.0, 0.0, 0.0, 0.0, 0.0, 0.0, 0.0, 0.0, 0.0, 0.0, 0.0, 0.0, 0.0, 0.0, 0.0]","[1.8803, 1.8937, 2.0129, 1.927, 2.1615, 2.0653, 2.2745, 2.3651, 2.4563, 2.6442, 2.5182, 2.4966, 2.5405, 2.7053, 2.8313, 2.6258, 2.585, 2.6088, 2.5477, 2.445]","[1.8391, 1.8067, 1.9202, 1.9186, 2.0394, 2.0491, 2.1737, 2.3081, 2.4193, 2.4914, 2.4865, 2.4832, 2.4477, 2.6145, 2.699, 2.61, 2.5575, 2.5642, 2.4909, 2.432]"
-18.26,2025-05-14T13:00:00.000Z,2025-05-14T10:20:00.000Z,22087,XAUUSD,SHORT,London Open Liquidity Scalp,-0.3716,1.89,49.14,-0.5346,0.4685,1987.217,1986.956,1987.217,1986.956,2.5,1987.078,1987.174,1987.337,1986.43,4.0,2.5,1.0,MANUAL,160,closed,49.14,0.37,1986.956,1987.217,0.4685,-0.7932,0.8401,0.371,true,false,Wednesday,10,13,May,2025,2.6667,9600000,1987.337,1987.078,11696.21,11677.95,8.0,0.4201,1.0,false,false,false,8801,London Open Liquidity Scalp — QA 200,"[0.0, 0.0949, 0.1304, 0.0, 0.0551, 0.0, 0.1012, 0.249, 0.4685, 0.4424]","[0.3891, 0.2868, 0.1533, 0.4339, 0.5209, 0.5346, 0.2222, 0.0, 0.0, 0.0]","[0.2512, -0.0281, -0.0157, 0.2457, 0.2225, 0.4344, 0.0484, -0.2075, -0.4019, -0.3716]","[0.371, 0.3528, 0.1592, 0.1931, 0.2483, 0.1488, 0.0]","[0.0, 0.0, 0.0, 0.0, 0.0, 0.0, 0.1684]","[-0.3385, -0.2805, -0.1316, -0.1299, -0.1833, -0.0978, 0.0568]"
17.26,2025-04-06T15:38:00.000Z,2025-04-06T09:13:00.000Z,22088,GBPUSD,LONG,London Open Liquidity Scalp,0.4013,0.18,43.01,-0.3145,1.0545,1.28874,1.29209,1.29318,1.28874,1.5,1.28951,1.29318,1.28706,1.29318,3.5,1.2,10.0,TP,385,closed,43.01,0.4,1.29209,1.28874,2.1195,0.1893,0.6532,2.1195,false,false,Monday,9,15,April,2025,6.4167,23100000,1.28706,1.28951,11677.95,11695.21,7.0,0.3683,1.0,false,false,true,8801,London Open Liquidity Scalp — QA 200,"[0.0684, 0.0, 0.3871, 0.3051, 0.6287, 0.8059, 1.0545, 0.8253, 0.7765, 0.9992, 0.8923, 1.0299, 0.6013, 0.6187, 0.8964, 0.7478, 0.5737, 0.3894, 0.6417, 0.6103, 0.5076, 0.228, 0.1826, 0.6268, 0.5477]","[0.3145, 0.2814, 0.0253, 0.0, 0.0, 0.0, 0.0, 0.0, 0.0, 0.0, 0.0, 0.0, 0.0, 0.0, 0.0, 0.0, 0.0, 0.0, 0.0, 0.0, 0.0, 0.2074, 0.2576, 0.0312, 0.0]","[-0.0825, -0.1794, 0.2065, 0.1728, 0.5028, 0.6748, 0.8061, 0.7862, 0.7352, 0.9276, 0.8553, 0.9956, 0.5698, 0.4875, 0.687, 0.6242, 0.2813, 0.3586, 0.555, 0.5302, 0.3079, 0.1072, -0.0276, 0.2799, 0.4013]","[0.7438, 0.6681, 0.6204, 0.7159, 0.7173, 0.7978, 0.8184, 0.8232, 1.0384, 1.0261, 1.1906, 1.2503, 1.4085, 1.4273, 1.6324, 1.5265, 1.6227, 1.7948, 1.8296, 2.1195, 2.1187, 2.0616]","[0.0, 0.0, 0.0, 0.0, 0.0, 0.0, 0.0, 0.0, 0.0, 0.0, 0.0, 0.0, 0.0, 0.0, 0.0, 0.0, 0.0, 0.0, 0.0, 0.0, 0.0, 0.0]","[0.5481, 0.6387, 0.5551, 0.68, 0.6385, 0.6772, 0.7366, 0.7946, 0.8956, 0.989, 1.132, 1.1239, 1.2572, 1.3997, 1.4529, 1.4617, 1.5849, 1.697, 1.7991, 1.9158, 2.0759, 1.9593]"
60.89,2025-11-24T15:11:00.000Z,2025-11-24T10:41:00.000Z,22089,GBPUSD,SHORT,London Open Liquidity Scalp,1.2142,0.27,50.15,-1.9464,0.0,1.2457,1.2421,1.2457,1.23747,2.5,1.2421,1.23747,1.24395,1.23747,3.5,1.2,10.0,TP,270,closed,50.15,1.21,1.2421,1.2457,0.0,0.0,-1.2142,0.0,false,true,Monday,10,15,November,2025,4.5,16200000,1.24395,1.2421,11695.21,11756.1,7.0,0.4288,1.0,false,false,true,8801,London Open Liquidity Scalp — QA 200,"[0.0, 0.0, 0.0, 0.0, 0.0, 0.0, 0.0, 0.0, 0.0, 0.0, 0.0, 0.0, 0.0, 0.0, 0.0, 0.0, 0.0, 0.0]","[0.4887, 0.8734, 0.9957, 1.0526, 1.171, 1.3381, 1.5585, 1.5986, 1.9407, 1.5866, 1.6681, 1.5738, 1.7115, 1.6296, 1.6544, 1.6901, 1.9464, 1.2723]","[0.4247, 0.6584, 0.7542, 0.7552, 0.9183, 1.2207, 1.5048, 1.3696, 1.6529, 1.4692, 1.5097, 1.4277, 1.6845, 1.5641, 1.6194, 1.6096, 1.8502, 1.2142]","[0.0, 0.0, 0.0, 0.0, 0.0, 0.0, 0.0, 0.0, 0.0, 0.0, 0.0, 0.0, 0.0, 0.0, 0.0, 0.0, 0.0]","[1.314, 1.3027, 1.3414, 1.5035, 1.377, 1.6049, 1.596, 1.652, 1.4133, 1.4219, 1.2133, 1.3287, 1.2744, 1.2231, 1.2867, 1.2481, 1.35]","[1.2527, 1.2014, 1.2362, 1.3153, 1.352, 1.5271, 1.4267, 1.4481, 1.3586, 1.2931, 1.174, 1.1549, 1.1171, 1.1159, 1.2575, 1.1581, 1.2682]"
4.87,2024-02-17T15:21:00.000Z,2024-02-17T10:34:00.000Z,22090,NQ,LONG,London Open Liquidity Scalp,0.0921,0.66,52.9,-0.7996,1.1067,18125.20523,18132.90121,18132.90121,18125.20523,2.0,18128.43332,18128.43332,18124.39619,18136.50757,4.5,0.75,5.0,BE,287,closed,52.9,0.09,18132.90121,18125.20523,1.3429,0.0686,1.0146,1.3429,false,false,Monday,10,15,February,2024,4.7833,17220000,18124.39619,18128.43332,11756.1,11760.97,9.0,0.45,1.0,false,false,false,8801,London Open Liquidity Scalp — QA 200,"[0.4564, 0.0, 0.2074, 0.4934, 0.4456, 0.5365, 0.3853, 0.4412, 0.4401, 0.4975, 0.1785, 0.1898, 0.4203, 0.3909, 0.1348, 0.131, 0.078, 0.0411, 0.2508, 0.0, 0.2724, 0.677, 0.5986, 0.9113, 0.4334, 0.628, 0.5122, 0.0668, 0.2341, 0.0057, 0.0, 0.0, 0.0, 0.0, 0.0, 0.0, 0.1035, 0.3183, 0.5248, 0.5042, 0.6522, 0.2608, 0.7429, 0.5965, 1.1067, 0.5296, 0.3196, 0.3707, 0.7033, 0.4809, 0.3759, 0.0, 0.2497, 0.0028, 0.0, 0.0, 0.1984]","[0.1742, 0.2156, 0.1381, 0.0, 0.0254, 0.0, 0.0, 0.0, 0.0508, 0.0, 0.2498, 0.0, 0.1229, 0.0, 0.0, 0.1178, 0.4182, 0.4592, 0.0, 0.1933, 0.0, 0.0, 0.0, 0.0, 0.0, 0.0, 0.0, 0.3071, 0.0049, 0.3992, 0.505, 0.5095, 0.2559, 0.6796, 0.5845, 0.6315, 0.1652, 0.0068, 0.0, 0.0, 0.0, 0.0, 0.0, 0.0, 0.0, 0.0, 0.0205, 0.0, 0.0, 0.0, 0.1881, 0.3418, 0.2702, 0.3542, 0.6051, 0.7996, 0.0221]","[0.041, -0.1411, 0.1019, 0.4379, 0.3164, 0.3017, 0.1646, 0.3983, 0.1342, 0.4713, 0.0622, 0.1627, 0.122, 0.2682, 0.0567, -0.0537, -0.0663, -0.1952, 0.1944, -0.1526, 0.2114, 0.5088, 0.5639, 0.7736, 0.3707, 0.5395, 0.342, -0.0549, 0.1209, -0.074, -0.3386, -0.4192, -0.186, -0.3706, -0.5261, -0.3493, 0.004, 0.1931, 0.4346, 0.4446, 0.4565, 0.2202, 0.5231, 0.4952, 0.7719, 0.4085, 0.1276, 0.2714, 0.404, 0.4104, 0.0954, -0.2159, -0.0299, -0.2229, -0.5041, -0.6294, 0.0921]","[0.2009, 0.1994, 0.1283, 0.4156, 0.4553, 0.371, 0.4592, 0.5884, 0.7219, 0.7974, 0.9392, 0.7469, 0.8793, 1.0546, 1.2008, 1.1944, 1.236, 1.1569, 1.3429]","[0.0, 0.0, 0.0, 0.0, 0.0, 0.0, 0.0, 0.0, 0.0, 0.0, 0.0, 0.0, 0.0, 0.0, 0.0, 0.0, 0.0, 0.0, 0.0]","[0.1494, 0.1334, 0.1172, 0.2875, 0.4082, 0.3557, 0.4163, 0.5323, 0.7051, 0.7446, 0.7647, 0.7148, 0.8374, 0.9708, 1.0831, 1.1514, 1.1781, 1.1001, 1.1898]"
-23.24,2024-02-18T12:01:00.000Z,2024-02-18T09:58:00.000Z,22091,NQ,SHORT,London Open Liquidity Scalp,-0.5416,0.52,42.91,-0.6672,1.8042,18348.3623,18338.25886,18348.3623,18338.25886,2.0,18345.63469,18347.84839,18349.72283,18337.4584,4.5,0.75,5.0,MANUAL,123,closed,42.91,0.54,18338.25886,18348.3623,1.8042,-0.3002,2.3458,0.4754,true,false,Monday,9,12,February,2024,2.05,7380000,18349.72283,18345.63469,11760.97,11737.73,9.0,0.3649,1.0,false,true,true,8801,London Open Liquidity Scalp — QA 200,"[0.3874, 0.1073, 0.0, 0.2085, 0.1889, 0.0, 0.0, 0.1534, 0.0, 0.0, 0.0, 0.2536, 0.2881, 0.2473, 0.4013, 0.3387, 0.623, 0.8794, 0.5549, 0.3575, 0.3684, 0.4903, 0.8388, 0.7049, 1.0863, 0.9709, 0.9627, 1.2881, 1.3274, 1.5306, 1.4407, 1.0439, 0.7107, 0.3311, 0.5609, 0.7508, 0.8851, 1.273, 1.2986, 1.3138, 1.0556, 1.3654, 1.2594, 1.5526, 1.6099, 1.6633, 1.8042, 1.3691, 1.2534, 0.8553, 0.9032, 0.6449, 0.5698, 0.4364, 1.0418, 0.4729, 0.8846, 0.5487, 0.5204, 0.778, 0.7703, 1.0322, 0.842, 0.8008, 0.824, 1.0525, 1.1469, 1.4016, 1.1262, 1.148, 0.5126, 0.672, 0.6094, 0.2923, 0.2236, 0.0779, 0.3886, 0.1967, 0.1902, 0.6087]","[0.0, 0.1675, 0.3278, 0.0, 0.0, 0.1806, 0.53, 0.1527, 0.4628, 0.3093, 0.6672, 0.1498, 0.2439, 0.0178, 0.0, 0.0, 0.0, 0.0, 0.0, 0.0, 0.0007, 0.0, 0.0, 0.0, 0.0, 0.0, 0.0, 0.0, 0.0, 0.0, 0.0, 0.0, 0.0, 0.0, 0.0, 0.0, 0.0, 0.0, 0.0, 0.0, 0.0, 0.0, 0.0, 0.0, 0.0, 0.0, 0.0, 0.0, 0.0, 0.0, 0.0, 0.0, 0.0, 0.0, 0.0, 0.0, 0.0, 0.0, 0.0, 0.0, 0.0, 0.0, 0.0, 0.0, 0.0, 0.0, 0.0, 0.0, 0.0, 0.0, 0.0, 0.0, 0.0, 0.0, 0.004, 0.0, 0.1411, 0.2053, 0.0, 0.0]","[-0.3014, -0.0706, 0.2136, -0.1042, -0.1542, 0.1079, 0.3448, 0.0025, 0.2653, 0.1922, 0.3359, -0.0845, -0.0221, -0.1697, -0.3488, -0.3002, -0.5292, -0.8209, -0.4696, -0.3238, -0.1209, -0.4535, -0.6555, -0.6773, -0.9218, -0.7763, -0.8482, -1.0363, -1.267, -1.4239, -1.3865, -1.0146, -0.663, -0.292, -0.4707, -0.6108, -0.7939, -1.1066, -1.2198, -1.2643, -0.9996, -1.2601, -1.1771, -1.4569, -1.4409, -1.4737, -1.6784, -1.3318, -0.9788, -0.7971, -0.8725, -0.573, -0.3447, -0.3853, -0.703, -0.4062, -0.5428, -0.4631, -0.4538, -0.7023, -0.7243, -1.0036, -0.78, -0.7681, -0.7894, -0.9701, -0.9709, -1.1524, -0.8791, -0.8878, -0.4849, -0.5669, -0.333, -0.2629, -0.1298, -0.0368, -0.1066, -0.0103, -0.1413, -0.5416]","[0.4613, 0.4754, 0.3625, 0.3187, 0.3359, 0.4397, 0.4163, 0.2856, 0.305, 0.2843, 0.0326, 0.1359, 0.1241]","[0.0, 0.0, 0.0, 0.0, 0.0, 0.0, 0.0, 0.0, 0.0, 0.0, 0.0379, 0.0138, 0.0]","[-0.4022, -0.3966, -0.3399, -0.2354, -0.292, -0.3764, -0.3478, -0.1916, -0.2822, -0.1684, 0.0063, -0.0918, -0.1107]"
34.77,2025-09-09T12:44:00.000Z,2025-09-09T08:49:00.000Z,22092,XAUUSD,LONG,London Open Liquidity Scalp,0.7442,2.13,46.72,-0.5618,1.239,2039.252,2039.647,2039.704,2039.252,1.5,2039.375,2039.704,2039.155,2039.704,4.0,2.5,1.0,TP,235,closed,46.72,0.74,2039.647,2039.252,1.239,0.6006,0.4948,1.1317,false,false,Tuesday,8,12,September,2025,3.9167,14100000,2039.155,2039.375,11737.73,11772.5,8.0,0.398,1.0,true,false,true,8801,London Open Liquidity Scalp — QA 200,"[0.3414, 0.0304, 0.5323, 0.4869, 0.5457, 0.4483, 1.0311, 0.4533, 0.7782, 0.7622, 0.8997, 0.8201, 0.463, 0.4048, 0.4746, 1.092, 1.239, 1.0788, 0.8915, 0.9363, 0.855, 1.1578, 1.1141, 0.9966, 1.2287, 1.0903, 0.8993, 0.9251, 0.5551, 0.5481, 0.2034, 0.0867, 0.0, 0.3527, 0.2588, 0.0, 0.1306, 0.1519, 0.5372, 0.4061, 0.2212, 0.1302, 0.2801, 0.4484, 0.122, 0.0343, 0.8753]","[0.0689, 0.0487, 0.2247, 0.0, 0.0, 0.0, 0.0, 0.0, 0.0, 0.0, 0.0, 0.0, 0.0, 0.0, 0.0, 0.0, 0.0, 0.0, 0.0, 0.0, 0.0, 0.0, 0.0, 0.0, 0.0, 0.0, 0.0, 0.0, 0.0, 0.0411, 0.0, 0.1582, 0.5618, 0.0, 0.1842, 0.1369, 0.0645, 0.0, 0.0, 0.0, 0.0, 0.0, 0.0519, 0.0422, 0.3522, 0.1893, 0.0]","[0.2046, -0.0015, 0.1888, 0.3809, 0.4781, 0.413, 0.7531, 0.4086, 0.5813, 0.569, 0.7492, 0.471, 0.4365, 0.2963, 0.423, 0.8135, 0.9132, 1.0583, 0.7859, 0.589, 0.7878, 0.9755, 0.9839, 0.9017, 0.9315, 0.9998, 0.8109, 0.5279, 0.4825, 0.1969, 0.109, -0.0524, -0.2758, 0.1841, -0.0307, -0.065, 0.0151, 0.1134, 0.5051, 0.2364, 0.1882, 0.059, 0.1693, 0.1387, -0.0466, -0.0248, 0.7442]","[0.8302, 0.7699, 0.7575, 0.6209, 0.5146, 0.7004, 0.8308, 0.9032, 0.907, 0.7977, 0.8503, 0.9467, 1.0063, 1.1317]","[0.0, 0.0, 0.0, 0.0, 0.0, 0.0, 0.0, 0.0, 0.0, 0.0, 0.0, 0.0, 0.0, 0.0]","[0.785, 0.7445, 0.6504, 0.5508, 0.4435, 0.5812, 0.7173, 0.8267, 0.7398, 0.7707, 0.7997, 0.9041, 0.929, 1.0965]"
-25.76,2025-05-18T14:18:00.000Z,2025-05-18T10:48:00.000Z,22093,GBPUSD,LONG,London Open Liquidity Scalp,-0.5356,0.22,48.1,-1.1252,0.6036,1.25796,1.2618,1.2618,1.25796,2.5,1.26046,1.25927,1.25824,1.26601,3.5,1.2,10.0,STOP_OUT,210,closed,48.1,0.54,1.2618,1.25796,0.6036,-0.8873,1.1392,0.0,false,true,Monday,10,14,May,2025,3.5,12600000,1.25824,1.26046,11772.5,11746.74,7.0,0.4086,1.0,false,false,true,8801,London Open Liquidity Scalp — QA 200,"[0.2974, 0.2831, 0.6036, 0.1249, 0.0, 0.0, 0.0, 0.0, 0.0, 0.0, 0.0, 0.0, 0.0, 0.0]","[0.0, 0.0341, 0.0, 0.0578, 0.1819, 0.5816, 0.8553, 0.9828, 1.0742, 1.1252, 0.8596, 0.9673, 1.0323, 0.7769]","[0.1922, 0.2042, 0.4265, 0.0634, -0.1204, -0.4031, -0.524, -0.7998, -0.9668, -0.9644, -0.5813, -0.9001, -0.9297, -0.5356]","[0.0, 0.0, 0.0, 0.0, 0.0, 0.0, 0.0, 0.0, 0.0, 0.0]","[0.5635, 0.6019, 0.4369, 0.3616, 0.4518, 0.5713, 0.729, 0.6106, 0.6649, 0.6775]","[-0.5207, -0.4136, -0.3695, -0.3383, -0.4247, -0.4741, -0.5717, -0.4716, -0.5563, -0.5763]"
122.74,2025-11-18T12:29:00.000Z,2025-11-18T07:44:00.000Z,22094,NQ,SHORT,London Open Liquidity Scalp,2.5862,0.44,47.46,-3.2531,0.0,18858.35284,18840.70178,18858.35284,18826.66971,2.5,18840.70178,18826.66971,18846.1277,18827.13698,4.5,0.75,5.0,Trailing SL,285,closed,47.46,2.59,18840.70178,18858.35284,0.0,0.0,-2.5862,0.0,false,true,Tuesday,7,12,November,2025,4.75,17100000,18846.1277,18840.70178,11746.74,11869.48,9.0,0.404,1.0,true,false,true,8801,London Open Liquidity Scalp — QA 200,"[0.0, 0.0, 0.0, 0.0, 0.0, 0.0, 0.0, 0.0, 0.0, 0.0, 0.0, 0.0, 0.0, 0.0, 0.0, 0.0, 0.0, 0.0, 0.0]","[0.4978, 0.7646, 0.7912, 1.1862, 1.2687, 1.4192, 1.3909, 1.8208, 1.843, 2.3711, 2.6108, 2.6368, 2.5433, 2.823, 2.7555, 3.2531, 3.1773, 2.6185, 2.6456]","[0.4351, 0.7188, 0.7042, 1.1585, 1.2114, 1.2653, 1.343, 1.4995, 1.7566, 2.1394, 2.5283, 2.5115, 2.4657, 2.7525, 2.6728, 2.9609, 2.9885, 2.5597, 2.5862]","[0.0, 0.0, 0.0, 0.0, 0.0, 0.0, 0.0, 0.0, 0.0, 0.0, 0.0, 0.0, 0.0, 0.0, 0.0, 0.0, 0.0, 0.0, 0.0]","[2.6558, 2.7532, 2.6377, 2.5825, 2.6872, 2.6667, 2.739, 2.63, 2.8457, 2.9306, 2.7873, 2.9241, 2.9399, 2.7812, 2.761, 2.6141, 2.6814, 2.5647, 2.7548]","[2.5231, 2.6958, 2.5793, 2.5491, 2.5899, 2.6252, 2.6538, 2.6129, 2.7588, 2.8573, 2.7506, 2.9083, 2.8259, 2.7064, 2.6662, 2.5853, 2.5528, 2.5327, 2.7094]"
-27.42,2023-12-31T16:43:00.000Z,2023-12-31T09:55:00.000Z,22095,XAUUSD,SHORT,London Open Liquidity Scalp,-0.6187,2.62,44.32,-0.4103,1.1806,1991.761,1991.492,1991.797,1991.492,2.5,1991.692,1991.797,1991.861,1991.27,4.0,2.5,1.0,STOP_OUT,408,closed,44.32,0.62,1991.492,1991.761,1.1806,-0.5241,1.7993,0.8774,true,false,Monday,9,16,December,2023,6.8,24480000,1991.861,1991.692,11869.48,11842.06,8.0,0.3734,1.0,false,false,true,8801,London Open Liquidity Scalp — QA 200,"[0.3421, 0.3499, 0.0052, 0.1044, 0.4319, 0.3251, 0.7058, 0.3742, 0.2292, 0.5484, 0.7211, 0.5544, 0.6935, 0.9245, 0.7623, 0.4891, 0.1508, 0.0594, 0.0, 0.2145, 0.1177, 0.4852, 0.786, 0.8538, 0.9471, 1.1806, 0.6758]","[0.0, 0.0, 0.0594, 0.2503, 0.0, 0.1424, 0.0, 0.0, 0.114, 0.0, 0.0, 0.0, 0.0, 0.0, 0.0, 0.0, 0.2634, 0.1372, 0.4103, 0.0, 0.0, 0.0, 0.0, 0.0, 0.0, 0.0, 0.0]","[-0.2502, -0.2347, 0.008, 0.0665, -0.3344, -0.1048, -0.4919, -0.2106, -0.1036, -0.4164, -0.6533, -0.5358, -0.5391, -0.8334, -0.6853, -0.3302, -0.0397, 0.0707, 0.2215, -0.1655, -0.0583, -0.4107, -0.6296, -0.8262, -0.8892, -1.0749, -0.6187]","[0.6387, 0.7003, 0.8148, 0.8551, 0.8774, 0.6968, 0.698, 0.5782, 0.439, 0.5377, 0.5359]","[0.0, 0.0, 0.0, 0.0, 0.0, 0.0, 0.0, 0.0, 0.0, 0.0, 0.0]","[-0.6086, -0.6832, -0.743, -0.7026, -0.8217, -0.6675, -0.5668, -0.5738, -0.4305, -0.4481, -0.4441]"
-41.38,2024-08-02T10:04:00.000Z,2024-08-02T07:42:00.000Z,22096,EURUSD,SHORT,London Open Liquidity Scalp,-0.7609,0.25,54.38,-0.3609,1.6904,1.09947,1.09494,1.10088,1.09494,2.5,1.09867,1.10088,1.10088,1.09316,3.0,0.8,10.0,SL,142,closed,54.38,0.76,1.09494,1.09947,1.6904,-0.4501,2.4513,0.8939,true,false,Friday,7,10,August,2024,2.3667,8520000,1.10088,1.09867,11842.06,11800.68,6.0,0.4592,1.0,false,false,false,8801,London Open Liquidity Scalp — QA 200,"[0.3192, 0.6105, 0.7391, 0.6231, 0.6595, 0.8543, 0.5627, 0.6183, 0.326, 0.0025, 0.4491, 0.397, 0.8284, 0.8818, 0.9697, 0.9018, 1.272, 1.0581, 0.7768, 0.6367, 0.8334, 0.979, 1.15, 1.0191, 1.291, 1.1611, 0.7657, 0.959, 1.1041, 1.3988, 1.5436, 1.6904, 1.6324, 1.2405, 1.1308, 1.1361, 1.0513, 0.8476, 0.4646, 0.8431, 0.7087, 1.3148, 0.8845, 1.2176, 1.5035, 0.9314, 1.1433, 0.9064, 0.7006, 0.4102, 0.8693, 0.677, 0.3055, 0.6091, 0.5274, 0.3867, 0.8916, 1.0955, 1.1998, 0.9585, 0.6814, 0.3589, 0.5402, 0.3816, 0.1905, 0.5473, 0.5558, 0.8511, 1.1264, 1.4125, 1.169, 1.1183, 1.1104, 0.7726, 0.8043, 0.5396, 0.7064, 0.35, 0.9501, 0.7753]","[0.1729, 0.0, 0.0, 0.0, 0.0, 0.0, 0.0, 0.0, 0.0838, 0.3609, 0.0, 0.0, 0.0, 0.0, 0.0, 0.0, 0.0, 0.0, 0.0, 0.0, 0.0, 0.0, 0.0, 0.0, 0.0, 0.0, 0.0, 0.0, 0.0, 0.0, 0.0, 0.0, 0.0, 0.0, 0.0, 0.0, 0.0, 0.0, 0.0, 0.0, 0.0, 0.0, 0.0, 0.0, 0.0, 0.0, 0.0, 0.0, 0.0, 0.0, 0.0, 0.0, 0.0, 0.0, 0.0, 0.0, 0.0, 0.0, 0.0, 0.0, 0.0, 0.0, 0.0, 0.0, 0.0839, 0.0, 0.0, 0.0, 0.0, 0.0, 0.0, 0.0, 0.0, 0.0, 0.0, 0.0, 0.0, 0.0, 0.0, 0.0]","[-0.0789, -0.4238, -0.5654, -0.4873, -0.5363, -0.7221, -0.5083, -0.3883, -0.1306, 0.0622, -0.2031, -0.3359, -0.7609, -0.8133, -0.7866, -0.7778, -1.0305, -0.8573, -0.6992, -0.5903, -0.6371, -0.9223, -1.0032, -0.9449, -1.1972, -1.0463, -0.7307, -0.7516, -1.0564, -1.3246, -1.4903, -1.3506, -1.4186, -1.0934, -1.0608, -1.1049, -0.8195, -0.7536, -0.4539, -0.7491, -0.6385, -0.9888, -0.8192, -0.9726, -1.2026, -0.8362, -1.0701, -0.8144, -0.4674, -0.3288, -0.5627, -0.5012, -0.2962, -0.4841, -0.4792, -0.3603, -0.699, -0.8523, -0.9052, -0.7939, -0.4658, -0.2419, -0.3266, -0.3538, -0.1066, -0.4676, -0.5129, -0.745, -1.0743, -1.2937, -1.0734, -0.9726, -0.9026, -0.5904, -0.6681, -0.3903, -0.6087, -0.3093, -0.6126, -0.7609]","[0.8921, 0.736, 0.7422, 0.8939, 0.6406, 0.8217, 0.5625, 0.5666, 0.6958, 0.8389, 0.7915, 0.7354, 0.6438, 0.6954]","[0.0, 0.0, 0.0, 0.0, 0.0, 0.0, 0.0, 0.0, 0.0, 0.0, 0.0, 0.0, 0.0, 0.0]","[-0.8645, -0.7191, -0.6508, -0.7537, -0.5949, -0.6952, -0.5253, -0.5055, -0.625, -0.6974, -0.7654, -0.5967, -0.5889, -0.5882]"
-7.92,2024-03-01T18:37:00.000Z,2024-03-01T14:07:00.000Z,22097,EURUSD,SHORT,London Open Liquidity Scalp,-0.1455,0.23,54.42,-0.2235,1.0189,1.08902,1.08607,1.08902,1.08607,3.0,1.08849,1.08839,1.09087,1.08135,3.0,0.8,10.0,BE,270,closed,54.42,0.15,1.08607,1.08902,1.0189,-0.1428,1.1644,0.0976,true,true,Friday,14,18,March,2024,4.5,16200000,1.09087,1.08849,11800.68,11792.76,6.0,0.4612,1.0,false,false,true,8801,London Open Liquidity Scalp — QA 200,"[0.4539, 0.5468, 0.7063, 0.2608, 0.0, 0.1363, 0.6333, 0.6066, 0.7639, 0.5305, 0.8668, 0.8562, 0.4676, 0.4022, 0.4727, 0.0755, 0.1927, 0.227, 0.1243, 0.2476, 0.0445, 0.1761, 0.0, 0.041, 0.4557, 0.3135, 0.3782, 0.5195, 0.2913, 0.3218, 0.7957, 0.7312, 0.3197, 0.6524, 0.0813, 0.3618, 0.4428, 0.2961, 0.2837, 0.6903, 0.3757, 0.5533, 0.758, 0.3976, 0.578, 0.3282, 0.5356, 0.5238, 0.1304, 0.0, 0.0, 0.263, 0.12, 0.2232, 0.0053, 0.3303, 0.5031, 0.4682, 0.7336, 0.7957, 0.322, 0.5337, 0.5725, 0.4771, 0.8547, 1.0189, 0.9335, 0.4741, 0.5448, 0.4722, 0.7128, 0.8651, 0.6277, 0.2929, 0.1152, 0.1961, 0.5543, 0.8667, 0.6166, 0.2172]","[0.0, 0.0, 0.0, 0.0, 0.1234, 0.0854, 0.0, 0.0, 0.0, 0.0, 0.0, 0.0, 0.0, 0.1781, 0.0354, 0.0, 0.0102, 0.0, 0.1058, 0.0, 0.1454, 0.031, 0.1617, 0.0353, 0.0, 0.0, 0.0, 0.0, 0.0, 0.0, 0.0, 0.0, 0.0, 0.0, 0.13, 0.0, 0.0, 0.0, 0.0, 0.0, 0.0, 0.0, 0.0, 0.0, 0.0, 0.1236, 0.0636, 0.1537, 0.174, 0.1926, 0.1966, 0.0, 0.1196, 0.0, 0.1591, 0.0, 0.0, 0.0, 0.0, 0.0, 0.0, 0.0, 0.0, 0.0, 0.0, 0.0, 0.0, 0.0, 0.0, 0.0, 0.0, 0.0, 0.0, 0.0, 0.2235, 0.0, 0.0, 0.0, 0.0, 0.0]","[-0.3378, -0.2531, -0.5438, -0.2249, 0.0952, -0.0667, -0.3495, -0.5786, -0.7318, -0.4991, -0.7264, -0.6788, -0.2922, -0.1323, -0.217, -0.0574, -0.1051, -0.1672, 0.0338, -0.2387, 0.0084, -0.063, 0.0784, 0.0027, -0.237, -0.2997, -0.3592, -0.3504, -0.1711, -0.2926, -0.5894, -0.4728, -0.2091, -0.331, 0.0375, -0.2693, -0.3504, -0.2199, -0.2527, -0.5388, -0.1944, -0.4506, -0.6318, -0.315, -0.5523, -0.1692, -0.1689, -0.2241, -0.0284, 0.1607, 0.1126, -0.246, 0.095, -0.1706, 0.1204, -0.1872, -0.4839, -0.4195, -0.6491, -0.6649, -0.3058, -0.3665, -0.5591, -0.4502, -0.7488, -0.9531, -0.8699, -0.4261, -0.3114, -0.4323, -0.6699, -0.8518, -0.3839, -0.1794, 0.107, -0.1469, -0.4483, -0.7408, -0.5003, -0.1455]","[0.0458, 0.0, 0.0976, 0.0, 0.0, 0.0, 0.0, 0.0, 0.0, 0.0, 0.0, 0.0, 0.0, 0.0, 0.0, 0.0, 0.0, 0.0, 0.0, 0.0, 0.0, 0.0, 0.0, 0.0]","[0.0547, 0.1151, 0.0706, 0.0935, 0.2207, 0.3707, 0.3672, 0.5397, 0.5365, 0.7105, 0.502, 0.6579, 0.6495, 0.7817, 0.8702, 1.0835, 0.9017, 0.8921, 0.858, 0.812, 0.9657, 1.0556, 0.9244, 1.0227]","[-0.0178, 0.0776, -0.0242, 0.0476, 0.1409, 0.2802, 0.3066, 0.4561, 0.5174, 0.5765, 0.479, 0.5867, 0.6278, 0.7217, 0.8642, 0.9525, 0.8342, 0.8309, 0.8141, 0.7802, 0.8741, 0.9318, 0.8883, 0.9542]"
-26.54,2023-12-11T14:05:00.000Z,2023-12-11T09:15:00.000Z,22098,EURUSD,LONG,London Open Liquidity Scalp,-0.5894,0.19,45.03,-1.5984,0.2383,1.09469,1.09908,1.09908,1.09469,2.5,1.09851,1.0971,1.09612,1.10448,3.0,0.8,10.0,MANUAL,290,closed,45.03,0.59,1.09908,1.09469,0.7086,-0.8318,0.8277,0.7086,true,false,Monday,9,14,December,2023,4.8333,17400000,1.09612,1.09851,11792.76,11766.22,6.0,0.3818,1.0,false,true,false,8801,London Open Liquidity Scalp — QA 200,"[0.0, 0.2149, 0.0, 0.0, 0.0, 0.0, 0.0, 0.0, 0.0, 0.0, 0.0, 0.0, 0.0, 0.0, 0.0, 0.0, 0.0, 0.0, 0.0, 0.0, 0.0, 0.0, 0.0, 0.153, 0.0, 0.0, 0.0, 0.0, 0.0, 0.0, 0.0, 0.0, 0.0, 0.0, 0.0, 0.0, 0.0, 0.0, 0.0, 0.0, 0.0, 0.0, 0.0, 0.0087, 0.0, 0.0, 0.0628, 0.0, 0.0, 0.0021, 0.2383, 0.0, 0.0, 0.0, 0.0, 0.0, 0.0, 0.0, 0.0, 0.0, 0.0, 0.0, 0.0, 0.0, 0.0, 0.0, 0.0, 0.0, 0.0, 0.0, 0.0, 0.0, 0.0, 0.0, 0.0, 0.0, 0.0, 0.0, 0.0, 0.0]","[0.3499, 0.4769, 0.4836, 0.7874, 0.7334, 0.7821, 0.9327, 0.7576, 1.1442, 0.9605, 1.0233, 0.7657, 0.7285, 0.6923, 0.5418, 0.7515, 0.9378, 0.6909, 0.5993, 0.2982, 0.5674, 0.4231, 0.5827, 0.5134, 0.2714, 0.3615, 0.8525, 0.9642, 0.8805, 0.8328, 1.1599, 1.1562, 1.0299, 0.6915, 0.6804, 0.8155, 0.4895, 0.2688, 0.3867, 0.4383, 0.5003, 0.4272, 0.6021, 0.6301, 0.3239, 0.2739, 0.0442, 0.2381, 0.4236, 0.2453, 0.0676, 0.2726, 0.6591, 0.9063, 0.7606, 0.9989, 1.0185, 1.1332, 1.42, 1.5984, 1.3485, 0.9969, 1.0812, 0.9012, 0.5895, 0.6629, 0.8131, 0.974, 1.0604, 0.6235, 0.5887, 1.0013, 0.8244, 0.6294, 0.401, 0.2802, 0.3478, 0.3978, 0.505, 0.8253]","[-0.2957, -0.1426, -0.4113, -0.6884, -0.6809, -0.6194, -0.7001, -0.5563, -0.8581, -0.8443, -0.8541, -0.6455, -0.3996, -0.5119, -0.4121, -0.5363, -0.5701, -0.4737, -0.5376, -0.276, -0.4451, -0.2472, -0.4648, -0.2129, -0.1748, -0.3123, -0.6259, -0.8515, -0.7792, -0.7189, -1.0524, -0.8831, -0.9613, -0.6662, -0.5885, -0.7589, -0.4116, -0.1252, -0.2526, -0.2137, -0.4548, -0.3998, -0.5551, -0.4098, -0.2599, -0.2249, 0.0075, -0.1051, -0.2071, -0.1857, 0.0537, -0.1506, -0.5284, -0.8358, -0.6267, -0.8804, -0.9777, -1.0132, -1.2681, -1.3078, -1.3051, -0.9752, -1.0304, -0.7545, -0.4841, -0.5218, -0.7456, -0.9071, -0.8372, -0.5501, -0.4956, -0.8335, -0.7622, -0.517, -0.3456, -0.209, -0.2809, -0.2564, -0.4505, -0.5894]","[0.0, 0.0, 0.0, 0.0, 0.0, 0.0, 0.0, 0.1057, 0.0856, 0.2669, 0.1623, 0.2503, 0.232, 0.3714, 0.1844, 0.3403, 0.3852, 0.296, 0.4336, 0.3924, 0.5946, 0.7086, 0.6046]","[0.5417, 0.4719, 0.3859, 0.515, 0.2944, 0.3122, 0.1523, 0.1747, 0.2682, 0.0, 0.0, 0.0, 0.0, 0.0, 0.0, 0.0, 0.0, 0.0, 0.0, 0.0, 0.0, 0.0, 0.0]","[-0.4847, -0.4164, -0.3246, -0.378, -0.2501, -0.2765, -0.1094, -0.0431, -0.0715, 0.0904, 0.1058, 0.1918, 0.153, 0.245, 0.1402, 0.1594, 0.3112, 0.2506, 0.204, 0.3594, 0.5062, 0.5727, 0.5501]"
-32.49,2025-11-21T14:20:00.000Z,2025-11-21T13:36:00.000Z,22099,GBPUSD,LONG,London Open Liquidity Scalp,-0.6466,0.39,50.25,-0.8087,0.1433,1.27926,1.2805,1.2805,1.27926,2.0,1.28031,1.27947,1.27901,1.28291,3.5,1.2,10.0,MANUAL,44,closed,50.25,0.65,1.2805,1.27926,0.1433,-4.5122,0.7899,0.0,false,true,Friday,13,14,November,2025,0.7333,2640000,1.27901,1.28031,11766.22,11733.73,7.0,0.4271,1.0,false,false,false,8801,London Open Liquidity Scalp — QA 200,"[0.0, 0.0, 0.0, 0.0, 0.0, 0.0, 0.1433, 0.0]","[0.2895, 0.4803, 0.6859, 0.8087, 0.5437, 0.3031, 0.0808, 0.6605]","[-0.2169, -0.3955, -0.5401, -0.7477, -0.4351, -0.17, -0.016, -0.6466]","[0.0, 0.0, 0.0, 0.0, 0.0, 0.0, 0.0, 0.0, 0.0, 0.0]","[0.6584, 0.7704, 0.7883, 0.8739, 1.0016, 0.9258, 0.9518, 0.9442, 0.9364, 0.9578]","[-0.625, -0.718, -0.7222, -0.7925, -0.9012, -0.8686, -0.9271, -0.7935, -0.7755, -0.8364]"
-18.28,2025-06-22T20:09:00.000Z,2025-06-22T15:07:00.000Z,22100,EURUSD,SHORT,London Open Liquidity Scalp,-0.3611,0.41,50.63,-0.8905,1.4547,1.11081,1.10791,1.11081,1.10791,2.0,1.10971,1.11016,1.11095,1.10723,3.0,0.8,10.0,MANUAL,302,closed,50.63,0.36,1.10791,1.11081,1.4547,-0.2482,1.8158,0.574,true,false,Monday,15,20,June,2025,5.0333,18120000,1.11095,1.10971,11733.73,11715.45,6.0,0.4315,1.0,true,true,true,8801,London Open Liquidity Scalp — QA 200,"[0.0247, 0.1692, 0.2966, 0.1311, 0.1927, 0.0578, 0.1656, 0.0, 0.2722, 0.4288, 0.3127, 0.3451, 0.0, 0.051, 0.027, 0.0243, 0.0, 0.0, 0.0, 0.0, 0.0922, 0.3729, 0.459, 0.2808, 0.6983, 1.0121, 0.6703, 0.7932, 0.962, 0.8221, 0.8232, 0.4475, 0.4947, 0.8291, 0.7805, 1.0563, 1.0489, 1.2751, 1.4547, 1.0214, 0.7898, 0.9473, 0.525, 0.3209, 0.1308, 0.4611, 0.3358, 0.2546, 0.4153, 0.6428, 0.8734, 0.8945, 1.1084, 1.066, 0.8471, 0.5177, 0.7752, 0.9376, 0.8206, 0.8638, 0.9547, 0.6211, 0.6723, 0.7525, 0.6522, 0.5557, 0.6489, 0.7348, 0.9409, 0.46, 0.4483, 0.6829, 0.1788, 0.1433, 0.0062, 0.0, 0.2569, 0.5097, 0.6781, 0.3776]","[0.1097, 0.0604, 0.0, 0.1963, 0.0, 0.0979, 0.254, 0.4404, 0.0, 0.0, 0.0, 0.1532, 0.1791, 0.3067, 0.1785, 0.0698, 0.2765, 0.4412, 0.8905, 0.4364, 0.0, 0.0, 0.0686, 0.0, 0.0, 0.0, 0.0, 0.0, 0.0, 0.0, 0.0, 0.0, 0.0, 0.0, 0.0, 0.0, 0.0, 0.0, 0.0, 0.0, 0.0, 0.0, 0.0, 0.0439, 0.0908, 0.0, 0.015, 0.0144, 0.0, 0.0, 0.0, 0.0, 0.0, 0.0, 0.0, 0.0, 0.0, 0.0, 0.0, 0.0, 0.0, 0.0, 0.0, 0.0, 0.0, 0.0, 0.0, 0.0, 0.0, 0.0, 0.0, 0.0, 0.0, 0.0, 0.1523, 0.1496, 0.0, 0.0, 0.0, 0.0]","[0.0365, 0.0193, -0.1966, 0.0276, -0.1187, -0.0024, 0.026, 0.2526, -0.2009, -0.3868, -0.2679, -0.0412, 0.099, 0.1524, 0.0997, 0.0309, 0.2493, 0.3257, 0.5928, 0.2689, -0.0737, -0.2819, -0.2459, -0.2331, -0.5681, -0.713, -0.621, -0.6335, -0.9363, -0.6744, -0.7155, -0.421, -0.4496, -0.6616, -0.7254, -0.9289, -0.9426, -1.221, -1.1701, -0.7881, -0.7177, -0.9187, -0.4926, -0.1684, -0.0529, -0.2294, -0.1283, -0.0267, -0.3134, -0.5567, -0.8406, -0.7871, -0.9525, -0.8885, -0.78, -0.4224, -0.7453, -0.9003, -0.7361, -0.7696, -0.8389, -0.519, -0.5525, -0.533, -0.5558, -0.3037, -0.5169, -0.6908, -0.682, -0.3594, -0.2435, -0.3696, -0.1384, -0.1107, 0.0737, 0.1102, -0.231, -0.3761, -0.5852, -0.3611]","[0.2425, 0.3592, 0.4809, 0.574, 0.4133, 0.3951, 0.3251, 0.2594, 0.1918, 0.2908, 0.2418, 0.2553, 0.2089, 0.063, 0.0, 0.0, 0.0, 0.0397, 0.0876, 0.0245, 0.148]","[0.0, 0.0, 0.0, 0.0, 0.0, 0.0, 0.0, 0.0, 0.0, 0.0, 0.0, 0.0, 0.0219, 0.1929, 0.265, 0.2904, 0.0968, 0.209, 0.0, 0.0244, 0.0608]","[-0.2348, -0.2806, -0.3755, -0.4533, -0.3721, -0.2325, -0.1575, -0.211, -0.1539, -0.1463, -0.2252, -0.1445, -0.084, 0.0034, 0.1447, 0.1358, 0.038, 0.0356, -0.0665, -0.0016, -0.0208]"
79.87,2025-01-09T16:18:00.000Z,2025-01-09T13:51:00.000Z,22101,NQ,SHORT,London Open Liquidity Scalp,1.8161,0.68,43.98,-2.4134,0.0,18245.73776,18237.91328,18245.73776,18231.42908,2.0,18237.91328,18231.42908,18241.15538,18231.42908,4.5,0.75,5.0,TP,147,closed,43.98,1.82,18237.91328,18245.73776,0.0,0.0,-1.8161,0.0,false,true,Thursday,13,16,January,2025,2.45,8820000,18241.15538,18237.91328,11715.45,11795.32,9.0,0.3754,1.0,true,true,true,8801,London Open Liquidity Scalp — QA 200,"[0.0, 0.0, 0.0, 0.0, 0.0, 0.0, 0.0, 0.0, 0.0, 0.0, 0.0, 0.0, 0.0, 0.0, 0.0, 0.0, 0.0, 0.0, 0.0, 0.0, 0.0, 0.0, 0.0, 0.0, 0.0, 0.0, 0.0, 0.0, 0.0, 0.0, 0.0, 0.0, 0.0, 0.0, 0.0, 0.0, 0.0, 0.0, 0.0, 0.0, 0.0, 0.0, 0.0, 0.0, 0.0, 0.0, 0.0, 0.0, 0.0, 0.0, 0.0, 0.0, 0.0, 0.0, 0.0, 0.0, 0.0, 0.0, 0.0, 0.0, 0.0, 0.0, 0.0, 0.0, 0.0, 0.0, 0.0, 0.0, 0.0, 0.0, 0.0, 0.0, 0.0, 0.0, 0.0, 0.0, 0.0, 0.0, 0.0, 0.0]","[0.4122, 0.9185, 0.9025, 0.8795, 0.8818, 1.0722, 0.8233, 0.7371, 0.9062, 0.622, 0.5028, 1.0828, 1.3098, 1.8814, 1.3646, 1.543, 1.7235, 2.0462, 1.7381, 1.7748, 1.7124, 1.6769, 1.4388, 1.8971, 2.202, 1.673, 1.7007, 1.5974, 1.5256, 1.6007, 1.5864, 1.5327, 1.9626, 2.4009, 2.1554, 2.2135, 2.3339, 2.4134, 2.1285, 1.9636, 2.344, 1.8894, 1.6451, 1.6401, 1.6257, 2.0147, 2.0482, 1.7891, 1.9643, 1.7499, 1.5674, 1.8634, 2.0872, 1.8049, 1.9129, 1.5854, 1.3827, 1.5523, 1.7627, 1.3988, 1.8203, 1.6009, 1.4869, 1.5794, 1.6066, 1.7653, 1.5264, 1.8079, 1.9493, 2.1018, 1.7606, 1.7725, 2.2026, 2.1775, 1.8479, 2.0059, 2.361, 2.3377, 1.9517, 1.8656]","[0.3805, 0.7253, 0.7266, 0.684, 0.861, 0.8644, 0.6542, 0.5357, 0.7493, 0.565, 0.4882, 1.0191, 1.26, 1.6218, 1.344, 1.4469, 1.6276, 1.9665, 1.6122, 1.711, 1.6627, 1.483, 1.4126, 1.8062, 1.8944, 1.5601, 1.5116, 1.5222, 1.3005, 1.5647, 1.406, 1.4631, 1.7487, 2.05, 2.0368, 2.1685, 2.3186, 2.3645, 2.0749, 1.9283, 2.248, 1.8294, 1.5756, 1.4815, 1.4354, 1.7962, 1.9076, 1.5429, 1.7599, 1.6825, 1.5189, 1.7556, 1.9386, 1.6838, 1.6943, 1.5033, 1.2553, 1.3551, 1.5413, 1.3278, 1.7246, 1.5094, 1.478, 1.5433, 1.4614, 1.6745, 1.4505, 1.7284, 1.7444, 1.7574, 1.6585, 1.5937, 1.853, 2.1063, 1.7443, 1.9204, 2.1222, 2.1202, 1.8828, 1.8161]","[0.0, 0.0, 0.0, 0.0, 0.0, 0.0, 0.0, 0.0, 0.0, 0.0, 0.0, 0.0, 0.0, 0.0, 0.0, 0.0, 0.0, 0.0]","[1.9935, 2.0507, 1.9484, 1.9499, 1.978, 2.1174, 2.3744, 2.2592, 2.2151, 2.2637, 2.2905, 2.3493, 2.3378, 2.144, 2.1387, 2.2128, 2.3079, 2.3279]","[1.9432, 2.0171, 1.9149, 1.8481, 1.9125, 2.0908, 2.2456, 2.1702, 2.1878, 2.2238, 2.2646, 2.2906, 2.1879, 2.079, 2.1224, 2.1327, 2.2917, 2.2995]"
-24.6,2024-12-17T18:21:00.000Z,2024-12-17T14:03:00.000Z,22102,NQ,LONG,London Open Liquidity Scalp,-0.5394,0.34,45.61,-1.5244,0.1496,18033.51078,18044.60245,18044.60245,18033.51078,3.0,18043.61122,18040.03736,18036.98537,18063.48876,4.5,0.75,5.0,MANUAL,258,closed,45.61,0.54,18044.60245,18033.51078,0.1496,-3.6056,0.689,0.0,false,true,Tuesday,14,18,December,2024,4.3,15480000,18036.98537,18043.61122,11795.32,11770.72,9.0,0.3867,1.0,false,false,true,8801,London Open Liquidity Scalp — QA 200,"[0.0, 0.0, 0.0, 0.0, 0.0, 0.0, 0.0, 0.0, 0.0, 0.0, 0.0, 0.0, 0.0, 0.0, 0.1496, 0.0227, 0.0]","[0.4043, 0.7181, 0.4467, 1.0299, 0.9491, 1.0966, 1.4053, 1.5244, 1.1301, 1.174, 1.1383, 0.8729, 0.5687, 0.4771, 0.0393, 0.6376, 0.6115]","[-0.3508, -0.5351, -0.4102, -0.7459, -0.7617, -1.0392, -1.3046, -1.386, -1.0066, -1.1011, -0.9533, -0.818, -0.4796, -0.2239, 0.0497, -0.2716, -0.5394]","[0.0, 0.0, 0.0, 0.0, 0.0, 0.0]","[0.5716, 0.4909, 0.5726, 0.672, 0.6634, 0.5704]","[-0.4835, -0.4577, -0.507, -0.5842, -0.4698, -0.4115]"
45.55,2025-01-25T17:08:00.000Z,2025-01-25T14:51:00.000Z,22103,XAUUSD,SHORT,London Open Liquidity Scalp,1.0445,2.8,43.61,-1.3325,0.2088,1987.831,1987.592,1987.831,1987.461,2.0,1987.624,1987.461,1987.78,1987.313,4.0,2.5,1.0,Trailing SL,137,closed,43.61,1.04,1987.592,1987.831,0.2088,5.0024,-0.8357,0.0,false,true,Monday,14,17,January,2025,2.2833,8220000,1987.78,1987.624,11770.72,11816.27,8.0,0.3705,1.0,false,true,true,8801,London Open Liquidity Scalp — QA 200,"[0.0611, 0.0, 0.0, 0.016, 0.0, 0.0, 0.1078, 0.0, 0.0, 0.2088, 0.0, 0.0533, 0.0, 0.0, 0.0, 0.0, 0.0, 0.0, 0.0, 0.0, 0.0, 0.0, 0.0, 0.0, 0.0, 0.0, 0.0]","[0.2092, 0.4043, 0.199, 0.1751, 0.2921, 0.2127, 0.1556, 0.6959, 0.3007, 0.3569, 0.2566, 0.1004, 0.1455, 0.3159, 0.6, 0.735, 0.9175, 0.7397, 1.0451, 0.7497, 1.1034, 0.8893, 1.1251, 1.3325, 1.2965, 1.2731, 1.1882]","[0.1438, 0.3561, 0.0897, 0.1113, 0.2692, 0.1171, 0.1012, 0.4571, 0.2509, 0.0865, 0.1438, 0.0084, 0.086, 0.2192, 0.3511, 0.5923, 0.7818, 0.6813, 1.02, 0.7021, 0.9602, 0.7125, 1.0256, 1.1586, 1.2408, 1.1576, 1.0445]","[0.0, 0.0, 0.0, 0.0, 0.0, 0.0, 0.0, 0.0, 0.0, 0.0, 0.0, 0.0, 0.0, 0.0]","[1.1558, 1.2314, 1.3451, 1.3306, 1.3536, 1.6531, 1.7446, 1.8087, 1.9277, 2.0159, 2.0805, 2.1071, 2.291, 2.1932]","[1.1161, 1.2191, 1.3191, 1.3096, 1.331, 1.4874, 1.6445, 1.7255, 1.8281, 1.9458, 1.978, 2.0413, 2.1665, 2.1068]"
-29.72,2025-12-01T18:36:00.000Z,2025-12-01T13:45:00.000Z,22104,XAUUSD,LONG,London Open Liquidity Scalp,-0.6355,1.84,46.77,-1.5738,0.7187,2041.011,2041.594,2041.594,2041.011,2.5,2041.411,2041.25,2041.157,2042.046,4.0,2.5,1.0,STOP_OUT,291,closed,46.77,0.64,2041.594,2041.011,0.7187,-0.8842,1.3542,0.5889,true,false,Monday,13,18,December,2025,4.85,17460000,2041.157,2041.411,11816.27,11786.55,8.0,0.3958,1.0,false,false,true,8801,London Open Liquidity Scalp — QA 200,"[0.264, 0.5168, 0.7187, 0.1751, 0.0, 0.0, 0.0, 0.0, 0.0, 0.0, 0.0569, 0.0, 0.0, 0.0, 0.1204, 0.0, 0.0487, 0.0716, 0.0, 0.0, 0.0, 0.0, 0.0, 0.0, 0.0, 0.0, 0.1356, 0.0, 0.0, 0.0, 0.0, 0.0, 0.0, 0.0, 0.0, 0.0, 0.0, 0.0, 0.0, 0.0, 0.0, 0.0, 0.0, 0.0, 0.0, 0.0, 0.0, 0.0, 0.0, 0.0, 0.0, 0.0, 0.0, 0.0, 0.0, 0.0, 0.0, 0.0]","[0.0, 0.0, 0.0, 0.1309, 0.7105, 0.6975, 0.6371, 0.7221, 0.478, 0.2606, 0.1319, 0.4841, 0.1841, 0.2293, 0.3128, 0.451, 0.3661, 0.036, 0.6061, 0.8766, 0.8481, 0.8027, 0.6851, 0.5744, 0.3952, 0.6141, 0.3476, 0.2637, 0.374, 0.4048, 0.6691, 0.8423, 0.7471, 0.6873, 0.7339, 0.9726, 1.4304, 1.4305, 1.0401, 0.7979, 0.9387, 0.8049, 1.0116, 1.465, 0.8822, 1.141, 1.2932, 1.361, 1.5738, 1.4782, 1.2736, 1.4833, 1.4021, 1.5091, 0.9411, 1.0965, 0.74, 0.6682]","[0.2346, 0.3249, 0.4679, -0.0231, -0.3701, -0.6038, -0.5906, -0.6514, -0.3931, -0.1938, -0.0509, -0.4171, -0.1557, -0.1005, -0.0854, -0.2565, -0.1258, 0.0031, -0.3462, -0.4877, -0.4798, -0.4591, -0.6663, -0.4786, -0.2363, -0.5076, -0.2475, -0.2041, -0.2873, -0.2678, -0.599, -0.716, -0.5017, -0.6289, -0.6269, -0.9546, -1.1117, -1.2111, -0.838, -0.6928, -0.8606, -0.4733, -0.7737, -1.0597, -0.7784, -1.0641, -0.9194, -1.1668, -1.3988, -1.3211, -1.2289, -1.3846, -1.273, -1.1602, -0.8855, -1.0007, -0.6216, -0.6355]","[0.0, 0.0, 0.0, 0.0, 0.0, 0.0, 0.0, 0.0, 0.0516, 0.0612, 0.1543, 0.193, 0.1687, 0.3101, 0.1815, 0.2588, 0.2557, 0.2402, 0.2647, 0.2776, 0.0915, 0.2555, 0.5889, 0.5622]","[0.5884, 0.5297, 0.5256, 0.4774, 0.438, 0.4979, 0.3116, 0.2798, 0.2152, 0.0349, 0.1042, 0.0715, 0.0013, 0.0665, 0.0, 0.0862, 0.0, 0.0, 0.0, 0.0, 0.02, 0.0, 0.0, 0.0]","[-0.4706, -0.4471, -0.4956, -0.4136, -0.3958, -0.3141, -0.2752, -0.2253, -0.0653, 0.0148, -0.0168, 0.0449, 0.0742, 0.1039, 0.0557, 0.0951, 0.1913, 0.1115, 0.2031, 0.1553, 0.0672, 0.2343, 0.4029, 0.5277]"
127.86,2024-12-25T13:33:00.000Z,2024-12-25T10:52:00.000Z,22105,EURUSD,LONG,London Open Liquidity Scalp,2.9132,0.2,43.89,-0.2751,3.634,1.06617,1.07457,1.07457,1.06617,3.0,1.06676,1.07302,1.06461,1.07321,3.0,0.8,10.0,Trailing SL,161,closed,43.89,2.91,1.07457,1.06617,3.634,0.8017,0.7208,3.2389,false,false,Wednesday,10,13,December,2024,2.6833,9660000,1.06461,1.06676,11786.55,11914.41,6.0,0.3724,1.0,false,false,true,8801,London Open Liquidity Scalp — QA 200,"[0.3802, 0.8005, 1.3538, 1.489, 1.8249, 1.9882, 2.2479, 2.5787, 2.9668, 2.6047, 2.9952, 2.7565, 2.5406, 2.6509, 3.0253, 2.7603, 2.8802, 3.1498, 2.7481, 3.1947, 3.5464, 3.4939, 3.42, 3.5231, 3.3591, 3.634, 3.1299, 3.3452, 3.3091, 3.0162, 2.8406, 2.9977]","[0.2751, 0.0, 0.0, 0.0, 0.0, 0.0, 0.0, 0.0, 0.0, 0.0, 0.0, 0.0, 0.0, 0.0, 0.0, 0.0, 0.0, 0.0, 0.0, 0.0, 0.0, 0.0, 0.0, 0.0, 0.0, 0.0, 0.0, 0.0, 0.0, 0.0, 0.0, 0.0]","[0.0012, 0.7579, 1.2265, 1.4013, 1.5126, 1.7615, 2.2301, 2.5088, 2.6553, 2.5642, 2.7671, 2.7022, 2.4347, 2.5535, 2.7938, 2.7426, 2.7385, 3.0355, 2.6798, 2.9869, 3.3004, 3.4678, 3.3274, 3.3525, 3.2217, 3.501, 3.0579, 3.315, 3.0849, 2.933, 2.5977, 2.9132]","[2.8608, 3.1322, 3.1532, 3.2389, 3.1879, 3.0824]","[0.0, 0.0, 0.0, 0.0, 0.0, 0.0]","[2.8365, 3.0164, 2.9805, 3.1235, 3.1568, 3.0522]"
-16.59,2024-10-13T12:02:00.000Z,2024-10-13T07:34:00.000Z,22106,GBPUSD,LONG,London Open Liquidity Scalp,-0.3722,0.32,44.57,-1.4766,0.3683,1.26975,1.27232,1.27232,1.26975,3.0,1.27181,1.27041,1.27041,1.276,3.5,1.2,10.0,SL,268,closed,44.57,0.37,1.27232,1.26975,0.4614,-0.8067,0.7405,0.4614,true,false,Monday,7,12,October,2024,4.4667,16080000,1.27041,1.27181,11914.41,11897.82,7.0,0.3741,1.0,true,false,true,8801,London Open Liquidity Scalp — QA 200,"[0.1347, 0.1637, 0.2408, 0.3683, 0.0609, 0.2683, 0.0797, 0.0, 0.0, 0.0, 0.2276, 0.0, 0.0, 0.0, 0.0, 0.0, 0.0, 0.0, 0.0, 0.0, 0.0, 0.0536, 0.3026, 0.1104, 0.1083, 0.175, 0.0, 0.1746, 0.0, 0.0, 0.0, 0.0, 0.0, 0.0, 0.0, 0.0, 0.0, 0.0, 0.0, 0.0, 0.0, 0.0, 0.0, 0.0, 0.0, 0.0, 0.0, 0.0, 0.0, 0.0, 0.2278, 0.0214, 0.0]","[0.108, 0.0002, 0.1307, 0.0496, 0.0462, 0.2262, 0.5439, 0.712, 0.5074, 0.5116, 0.4354, 0.5438, 0.6699, 0.5597, 0.4816, 0.313, 0.3136, 0.157, 0.237, 0.8385, 0.3854, 0.263, 0.1765, 0.3868, 0.3312, 0.1929, 0.3255, 0.2781, 0.6854, 0.6088, 0.9672, 1.1871, 1.2335, 1.2187, 1.4766, 1.3498, 1.4648, 1.0149, 0.6988, 0.3382, 0.7431, 0.5227, 0.7941, 0.844, 0.8672, 0.9896, 0.7649, 0.5361, 0.559, 0.5301, 0.4359, 0.4082, 0.74]","[-0.0157, 0.0933, 0.0814, 0.2047, 0.0067, -0.0516, -0.2572, -0.4052, -0.3416, -0.3525, -0.0177, -0.3202, -0.6404, -0.3819, -0.4531, -0.2149, -0.1739, -0.114, -0.1536, -0.434, -0.3348, -0.0581, 0.1709, -0.1219, -0.2136, -0.0113, -0.2173, -0.0906, -0.3036, -0.5809, -0.8901, -1.0723, -1.1525, -1.0814, -1.1247, -1.117, -1.1845, -0.9744, -0.5625, -0.2549, -0.4969, -0.4159, -0.6492, -0.707, -0.6068, -0.8169, -0.4373, -0.2446, -0.2464, -0.4601, -0.1511, -0.0823, -0.3722]","[0.0, 0.0, 0.0, 0.0, 0.1194, 0.2385, 0.1931, 0.1188, 0.0, 0.0921, 0.2648, 0.1163, 0.0812, 0.0238, 0.1593, 0.2247, 0.4614]","[0.2527, 0.1883, 0.2001, 0.123, 0.0944, 0.0, 0.1222, 0.1493, 0.1663, 0.06, 0.0327, 0.0995, 0.1573, 0.2361, 0.0, 0.0, 0.0]","[-0.2446, -0.1457, -0.1015, -0.0648, 0.0751, 0.1224, 0.0028, 0.0378, -0.0727, -0.0114, 0.1221, 0.0089, -0.0197, -0.0275, 0.1112, 0.1706, 0.3262]"
81.95,2024-04-29T11:24:00.000Z,2024-04-29T07:21:00.000Z,22107,NQ,LONG,London Open Liquidity Scalp,1.6148,0.77,50.75,-0.0,2.6515,18098.05864,18106.78137,18106.78137,18098.05864,2.0,18098.05864,18104.63811,18094.76891,18104.63811,4.5,0.75,5.0,TP,243,closed,50.75,1.61,18106.78137,18098.05864,2.6515,0.609,1.0367,1.8222,false,false,Monday,7,11,April,2024,4.05,14580000,18094.76891,18098.05864,11897.82,11979.77,9.0,0.4265,1.0,false,false,true,8801,London Open Liquidity Scalp — QA 200,"[0.6392, 0.9448, 0.824, 1.1276, 1.2575, 1.4963, 1.5079, 1.605, 1.8781, 1.7058, 2.0949, 2.1472, 2.6398, 2.1283, 2.1475, 2.1165, 2.07, 1.9497, 1.8709, 2.0655, 2.2824, 2.6417, 2.6515, 2.3687, 2.3204, 2.3826, 2.2631, 2.3675, 2.5964, 2.0338, 2.292, 2.1747, 2.0019, 1.882, 1.6035, 1.4717, 1.9413, 1.7424, 1.4219, 1.461, 1.2382, 1.2262, 1.5029, 1.8856, 1.48, 1.4144, 1.6155, 1.962]","[0.0, 0.0, 0.0, 0.0, 0.0, 0.0, 0.0, 0.0, 0.0, 0.0, 0.0, 0.0, 0.0, 0.0, 0.0, 0.0, 0.0, 0.0, 0.0, 0.0, 0.0, 0.0, 0.0, 0.0, 0.0, 0.0, 0.0, 0.0, 0.0, 0.0, 0.0, 0.0, 0.0, 0.0, 0.0, 0.0, 0.0, 0.0, 0.0, 0.0, 0.0, 0.0, 0.0, 0.0, 0.0, 0.0, 0.0, 0.0]","[0.524, 0.7452, 0.6132, 1.0392, 1.1301, 1.4275, 1.4379, 1.5676, 1.7852, 1.6522, 1.9798, 2.0315, 2.2811, 2.0582, 1.9387, 1.8089, 2.011, 1.8409, 1.6394, 1.9483, 2.2423, 2.4775, 2.567, 2.151, 2.0669, 2.1675, 2.0682, 2.2335, 2.3801, 1.9727, 2.2441, 1.9753, 1.8395, 1.8041, 1.5165, 1.4203, 1.7691, 1.705, 1.3746, 1.4431, 1.165, 1.0134, 1.4554, 1.8128, 1.4395, 1.332, 1.5896, 1.6148]","[1.5617, 1.5941, 1.7764, 1.6291, 1.4978, 1.7804, 1.8222]","[0.0, 0.0, 0.0, 0.0, 0.0, 0.0, 0.0]","[1.5157, 1.4826, 1.618, 1.5905, 1.482, 1.5906, 1.7447]"
59.75,2024-06-11T12:00:00.000Z,2024-06-11T09:34:00.000Z,22108,EURUSD,LONG,London Open Liquidity Scalp,1.1444,0.25,52.21,-0.0,2.2063,1.08901,1.09361,1.09361,1.08901,1.5,1.08901,1.09213,1.08693,1.09213,3.0,0.8,10.0,TP,146,closed,52.21,1.14,1.09361,1.08901,2.2063,0.5187,1.0619,1.6078,false,false,Tuesday,9,12,June,2024,2.4333,8760000,1.08693,1.08901,11979.77,12039.52,6.0,0.4358,1.0,false,false,true,8801,London Open Liquidity Scalp — QA 200,"[0.3698, 0.9222, 0.7737, 0.7695, 0.7722, 0.852, 1.2372, 1.1003, 1.4279, 1.6238, 1.4535, 1.318, 1.2947, 1.6623, 1.7922, 2.0498, 1.8996, 1.5688, 1.7505, 1.6428, 1.6769, 1.4725, 1.1953, 1.1078, 0.9647, 1.275, 1.2734, 1.0436, 1.0388, 1.5756, 1.4141, 1.5614, 1.3413, 1.1669, 1.4649, 1.6217, 1.4945, 1.2011, 1.3786, 1.1859, 1.4844, 1.705, 1.8484, 1.9185, 1.8663, 1.7776, 2.1601, 2.2063, 2.1335, 2.059, 1.9069, 2.0029, 2.0941, 1.8279, 1.6885, 1.6229, 1.2501, 1.642, 1.4891, 1.3402, 1.1925, 1.2488, 1.1466, 1.1545, 1.0878, 1.1634, 1.5149, 1.146, 1.1534, 1.1896, 1.0296, 0.9795, 1.3823, 1.1617, 1.0098, 0.8631, 0.8259, 0.6894, 0.8672, 1.425]","[0.0, 0.0, 0.0, 0.0, 0.0, 0.0, 0.0, 0.0, 0.0, 0.0, 0.0, 0.0, 0.0, 0.0, 0.0, 0.0, 0.0, 0.0, 0.0, 0.0, 0.0, 0.0, 0.0, 0.0, 0.0, 0.0, 0.0, 0.0, 0.0, 0.0, 0.0, 0.0, 0.0, 0.0, 0.0, 0.0, 0.0, 0.0, 0.0, 0.0, 0.0, 0.0, 0.0, 0.0, 0.0, 0.0, 0.0, 0.0, 0.0, 0.0, 0.0, 0.0, 0.0, 0.0, 0.0, 0.0, 0.0, 0.0, 0.0, 0.0, 0.0, 0.0, 0.0, 0.0, 0.0, 0.0, 0.0, 0.0, 0.0, 0.0, 0.0, 0.0, 0.0, 0.0, 0.0, 0.0, 0.0, 0.0, 0.0, 0.0]","[0.3439, 0.6493, 0.7393, 0.7535, 0.6335, 0.5643, 1.0137, 1.0306, 1.2374, 1.3531, 1.2613, 1.1639, 1.2023, 1.4943, 1.6866, 1.9072, 1.8406, 1.3636, 1.6916, 1.3182, 1.513, 1.33, 1.0691, 0.8581, 0.923, 0.9174, 1.2336, 0.9411, 0.9769, 1.2037, 1.2179, 1.276, 1.2292, 1.0888, 1.3112, 1.562, 1.3981, 1.0634, 0.9572, 1.0177, 1.2455, 1.5751, 1.772, 1.6014, 1.8006, 1.7004, 1.8911, 2.1124, 2.0096, 1.9139, 1.8308, 1.9532, 1.9756, 1.5599, 1.6047, 1.3878, 1.2274, 1.4422, 1.0884, 1.3185, 1.1313, 0.9814, 1.0157, 1.0568, 1.0701, 1.0174, 1.2871, 0.9611, 0.8567, 0.9538, 0.748, 0.786, 1.1032, 0.9223, 0.8754, 0.698, 0.781, 0.553, 0.7466, 1.1444]","[1.3039, 1.462, 1.6078, 1.5703, 1.4098, 1.4487, 1.4268, 1.3087, 1.3512, 1.2631, 1.4193, 1.5347]","[0.0, 0.0, 0.0, 0.0, 0.0, 0.0, 0.0, 0.0, 0.0, 0.0, 0.0, 0.0]","[1.2884, 1.4263, 1.4867, 1.4902, 1.379, 1.4278, 1.3546, 1.2486, 1.3186, 1.2203, 1.3598, 1.5002]"
-25.85,2025-03-02T15:55:00.000Z,2025-03-02T10:03:00.000Z,22109,GBPUSD,LONG,London Open Liquidity Scalp,-0.5345,0.36,48.36,-1.5997,0.4024,1.28423,1.28692,1.28692,1.28423,2.5,1.28638,1.28566,1.28504,1.28973,3.5,1.2,10.0,MANUAL,352,closed,48.36,0.53,1.28692,1.28423,0.4024,-1.3283,0.9369,0.0076,false,true,Monday,10,15,March,2025,5.8667,21120000,1.28504,1.28638,12039.52,12013.67,7.0,0.4017,1.0,false,false,true,8801,London Open Liquidity Scalp — QA 200,"[0.1943, 0.0, 0.0, 0.0, 0.0, 0.0, 0.0289, 0.0, 0.0, 0.0, 0.0, 0.0862, 0.0, 0.1891, 0.0, 0.0, 0.0, 0.0, 0.0, 0.0, 0.0, 0.0, 0.0, 0.0, 0.0, 0.0, 0.0603, 0.4024, 0.0395, 0.0, 0.0, 0.0332, 0.0, 0.0, 0.0, 0.0, 0.0, 0.0, 0.0, 0.0893, 0.0358, 0.0, 0.0, 0.0, 0.0, 0.0, 0.0, 0.1595, 0.0, 0.0, 0.0, 0.0, 0.0, 0.0, 0.0, 0.0, 0.0, 0.0, 0.0, 0.0, 0.0, 0.0, 0.0, 0.0, 0.0, 0.0, 0.0, 0.0, 0.0, 0.0, 0.0, 0.0, 0.0, 0.0, 0.0, 0.0, 0.0, 0.0, 0.0, 0.0]","[0.4272, 0.5536, 0.4754, 0.6076, 0.5788, 0.3105, 0.5677, 0.8993, 0.6601, 0.3855, 0.2201, 0.4774, 0.308, 0.4009, 0.4914, 0.1554, 0.3724, 0.4017, 0.5218, 0.1836, 0.6939, 0.6982, 0.7683, 0.7184, 0.6091, 0.418, 0.1933, 0.0, 0.518, 0.1869, 0.121, 0.1626, 0.534, 1.1509, 0.6716, 0.5244, 0.5428, 0.435, 0.2464, 0.3327, 0.5277, 0.7497, 0.4196, 0.7111, 0.9213, 0.5855, 0.2381, 0.1405, 0.5487, 0.5215, 0.4962, 0.6997, 0.8444, 1.0216, 1.2429, 1.3256, 1.3555, 1.5794, 1.5734, 1.4699, 1.4107, 1.305, 1.3779, 1.5997, 1.57, 1.0788, 1.1646, 1.1419, 0.6813, 0.6148, 0.909, 0.9578, 1.041, 1.3198, 0.902, 0.9229, 1.0805, 1.2801, 0.5822, 0.7014]","[-0.0999, -0.4504, -0.3945, -0.3378, -0.3242, -0.2314, -0.3107, -0.6763, -0.4976, -0.3026, -0.1346, -0.2315, -0.2865, -0.1276, -0.4583, -0.13, -0.1483, -0.3038, -0.4763, -0.1503, -0.4899, -0.5217, -0.7309, -0.3631, -0.5593, -0.2963, -0.0673, 0.1679, -0.2332, -0.1668, -0.0956, -0.0386, -0.4768, -0.8034, -0.5094, -0.3919, -0.3687, -0.3257, -0.2231, -0.0206, -0.193, -0.5519, -0.3701, -0.6337, -0.6258, -0.4243, -0.1812, -0.0654, -0.3845, -0.4352, -0.3638, -0.4665, -0.5097, -0.8324, -1.0029, -1.2683, -1.2901, -1.4431, -1.3371, -1.3764, -1.2639, -1.1239, -1.2227, -1.3267, -1.3599, -0.9833, -1.0017, -0.9043, -0.5542, -0.5721, -0.7445, -0.9211, -0.8527, -1.0931, -0.7155, -0.832, -0.9601, -0.9587, -0.5614, -0.5345]","[0.0, 0.0, 0.0, 0.0, 0.0076, 0.0, 0.0, 0.0, 0.0, 0.0, 0.0, 0.0, 0.0, 0.0, 0.0, 0.0, 0.0, 0.0, 0.0, 0.0]","[0.4138, 0.6158, 0.5511, 0.4649, 0.2879, 0.3536, 0.2837, 0.3764, 0.3075, 0.2921, 0.4999, 0.4125, 0.3367, 0.3753, 0.4892, 0.3871, 0.5004, 0.3284, 0.3122, 0.3497]","[-0.3837, -0.3888, -0.4951, -0.3516, -0.1854, -0.2609, -0.2099, -0.2785, -0.1827, -0.2645, -0.3512, -0.3928, -0.2792, -0.3459, -0.4156, -0.2819, -0.3622, -0.3099, -0.2881, -0.2191]"
-7.0,2024-03-30T21:20:00.000Z,2024-03-30T15:13:00.000Z,22110,XAUUSD,LONG,London Open Liquidity Scalp,-0.147,3.94,47.63,-0.917,0.7243,2019.887,2020.085,2020.085,2019.887,2.5,2019.998,2020.008,2019.877,2020.3,4.0,2.5,1.0,BE,367,closed,47.63,0.15,2020.085,2019.887,0.7243,-0.203,0.8713,0.038,false,true,Monday,15,21,March,2024,6.1167,22020000,2019.877,2019.998,12013.67,12006.67,8.0,0.3965,1.0,false,false,true,8801,London Open Liquidity Scalp — QA 200,"[0.0, 0.1282, 0.0, 0.4362, 0.0, 0.0098, 0.0, 0.0, 0.2843, 0.3042, 0.0995, 0.0, 0.0, 0.0707, 0.0892, 0.0, 0.0, 0.0, 0.1523, 0.0459, 0.1723, 0.3125, 0.1309, 0.0, 0.0, 0.0, 0.0211, 0.0, 0.0, 0.0118, 0.0, 0.0, 0.0, 0.0488, 0.0, 0.0, 0.0, 0.0, 0.0, 0.1923, 0.0, 0.0, 0.0, 0.0, 0.0873, 0.2797, 0.4031, 0.0, 0.0, 0.0, 0.2218, 0.0866, 0.3504, 0.7243, 0.3776, 0.3334, 0.4414, 0.5357, 0.6057, 0.242, 0.0796, 0.0, 0.2614, 0.0702, 0.1355, 0.2224, 0.1734, 0.0, 0.0, 0.0, 0.0659, 0.2001, 0.0032]","[0.4617, 0.2005, 0.2974, 0.0843, 0.2356, 0.1999, 0.5523, 0.6743, 0.2641, 0.0, 0.2173, 0.2412, 0.497, 0.0569, 0.2626, 0.541, 0.5125, 0.4642, 0.0726, 0.4, 0.0, 0.0765, 0.1188, 0.6258, 0.2185, 0.7633, 0.4129, 0.4044, 0.2288, 0.304, 0.4372, 0.8308, 0.3899, 0.4166, 0.4564, 0.6396, 0.6003, 0.7646, 0.917, 0.199, 0.5144, 0.5581, 0.5779, 0.1465, 0.0625, 0.0, 0.0, 0.214, 0.5749, 0.6294, 0.3842, 0.0598, 0.0638, 0.0531, 0.0726, 0.0, 0.1165, 0.0, 0.0, 0.2548, 0.3079, 0.2726, 0.1416, 0.2213, 0.0723, 0.0682, 0.0333, 0.4174, 0.751, 0.4152, 0.2011, 0.4293, 0.2379]","[-0.2729, -0.045, -0.2224, 0.1264, -0.1354, -0.0895, -0.3426, -0.4309, -0.0777, 0.1068, 0.0043, -0.0849, -0.3431, 0.023, -0.1316, -0.4258, -0.4479, -0.2293, 0.0996, -0.089, 0.1142, 0.1465, 0.0183, -0.3108, -0.1596, -0.4865, -0.2006, -0.2675, -0.1399, -0.2031, -0.2631, -0.5341, -0.323, -0.2027, -0.4003, -0.5463, -0.548, -0.4559, -0.4859, -0.1233, -0.3802, -0.468, -0.5382, -0.1187, -0.0027, 0.2358, 0.2875, -0.0892, -0.3582, -0.5391, -0.1745, 0.0154, 0.0204, 0.3496, 0.1595, 0.2469, 0.1894, 0.3124, 0.5562, 0.0775, -0.1187, -0.2102, -0.0507, -0.0793, 0.0779, 0.159, 0.1178, -0.2699, -0.4509, -0.3224, -0.0895, -0.1065, -0.147]","[0.0, 0.0, 0.0, 0.0, 0.0, 0.0, 0.0, 0.038, 0.0, 0.0, 0.0, 0.0, 0.0, 0.0, 0.0, 0.0, 0.0, 0.0, 0.0, 0.0, 0.0, 0.0, 0.0, 0.0252]","[0.2784, 0.2682, 0.3032, 0.3156, 0.381, 0.2409, 0.3684, 0.2369, 0.3719, 0.2504, 0.2775, 0.3184, 0.3763, 0.1797, 0.2539, 0.4487, 0.3992, 0.412, 0.3983, 0.3308, 0.2265, 0.0744, 0.2343, 0.2688]","[-0.1769, -0.2407, -0.2188, -0.2871, -0.3066, -0.1845, -0.2581, -0.1479, -0.2587, -0.1482, -0.2459, -0.2761, -0.2487, -0.1248, -0.2148, -0.3092, -0.3169, -0.3827, -0.3387, -0.2273, -0.2087, -0.0288, -0.0988, -0.0808]"
-31.04,2024-03-21T15:02:00.000Z,2024-03-21T09:22:00.000Z,22111,EURUSD,SHORT,London Open Liquidity Scalp,-0.6657,0.21,46.63,-0.6592,1.4451,1.09061,1.086,1.09063,1.086,3.0,1.08917,1.09063,1.09136,1.08259,3.0,0.8,10.0,MANUAL,340,closed,46.63,0.67,1.086,1.09061,1.4451,-0.4607,2.1108,0.6677,true,false,Thursday,9,15,March,2024,5.6667,20400000,1.09136,1.08917,12006.67,11975.63,6.0,0.3884,1.0,false,true,true,8801,London Open Liquidity Scalp — QA 200,"[0.0, 0.3896, 0.442, 0.3684, 0.3314, 0.0591, 0.0076, 0.1364, 0.0, 0.0, 0.0, 0.0, 0.0, 0.0037, 0.1503, 0.1814, 0.2665, 0.2294, 0.3748, 0.7645, 0.7656, 0.4251, 0.0685, 0.6299, 0.2346, 0.4841, 0.168, 0.6607, 1.0456, 0.69, 0.585, 0.5838, 0.7915, 0.8618, 1.1907, 1.1746, 1.1786, 1.4451, 1.4232, 0.9992, 1.2847, 1.1674, 0.7445, 0.4764, 0.7754, 0.9264, 0.9522, 1.0672, 0.8257, 0.5533, 0.4927, 0.8081, 0.3687, 0.4604, 0.8255, 0.4744, 0.7829, 0.6262, 0.6166, 0.3266, 0.424, 0.3419, 0.7341, 0.8584, 0.5877, 0.6944, 0.2348, 0.8679]","[0.1095, 0.0, 0.0, 0.0, 0.1008, 0.0861, 0.0426, 0.279, 0.3731, 0.1833, 0.6592, 0.577, 0.4474, 0.2313, 0.211, 0.444, 0.0868, 0.1342, 0.0, 0.0, 0.0, 0.0467, 0.0, 0.0, 0.0328, 0.0, 0.0, 0.0, 0.0, 0.0, 0.0, 0.0, 0.0, 0.0, 0.0, 0.0, 0.0, 0.0, 0.0, 0.0, 0.0, 0.0, 0.0, 0.0, 0.0, 0.0, 0.0, 0.0, 0.0, 0.0, 0.0, 0.0, 0.0, 0.0, 0.0, 0.0, 0.0, 0.0, 0.0, 0.0, 0.0, 0.0, 0.0, 0.0, 0.0, 0.0, 0.0, 0.0]","[0.0862, -0.2667, -0.3725, -0.2844, -0.1028, 0.0447, 0.0232, 0.0284, 0.2479, 0.1464, 0.3298, 0.44, 0.2446, 0.1365, 0.0914, 0.1728, -0.2221, -0.0408, -0.3412, -0.4932, -0.5153, -0.3076, -0.0582, -0.4898, -0.1973, -0.4042, -0.1517, -0.5396, -0.8194, -0.4669, -0.5134, -0.4275, -0.7691, -0.7503, -1.0789, -1.074, -1.0697, -1.1343, -1.3405, -0.9711, -1.1866, -1.062, -0.6604, -0.3947, -0.6933, -0.6783, -0.8257, -0.8328, -0.7248, -0.4987, -0.384, -0.5281, -0.2766, -0.4182, -0.5199, -0.3339, -0.5848, -0.4387, -0.5277, -0.2319, -0.2573, -0.2987, -0.6289, -0.672, -0.3895, -0.4751, -0.1741, -0.6657]","[0.6677, 0.5436, 0.4951, 0.3885, 0.3179, 0.2361, 0.0348, 0.1216, 0.0, 0.0, 0.0, 0.0184, 0.087, 0.0, 0.0, 0.0, 0.0, 0.0]","[0.0, 0.0, 0.0, 0.0, 0.0, 0.0, 0.2381, 0.1189, 0.1419, 0.0839, 0.2938, 0.3301, 0.1439, 0.2018, 0.3623, 0.3796, 0.2883, 0.2587]","[-0.5027, -0.4453, -0.425, -0.3213, -0.2307, -0.1144, 0.0485, -0.0024, 0.0551, 0.0602, 0.1498, 0.1608, 0.0485, 0.1417, 0.3127, 0.3456, 0.2416, 0.2027]"
-22.7,2024-12-11T15:46:00.000Z,2024-12-11T13:31:00.000Z,22112,XAUUSD,SHORT,London Open Liquidity Scalp,-0.4952,2.03,45.84,-0.0656,0.8109,2039.807,2039.609,2039.904,2039.609,1.5,2039.792,2039.904,2040.018,2039.453,4.0,2.5,1.0,MANUAL,135,closed,45.84,0.5,2039.609,2039.807,0.8109,-0.6107,1.3061,0.7302,true,false,Wednesday,13,15,December,2024,2.25,8100000,2040.018,2039.792,11975.63,11952.93,8.0,0.3828,1.0,false,false,false,8801,London Open Liquidity Scalp — QA 200,"[0.6332, 0.694, 0.6971, 0.8109, 0.4104, 0.6396, 0.2858, 0.2724, 0.5985]","[0.0, 0.0, 0.0, 0.0, 0.0, 0.0, 0.0656, 0.0, 0.0]","[-0.3033, -0.6763, -0.6567, -0.6315, -0.3566, -0.42, -0.1534, -0.2475, -0.4952]","[0.6589, 0.5915, 0.693, 0.6049, 0.7302, 0.5318, 0.5595, 0.4985, 0.3517, 0.1685, 0.1417, 0.2105]","[0.0, 0.0, 0.0, 0.0, 0.0, 0.0, 0.0, 0.0, 0.0, 0.0, 0.1224, 0.043]","[-0.5587, -0.4939, -0.5353, -0.5595, -0.5581, -0.496, -0.5097, -0.4883, -0.3233, -0.1554, -0.005, -0.0182]"
73.93,2025-01-09T19:25:00.000Z,2025-01-09T14:05:00.000Z,22113,GBPUSD,SHORT,London Open Liquidity Scalp,1.8133,0.32,40.77,-2.1744,0.0,1.28853,1.28576,1.28853,1.28322,2.0,1.28576,1.28322,1.28703,1.28322,3.5,1.2,10.0,TP,320,closed,40.77,1.81,1.28576,1.28853,0.0,0.0,-1.8133,0.0,false,true,Thursday,14,19,January,2025,5.3333,19200000,1.28703,1.28576,11952.93,12026.86,7.0,0.3411,1.0,false,false,true,8801,London Open Liquidity Scalp — QA 200,"[0.0, 0.0, 0.0, 0.0, 0.0, 0.0, 0.0, 0.0, 0.0, 0.0, 0.0, 0.0, 0.0, 0.0, 0.0, 0.0, 0.0, 0.0, 0.0, 0.0, 0.0]","[0.5609, 0.9165, 1.0401, 0.9402, 1.253, 1.4582, 1.181, 1.3272, 1.3899, 1.109, 0.8031, 1.0897, 1.0099, 1.4358, 1.4169, 1.4088, 1.1916, 1.4651, 1.3223, 1.2364, 2.1744]","[0.4048, 0.8509, 1.0004, 0.8829, 0.9477, 1.2655, 1.1698, 1.3127, 1.1967, 1.0019, 0.7528, 0.9801, 0.8069, 1.1794, 1.3034, 1.1783, 1.1654, 1.3883, 1.3051, 1.1663, 1.8133]","[0.0, 0.0, 0.0, 0.0, 0.0, 0.0, 0.0, 0.0, 0.0, 0.0, 0.0, 0.0, 0.0, 0.0, 0.0, 0.0]","[1.8028, 1.7089, 1.6448, 1.6532, 1.6498, 1.5842, 1.7261, 1.7272, 2.0008, 1.9287, 2.0827, 1.9642, 1.9455, 1.9713, 1.8814, 1.7691]","[1.7064, 1.6646, 1.6362, 1.5536, 1.6057, 1.5429, 1.6642, 1.696, 1.8159, 1.9072, 1.9778, 1.8765, 1.8551, 1.7607, 1.7378, 1.7106]"
95.7,2024-10-16T14:48:00.000Z,2024-10-16T10:05:00.000Z,22114,USDJPY,LONG,London Open Liquidity Scalp,2.2189,0.29,43.13,-0.1002,2.9926,149.649,150.154,150.154,149.649,2.5,149.665,150.074,149.501,150.074,3.0,0.9,9.2,TP,283,closed,43.13,2.22,150.154,149.649,3.017,0.7355,0.7737,3.017,false,false,Wednesday,10,14,October,2024,4.7167,16980000,149.501,149.665,12026.86,12122.56,6.0,0.3586,1.0,false,false,true,8801,London Open Liquidity Scalp — QA 200,"[0.0734, 0.4151, 0.9863, 0.8923, 1.4195, 1.7938, 1.5214, 1.383, 1.8556, 1.981, 2.5417, 2.4775, 2.5743, 2.4476, 1.9637, 1.9766, 1.9851, 2.3773, 1.9185, 1.9691, 2.0917, 2.1247, 2.0305, 2.2231, 2.1277, 1.9363, 2.4851, 2.5978, 2.7895, 2.8962, 2.8129, 2.9926, 2.8408, 2.7821, 2.5698, 2.8398, 2.8299, 2.5576, 2.7754, 2.8033, 2.5708, 2.2446, 2.0943, 1.9186, 1.846, 1.8949, 2.0189, 2.3187, 2.5748, 2.7124, 2.5644, 2.7041, 2.3786, 2.5016, 2.7299, 2.3025]","[0.1002, 0.0, 0.0, 0.0, 0.0, 0.0, 0.0, 0.0, 0.0, 0.0, 0.0, 0.0, 0.0, 0.0, 0.0, 0.0, 0.0, 0.0, 0.0, 0.0, 0.0, 0.0, 0.0, 0.0, 0.0, 0.0, 0.0, 0.0, 0.0, 0.0, 0.0, 0.0, 0.0, 0.0, 0.0, 0.0, 0.0, 0.0, 0.0, 0.0, 0.0, 0.0, 0.0, 0.0, 0.0, 0.0, 0.0, 0.0, 0.0, 0.0, 0.0, 0.0, 0.0, 0.0, 0.0, 0.0]","[-0.0203, 0.316, 0.799, 0.806, 1.3892, 1.5292, 1.5018, 1.3315, 1.6824, 1.9076, 2.2574, 2.2561, 2.411, 2.2497, 1.9094, 1.7209, 1.7878, 2.1886, 1.8599, 1.8297, 2.0674, 2.0251, 1.9008, 2.1957, 2.0195, 1.8981, 2.2445, 2.3404, 2.6261, 2.6024, 2.7198, 2.8312, 2.766, 2.5929, 2.371, 2.5135, 2.5641, 2.4764, 2.6852, 2.5736, 2.4978, 2.1972, 1.852, 1.8029, 1.8084, 1.8315, 1.9439, 2.2056, 2.4455, 2.6524, 2.4997, 2.5308, 2.1533, 2.4712, 2.6445, 2.2189]","[2.4297, 2.2342, 2.4101, 2.4358, 2.455, 2.4754, 2.4989, 2.6186, 2.743, 2.8458, 3.017]","[0.0, 0.0, 0.0, 0.0, 0.0, 0.0, 0.0, 0.0, 0.0, 0.0, 0.0]","[2.25, 2.2114, 2.3386, 2.316, 2.2783, 2.3262, 2.4837, 2.5684, 2.6679, 2.7527, 2.9112]"
69.91,2024-04-13T11:17:00.000Z,2024-04-13T10:52:00.000Z,22115,EURUSD,SHORT,London Open Liquidity Scalp,1.306,0.35,53.53,-1.342,0.1148,1.09843,1.09622,1.09843,1.09335,2.0,1.09639,1.09335,1.09791,1.09335,3.0,0.8,10.0,TP,25,closed,53.53,1.31,1.09622,1.09843,0.1148,11.3763,-1.1912,0.0,false,true,Monday,10,11,April,2024,0.4167,1500000,1.09791,1.09639,12122.56,12192.47,6.0,0.4416,1.0,false,true,true,8801,London Open Liquidity Scalp — QA 200,"[0.1148, 0.0, 0.0339, 0.0, 0.0, 0.0, 0.0, 0.0]","[0.5353, 0.0894, 0.0116, 0.5096, 0.521, 0.9722, 1.0852, 1.342]","[0.1745, 0.0783, -0.0175, 0.4677, 0.4824, 0.8868, 1.0085, 1.306]","[0.0, 0.0, 0.0, 0.0, 0.0, 0.0, 0.0, 0.0, 0.0, 0.0, 0.0]","[1.5073, 1.5154, 1.6629, 1.6313, 1.8853, 1.7129, 1.9008, 2.0068, 2.2032, 2.0639, 2.0609]","[1.459, 1.4824, 1.5933, 1.5881, 1.7572, 1.6805, 1.8314, 1.9978, 2.1221, 2.0156, 2.021]"
-33.77,2024-04-12T11:07:00.000Z,2024-04-12T08:09:00.000Z,22116,EURUSD,SHORT,London Open Liquidity Scalp,-0.7843,0.24,43.06,-0.2719,1.7512,1.10662,1.10295,1.10795,1.10295,1.5,1.10613,1.10795,1.10795,1.10341,3.0,0.8,10.0,SL,178,closed,43.06,0.78,1.10295,1.10662,1.7512,-0.4479,2.5355,0.7515,true,false,Friday,8,11,April,2024,2.9667,10680000,1.10795,1.10613,12192.47,12158.7,6.0,0.3532,1.0,false,false,true,8801,London Open Liquidity Scalp — QA 200,"[0.1247, 0.2581, 0.5515, 0.5406, 0.4683, 0.5427, 0.6087, 0.655, 0.5364, 0.4022, 0.2199, 0.1658, 0.2074, 0.0, 0.3605, 0.5366, 0.6669, 1.1986, 0.8807, 0.7941, 0.811, 0.4307, 0.6593, 0.5902, 0.564, 0.6004, 0.9463, 0.4201, 0.441, 0.5821, 0.5474, 0.5505, 0.4675, 0.8132, 0.58, 0.3237, 0.7636, 0.9615, 1.3817, 1.4788, 1.2234, 1.2893, 1.2547, 1.2013, 1.0662, 1.3247, 1.5263, 1.6482, 1.6343, 1.7512, 1.5183, 1.1671, 1.2683, 1.4044, 1.3998, 1.2476, 1.1279, 0.8604, 0.9816, 1.0731, 1.1271, 0.6823, 0.5924, 0.8579, 0.8453, 1.01, 0.934, 1.15, 1.4473, 1.5603, 1.4989, 1.2486, 1.4128, 1.4696, 1.3321, 1.2016, 1.2686, 1.3111, 1.3002, 0.8815]","[0.0835, 0.0, 0.002, 0.0, 0.1819, 0.0, 0.0, 0.0, 0.0, 0.0, 0.0, 0.2399, 0.2719, 0.1886, 0.0, 0.0, 0.0, 0.0, 0.0, 0.0, 0.0, 0.0, 0.0, 0.0, 0.0, 0.0, 0.0, 0.0, 0.0, 0.0, 0.0, 0.0, 0.0, 0.0, 0.0, 0.0, 0.0, 0.0, 0.0, 0.0, 0.0, 0.0, 0.0, 0.0, 0.0, 0.0, 0.0, 0.0, 0.0, 0.0, 0.0, 0.0, 0.0, 0.0, 0.0, 0.0, 0.0, 0.0, 0.0, 0.0, 0.0, 0.0, 0.0, 0.0, 0.0, 0.0, 0.0, 0.0, 0.0, 0.0, 0.0, 0.0, 0.0, 0.0, 0.0, 0.0, 0.0, 0.0, 0.0, 0.0]","[-0.0184, -0.1377, -0.3165, -0.3455, -0.141, -0.4387, -0.5768, -0.4779, -0.3273, -0.3237, -0.1889, -0.0467, 0.0177, 0.1342, -0.3108, -0.5098, -0.5883, -0.9649, -0.6617, -0.4629, -0.5281, -0.3979, -0.5879, -0.4534, -0.4478, -0.5062, -0.6872, -0.3594, -0.4319, -0.4664, -0.439, -0.4102, -0.3767, -0.5899, -0.4973, -0.2296, -0.5817, -0.8921, -1.0763, -1.3571, -0.9835, -1.1095, -1.2128, -1.0574, -0.9931, -1.1876, -1.4243, -1.3069, -1.5655, -1.5915, -1.3895, -1.0635, -1.0698, -1.3579, -1.3699, -1.1548, -0.9086, -0.754, -0.8631, -1.0353, -1.0343, -0.6697, -0.5213, -0.7372, -0.7711, -0.7739, -0.8525, -1.1172, -1.2653, -1.2202, -1.4546, -1.1437, -1.2351, -1.3988, -1.1473, -1.092, -1.158, -1.218, -1.1843, -0.7843]","[0.6651, 0.7515, 0.6289, 0.6991, 0.6986, 0.6842, 0.5918, 0.5778, 0.4911, 0.2959, 0.4189, 0.3058, 0.4122, 0.3274, 0.327, 0.3215, 0.1806, 0.0876, 0.1633, 0.0, 0.0, 0.0, 0.0, 0.0]","[0.0, 0.0, 0.0, 0.0, 0.0, 0.0, 0.0, 0.0, 0.0, 0.0, 0.0, 0.0, 0.0, 0.0, 0.0, 0.0036, 0.0434, 0.0539, 0.1428, 0.1158, 0.2524, 0.389, 0.3798, 0.5521]","[-0.621, -0.6012, -0.6199, -0.6449, -0.5858, -0.638, -0.574, -0.4737, -0.4442, -0.2786, -0.3847, -0.2698, -0.3505, -0.3089, -0.2982, -0.1615, -0.0435, -0.054, -0.0618, 0.0655, 0.2337, 0.2495, 0.2225, 0.3604]"
66.51,2023-12-20T14:59:00.000Z,2023-12-20T14:32:00.000Z,22117,USDJPY,LONG,London Open Liquidity Scalp,1.5464,0.23,43.01,-0.0,1.8717,146.008,146.388,146.515,146.008,2.5,146.008,146.515,145.805,146.515,3.0,0.9,9.2,TP,27,closed,43.01,1.55,146.388,146.008,2.0634,0.7494,0.3253,2.0634,false,false,Wednesday,14,14,December,2023,0.45,1620000,145.805,146.008,12158.7,12225.21,6.0,0.3537,1.0,false,false,true,8801,London Open Liquidity Scalp — QA 200,"[0.6433, 1.1498, 1.3574, 1.3151, 1.6431, 1.8717, 1.8031, 1.6217]","[0.0, 0.0, 0.0, 0.0, 0.0, 0.0, 0.0, 0.0]","[0.4972, 0.8355, 1.2052, 1.2306, 1.5789, 1.7811, 1.7433, 1.5464]","[1.5914, 1.7493, 1.5584, 1.4904, 1.4097, 1.5548, 1.5939, 1.6854, 1.6794, 1.5759, 1.5572, 1.7533, 1.7327, 1.5828, 1.8054, 1.8209, 2.0634, 1.8667, 1.8891, 1.9838, 1.7828]","[0.0, 0.0, 0.0, 0.0, 0.0, 0.0, 0.0, 0.0, 0.0, 0.0, 0.0, 0.0, 0.0, 0.0, 0.0, 0.0, 0.0, 0.0, 0.0, 0.0, 0.0]","[1.5502, 1.5051, 1.4779, 1.4651, 1.3482, 1.4727, 1.5548, 1.6653, 1.6365, 1.5447, 1.534, 1.7108, 1.6196, 1.522, 1.6925, 1.7419, 1.9023, 1.7999, 1.8278, 1.783, 1.7388]"
81.45,2024-10-04T11:00:00.000Z,2024-10-04T09:18:00.000Z,22118,NQ,SHORT,London Open Liquidity Scalp,1.9084,0.56,42.68,-2.2203,0.0,18033.13214,18024.61872,18033.13214,18017.30125,2.5,18024.61872,18017.30125,18028.45307,18015.03283,4.5,0.75,5.0,MANUAL,102,closed,42.68,1.91,18024.61872,18033.13214,0.0,0.0,-1.9084,0.0,false,true,Friday,9,11,October,2024,1.7,6120000,18028.45307,18024.61872,12225.21,12306.66,9.0,0.3491,1.0,false,false,true,8801,London Open Liquidity Scalp — QA 200,"[0.0, 0.0, 0.0, 0.0, 0.0, 0.0, 0.0, 0.0, 0.0, 0.0, 0.0, 0.0, 0.0, 0.0, 0.0, 0.0, 0.0, 0.0, 0.0, 0.0]","[0.8217, 0.8352, 1.3277, 1.8828, 1.9584, 1.5334, 1.6961, 2.0011, 2.0401, 2.1099, 2.0407, 2.2111, 1.9808, 2.0547, 1.9011, 1.8977, 1.7647, 2.1573, 2.2203, 2.0326]","[0.4893, 0.8085, 1.2157, 1.5197, 1.7699, 1.4932, 1.4684, 1.67, 2.0327, 1.9457, 1.7269, 1.9733, 1.9175, 1.8222, 1.8405, 1.6181, 1.5952, 1.892, 2.0346, 1.9084]","[0.0, 0.0, 0.0, 0.0, 0.0, 0.0, 0.0, 0.0, 0.0, 0.0, 0.0, 0.0, 0.0]","[2.0674, 2.2055, 2.0942, 2.1332, 1.9342, 2.2213, 2.2655, 2.4253, 2.4812, 2.4321, 2.3226, 2.4852, 2.5114]","[1.9809, 2.1082, 2.0741, 2.0169, 1.8993, 2.0392, 2.2145, 2.3593, 2.4159, 2.3926, 2.2946, 2.4495, 2.4607]"
153.35,2025-08-15T17:20:00.000Z,2025-08-15T14:53:00.000Z,22119,GBPUSD,LONG,London Open Liquidity Scalp,3.0318,0.19,50.58,-0.0,3.1548,1.24398,1.25233,1.25233,1.24398,3.0,1.24398,1.25192,1.24133,1.25192,3.5,1.2,10.0,TP,147,closed,50.58,3.03,1.25233,1.24398,4.2897,0.7068,0.123,4.2897,false,false,Friday,14,17,August,2025,2.45,8820000,1.24133,1.24398,12306.66,12460.01,7.0,0.411,1.0,true,false,false,8801,London Open Liquidity Scalp — QA 200,"[0.6598, 1.273, 1.3312, 1.2773, 1.4199, 2.1363, 2.4322, 2.4588, 3.1548]","[0.0, 0.0, 0.0, 0.0, 0.0, 0.0, 0.0, 0.0, 0.0]","[0.6263, 1.1686, 1.239, 1.1843, 1.3521, 1.9556, 2.1932, 2.3343, 3.0318]","[3.0661, 3.0032, 2.9644, 3.043, 3.0775, 2.9558, 3.1434, 3.1282, 3.3114, 3.299, 3.4751, 3.6108, 3.6007, 3.7711, 3.9667, 3.9893, 3.9951, 4.061, 4.0475, 4.2273, 4.1444, 4.133, 4.2897]","[0.0, 0.0, 0.0, 0.0, 0.0, 0.0, 0.0, 0.0, 0.0, 0.0, 0.0, 0.0, 0.0, 0.0, 0.0, 0.0, 0.0, 0.0, 0.0, 0.0, 0.0, 0.0, 0.0]","[2.9895, 2.9297, 2.8421, 2.9829, 2.9831, 2.8735, 2.9712, 3.1099, 3.2447, 3.2728, 3.4419, 3.4717, 3.5465, 3.7239, 3.8836, 3.8465, 3.9763, 4.0248, 4.0014, 4.1124, 4.1258, 4.1165, 4.1767]"
58.64,2024-12-22T14:55:00.000Z,2024-12-22T07:59:00.000Z,22120,USDJPY,LONG,London Open Liquidity Scalp,1.3022,0.18,45.03,-0.0,2.2956,151.422,152.032,152.032,151.422,1.5,151.422,151.82,151.156,151.82,3.0,0.9,9.2,TP,416,closed,45.03,1.3,152.032,151.422,2.2956,0.5673,0.9934,1.6653,false,false,Monday,7,14,December,2024,6.9333,24960000,151.156,151.422,12460.01,12518.65,6.0,0.3614,1.0,false,false,true,8801,London Open Liquidity Scalp — QA 200,"[0.5321, 0.4951, 1.1394, 0.7348, 0.9765, 1.376, 0.93, 1.4118, 1.5061, 1.1412, 1.671, 1.4384, 1.0586, 1.1793, 0.8752, 1.0575, 1.2745, 1.1384, 1.2433, 1.5256, 1.6288, 1.4513, 1.5738, 1.7608, 1.7067, 2.0329, 1.7513, 2.1418, 1.8243, 1.5734, 1.693, 1.757, 1.7024, 1.3895, 1.7735, 1.8282, 1.9695, 1.9097, 1.6541, 1.7467, 1.4811, 1.8926, 2.1714, 1.6315, 2.0252, 1.9034, 1.9087, 1.7569, 1.7895, 1.9531, 2.0083, 1.8449, 2.0175, 2.2956, 2.2813, 2.0982, 2.0292, 1.5633, 1.3894, 1.5525, 1.7984, 1.7938, 1.3925, 1.5331, 1.2846, 1.4993, 1.5331, 1.5527, 1.7102, 1.6209, 1.4968, 1.837, 1.6574, 1.8171, 2.0004, 1.8239, 1.9509, 1.7462, 2.0246, 1.4278]","[0.0, 0.0, 0.0, 0.0, 0.0, 0.0, 0.0, 0.0, 0.0, 0.0, 0.0, 0.0, 0.0, 0.0, 0.0, 0.0, 0.0, 0.0, 0.0, 0.0, 0.0, 0.0, 0.0, 0.0, 0.0, 0.0, 0.0, 0.0, 0.0, 0.0, 0.0, 0.0, 0.0, 0.0, 0.0, 0.0, 0.0, 0.0, 0.0, 0.0, 0.0, 0.0, 0.0, 0.0, 0.0, 0.0, 0.0, 0.0, 0.0, 0.0, 0.0, 0.0, 0.0, 0.0, 0.0, 0.0, 0.0, 0.0, 0.0, 0.0, 0.0, 0.0, 0.0, 0.0, 0.0, 0.0, 0.0, 0.0, 0.0, 0.0, 0.0, 0.0, 0.0, 0.0, 0.0, 0.0, 0.0, 0.0, 0.0, 0.0]","[0.4255, 0.3478, 0.8205, 0.5835, 0.7651, 0.9865, 0.8878, 1.2625, 1.451, 1.0991, 1.384, 1.184, 1.0134, 0.7954, 0.7703, 0.9478, 1.2205, 1.0185, 1.1763, 1.2445, 1.477, 1.4081, 1.5471, 1.6423, 1.5602, 1.7291, 1.7195, 1.9344, 1.7622, 1.4852, 1.5022, 1.586, 1.471, 1.3173, 1.5019, 1.6763, 1.7965, 1.5661, 1.363, 1.5724, 1.3714, 1.6369, 1.8265, 1.5617, 1.7411, 1.7969, 1.8299, 1.5926, 1.6178, 1.8426, 1.9084, 1.7624, 1.9978, 2.215, 2.1749, 1.7854, 1.6836, 1.3866, 1.2868, 1.424, 1.5923, 1.6165, 1.3262, 1.4077, 1.1641, 1.4659, 1.454, 1.4043, 1.4909, 1.607, 1.3104, 1.6565, 1.4721, 1.68, 1.8722, 1.6039, 1.9215, 1.6961, 1.7881, 1.3022]","[1.3146, 1.208, 1.3421, 1.3831, 1.2437, 1.5236, 1.4528, 1.4961, 1.4823, 1.4502, 1.5949, 1.5158, 1.6386, 1.4917, 1.6653, 1.5959, 1.5551, 1.578]","[0.0, 0.0, 0.0, 0.0, 0.0, 0.0, 0.0, 0.0, 0.0, 0.0, 0.0, 0.0, 0.0, 0.0, 0.0, 0.0, 0.0, 0.0]","[1.2688, 1.1767, 1.3119, 1.2062, 1.165, 1.3036, 1.3405, 1.4341, 1.4503, 1.3414, 1.4907, 1.4471, 1.5477, 1.4335, 1.5991, 1.5478, 1.4825, 1.4503]"
-36.79,2025-07-22T10:24:00.000Z,2025-07-22T08:11:00.000Z,22121,USDJPY,LONG,London Open Liquidity Scalp,-0.8772,0.19,41.94,-1.8967,0.1082,147.945,148.438,148.438,147.945,2.5,148.411,148.195,148.165,149.025,3.0,0.9,9.2,STOP_OUT,133,closed,41.94,0.88,148.438,147.945,0.1082,-8.1072,0.9854,0.0,false,true,Tuesday,8,10,July,2025,2.2167,7980000,148.165,148.411,12518.65,12481.86,6.0,0.335,1.0,false,false,true,8801,London Open Liquidity Scalp — QA 200,"[0.0, 0.1082, 0.0127, 0.0278, 0.0, 0.0, 0.0, 0.0, 0.0, 0.0, 0.0, 0.0, 0.0, 0.0, 0.0, 0.0, 0.0, 0.0, 0.0, 0.0, 0.0, 0.0, 0.0, 0.0, 0.0, 0.0, 0.0, 0.0, 0.0, 0.0, 0.0, 0.0, 0.0, 0.0, 0.0, 0.0, 0.0, 0.0, 0.0, 0.0, 0.0, 0.0, 0.0, 0.0, 0.0, 0.0, 0.0, 0.0, 0.0, 0.0, 0.0, 0.0, 0.0, 0.0, 0.0, 0.0, 0.0, 0.0, 0.0, 0.0, 0.0, 0.0, 0.0, 0.0, 0.0, 0.0, 0.0, 0.0, 0.0, 0.0, 0.0, 0.0, 0.0, 0.0, 0.0, 0.0, 0.0, 0.0, 0.0, 0.0]","[0.484, 0.184, 0.304, 0.4103, 0.4044, 0.3545, 0.7495, 0.8508, 1.0207, 0.8457, 1.0448, 1.0322, 0.8913, 1.0146, 1.3668, 1.2124, 0.9589, 1.0471, 1.3591, 1.5026, 1.4458, 1.3928, 1.3427, 1.0016, 0.8976, 0.6413, 0.3805, 0.3134, 0.3913, 0.6763, 1.1788, 1.1391, 1.2949, 1.5777, 1.3118, 0.9449, 1.0952, 1.2902, 1.2968, 1.3104, 1.329, 1.378, 1.4801, 1.6928, 1.786, 1.8967, 1.6807, 1.436, 1.4887, 1.1783, 1.0984, 1.0951, 1.0746, 0.9967, 0.9987, 0.7856, 0.8913, 0.8323, 0.9096, 1.0927, 1.0761, 1.2355, 1.4904, 1.3186, 0.9723, 1.2885, 0.9341, 1.355, 1.137, 0.9848, 1.4594, 1.2427, 1.2451, 0.9244, 0.681, 0.7301, 1.106, 0.9428, 0.6367, 0.9914]","[-0.369, -0.079, -0.0801, -0.0537, -0.1465, -0.1907, -0.4984, -0.6702, -0.9705, -0.816, -0.8737, -0.7668, -0.8723, -0.958, -1.2935, -1.1403, -0.904, -0.9472, -1.2093, -1.3691, -1.3476, -1.271, -1.2334, -0.849, -0.7113, -0.5323, -0.2431, -0.2095, -0.2779, -0.62, -0.9563, -0.9515, -1.2658, -1.493, -1.2448, -0.9119, -0.8252, -1.153, -1.0914, -0.9666, -1.2687, -1.3023, -1.3498, -1.5847, -1.651, -1.7916, -1.5927, -1.2983, -1.3708, -1.1132, -0.9682, -0.8297, -1.0062, -0.8128, -0.8633, -0.7468, -0.7354, -0.7106, -0.8218, -0.8844, -0.9501, -1.1915, -1.3283, -1.2263, -0.8458, -1.1939, -0.8148, -1.1334, -1.0083, -0.8602, -1.2005, -1.105, -1.0324, -0.8951, -0.5861, -0.6531, -0.7914, -0.6337, -0.6147, -0.8772]","[0.0, 0.0, 0.0, 0.0, 0.0]","[0.8013, 0.6024, 0.7279, 0.7731, 0.7978]","[-0.7552, -0.5799, -0.6371, -0.6935, -0.7435]"
29.15,2024-07-20T12:21:00.000Z,2024-07-20T08:57:00.000Z,22122,EURUSD,LONG,London Open Liquidity Scalp,0.6152,0.26,47.38,-0.4155,0.9588,1.06279,1.06531,1.06813,1.06279,2.5,1.06355,1.06813,1.06172,1.06813,3.0,0.8,10.0,TP,204,closed,47.38,0.62,1.06531,1.06279,1.0137,0.6069,0.3436,1.0137,false,false,Monday,8,12,July,2024,3.4,12240000,1.06172,1.06355,12481.86,12511.01,6.0,0.3796,1.0,false,false,false,8801,London Open Liquidity Scalp — QA 200,"[0.0403, 0.665, 0.3607, 0.2631, 0.4595, 0.3657, 0.2507, 0.219, 0.0975, 0.3588, 0.2977, 0.5934, 0.2308, 0.1307, 0.0, 0.207, 0.0433, 0.0, 0.2949, 0.0143, 0.3751, 0.331, 0.1961, 0.2926, 0.7106, 0.681, 0.4245, 0.5462, 0.3242, 0.5054, 0.1718, 0.5827, 0.3507, 0.4959, 0.9588, 0.8712, 0.6815, 0.4086, 0.9242, 0.6748]","[0.3142, 0.0, 0.0, 0.1623, 0.0, 0.0, 0.0626, 0.1074, 0.1141, 0.0, 0.0, 0.0, 0.0545, 0.2286, 0.2769, 0.2141, 0.2311, 0.4155, 0.1774, 0.1317, 0.0254, 0.0, 0.0, 0.0, 0.0, 0.0, 0.0, 0.0158, 0.0, 0.0, 0.0, 0.0, 0.0, 0.0, 0.0, 0.0, 0.0, 0.0, 0.0, 0.0]","[-0.0814, 0.3633, 0.2325, 0.0257, 0.4313, 0.2882, 0.1768, 0.138, 0.0157, 0.2707, 0.2401, 0.2655, 0.1112, 0.0197, -0.1708, -0.0259, -0.0816, -0.2218, 0.1428, -0.0889, 0.1926, 0.2243, 0.1661, 0.2455, 0.5941, 0.4697, 0.283, 0.1907, 0.2633, 0.3376, 0.066, 0.3352, 0.2934, 0.3974, 0.7353, 0.8337, 0.4891, 0.3435, 0.6893, 0.6152]","[0.6737, 0.7256, 0.6193, 0.5414, 0.4422, 0.3844, 0.4871, 0.7461, 0.736, 0.8144, 0.7783, 0.8694, 1.0137, 0.7582, 0.7295, 0.8451, 0.7113, 0.7419, 0.8089, 0.7636, 0.8151, 0.683, 0.786, 0.5304]","[0.0, 0.0, 0.0, 0.0, 0.0, 0.0, 0.0, 0.0, 0.0, 0.0, 0.0, 0.0, 0.0, 0.0, 0.0, 0.0, 0.0, 0.0, 0.0, 0.0, 0.0, 0.0, 0.0, 0.0]","[0.6084, 0.6095, 0.5171, 0.5039, 0.3905, 0.2994, 0.4581, 0.6185, 0.6776, 0.7519, 0.7445, 0.7408, 0.8481, 0.7302, 0.6692, 0.6544, 0.5859, 0.7031, 0.7392, 0.7125, 0.6378, 0.529, 0.5798, 0.4877]"
1.19,2025-06-24T13:54:00.000Z,2025-06-24T09:06:00.000Z,22123,USDJPY,SHORT,London Open Liquidity Scalp,0.0289,0.24,41.13,-1.0424,1.0324,150.516,150.132,150.516,150.132,1.5,150.323,150.323,150.508,150.045,3.0,0.9,9.2,BE,288,closed,41.13,0.03,150.132,150.516,1.0324,0.028,1.0035,0.055,false,true,Tuesday,9,13,June,2025,4.8,17280000,150.508,150.323,12511.01,12512.2,6.0,0.3288,1.0,false,false,true,8801,London Open Liquidity Scalp — QA 200,"[0.3119, 0.0, 0.0, 0.0, 0.0, 0.0, 0.0, 0.0, 0.0, 0.0, 0.0, 0.0, 0.0, 0.0, 0.0, 0.0, 0.0, 0.0, 0.0, 0.0, 0.0, 0.0, 0.0, 0.1501, 0.0, 0.0, 0.0, 0.0, 0.0, 0.0, 0.0, 0.0, 0.0379, 0.203, 0.0944, 0.371, 0.8129, 0.3229, 0.2196, 0.2902, 0.5519, 0.489, 0.582, 0.6154, 0.4636, 0.7489, 0.7489, 0.8933, 1.0269, 1.0324, 0.8634, 0.9927, 0.811, 0.5477, 0.7909, 0.9516, 0.1208]","[0.0, 0.3336, 0.6235, 0.3589, 0.2434, 0.5634, 0.6743, 0.6161, 0.4254, 0.2554, 0.5056, 0.7931, 1.0424, 0.8978, 1.0367, 0.6686, 0.7944, 0.8875, 0.9834, 0.6371, 0.467, 0.4969, 0.3557, 0.0972, 0.318, 0.507, 0.9998, 0.8843, 0.8313, 0.327, 0.9033, 0.4116, 0.2446, 0.0, 0.0306, 0.0, 0.0, 0.0, 0.0182, 0.0468, 0.0, 0.0, 0.0, 0.0, 0.0, 0.0, 0.0, 0.0, 0.0, 0.0, 0.0, 0.0, 0.0, 0.0, 0.0, 0.0, 0.3232]","[-0.2344, 0.1283, 0.3314, 0.1748, 0.2069, 0.3201, 0.6277, 0.3389, 0.297, 0.1959, 0.4534, 0.6939, 0.8957, 0.6224, 0.8031, 0.5986, 0.4409, 0.666, 0.8326, 0.6208, 0.3703, 0.3431, 0.2608, -0.0699, 0.2584, 0.4447, 0.6605, 0.8355, 0.6953, 0.2852, 0.5531, 0.378, 0.0807, -0.1721, 0.0014, -0.3355, -0.5964, -0.225, -0.124, -0.1951, -0.4259, -0.2507, -0.5423, -0.3931, -0.3, -0.4452, -0.6455, -0.7824, -0.8012, -0.9289, -0.6902, -0.8476, -0.7103, -0.4462, -0.7229, -0.9154, 0.0289]","[0.055, 0.0, 0.0, 0.0, 0.0, 0.0, 0.0, 0.0, 0.0, 0.0, 0.0, 0.0, 0.0, 0.0237, 0.0, 0.0, 0.0, 0.0, 0.0, 0.0]","[0.1026, 0.1509, 0.1822, 0.1619, 0.1821, 0.2039, 0.1127, 0.1225, 0.3076, 0.1948, 0.2336, 0.1307, 0.1636, 0.1821, 0.2472, 0.238, 0.2862, 0.2242, 0.3415, 0.192]","[0.0454, 0.1341, 0.1445, 0.1489, 0.1126, 0.0923, 0.0895, 0.0571, 0.2116, 0.165, 0.1802, 0.0965, 0.1284, 0.0751, 0.1771, 0.2106, 0.2281, 0.1977, 0.1907, 0.1546]"
-32.13,2025-08-05T20:26:00.000Z,2025-08-05T13:46:00.000Z,22124,GBPUSD,LONG,London Open Liquidity Scalp,-0.7403,0.28,43.4,-1.8118,0.248,1.23562,1.23884,1.23884,1.23562,2.5,1.23845,1.23689,1.23689,1.24235,3.5,1.2,10.0,SL,400,closed,43.4,0.74,1.23884,1.23562,0.248,-2.9851,0.9883,0.0,false,true,Tuesday,13,20,August,2025,6.6667,24000000,1.23689,1.23845,12512.2,12480.07,7.0,0.3469,1.0,false,false,true,8801,London Open Liquidity Scalp — QA 200,"[0.188, 0.248, 0.1515, 0.2411, 0.0, 0.0049, 0.0, 0.0, 0.0, 0.0, 0.0, 0.0, 0.0, 0.0, 0.0, 0.0, 0.0, 0.0, 0.0, 0.0, 0.0, 0.0, 0.0, 0.0, 0.0, 0.0, 0.0, 0.0, 0.0475, 0.0, 0.0, 0.0, 0.0, 0.0, 0.0, 0.0, 0.0, 0.0, 0.0, 0.0, 0.0, 0.0, 0.0, 0.0, 0.0, 0.0, 0.0, 0.0, 0.0, 0.0, 0.0, 0.0, 0.0, 0.0, 0.0, 0.1677, 0.0, 0.0008, 0.0, 0.0, 0.0, 0.0, 0.0, 0.0, 0.0, 0.0, 0.0, 0.0, 0.0, 0.0, 0.0, 0.0, 0.0, 0.0, 0.0, 0.0, 0.0, 0.063, 0.0, 0.0]","[0.0, 0.0, 0.229, 0.2516, 0.3712, 0.6081, 0.5495, 0.8591, 0.9268, 0.8474, 0.6548, 0.7139, 1.1112, 1.027, 1.0546, 0.6951, 0.7916, 1.0129, 0.875, 0.9691, 1.0989, 1.0926, 1.0656, 1.2113, 0.6592, 0.3985, 0.2496, 0.3866, 0.6732, 0.5139, 0.9574, 0.9247, 0.8636, 1.1987, 1.4399, 1.8118, 1.6709, 1.7746, 1.6461, 1.3407, 1.6135, 1.6545, 1.6187, 1.0973, 0.8637, 1.4088, 1.1142, 1.0859, 0.853, 0.7671, 0.7895, 0.6729, 0.5873, 0.4838, 0.4897, 0.1123, 0.2572, 0.0404, 0.4315, 0.4651, 0.7193, 0.3773, 0.6613, 0.7886, 1.0023, 0.6236, 0.7903, 0.7475, 1.0502, 1.198, 0.9132, 0.8551, 1.149, 0.7955, 0.5153, 0.8568, 0.4742, 0.398, 0.322, 0.7949]","[0.0809, 0.22, -0.0809, 0.0407, -0.31, -0.406, -0.4822, -0.8342, -0.8049, -0.8203, -0.553, -0.656, -0.7641, -0.9928, -0.6905, -0.5753, -0.6938, -0.9223, -0.7928, -0.6846, -0.9589, -1.065, -1.018, -0.95, -0.6116, -0.3419, -0.2082, -0.2775, -0.2349, -0.3695, -0.5804, -0.8079, -0.816, -1.1047, -1.2754, -1.5189, -1.4362, -1.6565, -1.3573, -1.298, -1.5741, -1.5161, -1.4273, -1.0488, -0.8351, -1.11, -0.8195, -1.0268, -0.6837, -0.6673, -0.6861, -0.5044, -0.4924, -0.361, -0.269, -0.0534, -0.178, -0.0195, -0.337, -0.4153, -0.6022, -0.2989, -0.4826, -0.7438, -0.6897, -0.5359, -0.705, -0.6564, -0.9432, -1.1121, -0.8453, -0.6386, -0.7714, -0.4442, -0.3023, -0.6673, -0.3704, -0.2053, -0.2921, -0.7403]","[0.0, 0.0, 0.0, 0.0, 0.0, 0.0, 0.0, 0.0]","[0.8161, 0.7929, 0.8943, 0.622, 0.6686, 0.9392, 0.9034, 0.7366]","[-0.7783, -0.7181, -0.7394, -0.5829, -0.6282, -0.6918, -0.7328, -0.6277]"
-52.21,2024-05-29T10:42:00.000Z,2024-05-29T07:06:00.000Z,22125,GBPUSD,LONG,London Open Liquidity Scalp,-0.9587,0.27,54.46,-1.3958,0.0,1.25334,1.25611,1.25611,1.25334,2.0,1.25611,1.25412,1.25412,1.26008,3.5,1.2,10.0,SL,216,closed,54.46,0.96,1.25611,1.25334,0.0,0.0,0.9587,0.0,false,true,Wednesday,7,10,May,2024,3.6,12960000,1.25412,1.25611,12480.07,12427.86,7.0,0.4364,1.0,false,false,true,8801,London Open Liquidity Scalp — QA 200,"[0.0, 0.0, 0.0, 0.0, 0.0, 0.0, 0.0, 0.0, 0.0, 0.0, 0.0, 0.0, 0.0, 0.0]","[0.4629, 0.8069, 0.8643, 0.9928, 0.9101, 1.2906, 1.0898, 0.7731, 0.948, 1.3958, 1.1375, 1.1128, 1.0805, 1.3717]","[-0.3554, -0.781, -0.6497, -0.5671, -0.8418, -1.1855, -1.0401, -0.711, -0.8078, -1.009, -1.0168, -0.9396, -1.0158, -0.9587]","[0.0, 0.0, 0.0, 0.0, 0.0, 0.0, 0.0, 0.0, 0.0, 0.0, 0.0, 0.0, 0.0, 0.0, 0.0, 0.0, 0.0, 0.0, 0.0, 0.0, 0.0, 0.0, 0.0, 0.0, 0.0]","[0.8284, 0.917, 0.8939, 0.7072, 0.5813, 0.4796, 0.6251, 0.7184, 0.6617, 0.4956, 0.5311, 0.5202, 0.3799, 0.5094, 0.34, 0.3857, 0.5028, 0.4032, 0.5714, 0.4625, 0.3278, 0.3753, 0.3741, 0.6247, 0.6076]","[-0.7959, -0.8625, -0.7821, -0.6343, -0.5614, -0.4341, -0.5523, -0.6286, -0.6274, -0.4528, -0.4725, -0.3606, -0.3677, -0.4586, -0.2917, -0.3156, -0.3833, -0.3455, -0.4609, -0.3516, -0.2816, -0.2798, -0.3243, -0.4248, -0.5267]"
-28.37,2024-04-07T11:23:00.000Z,2024-04-07T10:39:00.000Z,22126,EURUSD,LONG,London Open Liquidity Scalp,-0.696,0.16,40.76,-1.5374,0.0751,1.09072,1.0949,1.0949,1.09072,1.5,1.09471,1.0929,1.09212,1.0986,3.0,0.8,10.0,STOP_OUT,44,closed,40.76,0.7,1.0949,1.09072,0.0751,-9.2676,0.7711,0.0,false,true,Monday,10,11,April,2024,0.7333,2640000,1.09212,1.09471,12427.86,12399.49,6.0,0.328,1.0,false,false,true,8801,London Open Liquidity Scalp — QA 200,"[0.0, 0.0751, 0.003, 0.0, 0.0, 0.0, 0.0, 0.0, 0.0, 0.0, 0.0, 0.0, 0.0, 0.0, 0.0, 0.0, 0.0, 0.0, 0.0, 0.0, 0.0, 0.0, 0.0, 0.0, 0.0, 0.0, 0.0, 0.0, 0.0, 0.0, 0.0, 0.0, 0.0, 0.0, 0.0, 0.0, 0.0, 0.0, 0.0, 0.0, 0.0, 0.0, 0.0, 0.0]","[0.4449, 0.1169, 0.4146, 0.3215, 0.2266, 0.4105, 0.2312, 0.4188, 0.4258, 0.6185, 0.9851, 0.8274, 1.0015, 0.7108, 0.9151, 0.5399, 0.6266, 0.8333, 0.5161, 0.3628, 0.7033, 0.7075, 0.4948, 0.703, 0.506, 0.8421, 0.64, 0.5852, 0.6699, 0.797, 0.8819, 1.2025, 0.9885, 1.0595, 1.305, 1.1083, 1.4519, 1.5374, 1.2373, 0.7679, 0.5341, 0.2833, 0.7666, 0.9765]","[-0.284, 0.0193, -0.2473, -0.2881, -0.1718, -0.3697, -0.1229, -0.3798, -0.3402, -0.522, -0.8048, -0.6241, -0.9098, -0.6056, -0.6778, -0.4416, -0.5993, -0.5521, -0.4716, -0.3377, -0.4724, -0.627, -0.2971, -0.6419, -0.4283, -0.7048, -0.553, -0.405, -0.4869, -0.761, -0.7406, -0.974, -0.9545, -0.9883, -1.0872, -1.044, -1.3434, -1.3841, -0.9407, -0.6654, -0.3793, -0.2158, -0.5793, -0.696]","[0.0, 0.0, 0.0, 0.0, 0.0, 0.0, 0.0, 0.0]","[0.8327, 0.7242, 0.7323, 0.6632, 0.8328, 0.6896, 0.657, 0.6738]","[-0.7391, -0.5646, -0.6749, -0.6433, -0.7562, -0.6114, -0.6419, -0.6179]"
-24.28,2025-02-03T15:52:00.000Z,2025-02-03T13:18:00.000Z,22127,XAUUSD,SHORT,London Open Liquidity Scalp,-0.5064,3.35,47.95,-0.5386,1.7597,1990.648,1990.319,1990.648,1990.319,1.5,1990.571,1990.643,1990.714,1990.356,4.0,2.5,1.0,STOP_OUT,154,closed,47.95,0.51,1990.319,1990.648,1.7597,-0.2878,2.2661,0.6092,true,true,Monday,13,15,February,2025,2.5667,9240000,1990.714,1990.571,12399.49,12375.21,8.0,0.3867,1.0,false,false,true,8801,London Open Liquidity Scalp — QA 200,"[0.2172, 0.0, 0.0454, 0.1245, 0.33, 0.4769, 0.2552, 0.1232, 0.2558, 0.0, 0.0, 0.0563, 0.4612, 0.6105, 1.0269, 1.1977, 1.3868, 1.0531, 1.2795, 1.3366, 1.2276, 0.9025, 0.742, 1.0125, 0.9011, 0.8709, 1.2129, 1.4676, 1.3893, 1.4522, 1.5652, 1.733, 1.7597, 1.3339, 1.5817, 1.4535, 1.2005, 1.3442, 1.1853, 1.3757, 1.2367, 1.3061, 1.082, 0.8955, 0.753, 0.8458, 0.9272, 0.5731, 0.5653, 0.3453, 0.3733, 0.7235, 0.6271, 1.0329, 1.1043, 1.0652, 0.5897, 0.7329, 0.6489, 0.5135, 0.3969, 0.5693, 0.5326, 0.9018, 0.9596, 0.9011, 0.5731, 0.3221, 0.13, 0.0354, 0.2436, 0.3247, 0.4815, 0.7863, 1.0238, 0.6704, 0.673, 0.9351, 0.7171, 0.6403]","[0.245, 0.2274, 0.4666, 0.0, 0.0, 0.0, 0.003, 0.3482, 0.0, 0.1484, 0.5386, 0.1184, 0.0, 0.0, 0.0, 0.0, 0.0, 0.0, 0.0, 0.0, 0.0, 0.0, 0.0, 0.0, 0.0, 0.0, 0.0, 0.0, 0.0, 0.0, 0.0, 0.0, 0.0, 0.0, 0.0, 0.0, 0.0, 0.0, 0.0, 0.0, 0.0, 0.0, 0.0, 0.0, 0.0, 0.0, 0.0, 0.0, 0.0, 0.0, 0.0, 0.0, 0.0, 0.0, 0.0, 0.0, 0.0, 0.0, 0.0, 0.0, 0.0, 0.0, 0.0, 0.0, 0.0, 0.0, 0.0, 0.0, 0.0184, 0.0665, 0.0, 0.0, 0.0, 0.0, 0.0, 0.0, 0.0, 0.0, 0.0, 0.0]","[0.0845, 0.1774, 0.1945, -0.099, -0.2309, -0.4002, -0.1183, 0.0893, -0.1946, 0.0706, 0.1899, -0.0255, -0.4505, -0.5313, -0.7553, -0.9732, -1.1047, -0.9304, -1.1915, -1.1543, -1.0854, -0.882, -0.5647, -0.9019, -0.8324, -0.8609, -1.0222, -1.2438, -1.3407, -1.4371, -1.4911, -1.5909, -1.5688, -1.2522, -1.4735, -1.3497, -1.0235, -1.2651, -1.1314, -1.2833, -1.155, -1.0511, -1.0321, -0.8762, -0.7187, -0.7842, -0.7669, -0.3792, -0.5238, -0.3034, -0.2487, -0.54, -0.5651, -0.8881, -1.0445, -0.8924, -0.5643, -0.6107, -0.5951, -0.4038, -0.3341, -0.5301, -0.4715, -0.7825, -0.7759, -0.8492, -0.4277, -0.2203, -0.045, 0.0319, -0.0984, -0.2767, -0.4494, -0.6842, -0.8942, -0.6295, -0.5951, -0.878, -0.6499, -0.5064]","[0.5518, 0.6092, 0.3896, 0.3463, 0.2272, 0.3354, 0.3458, 0.0794, 0.048, 0.089, 0.225, 0.0, 0.0, 0.0, 0.0, 0.0, 0.0, 0.0, 0.0]","[0.0, 0.0, 0.0, 0.0, 0.0, 0.0, 0.0, 0.0017, 0.0672, 0.0, 0.0275, 0.1386, 0.3128, 0.4409, 0.5284, 0.6007, 0.6931, 0.4981, 0.6219]","[-0.4581, -0.4744, -0.3773, -0.2651, -0.1564, -0.2299, -0.1376, -0.0425, -0.0145, -0.042, -0.0305, 0.1316, 0.2837, 0.3938, 0.3875, 0.5329, 0.5122, 0.4332, 0.4969]"
-35.47,2025-05-09T13:46:00.000Z,2025-05-09T10:22:00.000Z,22128,USDJPY,SHORT,London Open Liquidity Scalp,-0.6576,0.24,53.94,-0.2876,1.2859,148.421,148.039,148.594,148.039,2.5,148.351,148.594,148.594,147.744,3.0,0.9,9.2,SL,204,closed,53.94,0.66,148.039,148.421,1.2859,-0.5114,1.9435,0.7115,true,false,Friday,10,13,May,2025,3.4,12240000,148.594,148.351,12375.21,12339.74,6.0,0.4359,1.0,false,false,true,8801,London Open Liquidity Scalp — QA 200,"[0.0747, 0.2289, 0.5394, 0.4044, 0.1497, 0.418, 0.3366, 0.4632, 0.6202, 0.2546, 0.4787, 0.1857, 0.4538, 0.3439, 0.313, 0.3604, 0.7974, 0.7083, 0.5328, 0.7489, 0.6909, 0.9825, 1.2859, 1.0595, 0.9605, 0.8966, 0.9985, 0.7092, 0.7718, 0.307, 0.649, 0.5824, 0.5877, 0.8244, 0.7506, 0.6955, 1.0886, 0.774, 0.7971, 0.7651]","[0.2876, 0.2336, 0.0, 0.0, 0.0934, 0.1215, 0.1821, 0.0, 0.0, 0.0, 0.0, 0.0, 0.0, 0.0, 0.0845, 0.0, 0.0, 0.0, 0.0, 0.0, 0.0, 0.0, 0.0, 0.0, 0.0, 0.0, 0.0, 0.0, 0.0, 0.0, 0.0, 0.0, 0.0, 0.0, 0.0, 0.0, 0.0, 0.0, 0.0, 0.0]","[0.0118, -0.0326, -0.3714, -0.3402, -0.1157, -0.209, -0.178, -0.3104, -0.5296, -0.2183, -0.4224, -0.1171, -0.3111, -0.3163, -0.1025, -0.2718, -0.5875, -0.6768, -0.3298, -0.5614, -0.4935, -0.8386, -1.0676, -0.7878, -0.9303, -0.7955, -0.7945, -0.6532, -0.4953, -0.2381, -0.2756, -0.5626, -0.5254, -0.7584, -0.711, -0.5931, -0.9002, -0.7322, -0.6771, -0.6576]","[0.7115, 0.5599, 0.5345, 0.4783, 0.2678, 0.443, 0.1855, 0.2536, 0.1497, 0.1645, 0.0741, 0.0, 0.0, 0.0, 0.0, 0.0, 0.0, 0.0, 0.0, 0.0, 0.0, 0.0, 0.0, 0.0723, 0.0239]","[0.0, 0.0, 0.0, 0.0, 0.0, 0.0, 0.0, 0.0, 0.061, 0.1628, 0.0427, 0.0688, 0.2701, 0.3236, 0.4262, 0.6582, 0.5913, 0.4377, 0.4123, 0.4159, 0.2471, 0.2355, 0.3159, 0.288, 0.0716]","[-0.5708, -0.4011, -0.4711, -0.3546, -0.2524, -0.3134, -0.1806, -0.1914, -0.0973, 0.0047, -0.0238, 0.0483, 0.1674, 0.254, 0.4055, 0.5612, 0.4949, 0.3961, 0.3654, 0.2747, 0.177, 0.1235, 0.1436, 0.1072, 0.0317]"
-40.39,2025-09-30T12:26:00.000Z,2025-09-30T10:01:00.000Z,22129,GBPUSD,SHORT,London Open Liquidity Scalp,-0.8265,0.19,48.87,-0.0088,1.119,1.25695,1.25408,1.25904,1.25408,2.0,1.25693,1.25904,1.25948,1.25183,3.5,1.2,10.0,STOP_OUT,145,closed,48.87,0.83,1.25408,1.25695,1.119,-0.7386,1.9455,0.8539,true,false,Tuesday,10,12,September,2025,2.4167,8700000,1.25948,1.25693,12339.74,12299.35,7.0,0.396,1.0,true,false,false,8801,London Open Liquidity Scalp — QA 200,"[0.5596, 0.7136, 0.619, 0.715, 0.4676, 0.1648, 0.4592, 0.8275, 1.119]","[0.0, 0.0, 0.0, 0.0088, 0.0, 0.0, 0.0, 0.0, 0.0]","[-0.4887, -0.6107, -0.4514, -0.3285, -0.2512, -0.0918, -0.382, -0.7528, -0.8265]","[0.8539, 0.728, 0.7134, 0.8016, 0.6614, 0.7051, 0.7136, 0.7565]","[0.0, 0.0, 0.0, 0.0, 0.0, 0.0, 0.0, 0.0]","[-0.8422, -0.6676, -0.7078, -0.6911, -0.6146, -0.6164, -0.6009, -0.667]"
77.2,2025-05-08T08:58:00.000Z,2025-05-08T07:08:00.000Z,22130,USDJPY,SHORT,London Open Liquidity Scalp,1.7561,0.24,43.96,-1.9554,0.0,147.61,147.219,147.61,146.819,2.0,147.219,146.819,147.419,146.819,3.0,0.9,9.2,TP,110,closed,43.96,1.76,147.219,147.61,0.0,0.0,-1.7561,0.0,false,true,Thursday,7,8,May,2025,1.8333,6600000,147.419,147.219,12299.35,12376.55,6.0,0.3574,1.0,false,false,true,8801,London Open Liquidity Scalp — QA 200,"[0.0, 0.0, 0.0, 0.0, 0.0, 0.0, 0.0, 0.0]","[0.5246, 0.8597, 1.2957, 1.7351, 1.6658, 1.9554, 1.8684, 1.8342]","[0.4418, 0.6841, 1.2363, 1.5052, 1.6349, 1.921, 1.8454, 1.7561]","[0.0, 0.0, 0.0, 0.0, 0.0, 0.0, 0.0, 0.0, 0.0, 0.0, 0.0, 0.0, 0.0, 0.0, 0.0, 0.0, 0.0, 0.0, 0.0, 0.0, 0.0]","[1.7829, 1.833, 1.9203, 2.0029, 1.8868, 2.0547, 2.2214, 2.3143, 2.0819, 2.0545, 2.0737, 2.1483, 2.2622, 2.3315, 2.4714, 2.5286, 2.3693, 2.401, 2.3233, 2.3052, 2.4611]","[1.7244, 1.8102, 1.8639, 1.9316, 1.8681, 1.9921, 2.1519, 2.1282, 2.0242, 1.9785, 1.9978, 2.0387, 2.188, 2.2671, 2.4191, 2.4496, 2.3436, 2.3356, 2.3016, 2.2608, 2.3439]"
96.03,2025-09-30T15:13:00.000Z,2025-09-30T14:33:00.000Z,22131,GBPUSD,LONG,London Open Liquidity Scalp,1.9646,0.2,48.88,-0.0,2.5639,1.28193,1.28826,1.28826,1.28193,2.5,1.28193,1.2881,1.27946,1.2881,3.5,1.2,10.0,TP,40,closed,48.88,1.96,1.28826,1.28193,2.5639,0.7663,0.5993,2.3276,false,false,Tuesday,14,15,September,2025,0.6667,2400000,1.27946,1.28193,12376.55,12472.58,7.0,0.3949,1.0,false,false,true,8801,London Open Liquidity Scalp — QA 200,"[0.4887, 0.3545, 0.6395, 0.5569, 0.5663, 0.8531, 1.14, 1.6368, 1.4889, 1.8869, 1.8183, 1.7867, 1.5963, 1.4318, 1.7528, 1.8083, 2.1717, 2.0017, 2.1933, 2.2227, 2.2932, 2.46, 2.4492, 2.5639, 2.4282, 2.238, 2.0428, 1.9411, 1.6508, 1.7271, 1.4143, 1.5528, 1.3866, 1.2542, 1.1364, 1.4558, 1.4796, 1.2798, 1.4355, 2.1303]","[0.0, 0.0, 0.0, 0.0, 0.0, 0.0, 0.0, 0.0, 0.0, 0.0, 0.0, 0.0, 0.0, 0.0, 0.0, 0.0, 0.0, 0.0, 0.0, 0.0, 0.0, 0.0, 0.0, 0.0, 0.0, 0.0, 0.0, 0.0, 0.0, 0.0, 0.0, 0.0, 0.0, 0.0, 0.0, 0.0, 0.0, 0.0, 0.0, 0.0]","[0.4443, 0.3256, 0.4422, 0.4595, 0.4169, 0.7199, 0.9721, 1.3837, 1.4303, 1.8366, 1.7906, 1.7168, 1.5168, 1.2452, 1.7079, 1.6638, 1.9414, 1.8779, 2.1347, 2.1186, 2.2523, 2.3829, 2.2315, 2.3498, 2.2198, 2.1779, 1.9397, 1.8517, 1.5845, 1.5855, 1.3839, 1.4662, 1.2537, 1.173, 1.0068, 1.0699, 1.451, 1.1784, 1.3663, 1.9646]","[2.1173, 2.066, 2.2678, 2.1769, 2.105, 2.0918, 2.3276, 2.2744, 2.1674, 2.126, 2.1738, 2.2554, 2.1439]","[0.0, 0.0, 0.0, 0.0, 0.0, 0.0, 0.0, 0.0, 0.0, 0.0, 0.0, 0.0, 0.0]","[2.0496, 2.0451, 2.0959, 2.1447, 2.0874, 2.0663, 2.2317, 2.164, 2.0937, 2.0215, 2.1204, 2.133, 2.103]"
41.9,2025-04-01T16:38:00.000Z,2025-04-01T13:52:00.000Z,22132,USDJPY,SHORT,London Open Liquidity Scalp,0.8618,0.21,48.62,-1.0626,0.0271,147.256,146.986,147.256,146.622,1.5,146.993,146.622,147.24,146.622,3.0,0.9,9.2,TP,166,closed,48.62,0.86,146.986,147.256,0.0271,31.8007,-0.8347,0.0,false,true,Tuesday,13,16,April,2025,2.7667,9960000,147.24,146.993,12472.58,12514.48,6.0,0.3898,1.0,false,false,true,8801,London Open Liquidity Scalp — QA 200,"[0.0, 0.0271, 0.0155, 0.0, 0.0, 0.0, 0.0, 0.0, 0.0, 0.0, 0.0]","[0.5071, 0.3343, 0.4201, 0.5729, 0.696, 0.6424, 0.6987, 1.0204, 0.7123, 0.9592, 1.0626]","[0.2986, 0.1473, 0.2017, 0.5391, 0.5588, 0.5391, 0.5787, 0.8872, 0.6829, 0.9118, 0.8618]","[0.0, 0.0, 0.0, 0.0, 0.0, 0.0, 0.0, 0.0, 0.0, 0.0, 0.0, 0.0, 0.0, 0.0, 0.0, 0.0, 0.0, 0.0, 0.0, 0.0, 0.0, 0.0, 0.0]","[0.9739, 0.9486, 0.93, 1.1328, 1.2591, 1.3467, 1.4762, 1.4656, 1.6522, 1.7183, 1.7104, 1.5994, 1.7024, 1.8479, 1.7356, 1.8536, 2.0618, 1.9845, 1.9907, 1.7441, 1.7432, 1.8516, 1.9111]","[0.883, 0.8338, 0.9208, 1.0531, 1.2241, 1.2869, 1.4194, 1.3861, 1.5111, 1.6889, 1.6843, 1.573, 1.6562, 1.7433, 1.7025, 1.8322, 1.9048, 1.8311, 1.7838, 1.7231, 1.6643, 1.7631, 1.7233]"
64.55,2024-09-07T10:44:00.000Z,2024-09-07T08:07:00.000Z,22133,GBPUSD,LONG,London Open Liquidity Scalp,1.3641,0.34,47.32,-0.2412,1.7646,1.25838,1.26118,1.26118,1.25838,1.5,1.25872,1.26081,1.25732,1.26081,3.5,1.2,10.0,TP,157,closed,47.32,1.36,1.26118,1.25838,1.9863,0.6868,0.4005,1.9863,false,false,Monday,8,10,September,2024,2.6167,9420000,1.25732,1.25872,12514.48,12579.03,7.0,0.3781,1.0,false,false,true,8801,London Open Liquidity Scalp — QA 200,"[0.0903, 0.2755, 0.8593, 1.2666, 1.0127, 0.8204, 1.1643, 1.0564, 1.7646, 1.7366]","[0.2412, 0.0, 0.0, 0.0, 0.0, 0.0, 0.0, 0.0, 0.0, 0.0]","[-0.1268, 0.1653, 0.7285, 1.1095, 0.9863, 0.7374, 1.1348, 1.0158, 1.3935, 1.3641]","[1.6466, 1.6767, 1.9324, 1.719, 1.9863, 1.937, 1.8975]","[0.0, 0.0, 0.0, 0.0, 0.0, 0.0, 0.0]","[1.4671, 1.6271, 1.7537, 1.6533, 1.8176, 1.8743, 1.8381]"
3.61,2025-11-14T11:25:00.000Z,2025-11-14T10:09:00.000Z,22134,XAUUSD,LONG,London Open Liquidity Scalp,0.0736,3.01,49.02,-0.685,1.2348,2079.037,2079.35,2079.35,2079.037,3.0,2079.149,2079.149,2078.986,2079.637,4.0,2.5,1.0,BE,76,closed,49.02,0.07,2079.35,2079.037,1.2348,0.0596,1.1612,1.1837,false,false,Friday,10,11,November,2025,1.2667,4560000,2078.986,2079.149,12579.03,12582.64,8.0,0.3897,1.0,false,false,true,8801,London Open Liquidity Scalp — QA 200,"[0.0, 0.0, 0.0, 0.2595, 0.0, 0.0367, 0.0141, 0.1362, 0.3034, 0.4446, 0.5112, 0.5021, 0.3474, 0.3647, 0.7421, 0.3016, 0.7358, 0.5861, 0.2554, 0.3907, 0.2439, 0.2335, 0.1341, 0.2578, 0.4388, 0.0, 0.0, 0.0, 0.0, 0.2432, 0.1854, 0.2132, 0.2857, 0.4965, 0.7318, 0.9276, 0.9446, 1.037, 1.0485, 1.0499, 0.6839, 0.8981, 0.861, 1.2348, 0.9712, 1.0557, 0.9769, 0.9344, 0.9919, 0.6785, 1.0774, 0.8837, 0.808, 0.5033, 0.3793, 0.3034, 0.5137, 0.6238, 0.4935, 0.4108, 0.6754, 0.5997, 0.1797, 0.624, 0.3115, 0.0, 0.0, 0.0, 0.0, 0.0, 0.2438, 0.0, 0.0, 0.0, 0.0, 0.1381]","[0.3315, 0.5142, 0.6345, 0.2071, 0.6, 0.614, 0.4401, 0.2724, 0.0, 0.0, 0.0, 0.0, 0.0, 0.0, 0.0, 0.0, 0.0, 0.0, 0.0, 0.0, 0.0, 0.0738, 0.1785, 0.0108, 0.0595, 0.4026, 0.2894, 0.6121, 0.4406, 0.0, 0.3773, 0.2417, 0.0, 0.0, 0.0, 0.0, 0.0, 0.0, 0.0, 0.0, 0.0, 0.0, 0.0, 0.0, 0.0, 0.0, 0.0, 0.0, 0.0, 0.0, 0.0, 0.0, 0.0, 0.0, 0.0, 0.0, 0.0, 0.0, 0.0493, 0.0, 0.0, 0.0, 0.2488, 0.0, 0.2528, 0.4057, 0.6437, 0.2975, 0.3393, 0.685, 0.3524, 0.2697, 0.4641, 0.4098, 0.253, 0.0]","[-0.2818, -0.4443, -0.3908, 0.004, -0.3205, -0.3091, -0.1525, -0.0909, 0.2612, 0.3549, 0.4559, 0.2735, 0.2685, 0.2796, 0.5364, 0.2778, 0.5577, 0.4629, 0.1453, 0.2997, 0.1424, 0.1785, -0.0371, 0.0723, 0.032, -0.2549, -0.1765, -0.4197, -0.1922, 0.0964, -0.1038, -0.0279, 0.2578, 0.4621, 0.6845, 0.8323, 0.8559, 0.7744, 0.8654, 0.9644, 0.5896, 0.7718, 0.7718, 0.9541, 0.8468, 0.8662, 0.9453, 0.8086, 0.7432, 0.6337, 0.8983, 0.8589, 0.6465, 0.3743, 0.3065, 0.1734, 0.1973, 0.5259, 0.2393, 0.2948, 0.4685, 0.3416, 0.0269, 0.2231, 0.0326, -0.2946, -0.329, -0.2617, -0.305, -0.381, -0.1061, -0.2317, -0.4216, -0.3701, -0.1729, 0.0736]","[0.3704, 0.39, 0.4091, 0.5327, 0.7299, 0.8569, 0.9278, 0.7486, 0.7409, 0.8754, 1.1229, 0.9868, 1.0247, 1.1115, 1.0292, 0.9902, 1.0594, 0.8986, 1.1837, 0.9751, 1.1103, 1.0317, 1.0896, 1.0251]","[0.0, 0.0, 0.0, 0.0, 0.0, 0.0, 0.0, 0.0, 0.0, 0.0, 0.0, 0.0, 0.0, 0.0, 0.0, 0.0, 0.0, 0.0, 0.0, 0.0, 0.0, 0.0, 0.0, 0.0]","[0.1639, 0.3106, 0.3512, 0.4927, 0.6608, 0.7466, 0.7704, 0.7198, 0.7132, 0.8283, 0.9542, 0.9232, 0.8497, 0.9595, 1.0083, 0.9672, 0.952, 0.8867, 0.9464, 0.9203, 1.0526, 0.9942, 0.9957, 0.9618]"
19.19,2024-05-21T11:45:00.000Z,2024-05-21T10:22:00.000Z,22135,EURUSD,LONG,London Open Liquidity Scalp,0.4512,0.2,42.53,-0.2827,1.4622,1.08563,1.08938,1.09162,1.08563,2.5,1.08624,1.09162,1.08409,1.09162,3.0,0.8,10.0,TP,83,closed,42.53,0.45,1.08938,1.08563,1.4622,0.3086,1.011,1.1919,false,false,Tuesday,10,11,May,2024,1.3833,4980000,1.08409,1.08624,12582.64,12601.83,6.0,0.338,1.0,false,false,true,8801,London Open Liquidity Scalp — QA 200,"[0.3127, 0.333, 0.1637, 0.3265, 0.4025, 0.2347, 0.7238, 0.7469, 0.9127, 1.1483, 1.329, 1.4622, 1.1827, 1.2838, 1.3652, 0.5411]","[0.0749, 0.0, 0.1553, 0.2827, 0.0, 0.0, 0.0, 0.0, 0.0, 0.0, 0.0, 0.0, 0.0, 0.0, 0.0, 0.0]","[0.0593, 0.1547, 0.0493, 0.0897, 0.2773, 0.1739, 0.3886, 0.6603, 0.8446, 1.0327, 1.2225, 1.306, 0.9579, 1.1128, 1.1279, 0.4512]","[0.4116, 0.5293, 0.4457, 0.6641, 0.6942, 0.8999, 0.9464, 0.9778, 1.1919]","[0.0, 0.0, 0.0, 0.0, 0.0, 0.0, 0.0, 0.0, 0.0]","[0.3728, 0.4116, 0.3903, 0.5636, 0.6135, 0.7583, 0.9199, 0.88, 1.0069]"
52.31,2024-12-25T14:26:00.000Z,2024-12-25T09:55:00.000Z,22136,NQ,SHORT,London Open Liquidity Scalp,1.1127,0.4,47.01,-1.9124,0.0,18329.90602,18318.56433,18329.90602,18311.96449,1.5,18318.56433,18311.96449,18324.49493,18309.66842,4.5,0.75,5.0,Trailing SL,271,closed,47.01,1.11,18318.56433,18329.90602,0.0,0.0,-1.1127,0.0,false,true,Wednesday,9,14,December,2024,4.5167,16260000,18324.49493,18318.56433,12601.83,12654.14,9.0,0.373,1.0,false,false,false,8801,London Open Liquidity Scalp — QA 200,"[0.0, 0.0, 0.0, 0.0, 0.0, 0.0, 0.0, 0.0, 0.0, 0.0, 0.0, 0.0, 0.0, 0.0, 0.0, 0.0, 0.0, 0.0, 0.0, 0.0, 0.0, 0.0, 0.0, 0.0, 0.0, 0.0, 0.0, 0.0, 0.0, 0.0, 0.0, 0.0, 0.0, 0.0, 0.0, 0.0, 0.0, 0.0, 0.0, 0.0, 0.0, 0.0, 0.0, 0.0, 0.0, 0.0, 0.0, 0.0, 0.0, 0.0, 0.0, 0.0, 0.0, 0.0, 0.0, 0.0, 0.0, 0.0, 0.0, 0.0, 0.0, 0.0, 0.0, 0.0, 0.0, 0.0, 0.0, 0.0, 0.0, 0.0, 0.0, 0.0, 0.0, 0.0, 0.0, 0.0, 0.0, 0.0, 0.0, 0.0]","[0.646, 0.8887, 1.1169, 1.0295, 0.8152, 1.3956, 1.4103, 1.1312, 1.0666, 1.0127, 0.9359, 0.8845, 0.7949, 1.2054, 1.5219, 1.1871, 0.9196, 1.2427, 1.2295, 1.0115, 1.0724, 1.2314, 1.2237, 1.4206, 0.9295, 1.1812, 0.9067, 1.1454, 0.968, 0.8534, 1.3099, 1.3245, 1.7176, 1.4245, 1.6408, 1.4496, 1.3605, 1.2707, 1.2616, 1.2166, 1.4201, 1.4114, 1.606, 1.8116, 1.616, 1.9124, 1.6642, 1.4576, 1.5284, 1.4915, 1.2209, 1.2282, 1.381, 1.4489, 1.5503, 1.6727, 1.8623, 1.8582, 1.5189, 1.2873, 1.2827, 1.5152, 1.2453, 1.167, 0.93, 1.2877, 1.3061, 1.4594, 1.586, 1.515, 1.6001, 1.7064, 1.3128, 1.1724, 0.6778, 0.8486, 1.1161, 1.0035, 1.0248, 1.1622]","[0.417, 0.7807, 1.0525, 0.8734, 0.801, 1.1226, 1.2073, 1.0755, 0.8411, 0.894, 0.6915, 0.7539, 0.7627, 1.1069, 1.3764, 1.0683, 0.8957, 1.2002, 1.1993, 0.9322, 0.9889, 1.1936, 1.1295, 1.0834, 0.902, 1.0578, 0.7701, 1.0054, 0.8905, 0.8248, 1.0193, 1.1763, 1.4977, 1.3289, 1.5206, 1.3857, 1.3281, 1.2237, 1.163, 1.1275, 1.2728, 1.2782, 1.4674, 1.7134, 1.5824, 1.6878, 1.5628, 1.4069, 1.2802, 1.2869, 1.0904, 1.1538, 1.3178, 1.3022, 1.2906, 1.6092, 1.8061, 1.6378, 1.5006, 1.2149, 1.1474, 1.4811, 1.2329, 1.0518, 0.8826, 1.2538, 1.2694, 1.2529, 1.5266, 1.2581, 1.5432, 1.3601, 1.27, 0.9184, 0.6237, 0.8009, 1.0199, 0.9585, 0.9258, 1.1127]","[0.0, 0.0, 0.0, 0.0, 0.0, 0.0, 0.0, 0.0, 0.0, 0.0, 0.0, 0.0, 0.0, 0.0]","[1.2399, 1.2243, 1.3711, 1.4536, 1.4932, 1.3758, 1.3059, 1.4459, 1.5934, 1.6184, 1.6905, 1.5375, 1.5131, 1.5201]","[1.2125, 1.0967, 1.2602, 1.3888, 1.3181, 1.2848, 1.2362, 1.4, 1.5286, 1.5743, 1.5575, 1.4896, 1.4645, 1.4681]"
-36.88,2025-08-30T14:43:00.000Z,2025-08-30T13:55:00.000Z,22137,NQ,SHORT,London Open Liquidity Scalp,-0.7165,0.52,51.47,-0.2723,1.5417,18884.40302,18875.4697,18887.9867,18875.4697,3.0,18883.06204,18887.9867,18887.9867,18868.28807,4.5,0.75,5.0,SL,48,closed,51.47,0.72,18875.4697,18884.40302,1.5417,-0.4647,2.2582,1.1693,true,false,Monday,13,14,August,2025,0.8,2880000,18887.9867,18883.06204,12654.14,12617.26,9.0,0.4067,1.0,false,false,true,8801,London Open Liquidity Scalp — QA 200,"[0.4996, 0.3324, 0.4778, 0.7118, 0.3672, 0.1859, 0.0897, 0.1031, 0.0807, 0.1972, 0.0, 0.3484, 0.4271, 0.7763, 0.7036, 0.1713, 0.3365, 0.5084, 0.2595, 0.4346, 0.0, 0.2893, 0.5821, 0.4302, 0.664, 0.6524, 0.3009, 0.3648, 0.344, 0.365, 0.2309, 0.5064, 0.4449, 0.4468, 0.7396, 0.6713, 0.9286, 1.0058, 0.8799, 0.721, 0.9569, 0.8297, 1.1879, 1.3208, 1.5417, 1.2865, 1.256, 0.7675]","[0.0, 0.0, 0.0, 0.0, 0.0, 0.0, 0.133, 0.2723, 0.0122, 0.176, 0.2117, 0.1194, 0.0, 0.0, 0.0, 0.0, 0.0, 0.0, 0.0, 0.0372, 0.0344, 0.0, 0.0, 0.1047, 0.0, 0.0, 0.0, 0.0, 0.0, 0.0, 0.0, 0.0, 0.0, 0.0, 0.0, 0.0, 0.0, 0.0, 0.0, 0.0, 0.0, 0.0, 0.0, 0.0, 0.0, 0.0, 0.0, 0.0]","[-0.2414, -0.3074, -0.3369, -0.42, -0.2578, -0.0855, 0.0458, -0.0451, -0.0227, 0.0507, 0.1247, -0.1606, -0.3766, -0.7314, -0.3999, -0.1529, -0.3112, -0.4835, -0.237, -0.1355, 0.019, -0.2598, -0.3971, -0.188, -0.6153, -0.5061, -0.2148, -0.3546, -0.2615, -0.3499, -0.1018, -0.4034, -0.4004, -0.4122, -0.507, -0.4556, -0.8384, -0.9314, -0.7746, -0.5918, -0.6287, -0.8065, -1.0424, -1.2694, -1.3927, -1.2629, -1.2428, -0.7165]","[0.896, 0.8251, 0.8648, 0.8302, 0.8502, 1.016, 0.8673, 1.0355, 1.1693, 1.136, 1.0161, 0.9313, 0.8158, 0.6627, 0.6466, 0.6286, 0.6635, 0.6084, 0.5995, 0.6225, 0.4864, 0.6076, 0.5005]","[0.0, 0.0, 0.0, 0.0, 0.0, 0.0, 0.0, 0.0, 0.0, 0.0, 0.0, 0.0, 0.0, 0.0, 0.0, 0.0, 0.0, 0.0, 0.0, 0.0, 0.0, 0.0, 0.0]","[-0.8099, -0.7304, -0.785, -0.8148, -0.7816, -0.8867, -0.8288, -0.9012, -0.9611, -1.0641, -0.9818, -0.8453, -0.7914, -0.6286, -0.6003, -0.5612, -0.6195, -0.4974, -0.4917, -0.5341, -0.4445, -0.5228, -0.4862]"
-2.92,2024-02-16T17:51:00.000Z,2024-02-16T14:20:00.000Z,22138,XAUUSD,SHORT,London Open Liquidity Scalp,-0.0559,2.1,52.21,-1.1775,1.2145,2055.406,2054.811,2055.406,2054.811,2.5,2055.113,2055.103,2055.362,2054.491,4.0,2.5,1.0,BE,211,closed,52.21,0.06,2054.811,2055.406,1.2145,-0.046,1.2704,0.1813,true,true,Friday,14,17,February,2024,3.5167,12660000,2055.362,2055.113,12617.26,12614.34,8.0,0.4138,1.0,false,false,false,8801,London Open Liquidity Scalp — QA 200,"[0.4969, 0.4883, 0.1911, 0.0, 0.0138, 0.1931, 0.1748, 0.1974, 0.3709, 0.275, 0.4735, 0.6979, 0.7547, 1.2145, 0.6122, 0.9514, 0.5953, 0.9292, 0.3786, 0.8845, 0.7348, 0.6578, 0.5866, 0.3541, 0.1864, 0.0, 0.0, 0.0, 0.0, 0.0424, 0.1692, 0.1684, 0.0, 0.0, 0.0, 0.0, 0.1165, 0.3533, 0.1901, 0.3517, 0.2779, 0.1899, 0.0, 0.0, 0.0, 0.0, 0.0, 0.0, 0.0, 0.0, 0.0, 0.0, 0.0, 0.1027, 0.0, 0.0, 0.0365, 0.564, 0.0, 0.0038, 0.0507, 0.3529, 0.0, 0.4803, 0.1257, 0.0, 0.0, 0.0, 0.0, 0.0, 0.0, 0.0, 0.0, 0.0, 0.0, 0.0, 0.0, 0.0, 0.0, 0.1773]","[0.0, 0.0, 0.084, 0.3658, 0.3038, 0.0344, 0.1599, 0.0, 0.0, 0.1553, 0.0, 0.0, 0.0, 0.0, 0.0, 0.0, 0.0, 0.0, 0.0, 0.0, 0.0, 0.0, 0.0, 0.1981, 0.0027, 0.3372, 0.6465, 0.4819, 0.2457, 0.2499, 0.0986, 0.0314, 0.2403, 0.343, 0.3785, 0.2797, 0.0, 0.0, 0.0, 0.0, 0.4994, 0.0, 0.3508, 0.7403, 0.2511, 0.5524, 0.7864, 0.8421, 0.762, 0.6613, 0.724, 0.6908, 0.3447, 0.1057, 0.3153, 0.2426, 0.107, 0.0573, 0.4012, 0.3478, 0.2278, 0.3117, 0.2149, 0.0, 0.2882, 0.501, 0.8048, 0.9634, 1.1143, 1.1775, 1.0665, 0.9739, 0.7448, 0.909, 0.5764, 0.6443, 0.7933, 0.5739, 0.5099, 0.1666]","[-0.1883, -0.3762, -0.0857, 0.2558, 0.2435, -0.0395, 0.0392, -0.1068, -0.2969, -0.1114, -0.4439, -0.5564, -0.7072, -0.8739, -0.5638, -0.7614, -0.5241, -0.715, -0.3173, -0.5886, -0.4865, -0.5174, -0.5032, -0.1205, -0.0491, 0.294, 0.3154, 0.431, 0.1656, 0.2084, -0.0118, -0.0298, 0.1927, 0.2231, 0.3326, 0.2391, -0.0756, -0.2601, -0.1753, -0.2677, 0.1, -0.0859, 0.2599, 0.3989, 0.1997, 0.4908, 0.7533, 0.7578, 0.7166, 0.5896, 0.4702, 0.4751, 0.3071, -0.0392, 0.2082, 0.1899, 0.0126, -0.2391, 0.1395, 0.0986, 0.0937, -0.0003, 0.191, -0.1774, 0.1834, 0.4426, 0.7093, 0.8285, 0.9892, 1.0372, 0.7901, 0.9161, 0.6573, 0.8511, 0.4084, 0.6064, 0.6135, 0.3391, 0.4916, -0.0559]","[0.0161, 0.1813, 0.0, 0.0, 0.0, 0.0, 0.0]","[0.0329, 0.0, 0.1128, 0.2673, 0.344, 0.3603, 0.3595]","[0.0214, -0.0935, 0.0853, 0.2479, 0.2878, 0.2502, 0.2529]"
-1.33,2024-09-15T12:46:00.000Z,2024-09-15T09:46:00.000Z,22139,EURUSD,LONG,London Open Liquidity Scalp,-0.0265,0.23,50.26,-1.0724,0.9011,1.06583,1.07015,1.07015,1.06583,2.5,1.06818,1.06828,1.06599,1.07365,3.0,0.8,10.0,BE,180,closed,50.26,0.03,1.07015,1.06583,0.9011,-0.0294,0.9276,0.8554,true,false,Monday,9,12,September,2024,3.0,10800000,1.06599,1.06818,12614.34,12613.01,6.0,0.3984,1.0,false,false,true,8801,London Open Liquidity Scalp — QA 200,"[0.0, 0.0, 0.0, 0.0, 0.0, 0.0, 0.0, 0.0206, 0.0049, 0.0375, 0.0, 0.0, 0.0, 0.058, 0.1555, 0.5504, 0.7378, 0.6782, 0.6956, 0.3257, 0.2513, 0.4703, 0.6485, 0.9011, 0.4076, 0.0432, 0.0, 0.0, 0.0, 0.0, 0.0009, 0.0, 0.0, 0.0, 0.0, 0.1028]","[0.3908, 0.3666, 0.6494, 0.6587, 0.5442, 0.7117, 0.4542, 0.187, 0.1254, 0.6678, 0.3788, 0.206, 0.542, 0.0378, 0.0955, 0.0, 0.0, 0.0, 0.0, 0.0, 0.0, 0.0, 0.0, 0.0, 0.0395, 0.298, 0.589, 0.7219, 0.8557, 0.4527, 0.0866, 0.3311, 0.7374, 1.0724, 0.4187, 0.0856]","[-0.2336, -0.1416, -0.4511, -0.572, -0.4492, -0.5441, -0.3744, -0.13, -0.0684, -0.2519, -0.3267, -0.1595, -0.3118, 0.0272, 0.0548, 0.3291, 0.5878, 0.4683, 0.531, 0.2287, 0.1413, 0.3626, 0.6027, 0.5843, 0.2623, -0.0778, -0.3836, -0.6062, -0.6879, -0.3496, -0.0635, -0.2844, -0.5443, -0.7267, -0.3174, -0.0265]","[0.1106, 0.0692, 0.0744, 0.0, 0.0, 0.0905, 0.0, 0.0451, 0.1369, 0.2157, 0.1692, 0.3148, 0.3291, 0.4406, 0.4536, 0.3852, 0.3437, 0.1803, 0.299, 0.3589, 0.5015, 0.5805, 0.6155, 0.8554]","[0.0, 0.0, 0.0568, 0.0958, 0.193, 0.029, 0.2552, 0.0898, 0.0786, 0.0, 0.0, 0.0, 0.0, 0.0, 0.0, 0.0, 0.0, 0.0, 0.0, 0.0, 0.0, 0.0, 0.0, 0.0]","[0.1006, 0.0517, 0.0001, -0.0469, -0.1444, 0.0293, -0.079, -0.0395, 0.0674, 0.167, 0.1602, 0.2064, 0.3076, 0.3957, 0.3487, 0.282, 0.2497, 0.1502, 0.242, 0.2374, 0.3652, 0.3922, 0.5158, 0.6907]"
27.55,2025-05-20T16:16:00.000Z,2025-05-20T10:08:00.000Z,22140,EURUSD,SHORT,London Open Liquidity Scalp,0.6403,0.24,43.03,-1.2003,0.7809,1.09379,1.09031,1.09379,1.09031,2.0,1.09168,1.09055,1.09344,1.08816,3.0,0.8,10.0,Trailing SL,368,closed,43.03,0.64,1.09031,1.09379,0.7809,0.82,0.1406,0.0,false,true,Tuesday,10,16,May,2025,6.1333,22080000,1.09344,1.09168,12613.01,12640.56,6.0,0.3412,1.0,true,false,true,8801,London Open Liquidity Scalp — QA 200,"[0.0063, 0.0302, 0.0, 0.0, 0.105, 0.1396, 0.1463, 0.2441, 0.4935, 0.1481, 0.0, 0.0281, 0.0824, 0.5153, 0.7809, 0.3069, 0.2758, 0.0, 0.2763, 0.0, 0.0, 0.0, 0.0, 0.2248, 0.2602, 0.4754, 0.2117, 0.0, 0.0, 0.1683, 0.0, 0.0, 0.0, 0.0, 0.0, 0.0, 0.0, 0.0, 0.0, 0.0, 0.0, 0.0, 0.0, 0.0, 0.0, 0.0, 0.0, 0.0, 0.0, 0.0, 0.0, 0.0, 0.0, 0.0, 0.0, 0.0, 0.0, 0.0, 0.0, 0.0, 0.0, 0.0, 0.0, 0.0, 0.0, 0.0, 0.0, 0.0, 0.0, 0.0, 0.0, 0.0, 0.0]","[0.2624, 0.409, 0.2551, 0.3215, 0.1267, 0.2471, 0.0, 0.0, 0.0, 0.1357, 0.0617, 0.0896, 0.2058, 0.0, 0.0, 0.0, 0.1955, 0.3424, 0.0795, 0.5592, 0.4337, 0.2617, 0.1114, 0.4245, 0.085, 0.073, 0.0, 0.2359, 0.2994, 0.2771, 0.4763, 0.8538, 0.5473, 0.4854, 0.6739, 0.7262, 0.7362, 0.594, 0.975, 0.7071, 1.0437, 0.7416, 0.8603, 0.5619, 0.2049, 0.6312, 0.4847, 0.6175, 0.9968, 1.0264, 0.8345, 0.9891, 1.1087, 0.8869, 0.5701, 0.7917, 1.2003, 1.1373, 0.7704, 0.7727, 0.7647, 0.7985, 0.805, 0.9058, 0.7998, 0.7438, 0.6372, 0.4864, 0.7103, 1.0329, 0.8868, 0.5266, 0.6787]","[0.0616, 0.1421, 0.2334, 0.2769, -0.025, 0.0889, -0.134, -0.1873, -0.2812, 0.1057, 0.0369, 0.0093, -0.0421, -0.2699, -0.4194, -0.2966, 0.0087, 0.3126, 0.0302, 0.3203, 0.2114, 0.2302, 0.0941, 0.0527, -0.0131, -0.1362, -0.147, 0.208, 0.2407, 0.0881, 0.3635, 0.5992, 0.5073, 0.3609, 0.5875, 0.6241, 0.5972, 0.4723, 0.7386, 0.5519, 0.8458, 0.6099, 0.7182, 0.4576, 0.1888, 0.5472, 0.3736, 0.4986, 0.8071, 0.9757, 0.7511, 0.8638, 0.9313, 0.5629, 0.5156, 0.7095, 1.0334, 1.0221, 0.7228, 0.7348, 0.67, 0.5969, 0.7708, 0.7989, 0.7723, 0.5441, 0.605, 0.3102, 0.6139, 0.8925, 0.7054, 0.3763, 0.6403]","[0.0, 0.0, 0.0, 0.0, 0.0]","[0.8478, 0.9999, 0.9633, 0.8176, 0.9317]","[0.7514, 0.8789, 0.8748, 0.7775, 0.9099]"
-4.4,2024-03-20T19:11:00.000Z,2024-03-20T14:21:00.000Z,22141,GBPUSD,SHORT,London Open Liquidity Scalp,-0.1,0.16,44.02,-0.6607,0.7636,1.27133,1.26749,1.27133,1.26749,3.0,1.26955,1.26945,1.27225,1.26145,3.5,1.2,10.0,BE,290,closed,44.02,0.1,1.26749,1.27133,0.7636,-0.131,0.8636,0.3587,true,false,Wednesday,14,19,March,2024,4.8333,17400000,1.27225,1.26955,12640.56,12636.16,7.0,0.3482,1.0,false,false,true,8801,London Open Liquidity Scalp — QA 200,"[0.3503, 0.2964, 0.0019, 0.3041, 0.2174, 0.3723, 0.6305, 0.4332, 0.4658, 0.327, 0.2518, 0.5787, 0.4652, 0.5735, 0.7636, 0.6822, 0.666, 0.2361, 0.3716, 0.0, 0.0, 0.0, 0.0, 0.0434, 0.2839, 0.3656, 0.6031, 0.5046, 0.5855, 0.6964, 0.4822, 0.1771, 0.7107, 0.3872, 0.4104, 0.1474, 0.4118, 0.3916, 0.3895, 0.1548, 0.0, 0.0, 0.0, 0.1367, 0.109, 0.0776, 0.0, 0.135, 0.4935, 0.6127, 0.3315, 0.5192, 0.4587, 0.3735, 0.0919, 0.258, 0.0, 0.3728]","[0.0, 0.0, 0.0965, 0.0, 0.0, 0.0, 0.0, 0.1076, 0.0, 0.0, 0.0, 0.0, 0.0, 0.0, 0.0, 0.0, 0.0, 0.0, 0.0, 0.1999, 0.4524, 0.136, 0.3957, 0.4873, 0.0, 0.0, 0.0, 0.0, 0.0, 0.0, 0.0, 0.0, 0.0, 0.0298, 0.0, 0.0, 0.0, 0.0, 0.0, 0.3126, 0.4188, 0.5435, 0.6607, 0.0885, 0.2759, 0.1496, 0.1997, 0.0524, 0.0, 0.0, 0.0, 0.0, 0.0022, 0.0, 0.1286, 0.0278, 0.3324, 0.076]","[-0.309, -0.1731, 0.0607, -0.2725, -0.1909, -0.3004, -0.4859, -0.1151, -0.3335, -0.2648, -0.1374, -0.4135, -0.254, -0.501, -0.7268, -0.5894, -0.5471, -0.2255, -0.0789, 0.1385, 0.3937, 0.1103, 0.3586, 0.1567, -0.1858, -0.2222, -0.4604, -0.3227, -0.4794, -0.6022, -0.3452, -0.1667, -0.4526, -0.1854, -0.3972, -0.1264, -0.2958, -0.2972, -0.2323, 0.0553, 0.3439, 0.486, 0.4906, 0.0444, 0.0197, 0.0453, 0.0922, -0.0823, -0.4138, -0.5161, -0.1766, -0.376, -0.2826, -0.292, -0.0018, -0.0834, 0.2406, -0.1]","[0.2158, 0.1581, 0.1429, 0.0437, 0.0899, 0.2235, 0.251, 0.144, 0.0, 0.0339, 0.0, 0.124, 0.2955, 0.3587, 0.2326, 0.3478]","[0.0, 0.0, 0.0, 0.081, 0.0, 0.0, 0.0, 0.0283, 0.1204, 0.1043, 0.0819, 0.0, 0.0, 0.0, 0.0, 0.0]","[-0.1961, -0.1449, -0.097, -0.0029, -0.0511, -0.1605, -0.219, -0.0506, 0.083, 0.0785, 0.0456, -0.0663, -0.1702, -0.2386, -0.207, -0.157]"
152.58,2024-02-26T20:13:00.000Z,2024-02-26T14:56:00.000Z,22142,XAUUSD,SHORT,London Open Liquidity Scalp,3.0136,2.15,50.63,-3.6564,0.0714,2007.194,2006.316,2007.194,2005.626,3.0,2006.333,2005.626,2006.569,2005.626,4.0,2.5,1.0,TP,317,closed,50.63,3.01,2006.316,2007.194,0.0714,42.2073,-2.9422,0.0,false,true,Monday,14,20,February,2024,5.2833,19020000,2006.569,2006.333,12636.16,12788.74,8.0,0.4007,1.0,false,true,false,8801,London Open Liquidity Scalp — QA 200,"[0.0714, 0.0, 0.0, 0.0, 0.0, 0.0, 0.0, 0.0, 0.0, 0.0, 0.0, 0.0, 0.0, 0.0, 0.0, 0.0, 0.0, 0.0, 0.0, 0.0, 0.0, 0.0, 0.0, 0.0, 0.0, 0.0, 0.0, 0.0, 0.0, 0.0, 0.0, 0.0, 0.0, 0.0, 0.0, 0.0, 0.0, 0.0, 0.0, 0.0, 0.0, 0.0, 0.0, 0.0, 0.0, 0.0, 0.0, 0.0, 0.0, 0.0, 0.0, 0.0, 0.0, 0.0, 0.0, 0.0, 0.0, 0.0, 0.0, 0.0, 0.0, 0.0, 0.0, 0.0, 0.0, 0.0, 0.0, 0.0, 0.0, 0.0, 0.0, 0.0, 0.0, 0.0, 0.0, 0.0, 0.0, 0.0, 0.0, 0.0]","[0.5837, 0.8729, 1.5454, 1.6118, 2.084, 2.3485, 2.5371, 2.9106, 3.0982, 3.1791, 3.6559, 3.6081, 3.4321, 3.6564, 3.3735, 2.9082, 3.1926, 3.2902, 3.4572, 3.1583, 3.3448, 3.1757, 2.8445, 2.9327, 2.4893, 2.8488, 2.8444, 2.9287, 3.1241, 3.1474, 2.9145, 3.4423, 3.0788, 3.3822, 3.3594, 3.5161, 3.4421, 3.5589, 3.1207, 3.1753, 3.246, 3.3169, 2.9377, 2.8018, 3.0546, 3.3261, 2.953, 2.7571, 2.8765, 2.8283, 2.9733, 3.3769, 3.3904, 3.167, 3.0297, 3.0549, 2.6825, 2.9283, 3.251, 2.8443, 2.7698, 2.9904, 3.1371, 3.1079, 2.625, 2.8729, 2.9942, 2.8779, 2.8603, 3.1397, 3.2816, 2.951, 2.8183, 2.7598, 3.0003, 3.0409, 3.0858, 2.7766, 2.737, 3.1227]","[0.2602, 0.7954, 1.4885, 1.4501, 1.7911, 2.2074, 2.4546, 2.8581, 2.9598, 3.1461, 3.36, 3.5472, 3.3384, 3.5398, 3.1675, 2.8233, 3.1633, 3.1779, 3.4078, 3.1366, 3.0142, 2.8852, 2.72, 2.7027, 2.4718, 2.7614, 2.7969, 2.8404, 2.9975, 2.8123, 2.8884, 3.1949, 2.9931, 3.2584, 3.333, 3.4777, 3.0881, 3.4185, 3.0727, 3.1086, 3.0448, 3.1631, 2.8534, 2.6573, 2.9678, 3.2392, 2.8829, 2.6245, 2.6755, 2.7487, 2.8675, 3.1315, 3.3264, 3.0999, 3.0049, 2.9369, 2.665, 2.7894, 3.1159, 2.8038, 2.7021, 2.9062, 3.069, 2.9412, 2.6028, 2.6282, 2.7445, 2.7134, 2.7941, 3.126, 3.1392, 2.8578, 2.543, 2.5748, 2.9744, 2.975, 3.0618, 2.7258, 2.6179, 3.0136]","[0.0, 0.0, 0.0, 0.0, 0.0, 0.0, 0.0, 0.0, 0.0, 0.0, 0.0, 0.0, 0.0, 0.0, 0.0, 0.0, 0.0, 0.0, 0.0, 0.0, 0.0, 0.0, 0.0]","[3.0258, 3.0252, 3.1187, 3.3068, 3.4286, 3.3996, 3.2304, 3.3584, 3.2824, 3.191, 3.4303, 3.305, 3.2169, 3.4448, 3.4526, 3.493, 3.6101, 3.585, 3.5534, 3.3993, 3.5717, 3.636, 3.68]","[2.9786, 3.0032, 3.0973, 3.277, 3.3675, 3.3048, 3.2222, 3.2086, 3.27, 3.1693, 3.2237, 3.2445, 3.1681, 3.2491, 3.4201, 3.4212, 3.4726, 3.4932, 3.44, 3.3318, 3.4546, 3.6066, 3.5947]"
-30.55,2025-05-11T14:53:00.000Z,2025-05-11T14:30:00.000Z,22143,EURUSD,SHORT,London Open Liquidity Scalp,-0.7312,0.2,41.78,-0.4593,1.2413,1.06789,1.06426,1.06847,1.06426,2.0,1.06691,1.06847,1.06905,1.06264,3.0,0.8,10.0,MANUAL,23,closed,41.78,0.73,1.06426,1.06789,1.2413,-0.5891,1.9725,1.0478,true,false,Monday,14,14,May,2025,0.3833,1380000,1.06905,1.06691,12788.74,12758.19,6.0,0.3267,1.0,false,false,true,8801,London Open Liquidity Scalp — QA 200,"[0.125, 0.2671, 0.4828, 0.5934, 0.6135, 0.188, 0.259, 0.0, 0.0, 0.3079, 0.3082, 0.2612, 0.8736, 0.5097, 0.7587, 1.0558, 0.9979, 0.9962, 1.2413, 0.8692, 0.6593, 0.8544, 0.7744]","[0.2128, 0.0, 0.0, 0.0, 0.0, 0.0, 0.3816, 0.4593, 0.2818, 0.117, 0.0519, 0.0, 0.0, 0.0, 0.0, 0.0, 0.0, 0.0, 0.0, 0.0, 0.0, 0.0, 0.0]","[0.1589, -0.225, -0.3596, -0.4718, -0.4205, -0.1373, 0.1141, 0.2541, 0.0765, -0.1157, -0.1806, -0.2248, -0.5538, -0.4471, -0.492, -0.8008, -0.7686, -0.8968, -0.9939, -0.7377, -0.5486, -0.7303, -0.7312]","[0.8522, 0.9499, 1.0478, 0.7741, 0.8219, 0.671, 0.7041, 0.6616, 0.6403]","[0.0, 0.0, 0.0, 0.0, 0.0, 0.0, 0.0, 0.0, 0.0]","[-0.7944, -0.882, -0.8673, -0.7562, -0.6738, -0.6091, -0.6079, -0.616, -0.5959]"
27.5,2025-02-28T11:03:00.000Z,2025-02-28T09:26:00.000Z,22144,GBPUSD,SHORT,London Open Liquidity Scalp,0.5532,0.26,49.71,-1.5988,0.4909,1.29412,1.29009,1.29412,1.28622,2.5,1.29104,1.28622,1.29297,1.28622,3.5,1.2,10.0,TP,97,closed,49.71,0.55,1.29009,1.29412,0.4909,1.1269,-0.0623,0.0,false,true,Friday,9,11,February,2025,1.6167,5820000,1.29297,1.29104,12758.19,12785.69,7.0,0.3896,1.0,false,false,true,8801,London Open Liquidity Scalp — QA 200,"[0.0, 0.365, 0.304, 0.327, 0.4909, 0.0, 0.0, 0.0, 0.0, 0.0, 0.0, 0.0, 0.0, 0.0, 0.0, 0.0, 0.0, 0.0, 0.0, 0.0, 0.0, 0.0, 0.0, 0.0, 0.0, 0.0, 0.0, 0.0, 0.0, 0.0, 0.0, 0.0, 0.0, 0.0, 0.0, 0.0, 0.0, 0.0, 0.0, 0.0, 0.0, 0.0, 0.0, 0.0, 0.0, 0.0, 0.0, 0.0, 0.0, 0.0, 0.0, 0.0, 0.0, 0.0, 0.0, 0.0731, 0.1579, 0.0, 0.0989, 0.0, 0.0, 0.3039, 0.1952, 0.0464, 0.0, 0.0006, 0.164, 0.4743, 0.3491, 0.1017, 0.0, 0.0, 0.0, 0.0, 0.0, 0.0, 0.0, 0.0, 0.0, 0.0]","[0.1203, 0.0, 0.0, 0.0, 0.0, 0.1583, 0.6765, 0.5646, 0.8436, 1.0337, 0.99, 1.1006, 0.8378, 1.0672, 0.727, 0.8787, 0.5312, 0.7315, 0.7695, 1.087, 0.92, 0.8925, 0.8508, 0.9161, 0.8518, 0.7367, 0.9759, 0.7944, 0.6622, 0.7942, 0.9694, 1.1143, 1.0457, 1.0834, 0.7738, 1.1805, 1.1097, 1.144, 1.2145, 0.9556, 0.8623, 0.8091, 0.9555, 0.954, 1.0055, 0.857, 1.0157, 1.2524, 1.5988, 1.0419, 0.6294, 0.6584, 0.7176, 0.4756, 0.3952, 0.2512, 0.0047, 0.2553, 0.2876, 0.4464, 0.2588, 0.1381, 0.3895, 0.1495, 0.1373, 0.1239, 0.0097, 0.0, 0.0, 0.4339, 0.7153, 0.7838, 0.9886, 0.5925, 0.5673, 0.5506, 0.9244, 0.7668, 0.5706, 0.6493]","[0.0623, -0.181, -0.2421, -0.2645, -0.2298, 0.0715, 0.4234, 0.5296, 0.7574, 0.9899, 0.8543, 0.7428, 0.788, 0.842, 0.663, 0.655, 0.3992, 0.7025, 0.7514, 0.9739, 0.7987, 0.7881, 0.7495, 0.8728, 0.5624, 0.4604, 0.6744, 0.7334, 0.6369, 0.7726, 0.8638, 1.0202, 0.998, 0.9755, 0.6405, 0.8881, 1.0016, 1.0677, 0.9373, 0.9321, 0.8484, 0.6835, 0.6626, 0.7107, 0.9599, 0.7854, 0.9388, 1.0537, 1.2696, 0.9238, 0.5735, 0.6219, 0.657, 0.4553, 0.2694, -0.0142, -0.0999, 0.2408, 0.2396, 0.241, 0.1966, -0.069, 0.0344, 0.0118, 0.0625, 0.0913, -0.0455, -0.2837, -0.3156, 0.0835, 0.4848, 0.6743, 0.792, 0.5701, 0.4721, 0.5204, 0.8563, 0.7107, 0.4984, 0.5532]","[0.0, 0.0, 0.0, 0.0, 0.0, 0.0, 0.0, 0.0]","[0.5385, 0.6139, 0.5739, 0.7106, 0.6363, 0.6669, 0.8208, 0.8348]","[0.4741, 0.5631, 0.5152, 0.6808, 0.6223, 0.6539, 0.6987, 0.7307]"
66.11,2025-07-17T15:31:00.000Z,2025-07-17T08:46:00.000Z,22145,EURUSD,SHORT,London Open Liquidity Scalp,1.3307,0.2,49.68,-2.0314,0.1946,1.09061,1.08511,1.09061,1.07941,2.5,1.08559,1.07941,1.08806,1.07941,3.0,0.8,10.0,TP,405,closed,49.68,1.33,1.08511,1.09061,0.1946,6.8381,-1.1361,0.0,false,true,Thursday,8,15,July,2025,6.75,24300000,1.08806,1.08559,12785.69,12851.8,6.0,0.3886,1.0,false,false,true,8801,London Open Liquidity Scalp — QA 200,"[0.1546, 0.1946, 0.0, 0.0, 0.0, 0.0, 0.0, 0.0, 0.0, 0.0, 0.0, 0.0, 0.0, 0.0, 0.0, 0.0, 0.0, 0.0, 0.0, 0.0, 0.0, 0.0, 0.0, 0.0, 0.0, 0.0, 0.0, 0.0, 0.0, 0.0, 0.0, 0.0, 0.0, 0.0, 0.0, 0.0, 0.0, 0.0, 0.0, 0.0, 0.0, 0.0, 0.0, 0.0, 0.0, 0.0, 0.0, 0.0, 0.0, 0.0, 0.0, 0.0, 0.0, 0.0, 0.0, 0.0, 0.0, 0.0, 0.0, 0.0, 0.0, 0.0, 0.0, 0.0, 0.0, 0.0, 0.0, 0.0, 0.0, 0.0, 0.0, 0.0, 0.0, 0.0, 0.0, 0.0, 0.0, 0.0, 0.0, 0.0]","[0.3986, 0.1413, 0.5648, 0.7312, 1.0316, 1.035, 1.2134, 1.3443, 1.3476, 1.2755, 1.5445, 1.6764, 1.3164, 1.1054, 1.0419, 0.9852, 0.866, 0.9709, 1.3309, 0.9834, 0.9619, 1.3088, 0.9016, 0.9273, 1.1703, 1.3411, 1.3958, 1.3545, 1.0869, 1.6055, 1.3203, 1.1119, 0.9711, 1.515, 1.4599, 1.5005, 2.0272, 1.6102, 2.0314, 1.3355, 1.4153, 1.1053, 1.3036, 1.7877, 1.5831, 1.4633, 1.6629, 1.2726, 1.2954, 1.3979, 1.072, 0.8151, 0.8758, 1.2712, 1.431, 1.2219, 1.0413, 1.4232, 1.6996, 1.7957, 1.3969, 1.0909, 0.9163, 0.765, 0.8366, 0.6427, 0.5688, 0.9577, 0.974, 1.1036, 1.0041, 0.8934, 1.1818, 1.2138, 1.1455, 1.2305, 0.9895, 0.6461, 0.6359, 1.5412]","[0.0716, 0.0296, 0.5082, 0.7172, 0.9177, 0.7993, 1.1799, 1.0621, 1.2732, 1.1762, 1.4566, 1.5051, 1.2112, 1.0157, 0.8316, 0.941, 0.8125, 0.901, 1.2588, 0.9364, 0.8792, 1.0216, 0.8001, 0.8533, 1.1376, 1.1701, 1.3138, 1.2396, 0.9717, 1.2952, 1.1408, 0.9446, 0.93, 1.2144, 1.3766, 1.4732, 1.72, 1.5519, 1.6905, 1.3101, 1.0537, 1.0919, 1.2784, 1.4718, 1.4994, 1.3569, 1.5884, 1.2468, 0.9632, 1.0411, 0.9878, 0.6876, 0.8247, 1.2201, 1.2689, 1.214, 0.9782, 1.3618, 1.5077, 1.7338, 1.3548, 1.0728, 0.8138, 0.682, 0.6635, 0.462, 0.5387, 0.7409, 0.9247, 1.0522, 0.9042, 0.8289, 1.164, 0.969, 1.0004, 1.1138, 0.8157, 0.6218, 0.584, 1.3307]","[0.0, 0.0, 0.0, 0.0, 0.0, 0.0, 0.0, 0.0, 0.0, 0.0, 0.0, 0.0, 0.0, 0.0, 0.0, 0.0, 0.0, 0.0, 0.0, 0.0, 0.0, 0.0, 0.0, 0.0, 0.0]","[1.4657, 1.452, 1.3053, 1.2007, 1.3789, 1.2341, 1.2352, 1.4058, 1.5575, 1.402, 1.3895, 1.4141, 1.4382, 1.4517, 1.4393, 1.5034, 1.5125, 1.611, 1.5863, 1.3554, 1.575, 1.579, 1.7682, 1.8264, 1.8489]","[1.419, 1.3681, 1.2734, 1.1707, 1.2193, 1.1023, 1.2019, 1.3781, 1.4476, 1.3598, 1.2837, 1.3726, 1.3552, 1.3055, 1.3071, 1.3594, 1.4691, 1.5374, 1.4258, 1.3296, 1.4706, 1.5472, 1.6606, 1.703, 1.7886]"
-33.46,2024-12-04T20:36:00.000Z,2024-12-04T14:32:00.000Z,22146,USDJPY,SHORT,London Open Liquidity Scalp,-0.6196,0.29,54.0,-0.3445,1.4263,150.302,149.943,150.435,149.943,1.5,150.232,150.435,150.435,149.928,3.0,0.9,9.2,SL,364,closed,54.0,0.62,149.943,150.302,1.4263,-0.4344,2.0459,0.8736,true,false,Wednesday,14,20,December,2024,6.0667,21840000,150.435,150.232,12851.8,12818.34,6.0,0.4202,1.0,true,false,true,8801,London Open Liquidity Scalp — QA 200,"[0.3463, 0.0893, 0.1978, 0.0, 0.0591, 0.2168, 0.5176, 0.5616, 0.3078, 0.3756, 0.4044, 0.7872, 0.843, 0.7381, 0.7578, 0.6646, 0.7553, 1.0856, 1.214, 1.1573, 0.9932, 0.6836, 0.3526, 0.3836, 0.6529, 0.9454, 1.1305, 1.2831, 1.08, 1.1961, 1.0202, 0.7713, 0.7486, 0.6053, 0.6726, 0.3062, 0.2794, 0.075, 0.2128, 0.4677, 0.5845, 0.7284, 0.3672, 0.3404, 0.4342, 0.7103, 0.7348, 0.9271, 0.6313, 0.5675, 0.084, 0.1158, 0.3667, 0.6962, 0.4578, 0.6483, 1.0005, 1.1975, 1.4263, 0.8393, 0.9811, 0.7965, 1.2071, 0.923, 1.1102, 0.9437, 1.1286, 0.8005, 0.4916, 0.8566, 1.0895, 1.0318, 0.9195, 0.7252, 0.6645, 0.1154, 0.0, 0.2939, 0.1986, 0.6826]","[0.0418, 0.2188, 0.1288, 0.2848, 0.0955, 0.1136, 0.0, 0.0, 0.0, 0.0, 0.0, 0.0, 0.0, 0.0, 0.0, 0.0, 0.0, 0.0, 0.0, 0.0, 0.0, 0.0, 0.0, 0.0, 0.0, 0.0, 0.0, 0.0, 0.0, 0.0, 0.0, 0.0, 0.0, 0.0, 0.0, 0.0, 0.0845, 0.1495, 0.0, 0.0, 0.0, 0.0, 0.0, 0.0, 0.0, 0.0, 0.0, 0.0, 0.0, 0.0, 0.0, 0.0, 0.0, 0.0, 0.0, 0.0, 0.0, 0.0, 0.0, 0.0, 0.0, 0.0, 0.0, 0.0, 0.0, 0.0, 0.0, 0.0, 0.0, 0.0, 0.0, 0.0, 0.0, 0.0, 0.0, 0.0, 0.3445, 0.0, 0.0, 0.0]","[-0.2119, 0.0343, 0.0074, 0.2332, 0.0502, -0.1163, -0.3983, -0.4161, -0.2708, -0.3197, -0.3745, -0.7457, -0.579, -0.6967, -0.7023, -0.6243, -0.7372, -0.9735, -1.1128, -1.1039, -0.7598, -0.5647, -0.2768, -0.341, -0.5812, -0.9011, -1.0772, -1.0619, -0.8564, -0.8872, -0.9137, -0.7158, -0.6812, -0.5404, -0.5565, -0.2702, -0.072, 0.0233, -0.171, -0.3398, -0.5552, -0.607, -0.2993, -0.2447, -0.3864, -0.5306, -0.5306, -0.8416, -0.4902, -0.3395, -0.0353, -0.0805, -0.2412, -0.5632, -0.3563, -0.5872, -0.9299, -0.9403, -1.0464, -0.8177, -0.873, -0.7329, -0.9494, -0.8887, -1.0301, -0.8262, -0.9747, -0.7235, -0.3855, -0.7417, -1.044, -0.9779, -0.7821, -0.5007, -0.2977, -0.0621, 0.2021, -0.1919, -0.173, -0.6196]","[0.7307, 0.7179, 0.8494, 0.8736, 0.744, 0.7532, 0.6267, 0.6493, 0.5241, 0.4, 0.3375, 0.2231]","[0.0, 0.0, 0.0, 0.0, 0.0, 0.0, 0.0, 0.0, 0.0, 0.0, 0.0, 0.0]","[-0.7137, -0.6535, -0.7459, -0.8295, -0.6829, -0.6349, -0.5904, -0.6022, -0.4415, -0.3115, -0.2109, -0.0934]"
20.6,2025-08-24T16:54:00.000Z,2025-08-24T10:16:00.000Z,22147,NQ,LONG,London Open Liquidity Scalp,0.4066,0.41,50.67,-0.4511,1.8533,18715.28219,18729.43525,18729.43525,18715.28219,1.5,18718.05274,18727.26537,18711.91099,18727.26537,4.5,0.75,5.0,TP,398,closed,50.67,0.41,18729.43525,18715.28219,1.8533,0.2194,1.4467,1.1847,false,false,Monday,10,16,August,2025,6.6333,23880000,18711.91099,18718.05274,12818.34,12838.94,9.0,0.3953,1.0,true,false,true,8801,London Open Liquidity Scalp — QA 200,"[0.5089, 0.3919, 0.4028, 0.4049, 0.7113, 0.6252, 0.674, 0.5742, 0.6782, 0.4385, 0.557, 0.2847, 0.11, 0.0436, 0.2572, 0.6784, 0.6398, 0.2666, 0.424, 0.2385, 0.4801, 0.3338, 0.6854, 0.1388, 0.3919, 0.211, 0.6706, 0.2637, 0.5725, 0.5863, 0.5275, 0.3236, 0.0228, 0.0642, 0.1313, 0.3312, 0.1924, 0.2719, 0.6311, 0.5556, 0.4539, 0.7748, 0.8706, 1.0394, 0.9345, 0.5878, 0.9525, 0.9289, 0.9189, 1.364, 1.3223, 1.5456, 1.6714, 1.8533, 1.6583, 1.4332, 1.265, 0.8624, 0.926, 0.9423, 1.1305, 0.9818, 0.6443, 0.3494, 0.3858, 0.8189, 0.8098, 1.0256, 0.7635, 0.6008, 0.6891, 0.3932, 0.0466, 0.4036, 0.0, 0.0, 0.1186, 0.2491, 0.5806, 0.4537]","[0.0, 0.0, 0.0, 0.0864, 0.0, 0.0, 0.0, 0.0, 0.0, 0.0, 0.0, 0.0, 0.1196, 0.308, 0.0238, 0.0, 0.0, 0.0, 0.0732, 0.0449, 0.0, 0.0, 0.0, 0.0421, 0.0, 0.0593, 0.0, 0.0, 0.0, 0.0, 0.0, 0.0458, 0.0726, 0.1294, 0.0403, 0.0891, 0.4511, 0.0056, 0.0, 0.0, 0.0, 0.0, 0.0, 0.0, 0.0, 0.0, 0.0, 0.0, 0.0, 0.0, 0.0, 0.0, 0.0, 0.0, 0.0, 0.0, 0.0, 0.0, 0.0, 0.0, 0.0, 0.0, 0.0, 0.0, 0.0, 0.0, 0.0, 0.0, 0.0, 0.0, 0.0, 0.0, 0.2922, 0.0, 0.1975, 0.4012, 0.0609, 0.0, 0.0, 0.0]","[0.4005, 0.2903, 0.2788, 0.1652, 0.2846, 0.2405, 0.5515, 0.5028, 0.502, 0.29, 0.4877, 0.1402, 0.0349, -0.1681, 0.1763, 0.4299, 0.4265, 0.1633, 0.1862, 0.0192, 0.3609, 0.2743, 0.3376, 0.0347, 0.2729, 0.0418, 0.3816, 0.2293, 0.2993, 0.4727, 0.3781, 0.1655, -0.0376, -0.0571, 0.0106, 0.1792, -0.1119, 0.1872, 0.4347, 0.2999, 0.3962, 0.7201, 0.628, 0.8478, 0.8117, 0.5529, 0.85, 0.8549, 0.8745, 1.1393, 1.2591, 1.4369, 1.4039, 1.4743, 1.4466, 1.314, 1.1595, 0.7493, 0.9053, 0.8941, 1.0325, 0.8521, 0.5793, 0.3134, 0.2237, 0.5016, 0.5321, 0.801, 0.5, 0.3204, 0.4387, 0.2264, -0.058, 0.1851, -0.0895, -0.3087, 0.0076, 0.2103, 0.5339, 0.4066]","[0.5904, 0.8074, 0.8653, 0.8051, 0.8573, 1.0153, 1.0519, 1.0449, 0.9711, 1.1785, 1.1236, 1.1387, 1.0246, 1.1847, 1.1004]","[0.0, 0.0, 0.0, 0.0, 0.0, 0.0, 0.0, 0.0, 0.0, 0.0, 0.0, 0.0, 0.0, 0.0, 0.0]","[0.5748, 0.7362, 0.8226, 0.7811, 0.768, 0.8536, 0.952, 0.9149, 0.8998, 0.994, 1.027, 1.0492, 0.9946, 1.0509, 0.9608]"
-21.18,2025-04-30T13:59:00.000Z,2025-04-30T09:21:00.000Z,22148,NQ,SHORT,London Open Liquidity Scalp,-0.4492,0.38,47.15,-0.6325,1.2302,18629.12322,18617.70311,18631.37634,18617.70311,2.0,18625.2454,18631.37634,18631.37634,18612.98351,4.5,0.75,5.0,SL,278,closed,47.15,0.45,18617.70311,18629.12322,1.2302,-0.3651,1.6794,0.5176,true,true,Wednesday,9,13,April,2025,4.6333,16680000,18631.37634,18625.2454,12838.94,12817.76,9.0,0.3672,1.0,false,false,true,8801,London Open Liquidity Scalp — QA 200,"[0.0, 0.0, 0.0, 0.0, 0.0, 0.2224, 0.2017, 0.5434, 0.4999, 0.6636, 0.6084, 0.8972, 0.3612, 0.329, 0.3188, 0.0, 0.0, 0.0, 0.0214, 0.0724, 0.0, 0.0, 0.0838, 0.0029, 0.0, 0.0, 0.0, 0.0, 0.0, 0.0, 0.0, 0.0659, 0.1462, 0.454, 0.4716, 0.2286, 0.1673, 0.5223, 0.5318, 0.7799, 0.7628, 0.854, 0.6359, 0.7508, 0.6518, 0.7624, 0.481, 0.8905, 0.7902, 0.408, 0.7004, 0.4518, 0.4105, 0.538, 0.4753, 0.6447, 1.0597, 1.2302, 0.8782, 0.7406, 0.8693, 0.6621, 0.3263, 0.3645, 0.067, 0.2249, 0.3738, 0.1772, 0.0, 0.2893, 0.2781, 0.3713, 0.0, 0.0, 0.4703, 0.4887, 0.5173, 0.6385, 0.3739, 0.4659]","[0.1645, 0.0827, 0.4537, 0.3913, 0.6325, 0.1924, 0.0, 0.0, 0.0, 0.0, 0.0, 0.0, 0.0, 0.0376, 0.3416, 0.1771, 0.2808, 0.1918, 0.0121, 0.4582, 0.2074, 0.4304, 0.1172, 0.1566, 0.4047, 0.3732, 0.2868, 0.2953, 0.6138, 0.2468, 0.5267, 0.0762, 0.0, 0.0, 0.0235, 0.0045, 0.0214, 0.0, 0.0, 0.0, 0.0, 0.0, 0.0, 0.0, 0.0, 0.0, 0.0, 0.0, 0.0, 0.0, 0.0, 0.0, 0.0, 0.0, 0.0, 0.0, 0.0, 0.0, 0.0, 0.0, 0.0, 0.0, 0.0058, 0.0, 0.0892, 0.0161, 0.0599, 0.0135, 0.2043, 0.0326, 0.0, 0.0, 0.2363, 0.3701, 0.0, 0.0, 0.0, 0.0, 0.0, 0.0]","[0.1082, 0.0472, 0.1463, 0.3558, 0.3472, -0.0437, -0.1885, -0.4836, -0.4031, -0.6101, -0.4754, -0.566, -0.225, -0.1845, 0.0252, 0.1003, 0.1976, 0.1066, 0.003, 0.1726, 0.195, 0.3748, 0.0186, 0.0788, 0.3208, 0.3333, 0.1695, 0.2056, 0.3912, 0.1981, 0.43, -0.0124, -0.1354, -0.3372, -0.329, -0.1375, -0.129, -0.2828, -0.3704, -0.6493, -0.6785, -0.5359, -0.5363, -0.713, -0.5502, -0.5452, -0.4182, -0.7582, -0.709, -0.3624, -0.6735, -0.3105, -0.3196, -0.2931, -0.3572, -0.6226, -0.8885, -0.895, -0.64, -0.6544, -0.7529, -0.6175, -0.274, -0.3431, -0.0184, -0.0167, -0.1404, -0.1161, 0.1744, -0.1721, -0.2371, -0.1063, 0.2029, 0.1922, -0.211, -0.4514, -0.3428, -0.5413, -0.2731, -0.4492]","[0.5176, 0.507, 0.4922, 0.4526, 0.3703, 0.0806, 0.0449, 0.0453, 0.2064, 0.1285, 0.0, 0.0, 0.0, 0.0, 0.0, 0.0]","[0.0, 0.0, 0.0, 0.0, 0.0, 0.0, 0.104, 0.0791, 0.0, 0.0235, 0.1452, 0.1805, 0.3409, 0.5881, 0.3947, 0.5193]","[-0.4245, -0.3742, -0.374, -0.3537, -0.1875, -0.0605, 0.0236, 0.0048, -0.1053, -0.0553, 0.1246, 0.1532, 0.2895, 0.4512, 0.3778, 0.384]"
76.57,2024-01-19T22:04:00.000Z,2024-01-19T15:46:00.000Z,22149,USDJPY,LONG,London Open Liquidity Scalp,1.6858,0.18,45.42,-0.0,2.6663,146.511,147.246,147.246,146.511,2.0,146.511,147.062,146.235,147.062,3.0,0.9,9.2,TP,378,closed,45.42,1.69,147.246,146.511,2.6663,0.6323,0.9805,2.3146,false,false,Friday,15,22,January,2024,6.3,22680000,146.235,146.511,12817.76,12894.33,6.0,0.3544,1.0,true,true,false,8801,London Open Liquidity Scalp — QA 200,"[0.6835, 0.7968, 1.2656, 1.1297, 1.8089, 1.8591, 1.7984, 1.9695, 1.9073, 1.8954, 1.6774, 1.7477, 1.8954, 1.9034, 1.845, 1.7802, 1.8643, 1.5767, 1.456, 1.6085, 1.9714, 2.0819, 2.0961, 2.0255, 1.8907, 1.7249, 1.4384, 1.5516, 1.6924, 1.736, 2.0774, 2.0543, 2.0231, 1.8168, 1.9507, 2.3761, 2.6663, 2.5252, 2.0943, 2.1525, 2.1325, 2.3028, 1.9395, 1.819, 1.9995, 1.4974, 1.5678, 2.0494, 1.7754, 1.9631, 2.1604, 2.2756, 2.4181, 2.12, 2.011, 2.5837, 2.2745, 2.3543, 2.2343, 2.4552, 2.1893, 2.2404, 1.871, 1.8186, 1.3499, 1.8972, 1.7772, 1.4846, 1.718, 1.9322, 1.8491, 2.3392, 1.8307, 1.835, 1.7225, 1.7053, 1.8227, 2.2137, 1.7442, 1.863]","[0.0, 0.0, 0.0, 0.0, 0.0, 0.0, 0.0, 0.0, 0.0, 0.0, 0.0, 0.0, 0.0, 0.0, 0.0, 0.0, 0.0, 0.0, 0.0, 0.0, 0.0, 0.0, 0.0, 0.0, 0.0, 0.0, 0.0, 0.0, 0.0, 0.0, 0.0, 0.0, 0.0, 0.0, 0.0, 0.0, 0.0, 0.0, 0.0, 0.0, 0.0, 0.0, 0.0, 0.0, 0.0, 0.0, 0.0, 0.0, 0.0, 0.0, 0.0, 0.0, 0.0, 0.0, 0.0, 0.0, 0.0, 0.0, 0.0, 0.0, 0.0, 0.0, 0.0, 0.0, 0.0, 0.0, 0.0, 0.0, 0.0, 0.0, 0.0, 0.0, 0.0, 0.0, 0.0, 0.0, 0.0, 0.0, 0.0, 0.0]","[0.5922, 0.7595, 1.0138, 1.0951, 1.52, 1.5992, 1.7198, 1.891, 1.6219, 1.843, 1.6285, 1.6158, 1.7314, 1.6273, 1.8193, 1.6884, 1.7064, 1.5292, 1.3799, 1.572, 1.7174, 1.9554, 1.9156, 1.8242, 1.8217, 1.5953, 1.2639, 1.3699, 1.5669, 1.5966, 1.8158, 1.9052, 1.955, 1.7519, 1.871, 2.1502, 2.3054, 2.4251, 2.0204, 1.9747, 2.0863, 2.052, 1.8704, 1.6827, 1.5984, 1.3932, 1.5023, 1.7182, 1.63, 1.8009, 2.0706, 2.2126, 2.342, 2.0241, 1.9343, 2.2287, 2.0509, 2.3178, 2.1611, 2.3413, 2.1413, 2.0389, 1.7472, 1.5033, 1.276, 1.6274, 1.591, 1.4454, 1.6683, 1.8368, 1.7403, 2.0458, 1.7701, 1.6296, 1.4299, 1.5087, 1.7128, 1.9555, 1.6944, 1.6858]","[1.9003, 1.8418, 1.7691, 1.8064, 1.88, 1.9412, 1.9508, 2.1975, 2.1499, 2.2778, 2.3146, 2.2644]","[0.0, 0.0, 0.0, 0.0, 0.0, 0.0, 0.0, 0.0, 0.0, 0.0, 0.0, 0.0]","[1.8056, 1.7684, 1.6668, 1.6893, 1.8202, 1.8757, 1.9118, 1.9802, 2.0762, 2.1992, 2.189, 2.155]"
73.83,2025-05-16T16:08:00.000Z,2025-05-16T15:02:00.000Z,22150,EURUSD,LONG,London Open Liquidity Scalp,1.388,0.36,53.19,-0.0,1.8554,1.09953,1.10228,1.10228,1.09953,1.5,1.09953,1.10159,1.09805,1.10176,3.0,0.8,10.0,MANUAL,66,closed,53.19,1.39,1.10228,1.09953,1.8554,0.7481,0.4674,1.634,false,false,Friday,15,16,May,2025,1.1,3960000,1.09805,1.09953,12894.33,12968.16,6.0,0.4125,1.0,false,false,true,8801,London Open Liquidity Scalp — QA 200,"[0.2534, 0.4772, 0.4693, 0.3673, 0.5973, 0.6515, 1.1437, 1.141, 1.6154, 1.5066, 1.5206, 1.8554, 1.8154]","[0.0, 0.0, 0.0, 0.0, 0.0, 0.0, 0.0, 0.0, 0.0, 0.0, 0.0, 0.0, 0.0]","[0.2199, 0.4323, 0.2408, 0.2375, 0.3566, 0.4646, 0.9334, 1.1167, 1.4455, 1.4233, 1.4686, 1.8058, 1.388]","[1.3703, 1.4849, 1.634, 1.6099, 1.4387, 1.3686, 1.3103, 1.2496, 1.3626, 1.4144, 1.4293]","[0.0, 0.0, 0.0, 0.0, 0.0, 0.0, 0.0, 0.0, 0.0, 0.0, 0.0]","[1.335, 1.342, 1.4568, 1.5331, 1.4323, 1.3173, 1.2324, 1.2212, 1.3326, 1.3842, 1.3503]"
-40.39,2025-02-11T18:19:00.000Z,2025-02-11T15:25:00.000Z,22151,GBPUSD,LONG,London Open Liquidity Scalp,-0.9173,0.31,44.03,-1.8899,0.222,1.23424,1.23723,1.23723,1.23424,2.0,1.23692,1.2355,1.2355,1.23975,3.5,1.2,10.0,SL,174,closed,44.03,0.92,1.23723,1.23424,0.222,-4.132,1.1393,0.0,false,true,Tuesday,15,18,February,2025,2.9,10440000,1.2355,1.23692,12968.16,12927.77,7.0,0.3395,1.0,false,true,false,8801,London Open Liquidity Scalp — QA 200,"[0.222, 0.0, 0.0, 0.0, 0.0, 0.0, 0.0, 0.0, 0.0, 0.0, 0.0, 0.0, 0.0, 0.0, 0.0, 0.0, 0.0, 0.0, 0.0, 0.0, 0.0, 0.0, 0.0, 0.0, 0.0, 0.0, 0.0, 0.0, 0.0, 0.0, 0.0, 0.0, 0.0, 0.0]","[0.3319, 0.5861, 0.4241, 0.346, 0.7554, 0.814, 0.7123, 0.5366, 0.9878, 0.8949, 1.1345, 1.1711, 1.0958, 0.7809, 0.9629, 1.1111, 0.9708, 1.252, 0.957, 0.9405, 1.3497, 1.3813, 1.6878, 1.2333, 1.1503, 1.2706, 1.278, 1.4165, 1.2621, 1.6888, 1.6667, 1.8899, 1.6733, 1.0166]","[-0.0703, -0.4081, -0.3938, -0.2877, -0.6491, -0.6193, -0.6677, -0.4978, -0.8172, -0.8551, -1.0743, -0.9872, -0.8732, -0.6841, -0.8829, -0.9741, -0.8652, -1.2189, -0.8424, -0.8234, -1.0597, -1.199, -1.4875, -1.1941, -1.0134, -1.0842, -1.0285, -1.2136, -1.1678, -1.3152, -1.5726, -1.667, -1.6325, -0.9173]","[0.0, 0.0, 0.0, 0.0, 0.0, 0.0, 0.0, 0.0, 0.0, 0.0, 0.0]","[0.8204, 0.9398, 0.7012, 0.773, 0.6937, 0.6733, 0.7027, 0.5294, 0.472, 0.2, 0.2677]","[-0.8087, -0.7539, -0.6731, -0.6625, -0.6502, -0.5293, -0.6166, -0.4982, -0.3287, -0.1761, -0.2063]"
95.51,2024-12-09T22:12:00.000Z,2024-12-09T15:57:00.000Z,22152,NQ,LONG,London Open Liquidity Scalp,2.1444,0.36,44.54,-0.0,3.1788,18058.81854,18078.72557,18078.72557,18058.81854,3.0,18058.81854,18072.24779,18052.5561,18077.60585,4.5,0.75,5.0,Trailing SL,375,closed,44.54,2.14,18078.72557,18058.81854,3.1788,0.6746,1.0344,2.7848,false,false,Monday,15,22,December,2024,6.25,22500000,18052.5561,18058.81854,12927.77,13023.28,9.0,0.3445,1.0,false,false,false,8801,London Open Liquidity Scalp — QA 200,"[0.7429, 1.0137, 1.385, 1.4852, 1.2765, 1.5806, 1.6558, 1.5275, 1.8625, 2.0057, 1.6358, 1.9989, 1.87, 2.0092, 2.0593, 2.4123, 2.3249, 2.4027, 2.1316, 2.0794, 2.4225, 2.2161, 2.6634, 2.4613, 2.247, 1.8605, 2.0658, 1.8108, 2.1128, 1.9747, 2.19, 2.4091, 2.3303, 2.2165, 2.2554, 2.0486, 1.98, 2.3195, 2.3799, 2.0791, 2.3164, 2.0545, 2.1116, 2.1175, 2.2473, 2.5964, 2.601, 2.9385, 2.7584, 2.3465, 2.3218, 2.0667, 2.0713, 2.027, 2.1617, 2.3881, 2.4501, 2.6682, 2.3464, 2.232, 2.5396, 2.3015, 2.3286, 2.0762, 2.282, 2.369, 2.6203, 2.5742, 2.7372, 2.816, 2.8455, 2.8968, 2.475, 2.7003, 2.6325, 3.0578, 3.0411, 3.0583, 3.1788, 2.1577]","[0.0, 0.0, 0.0, 0.0, 0.0, 0.0, 0.0, 0.0, 0.0, 0.0, 0.0, 0.0, 0.0, 0.0, 0.0, 0.0, 0.0, 0.0, 0.0, 0.0, 0.0, 0.0, 0.0, 0.0, 0.0, 0.0, 0.0, 0.0, 0.0, 0.0, 0.0, 0.0, 0.0, 0.0, 0.0, 0.0, 0.0, 0.0, 0.0, 0.0, 0.0, 0.0, 0.0, 0.0, 0.0, 0.0, 0.0, 0.0, 0.0, 0.0, 0.0, 0.0, 0.0, 0.0, 0.0, 0.0, 0.0, 0.0, 0.0, 0.0, 0.0, 0.0, 0.0, 0.0, 0.0, 0.0, 0.0, 0.0, 0.0, 0.0, 0.0, 0.0, 0.0, 0.0, 0.0, 0.0, 0.0, 0.0, 0.0, 0.0]","[0.6279, 0.7289, 1.133, 1.3976, 1.2072, 1.5571, 1.597, 1.3811, 1.698, 1.7419, 1.5456, 1.8869, 1.8125, 1.8401, 1.9586, 2.1988, 2.1809, 2.327, 1.9596, 2.0106, 2.2156, 2.1491, 2.3043, 2.0938, 1.9642, 1.8099, 1.9368, 1.6998, 2.0015, 1.9352, 2.1185, 2.3788, 2.2309, 2.1173, 2.175, 2.0001, 1.891, 2.2627, 2.0304, 2.0526, 2.2402, 1.9435, 2.0373, 1.8857, 2.1391, 2.4243, 2.5467, 2.7063, 2.6515, 2.3131, 2.0944, 1.903, 1.8929, 1.9363, 2.006, 2.3077, 2.4117, 2.464, 2.3271, 2.1443, 2.1339, 2.1116, 2.2505, 1.9071, 1.8947, 2.1085, 2.261, 2.4723, 2.6784, 2.7606, 2.7572, 2.6667, 2.3112, 2.4453, 2.5634, 2.7283, 2.9759, 2.9641, 3.0751, 2.1444]","[2.1835, 2.248, 2.3567, 2.3493, 2.4329, 2.2112, 2.229, 2.3114, 2.3987, 2.4328, 2.5321, 2.6783, 2.6486, 2.6464, 2.7848, 2.5129, 2.4727, 2.4293, 2.5947, 2.4632]","[0.0, 0.0, 0.0, 0.0, 0.0, 0.0, 0.0, 0.0, 0.0, 0.0, 0.0, 0.0, 0.0, 0.0, 0.0, 0.0, 0.0, 0.0, 0.0, 0.0]","[2.1153, 2.1089, 2.2019, 2.181, 2.2611, 2.1948, 2.1911, 2.2027, 2.3506, 2.4027, 2.4971, 2.6007, 2.5878, 2.5088, 2.5984, 2.4911, 2.4585, 2.3565, 2.467, 2.419]"
49.48,2024-11-11T16:09:00.000Z,2024-11-11T10:22:00.000Z,22153,XAUUSD,LONG,London Open Liquidity Scalp,1.083,1.82,45.69,-0.0201,1.8012,1994.784,1995.242,1995.242,1994.784,1.5,1994.789,1995.167,1994.537,1995.167,4.0,2.5,1.0,TP,347,closed,45.69,1.08,1995.242,1994.784,2.3458,0.4617,0.7182,2.3458,false,false,Monday,10,16,November,2024,5.7833,20820000,1994.537,1994.789,13023.28,13072.76,8.0,0.3508,1.0,true,false,true,8801,London Open Liquidity Scalp — QA 200,"[0.362, 0.0656, 0.2072, 0.9172, 0.6286, 0.7624, 0.8933, 1.2745, 1.6587, 1.1533, 1.6105, 1.8012, 1.4614, 1.2799, 1.6177, 1.3723, 1.7651, 1.4479, 1.5247, 1.4332, 1.2022, 1.5271, 1.5438, 1.7044, 1.3529, 1.0791, 1.0281, 1.4985, 1.3707, 0.9472, 1.0819, 1.2355, 1.2161, 1.1726, 1.7469, 1.4721, 1.0702, 1.0461, 1.3095, 1.1792, 1.1072, 0.7823, 1.4508, 1.2482, 1.1319, 1.3807, 1.1555, 0.9704, 1.3005, 1.1045, 1.1133, 0.7794, 0.8953, 0.8872, 1.1049, 1.3984, 1.7377, 1.5313, 1.4564, 1.6606, 1.7227, 1.6626, 1.71, 1.4367, 1.2706, 1.2605, 1.3392, 1.3247, 1.1483, 0.9031, 0.7225, 1.192, 1.0051, 0.8229, 1.365, 1.0647, 1.3956, 1.0576, 0.8903, 1.1706]","[0.0, 0.0201, 0.0, 0.0, 0.0, 0.0, 0.0, 0.0, 0.0, 0.0, 0.0, 0.0, 0.0, 0.0, 0.0, 0.0, 0.0, 0.0, 0.0, 0.0, 0.0, 0.0, 0.0, 0.0, 0.0, 0.0, 0.0, 0.0, 0.0, 0.0, 0.0, 0.0, 0.0, 0.0, 0.0, 0.0, 0.0, 0.0, 0.0, 0.0, 0.0, 0.0, 0.0, 0.0, 0.0, 0.0, 0.0, 0.0, 0.0, 0.0, 0.0, 0.0, 0.0, 0.0, 0.0, 0.0, 0.0, 0.0, 0.0, 0.0, 0.0, 0.0, 0.0, 0.0, 0.0, 0.0, 0.0, 0.0, 0.0, 0.0, 0.0, 0.0, 0.0, 0.0, 0.0, 0.0, 0.0, 0.0, 0.0, 0.0]","[0.2258, 0.0311, 0.1634, 0.6194, 0.5782, 0.6625, 0.7822, 1.1385, 1.4328, 1.1178, 1.3051, 1.5547, 1.4244, 1.2262, 1.5541, 1.3156, 1.3929, 1.2058, 1.423, 1.1303, 1.1505, 1.4007, 1.2743, 1.4772, 1.1202, 0.8715, 0.9795, 1.3171, 1.1256, 0.9023, 0.9575, 1.0729, 1.0086, 1.0723, 1.3958, 1.2195, 1.0096, 0.7731, 1.0761, 0.9976, 0.904, 0.6925, 1.1251, 1.163, 1.0607, 1.3284, 1.0832, 0.9072, 1.1399, 0.8023, 0.8104, 0.7, 0.7002, 0.6971, 1.0381, 1.2891, 1.3945, 1.4524, 1.3835, 1.4359, 1.4587, 1.5046, 1.623, 1.3599, 1.1825, 1.0353, 1.2627, 1.2531, 0.9515, 0.7169, 0.6363, 1.0123, 0.9558, 0.727, 1.1386, 0.9974, 1.2618, 1.0093, 0.7407, 1.083]","[1.3782, 1.4083, 1.4678, 1.551, 1.6195, 1.564, 1.6405, 1.7759, 1.9708, 1.9858, 1.8791, 2.0071, 2.1201, 1.9853, 2.0821, 2.1393, 2.3458]","[0.0, 0.0, 0.0, 0.0, 0.0, 0.0, 0.0, 0.0, 0.0, 0.0, 0.0, 0.0, 0.0, 0.0, 0.0, 0.0, 0.0]","[1.2379, 1.3079, 1.4184, 1.5036, 1.544, 1.505, 1.5943, 1.7445, 1.7884, 1.9181, 1.843, 1.9506, 1.9006, 1.9332, 2.0529, 2.0914, 2.2228]"
59.02,2024-11-26T19:03:00.000Z,2024-11-26T14:42:00.000Z,22154,GBPUSD,LONG,London Open Liquidity Scalp,1.1418,0.28,51.69,-0.0222,2.2112,1.24802,1.25218,1.25218,1.24802,3.0,1.24806,1.25019,1.2462,1.25365,3.5,1.2,10.0,MANUAL,261,closed,51.69,1.14,1.25218,1.24802,2.2112,0.5164,1.0694,2.105,false,false,Tuesday,14,19,November,2024,4.35,15660000,1.2462,1.24806,13072.76,13131.78,7.0,0.3954,1.0,false,false,true,8801,London Open Liquidity Scalp — QA 200,"[0.4074, 0.5269, 0.7224, 0.4741, 0.5914, 0.4828, 0.2987, 0.6273, 0.3021, 0.1875, 0.6293, 0.6941, 1.0035, 1.3197, 1.8196, 1.5107, 1.6854, 1.8229, 2.1197, 2.0186, 1.8667, 2.1324, 1.8493, 1.6029, 1.4052, 1.1433, 0.9924, 1.2625, 0.8743, 0.8608, 0.8333, 0.8591, 0.5907, 0.7014, 0.5738, 0.7248, 1.3969, 1.4416, 1.2107, 1.2983, 1.5798, 1.3791, 1.376, 0.9884, 0.7209, 1.1345, 0.9493, 1.4162, 1.2577, 1.4979, 1.4652, 1.3974, 1.1976, 1.2685, 1.2414, 1.4165, 1.8192, 1.4105, 1.4956, 1.7841, 1.8157, 1.8574, 1.7128, 1.994, 1.4, 1.6355, 1.8969, 1.8978, 1.8898, 1.751, 1.9641, 2.2112, 2.1181, 1.7544, 1.5807, 1.647, 1.7852, 1.7398, 1.7946, 1.2913]","[0.0, 0.0, 0.0, 0.0, 0.0222, 0.0, 0.0, 0.0, 0.0, 0.0, 0.0, 0.0, 0.0, 0.0, 0.0, 0.0, 0.0, 0.0, 0.0, 0.0, 0.0, 0.0, 0.0, 0.0, 0.0, 0.0, 0.0, 0.0, 0.0, 0.0, 0.0, 0.0, 0.0, 0.0, 0.0, 0.0, 0.0, 0.0, 0.0, 0.0, 0.0, 0.0, 0.0, 0.0, 0.0, 0.0, 0.0, 0.0, 0.0, 0.0, 0.0, 0.0, 0.0, 0.0, 0.0, 0.0, 0.0, 0.0, 0.0, 0.0, 0.0, 0.0, 0.0, 0.0, 0.0, 0.0, 0.0, 0.0, 0.0, 0.0, 0.0, 0.0, 0.0, 0.0, 0.0, 0.0, 0.0, 0.0, 0.0, 0.0]","[0.2916, 0.426, 0.5911, 0.3373, 0.27, 0.1288, 0.1605, 0.4191, 0.2243, 0.1157, 0.4617, 0.6227, 0.8996, 1.2151, 1.49, 1.4785, 1.4514, 1.7421, 1.7573, 1.8662, 1.8411, 1.9338, 1.7163, 1.5258, 1.1606, 1.0602, 0.936, 0.9812, 0.674, 0.6407, 0.8148, 0.6982, 0.545, 0.6133, 0.3823, 0.6974, 0.989, 1.3308, 1.1331, 1.1852, 1.487, 1.2234, 1.1733, 0.9139, 0.6502, 0.7992, 0.8913, 1.183, 1.0129, 1.3018, 1.3476, 1.3466, 1.143, 1.0161, 1.1417, 1.3928, 1.6099, 1.2849, 1.3564, 1.6703, 1.6292, 1.6187, 1.38, 1.677, 1.3639, 1.5733, 1.7785, 1.7795, 1.776, 1.5904, 1.7219, 1.8848, 2.0506, 1.6321, 1.4577, 1.5353, 1.6678, 1.6983, 1.7084, 1.1418]","[1.0825, 1.2665, 1.2268, 1.3167, 1.475, 1.4583, 1.4583, 1.3642, 1.6226, 1.5124, 1.5917, 1.5533, 1.6559, 1.7231, 1.9907, 2.105]","[0.0, 0.0, 0.0, 0.0, 0.0, 0.0, 0.0, 0.0, 0.0, 0.0, 0.0, 0.0, 0.0, 0.0, 0.0, 0.0]","[1.0421, 1.2175, 1.1999, 1.2513, 1.293, 1.299, 1.3201, 1.3559, 1.5048, 1.4656, 1.4073, 1.4882, 1.5556, 1.7007, 1.8706, 2.0373]"
33.39,2025-08-26T15:41:00.000Z,2025-08-26T14:30:00.000Z,22155,EURUSD,LONG,London Open Liquidity Scalp,0.7641,0.27,43.7,-0.1838,1.2906,1.09386,1.09622,1.09655,1.09386,1.5,1.09415,1.09655,1.09255,1.09655,3.0,0.8,10.0,TP,71,closed,43.7,0.76,1.09622,1.09386,1.9527,0.3913,0.5265,1.9527,false,false,Tuesday,14,15,August,2025,1.1833,4260000,1.09255,1.09415,13131.78,13165.17,6.0,0.3328,1.0,false,false,true,8801,London Open Liquidity Scalp — QA 200,"[0.2675, 0.825, 0.4852, 0.2057, 0.3043, 0.4973, 0.6447, 0.7659, 1.1648, 0.8116, 0.8375, 0.9118, 0.6303, 0.4431, 0.4941, 0.5397, 0.6363, 0.7056, 0.7719, 0.4603, 0.2733, 0.755, 0.9145, 0.6336, 0.6748, 0.7921, 0.9671, 1.0862, 1.1441, 0.5611, 0.8575, 0.5952, 0.9716, 0.7843, 0.7407, 1.0185, 1.1728, 0.6721, 0.9382, 0.6608, 0.7465, 0.8296, 0.7722, 0.673, 0.8243, 0.6608, 0.6327, 0.6239, 0.4481, 0.34, 0.0995, 0.0422, 0.0481, 0.1268, 0.5059, 0.387, 0.5274, 0.4114, 0.6789, 0.6895, 0.564, 0.8507, 0.8537, 0.9618, 1.0365, 1.2906, 1.219, 1.2807, 1.0227, 1.047, 0.8168]","[0.1838, 0.0, 0.0, 0.0, 0.0, 0.0, 0.0, 0.0, 0.0, 0.0, 0.0, 0.0, 0.0, 0.0, 0.0, 0.0, 0.0, 0.0, 0.0, 0.0, 0.0, 0.0, 0.0, 0.0, 0.0, 0.0, 0.0, 0.0, 0.0, 0.0, 0.0, 0.0, 0.0, 0.0, 0.0, 0.0, 0.0, 0.0, 0.0, 0.0, 0.0, 0.0, 0.0, 0.0, 0.0, 0.0, 0.0, 0.0, 0.0, 0.0, 0.0, 0.1562, 0.0907, 0.1379, 0.0, 0.0, 0.0, 0.0, 0.0, 0.0, 0.0, 0.0, 0.0, 0.0, 0.0, 0.0, 0.0, 0.0, 0.0, 0.0, 0.0]","[0.1746, 0.5562, 0.4083, 0.1533, 0.2268, 0.3775, 0.6231, 0.6803, 0.987, 0.6346, 0.5897, 0.7899, 0.4953, 0.3116, 0.4333, 0.2105, 0.5311, 0.6672, 0.5013, 0.3857, 0.1567, 0.4707, 0.8457, 0.4926, 0.581, 0.6958, 0.7059, 0.9633, 0.8844, 0.5243, 0.8028, 0.483, 0.8016, 0.6383, 0.5506, 0.8193, 0.9505, 0.5942, 0.6873, 0.5116, 0.6509, 0.6937, 0.5685, 0.5997, 0.7334, 0.5421, 0.6042, 0.4246, 0.3542, 0.2143, 0.0845, -0.0413, -0.03, -0.0502, 0.3486, 0.3177, 0.3501, 0.1927, 0.5683, 0.5442, 0.5088, 0.652, 0.6008, 0.9076, 0.8977, 1.1443, 1.1006, 1.055, 0.7726, 0.9968, 0.7641]","[0.898, 1.0878, 1.1911, 1.2706, 1.2969, 1.4717, 1.7112, 1.5885, 1.7114, 1.6913, 1.5086, 1.3587, 1.5226, 1.7556, 1.6341, 1.7829, 1.7875, 1.936, 1.9315, 1.9527]","[0.0, 0.0, 0.0, 0.0, 0.0, 0.0, 0.0, 0.0, 0.0, 0.0, 0.0, 0.0, 0.0, 0.0, 0.0, 0.0, 0.0, 0.0, 0.0, 0.0]","[0.8839, 1.0279, 1.1219, 1.0794, 1.2407, 1.3489, 1.5052, 1.4768, 1.5663, 1.5667, 1.4627, 1.3449, 1.4953, 1.5962, 1.5331, 1.6355, 1.7594, 1.844, 1.8412, 1.9063]"
90.52,2024-12-02T14:34:00.000Z,2024-12-02T13:27:00.000Z,22156,GBPUSD,LONG,London Open Liquidity Scalp,1.7746,0.21,51.01,-0.3017,2.3593,1.25497,1.26153,1.26153,1.25497,2.0,1.25571,1.26064,1.25324,1.26064,3.5,1.2,10.0,TP,67,closed,51.01,1.77,1.26153,1.25497,2.3593,0.7522,0.5847,2.1359,false,false,Monday,13,14,December,2024,1.1167,4020000,1.25324,1.25571,13165.17,13255.69,7.0,0.3875,1.0,false,false,true,8801,London Open Liquidity Scalp — QA 200,"[0.1974, 0.4034, 0.753, 0.716, 1.0426, 1.189, 1.4046, 1.9225, 1.748, 2.0633, 1.7865, 1.8413, 1.3505, 1.7872, 1.7612, 1.5423, 1.5589, 1.9274, 1.6207, 2.1083, 1.8369, 1.5365, 1.6313, 1.4549, 2.0894, 1.9473, 1.7323, 1.9549, 1.5837, 1.8064, 1.9938, 2.3593, 1.9577, 2.1915, 1.9387, 1.5692, 1.5888, 1.8184, 1.2981, 1.1285, 1.3472, 1.5562, 1.5896, 1.4596, 1.8507, 1.7566, 1.9066, 1.5576, 1.9691, 1.8488, 1.7196, 1.6162, 1.3886, 1.4027, 1.659, 1.4826, 1.6971, 1.9735, 1.9905, 1.83, 1.7893, 1.8323, 1.8032, 1.6149, 1.3664, 1.22, 1.832]","[0.3017, 0.0, 0.0, 0.0, 0.0, 0.0, 0.0, 0.0, 0.0, 0.0, 0.0, 0.0, 0.0, 0.0, 0.0, 0.0, 0.0, 0.0, 0.0, 0.0, 0.0, 0.0, 0.0, 0.0, 0.0, 0.0, 0.0, 0.0, 0.0, 0.0, 0.0, 0.0, 0.0, 0.0, 0.0, 0.0, 0.0, 0.0, 0.0, 0.0, 0.0, 0.0, 0.0, 0.0, 0.0, 0.0, 0.0, 0.0, 0.0, 0.0, 0.0, 0.0, 0.0, 0.0, 0.0, 0.0, 0.0, 0.0, 0.0, 0.0, 0.0, 0.0, 0.0, 0.0, 0.0, 0.0, 0.0]","[0.1108, 0.3081, 0.7002, 0.7005, 1.0056, 1.1315, 1.3287, 1.6546, 1.6302, 1.781, 1.6183, 1.5231, 1.301, 1.6171, 1.5663, 1.4936, 1.5258, 1.8547, 1.5346, 1.7987, 1.4948, 1.4513, 1.5237, 1.4175, 1.7437, 1.8655, 1.6964, 1.6971, 1.4642, 1.7016, 1.9513, 2.2162, 1.8914, 2.1748, 1.8492, 1.5134, 1.5386, 1.4786, 1.28, 1.0032, 1.0705, 1.4895, 1.5408, 1.4011, 1.6654, 1.6561, 1.7232, 1.4724, 1.8486, 1.6485, 1.5399, 1.5123, 1.2924, 1.2609, 1.5541, 1.3587, 1.5523, 1.9025, 1.7307, 1.4804, 1.6169, 1.7121, 1.7716, 1.555, 1.3427, 1.1549, 1.7746]","[1.7367, 1.6773, 1.6653, 1.8591, 1.7662, 1.738, 1.7459, 2.0612, 2.1359, 2.0647, 2.0334, 2.0462]","[0.0, 0.0, 0.0, 0.0, 0.0, 0.0, 0.0, 0.0, 0.0, 0.0, 0.0, 0.0]","[1.7233, 1.6266, 1.6472, 1.7864, 1.7197, 1.7007, 1.727, 1.8951, 1.99, 1.9585, 1.8652, 2.0353]"
-4.65,2024-03-14T12:34:00.000Z,2024-03-14T10:02:00.000Z,22157,EURUSD,SHORT,London Open Liquidity Scalp,-0.0888,0.21,52.34,-1.068,0.266,1.10858,1.10525,1.10858,1.10525,2.5,1.10591,1.10581,1.10841,1.09967,3.0,0.8,10.0,BE,152,closed,52.34,0.09,1.10525,1.10858,0.307,-0.2893,0.3548,0.307,true,true,Thursday,10,12,March,2024,2.5333,9120000,1.10841,1.10591,13255.69,13251.04,6.0,0.3948,1.0,false,false,true,8801,London Open Liquidity Scalp — QA 200,"[0.0, 0.0, 0.0, 0.0, 0.0, 0.0, 0.0382, 0.0963, 0.0, 0.0, 0.0, 0.0015, 0.0, 0.2131, 0.0, 0.0, 0.0, 0.0, 0.0, 0.0, 0.0, 0.0, 0.0, 0.0, 0.0, 0.0, 0.0, 0.0, 0.0, 0.266]","[0.4078, 0.3262, 0.1444, 0.4111, 0.3462, 0.3525, 0.1263, 0.1206, 0.0657, 0.3585, 0.8852, 0.3131, 0.3131, 0.0, 0.3814, 0.3343, 0.4781, 0.4076, 0.4528, 1.068, 0.4832, 0.6008, 0.9759, 0.6382, 0.5453, 0.7505, 0.6341, 0.6042, 0.7808, 0.0519]","[0.2571, 0.2979, 0.0878, 0.338, 0.2408, 0.3243, 0.0614, 0.0042, 0.052, 0.2871, 0.5894, 0.2712, 0.1564, -0.0846, 0.2287, 0.2969, 0.2262, 0.3319, 0.4423, 0.6727, 0.4466, 0.5072, 0.6916, 0.617, 0.3947, 0.5968, 0.3361, 0.4353, 0.5567, -0.0888]","[0.307, 0.1948, 0.273, 0.2032, 0.1249, 0.1234, 0.2254, 0.2537, 0.2451, 0.2233, 0.0842, 0.0, 0.0, 0.0, 0.0, 0.0, 0.0, 0.0, 0.0, 0.0, 0.0, 0.0]","[0.0, 0.0, 0.0, 0.0, 0.0, 0.0, 0.0, 0.0, 0.0, 0.0, 0.0, 0.2027, 0.43, 0.2425, 0.2433, 0.2985, 0.3701, 0.5343, 0.4887, 0.44, 0.5091, 0.363]","[-0.2021, -0.1826, -0.239, -0.0979, -0.072, -0.0984, -0.1488, -0.2127, -0.1901, -0.1262, -0.0611, 0.106, 0.2642, 0.1912, 0.2023, 0.2417, 0.2997, 0.4701, 0.3822, 0.4199, 0.4133, 0.3108]"
-18.19,2025-02-27T12:25:00.000Z,2025-02-27T10:59:00.000Z,22158,EURUSD,LONG,London Open Liquidity Scalp,-0.407,0.22,44.69,-0.7055,0.8747,1.09228,1.09551,1.09551,1.09228,2.5,1.09372,1.09289,1.09168,1.09883,3.0,0.8,10.0,MANUAL,86,closed,44.69,0.41,1.09551,1.09228,0.8747,-0.4653,1.2817,0.7108,true,false,Thursday,10,12,February,2025,1.4333,5160000,1.09168,1.09372,13251.04,13232.85,6.0,0.3373,1.0,false,false,false,8801,London Open Liquidity Scalp — QA 200,"[0.6476, 0.8747, 0.7693, 0.642, 0.3277, 0.4242, 0.3302, 0.0]","[0.0, 0.0, 0.0, 0.0, 0.0, 0.0, 0.0713, 0.7055]","[0.2894, 0.5007, 0.6032, 0.3749, 0.2229, 0.3549, 0.1173, -0.407]","[0.0, 0.0, 0.0, 0.0, 0.0, 0.0, 0.0, 0.004, 0.0714, 0.0, 0.0, 0.0, 0.0, 0.0, 0.0, 0.0, 0.0107, 0.1168, 0.33, 0.2403, 0.216, 0.3593, 0.7108, 0.4696]","[0.4816, 0.5023, 0.448, 0.4082, 0.2514, 0.3909, 0.3911, 0.3806, 0.2424, 0.2836, 0.421, 0.4494, 0.3121, 0.1239, 0.1102, 0.158, 0.0436, 0.0, 0.0, 0.0, 0.0, 0.0, 0.0, 0.0]","[-0.4621, -0.4019, -0.4177, -0.3671, -0.2344, -0.35, -0.3605, -0.1895, -0.1273, -0.2465, -0.2995, -0.3619, -0.2438, -0.0993, -0.061, -0.1031, -0.0255, 0.0806, 0.1594, 0.1326, 0.1904, 0.3501, 0.4926, 0.3787]"
-19.98,2024-08-02T11:16:00.000Z,2024-08-02T10:07:00.000Z,22159,XAUUSD,SHORT,London Open Liquidity Scalp,-0.4839,1.49,41.29,-0.1793,0.7695,2048.729,2048.466,2048.955,2048.466,1.5,2048.679,2048.955,2048.955,2048.265,4.0,2.5,1.0,SL,69,closed,41.29,0.48,2048.466,2048.729,0.7695,-0.6288,1.2534,0.6781,true,false,Friday,10,11,August,2024,1.15,4140000,2048.955,2048.679,13232.85,13212.87,8.0,0.312,1.0,true,false,true,8801,London Open Liquidity Scalp — QA 200,"[0.0, 0.1692, 0.2563, 0.2848, 0.302, 0.5979, 0.7695, 0.5175]","[0.1793, 0.0, 0.0, 0.1278, 0.0, 0.0, 0.0, 0.0]","[0.1535, -0.1052, -0.2176, -0.0693, -0.2568, -0.487, -0.651, -0.4839]","[0.4936, 0.4377, 0.5357, 0.3217, 0.3892, 0.5017, 0.5462, 0.4635, 0.4445, 0.4402, 0.4435, 0.452, 0.3513, 0.4026, 0.5651, 0.6781, 0.4802]","[0.0, 0.0, 0.0, 0.0, 0.0, 0.0, 0.0, 0.0, 0.0, 0.0, 0.0, 0.0, 0.0, 0.0, 0.0, 0.0, 0.0]","[-0.4684, -0.3662, -0.4252, -0.3111, -0.334, -0.4217, -0.4311, -0.3343, -0.3781, -0.3963, -0.4254, -0.3664, -0.334, -0.3592, -0.4292, -0.5242, -0.4219]"
-19.54,2024-04-17T13:43:00.000Z,2024-04-17T10:06:00.000Z,22160,NQ,SHORT,London Open Liquidity Scalp,-0.3694,0.61,52.89,-0.438,1.1809,18027.80441,18020.83767,18027.80441,18020.83767,2.0,18025.91953,18027.50917,18030.22291,18017.31278,4.5,0.75,5.0,STOP_OUT,217,closed,52.89,0.37,18020.83767,18027.80441,1.1809,-0.3128,1.5503,0.7721,true,false,Wednesday,10,13,April,2024,3.6167,13020000,18030.22291,18025.91953,13212.87,13193.33,9.0,0.4003,1.0,false,false,true,8801,London Open Liquidity Scalp — QA 200,"[0.241, 0.2778, 0.0, 0.0, 0.0, 0.2609, 0.2539, 0.307, 0.3567, 0.5961, 0.7971, 0.6218, 0.1301, 0.285, 0.41, 0.3126, 0.401, 0.7549, 0.8451, 0.5645, 0.517, 0.6559, 0.3633, 0.7075, 0.8394, 0.6546, 0.3483, 0.2237, 0.6786, 0.4363, 0.4023, 0.5254, 0.5793, 0.9824, 0.6686, 1.0801, 0.759, 1.0612, 0.6364, 0.5973, 0.7777, 0.6385, 0.3139, 0.5557, 0.2525, 0.5128, 0.7935, 0.9429, 1.1498, 0.7636, 0.485, 0.2436, 0.32, 0.235, 0.2484, 0.7423, 0.6651, 0.7704, 0.498, 0.1459, 0.5039, 0.7721, 0.6435, 0.8704, 1.0081, 1.1809, 0.8257, 0.5825, 0.4652, 0.4791, 0.3432, 0.0, 0.2565, 0.3073, 0.3084, 0.4161, 0.4636, 0.5066, 0.3042, 0.5491]","[0.0335, 0.2677, 0.438, 0.3742, 0.3788, 0.3927, 0.0, 0.0, 0.0, 0.0, 0.0, 0.0, 0.0571, 0.1086, 0.0, 0.0, 0.0, 0.0, 0.0, 0.0, 0.0, 0.0, 0.0, 0.0, 0.0, 0.0, 0.0, 0.0, 0.0, 0.0, 0.0, 0.0, 0.0, 0.0, 0.0, 0.0, 0.0, 0.0, 0.0, 0.0, 0.0, 0.0, 0.0, 0.0, 0.0, 0.0, 0.0, 0.0, 0.0, 0.0, 0.0, 0.0, 0.0, 0.0077, 0.0, 0.0, 0.0, 0.0, 0.0, 0.2226, 0.0, 0.0, 0.0, 0.0, 0.0, 0.0, 0.0, 0.0, 0.0, 0.0, 0.1519, 0.225, 0.0715, 0.0983, 0.0, 0.0, 0.0, 0.0, 0.0838, 0.0]","[-0.1874, 0.0072, 0.2661, 0.1585, 0.3154, 0.115, -0.2188, -0.211, -0.2747, -0.4685, -0.4674, -0.4495, -0.0887, -0.0535, -0.2153, -0.2846, -0.2855, -0.6329, -0.5716, -0.4285, -0.3111, -0.4515, -0.1458, -0.4386, -0.5157, -0.6274, -0.3186, -0.1966, -0.4129, -0.2707, -0.2135, -0.4306, -0.559, -0.7457, -0.615, -0.9202, -0.6869, -0.7463, -0.5699, -0.4329, -0.6971, -0.3497, -0.2519, -0.4663, -0.1802, -0.4173, -0.7431, -0.8633, -0.8304, -0.5582, -0.3413, -0.124, -0.2437, -0.0284, -0.2092, -0.4652, -0.6001, -0.4472, -0.3971, -0.055, -0.4404, -0.7213, -0.6213, -0.8108, -0.9716, -1.09, -0.8093, -0.4448, -0.3917, -0.3553, -0.0732, 0.1839, -0.0189, -0.0715, -0.1783, -0.3365, -0.4328, -0.4381, -0.1922, -0.3694]","[0.4749, 0.4494, 0.5365, 0.4868, 0.5923, 0.7013, 0.6549, 0.7721, 0.6497, 0.6365, 0.6183, 0.558, 0.423, 0.3833, 0.3592, 0.3695, 0.4094, 0.5196, 0.2556]","[0.0, 0.0, 0.0, 0.0, 0.0, 0.0, 0.0, 0.0, 0.0, 0.0, 0.0, 0.0, 0.0, 0.0, 0.0, 0.0, 0.0, 0.0, 0.0]","[-0.4274, -0.3512, -0.4444, -0.4082, -0.4936, -0.5358, -0.6124, -0.6175, -0.5029, -0.4845, -0.5016, -0.4205, -0.3061, -0.3597, -0.3199, -0.3158, -0.3998, -0.4042, -0.2274]"
-6.81,2025-12-08T20:37:00.000Z,2025-12-08T15:47:00.000Z,22161,GBPUSD,SHORT,London Open Liquidity Scalp,-0.1312,0.41,51.91,-0.9301,0.6472,1.28498,1.283,1.28498,1.283,2.5,1.28381,1.28371,1.28507,1.28067,3.5,1.2,10.0,BE,290,closed,51.91,0.13,1.283,1.28498,0.6472,-0.2027,0.7784,0.4662,true,true,Monday,15,20,December,2025,4.8333,17400000,1.28507,1.28381,13193.33,13186.52,7.0,0.3935,1.0,false,false,true,8801,London Open Liquidity Scalp — QA 200,"[0.0, 0.0, 0.0, 0.0, 0.0, 0.0, 0.0106, 0.1521, 0.0, 0.1025, 0.1258, 0.2264, 0.0463, 0.0, 0.3899, 0.0936, 0.0065, 0.0, 0.0, 0.0, 0.0, 0.0, 0.0, 0.0, 0.0, 0.0, 0.0, 0.0, 0.0, 0.0, 0.0, 0.0, 0.0, 0.0761, 0.0, 0.0, 0.0, 0.0, 0.0, 0.1408, 0.0, 0.0, 0.0, 0.3805, 0.3144, 0.4106, 0.2803, 0.0801, 0.1099, 0.2695, 0.1578, 0.271, 0.0777, 0.352, 0.6472, 0.635, 0.4506, 0.1175, 0.0333, 0.0, 0.0, 0.107, 0.0, 0.2275, 0.2374, 0.0, 0.0, 0.0, 0.0, 0.0, 0.0, 0.0, 0.0, 0.0, 0.0192, 0.0, 0.0, 0.092, 0.0, 0.1863]","[0.507, 0.4061, 0.5306, 0.7369, 0.4021, 0.4487, 0.2056, 0.2188, 0.2402, 0.0929, 0.0, 0.0, 0.1756, 0.3514, 0.0, 0.2621, 0.1308, 0.219, 0.4271, 0.611, 0.5485, 0.5397, 0.4593, 0.592, 0.6446, 0.691, 0.9229, 0.639, 0.9301, 0.5348, 0.3042, 0.3647, 0.5221, 0.0891, 0.3154, 0.2155, 0.5053, 0.553, 0.2316, 0.3746, 0.4753, 0.5959, 0.3359, 0.0, 0.0, 0.0, 0.0, 0.2949, 0.0, 0.1699, 0.0, 0.0, 0.122, 0.0, 0.0, 0.0, 0.0, 0.3817, 0.1722, 0.3448, 0.5097, 0.3904, 0.3785, 0.0, 0.248, 0.3499, 0.5952, 0.9168, 0.6008, 0.3308, 0.4176, 0.2445, 0.5811, 0.2857, 0.1781, 0.3606, 0.6093, 0.179, 0.3814, 0.0728]","[0.3182, 0.2683, 0.2991, 0.5856, 0.2806, 0.2841, 0.1343, -0.0414, 0.1279, 0.0455, -0.0689, -0.1668, 0.1228, 0.0576, -0.2561, 0.0417, 0.0302, 0.1783, 0.3296, 0.5566, 0.2766, 0.4103, 0.3332, 0.4512, 0.5814, 0.657, 0.7009, 0.591, 0.8444, 0.4793, 0.2585, 0.2348, 0.2423, -0.0302, 0.2017, 0.1795, 0.3141, 0.5085, 0.1965, 0.1554, 0.2591, 0.4442, 0.1315, -0.221, -0.2936, -0.3855, -0.2122, 0.0029, -0.0682, -0.0368, -0.1005, -0.1989, 0.0337, -0.2017, -0.3437, -0.4467, -0.2495, 0.0988, 0.0194, 0.0994, 0.2973, 0.2218, 0.2269, -0.1593, 0.0318, 0.2949, 0.5688, 0.7638, 0.4235, 0.142, 0.263, 0.1166, 0.33, 0.1242, 0.0884, 0.2757, 0.4224, -0.0247, 0.2806, -0.1312]","[0.2815, 0.3006, 0.4257, 0.3435, 0.4662, 0.3695, 0.2278, 0.247, 0.2096, 0.13, 0.1375, 0.0656, 0.0713, 0.0, 0.0, 0.0, 0.0, 0.0, 0.0, 0.0, 0.0]","[0.0, 0.0, 0.0, 0.0, 0.0, 0.0, 0.0, 0.0, 0.0, 0.0, 0.0221, 0.1422, 0.1048, 0.1786, 0.3488, 0.4815, 0.4068, 0.6821, 0.607, 0.6742, 0.7026]","[-0.2005, -0.288, -0.3268, -0.269, -0.367, -0.324, -0.2184, -0.2012, -0.1036, -0.0893, -0.0826, 0.066, -0.0106, 0.1572, 0.262, 0.3007, 0.3704, 0.4949, 0.5257, 0.584, 0.6352]"
-32.81,2024-10-28T11:30:00.000Z,2024-10-28T10:45:00.000Z,22162,GBPUSD,LONG,London Open Liquidity Scalp,-0.5987,0.21,54.8,-0.7246,0.3624,1.25785,1.26067,1.26067,1.25785,1.5,1.25973,1.25818,1.25714,1.26361,3.5,1.2,10.0,STOP_OUT,45,closed,54.8,0.6,1.26067,1.25785,0.4075,-1.4692,0.9611,0.4075,true,true,Monday,10,11,October,2024,0.75,2700000,1.25714,1.25973,13186.52,13153.71,7.0,0.4156,1.0,false,false,true,8801,London Open Liquidity Scalp — QA 200,"[0.1619, 0.3373, 0.0, 0.0, 0.3624, 0.337, 0.1873, 0.2177, 0.0]","[0.1092, 0.0602, 0.4174, 0.1024, 0.3269, 0.0489, 0.0, 0.0, 0.7246]","[0.1014, 0.144, -0.2737, -0.0518, 0.0444, 0.1189, 0.1663, 0.1057, -0.5987]","[0.0, 0.0, 0.0, 0.0, 0.0, 0.0, 0.0, 0.0, 0.0, 0.0, 0.0, 0.0, 0.0, 0.1716, 0.1897, 0.2158, 0.0925, 0.3538, 0.2805, 0.4075, 0.3148]","[0.7311, 0.6342, 0.4681, 0.5835, 0.5774, 0.6468, 0.7287, 0.4918, 0.5064, 0.5567, 0.4887, 0.3803, 0.0437, 0.0723, 0.0, 0.0, 0.1424, 0.0, 0.0, 0.0, 0.0]","[-0.6554, -0.5709, -0.4166, -0.4744, -0.5425, -0.6185, -0.5607, -0.4432, -0.4519, -0.5416, -0.3621, -0.1905, -0.0336, 0.0527, 0.0731, 0.121, 0.0072, 0.1342, 0.1641, 0.2985, 0.2694]"
-1.18,2025-05-04T21:24:00.000Z,2025-05-04T14:25:00.000Z,22163,EURUSD,LONG,London Open Liquidity Scalp,-0.024,0.23,49.2,-1.0005,1.1795,1.08467,1.08937,1.08937,1.08467,2.5,1.08683,1.08693,1.08467,1.09222,3.0,0.8,10.0,BE,419,closed,49.2,0.02,1.08937,1.08467,1.1795,-0.0203,1.2035,0.2868,true,false,Monday,14,21,May,2025,6.9833,25140000,1.08467,1.08683,13153.71,13152.53,6.0,0.374,1.0,false,true,true,8801,London Open Liquidity Scalp — QA 200,"[0.3081, 0.5477, 0.3248, 0.1254, 0.0, 0.234, 0.1373, 0.5208, 0.7295, 0.6215, 0.7897, 0.642, 0.5614, 0.5862, 0.7229, 1.1795, 0.7962, 0.6218, 0.5845, 0.4424, 0.5437, 0.5209, 0.1744, 0.0, 0.1842, 0.0, 0.2078, 0.2105, 0.5374, 0.3454, 0.3481, 0.0, 0.2811, 0.3782, 0.1687, 0.1205, 0.2578, 0.0414, 0.0, 0.0, 0.0, 0.0, 0.0, 0.0478, 0.0, 0.0, 0.3889, 0.4784, 0.3445, 0.327, 0.6514, 0.6105, 0.9144, 0.9588, 1.0604, 1.0375, 1.1155, 1.1359, 0.9173, 0.5825, 0.2176, 0.0, 0.0, 0.0, 0.1769, 0.0568, 0.1063, 0.4303, 0.6103, 0.1763, 0.1142, 0.317, 0.2006, 0.1752, 0.0, 0.0, 0.0, 0.0, 0.0, 0.17]","[0.195, 0.0, 0.0, 0.085, 0.3848, 0.0115, 0.0761, 0.0, 0.0, 0.0, 0.0, 0.0, 0.0, 0.0, 0.0, 0.0, 0.0, 0.0, 0.0, 0.0, 0.0, 0.0, 0.0, 0.226, 0.3714, 0.1199, 0.3103, 0.0032, 0.0, 0.0, 0.0689, 0.0648, 0.3796, 0.0, 0.0531, 0.0, 0.0, 0.1051, 0.6403, 0.6696, 1.0005, 0.671, 0.3575, 0.2408, 0.2955, 0.2757, 0.2607, 0.0, 0.0616, 0.0, 0.0, 0.0, 0.0, 0.0, 0.0, 0.0, 0.0, 0.0, 0.0, 0.0, 0.0, 0.262, 0.4625, 0.1516, 0.1807, 0.1872, 0.1167, 0.0, 0.0, 0.0758, 0.1202, 0.0, 0.0631, 0.1305, 0.2669, 0.4773, 0.7823, 0.6971, 0.3533, 0.2368]","[0.0878, 0.2303, 0.2498, -0.0241, -0.3085, 0.0662, 0.0306, 0.3725, 0.5446, 0.4788, 0.6668, 0.5614, 0.3224, 0.4781, 0.6887, 0.9362, 0.703, 0.531, 0.4015, 0.2515, 0.2602, 0.4462, 0.0958, -0.1766, -0.1536, -0.0955, 0.0192, 0.1325, 0.3645, 0.2078, 0.1148, -0.0455, -0.0655, 0.2268, 0.0463, 0.0983, 0.1222, -0.047, -0.3879, -0.5613, -0.7477, -0.5624, -0.2755, -0.1267, -0.2724, -0.2366, 0.111, 0.4016, 0.1286, 0.1915, 0.4856, 0.5647, 0.7458, 0.7718, 0.9178, 0.8898, 0.9973, 0.9513, 0.8631, 0.5533, 0.1772, -0.1513, -0.4139, -0.0912, -0.0539, -0.1128, -0.0022, 0.3111, 0.3626, 0.0438, 0.0211, 0.2299, 0.0889, -0.0592, -0.1322, -0.3312, -0.4174, -0.6246, -0.2538, -0.024]","[0.1988, 0.2868, 0.231, 0.193, 0.1736]","[0.0, 0.0, 0.0, 0.0, 0.0]","[0.1284, 0.2359, 0.1913, 0.1627, 0.125]"
26.59,2024-11-25T12:37:00.000Z,2024-11-25T08:33:00.000Z,22164,NQ,LONG,London Open Liquidity Scalp,0.5007,0.69,53.11,-0.4625,1.7193,18459.30905,18467.68646,18467.68646,18459.30905,1.5,18461.0849,18466.84442,18457.24522,18466.84442,4.5,0.75,5.0,TP,244,closed,53.11,0.5,18467.68646,18459.30905,1.7193,0.2912,1.2186,1.5879,false,false,Monday,8,12,November,2024,4.0667,14640000,18457.24522,18461.0849,13152.53,13179.12,9.0,0.4038,1.0,false,false,false,8801,London Open Liquidity Scalp — QA 200,"[0.41, 0.433, 0.2237, 0.0, 0.1514, 0.5161, 0.1467, 0.0, 0.1916, 0.009, 0.1292, 0.0, 0.1019, 0.5086, 0.1406, 0.1804, 0.0471, 0.3195, 0.2024, 0.5292, 0.819, 0.6989, 0.746, 1.0499, 1.0655, 1.4123, 1.5702, 1.2342, 1.5455, 1.7193, 1.5935, 1.0759, 0.8567, 0.903, 0.5926, 0.8838, 1.1124, 1.0886, 1.1787, 1.0666, 1.0871, 0.9553, 0.657, 0.8382, 0.9091, 0.7823, 0.2375, 0.6029, 0.3731, 0.1504, 0.6778, 0.9658, 0.5326, 0.4917, 0.1933, 0.0979, 0.0772, 0.4488, 0.4606, 0.2352, 0.0, 0.1825, 0.1644, 0.0, 0.3636, 0.4483, 0.6198, 0.3964, 0.2552, 0.2712, 0.3117, 0.3376, 0.5743, 0.5669, 0.2939, 0.5043, 1.01, 0.8983, 0.6149, 0.5613]","[0.0, 0.0, 0.0, 0.2687, 0.1422, 0.015, 0.4625, 0.13, 0.0031, 0.1421, 0.0814, 0.3936, 0.0228, 0.0, 0.0, 0.3587, 0.1057, 0.0, 0.0412, 0.0, 0.0, 0.0, 0.0, 0.0, 0.0, 0.0, 0.0, 0.0, 0.0, 0.0, 0.0, 0.0, 0.0, 0.0, 0.0, 0.0, 0.0, 0.0, 0.0, 0.0, 0.0, 0.0, 0.0, 0.0, 0.0, 0.0, 0.0, 0.0, 0.0, 0.0335, 0.0, 0.0, 0.0, 0.0, 0.0, 0.0469, 0.3753, 0.0346, 0.1053, 0.2083, 0.1497, 0.1566, 0.2249, 0.3449, 0.2229, 0.0765, 0.0, 0.0324, 0.0, 0.0, 0.0, 0.0, 0.0, 0.0889, 0.0, 0.0, 0.0, 0.0, 0.0, 0.0]","[0.2707, 0.2816, 0.172, -0.0971, -0.0601, 0.1947, -0.0788, -0.1074, 0.0493, -0.0465, 0.0292, -0.2526, 0.0214, 0.413, 0.1044, -0.0471, -0.0319, 0.1428, 0.1192, 0.3949, 0.6482, 0.662, 0.6726, 0.9208, 0.9274, 1.1177, 1.1236, 1.1086, 1.2378, 1.3095, 1.4343, 1.004, 0.6567, 0.7062, 0.5409, 0.8331, 0.9984, 1.0196, 0.9948, 0.8518, 0.871, 0.7703, 0.6246, 0.5918, 0.8323, 0.5297, 0.218, 0.3485, 0.3161, 0.0906, 0.3621, 0.6985, 0.5023, 0.3386, 0.0974, 0.0041, -0.1682, 0.2054, 0.2, 0.0134, -0.1044, 0.0079, -0.0128, -0.238, 0.1009, 0.266, 0.4089, 0.2314, 0.1072, 0.1637, 0.1122, 0.254, 0.5307, 0.2332, 0.2092, 0.4683, 0.8024, 0.5368, 0.4875, 0.5007]","[0.5709, 0.6156, 0.5718, 0.529, 0.6816, 0.6859, 0.5752, 0.6742, 0.9873, 0.9413, 1.135, 1.1982, 1.2005, 1.1832, 1.0741, 1.1928, 1.3214, 1.3564, 1.5239, 1.5879]","[0.0, 0.0, 0.0, 0.0, 0.0, 0.0, 0.0, 0.0, 0.0, 0.0, 0.0, 0.0, 0.0, 0.0, 0.0, 0.0, 0.0, 0.0, 0.0, 0.0]","[0.5325, 0.5638, 0.4897, 0.4549, 0.5001, 0.5805, 0.5167, 0.6367, 0.7713, 0.8653, 0.9998, 1.0922, 1.0884, 1.0344, 1.026, 1.1559, 1.2682, 1.3203, 1.3455, 1.4879]"
-32.75,2024-01-03T12:58:00.000Z,2024-01-03T07:21:00.000Z,22165,GBPUSD,SHORT,London Open Liquidity Scalp,-0.6171,0.31,53.07,-0.0565,1.8768,1.23678,1.2335,1.23838,1.2335,2.5,1.23668,1.23838,1.23838,1.23244,3.5,1.2,10.0,SL,337,closed,53.07,0.62,1.2335,1.23678,1.8768,-0.3288,2.4939,0.5621,true,false,Wednesday,7,12,January,2024,5.6167,20220000,1.23838,1.23668,13179.12,13146.37,7.0,0.4027,1.0,false,true,false,8801,London Open Liquidity Scalp — QA 200,"[0.4561, 0.8033, 0.6611, 0.7149, 0.9312, 0.8342, 0.8122, 0.9192, 0.8958, 0.8867, 0.8262, 0.8818, 0.4501, 0.549, 0.595, 0.3876, 0.3946, 0.2178, 0.4638, 0.3302, 0.3037, 0.3918, 0.6436, 0.406, 0.8851, 0.6082, 0.5184, 0.693, 0.8864, 0.9708, 1.1651, 1.3925, 1.3511, 0.8868, 1.0343, 1.2671, 1.7108, 1.6319, 1.3882, 1.5163, 1.6754, 1.8768, 1.2742, 1.0732, 1.0759, 0.8066, 0.4909, 0.6623, 0.3825, 0.6959, 0.902, 0.9215, 0.7122, 0.5755, 0.2884, 0.2968, 0.4967, 0.5064, 0.4669, 0.4278, 0.5279, 0.7452, 0.9672, 1.1631, 1.2368, 1.1278, 0.7963, 1.2419, 0.9228, 0.9339, 1.196, 1.4154, 1.1791, 0.9927, 0.7981, 1.0656, 1.2216, 1.1769, 1.0027, 0.6324]","[0.0, 0.0, 0.0, 0.0, 0.0, 0.0, 0.0, 0.0, 0.0, 0.0, 0.0, 0.0, 0.0, 0.0, 0.0, 0.0, 0.0103, 0.0, 0.0, 0.0, 0.0, 0.0, 0.0, 0.0, 0.0, 0.0, 0.0, 0.0, 0.0, 0.0, 0.0, 0.0, 0.0, 0.0, 0.0, 0.0, 0.0, 0.0, 0.0, 0.0, 0.0, 0.0, 0.0, 0.0, 0.0, 0.0, 0.0, 0.0, 0.0, 0.0, 0.0, 0.0, 0.0, 0.0, 0.0, 0.0, 0.0, 0.0, 0.0, 0.0, 0.0565, 0.0, 0.0, 0.0, 0.0, 0.0, 0.0, 0.0, 0.0, 0.0, 0.0, 0.0, 0.0, 0.0, 0.0, 0.0, 0.0, 0.0, 0.0, 0.0]","[-0.398, -0.694, -0.6235, -0.6378, -0.6491, -0.7302, -0.6272, -0.7989, -0.7051, -0.7072, -0.7807, -0.5666, -0.3516, -0.35, -0.5524, -0.3493, -0.2358, -0.1758, -0.3949, -0.2776, -0.2192, -0.193, -0.4572, -0.3829, -0.7593, -0.4147, -0.4765, -0.45, -0.6519, -0.9446, -1.0504, -1.3237, -1.302, -0.8359, -0.9617, -1.1441, -1.4317, -1.5931, -1.343, -1.422, -1.5602, -1.7753, -1.2451, -0.9644, -0.8934, -0.5746, -0.3201, -0.5818, -0.2737, -0.6089, -0.6518, -0.882, -0.6131, -0.4935, -0.2438, -0.2666, -0.2037, -0.4587, -0.4131, -0.2672, -0.2895, -0.5059, -0.6632, -0.9648, -1.0774, -1.0482, -0.7503, -0.9655, -0.8603, -0.8824, -1.0184, -1.1285, -1.1434, -0.829, -0.7012, -0.9531, -1.2001, -1.1555, -0.919, -0.6171]","[0.5621, 0.5008, 0.3496, 0.1341, 0.0902, 0.2125, 0.1938, 0.2036, 0.2363, 0.3346, 0.2064, 0.3761, 0.3412, 0.3915, 0.407, 0.2717, 0.2413, 0.1251, 0.0801, 0.0, 0.0, 0.0158]","[0.0, 0.0, 0.0, 0.0, 0.0, 0.0, 0.0, 0.0, 0.0, 0.0, 0.0, 0.0, 0.0, 0.0, 0.0, 0.0, 0.0, 0.1171, 0.1323, 0.223, 0.252, 0.1493]","[-0.4766, -0.4415, -0.283, -0.1279, -0.0844, -0.1843, -0.092, -0.1975, -0.1586, -0.2569, -0.149, -0.2566, -0.3153, -0.3001, -0.348, -0.2573, -0.1756, -0.0044, -0.0336, 0.142, 0.1633, 0.1128]"
50.62,2025-11-16T09:48:00.000Z,2025-11-16T07:37:00.000Z,22166,XAUUSD,SHORT,London Open Liquidity Scalp,0.9229,2.52,54.85,-1.3237,0.0185,1987.822,1987.53,1987.822,1987.099,2.0,1987.534,1987.099,1987.752,1987.099,4.0,2.5,1.0,TP,131,closed,54.85,0.92,1987.53,1987.822,0.0185,49.8865,-0.9044,0.0,false,true,Monday,7,9,November,2025,2.1833,7860000,1987.752,1987.534,13146.37,13196.99,8.0,0.4172,1.0,false,false,true,8801,London Open Liquidity Scalp — QA 200,"[0.0, 0.0, 0.0, 0.0, 0.0, 0.0, 0.0, 0.0, 0.0, 0.0, 0.0, 0.0, 0.0, 0.0, 0.0, 0.0, 0.0, 0.0039, 0.0, 0.0, 0.0, 0.0, 0.0, 0.0, 0.0, 0.0, 0.0, 0.0094, 0.0, 0.0, 0.0, 0.0, 0.0, 0.0, 0.0, 0.0, 0.0, 0.0, 0.0, 0.0, 0.0, 0.0, 0.0, 0.0, 0.0, 0.0, 0.0, 0.0, 0.0, 0.0, 0.0, 0.0, 0.0, 0.0, 0.0, 0.0, 0.0, 0.0, 0.0, 0.0185, 0.0, 0.0, 0.0, 0.0, 0.0, 0.0, 0.0, 0.0, 0.0, 0.0, 0.0, 0.0, 0.0, 0.0, 0.0, 0.0, 0.0, 0.0, 0.0, 0.0]","[0.1462, 0.321, 0.4301, 0.592, 1.0114, 1.0633, 0.8603, 0.7511, 0.7024, 0.4905, 0.6839, 1.0173, 0.4967, 0.5587, 1.0716, 0.7953, 0.8505, 0.6321, 0.6552, 0.3004, 0.797, 1.0977, 0.7327, 0.5783, 0.528, 0.4815, 0.483, 0.3601, 0.7935, 0.7342, 0.6221, 1.0201, 0.9688, 1.2522, 1.0477, 1.0653, 0.9844, 0.6185, 0.9302, 1.1342, 0.9342, 1.0561, 1.2887, 1.1181, 0.7553, 0.765, 1.0842, 0.873, 0.8768, 0.669, 0.6867, 0.8793, 0.9783, 0.9969, 1.1188, 0.827, 0.7896, 0.5888, 0.2732, 0.4502, 0.5022, 0.7831, 1.3127, 0.8357, 0.4715, 0.7764, 0.5293, 0.4352, 0.9631, 1.2169, 0.6388, 0.8591, 1.0358, 0.7997, 0.865, 1.1588, 1.3237, 1.0518, 1.0184, 0.9796]","[0.1268, 0.1394, 0.4196, 0.508, 0.8751, 0.9842, 0.762, 0.6544, 0.5937, 0.3583, 0.4664, 0.8106, 0.4746, 0.4583, 0.7897, 0.5241, 0.5571, 0.3272, 0.4609, 0.2724, 0.7332, 0.871, 0.614, 0.499, 0.4183, 0.1961, 0.4749, 0.2858, 0.7102, 0.4327, 0.5638, 0.8543, 0.8607, 1.1912, 0.9769, 0.9968, 0.8376, 0.5659, 0.8437, 0.9738, 0.7155, 0.9684, 1.1891, 1.0567, 0.6859, 0.7022, 0.9432, 0.8249, 0.5024, 0.4659, 0.4934, 0.6696, 0.7222, 0.6728, 1.0241, 0.7977, 0.6934, 0.4517, 0.2216, 0.2296, 0.4051, 0.7075, 0.9973, 0.6673, 0.4348, 0.4561, 0.3718, 0.2963, 0.643, 0.9415, 0.5901, 0.7964, 0.9386, 0.7314, 0.7885, 1.0494, 1.2724, 0.9734, 0.7321, 0.9229]","[0.0, 0.0, 0.0, 0.0, 0.0, 0.0, 0.0, 0.0, 0.0, 0.0, 0.0, 0.0, 0.0, 0.0, 0.0, 0.0, 0.0, 0.0, 0.0, 0.0, 0.0]","[0.9553, 0.9584, 1.102, 0.9786, 1.1557, 1.1977, 1.1591, 1.0658, 1.1252, 1.237, 1.4049, 1.3054, 1.4676, 1.5958, 1.4604, 1.6641, 1.8099, 1.97, 1.9421, 1.9075, 2.0945]","[0.9406, 0.8915, 1.0565, 0.9533, 1.0224, 1.164, 1.0465, 1.0523, 1.0511, 1.2215, 1.2496, 1.2985, 1.3902, 1.5462, 1.4485, 1.5964, 1.7459, 1.8714, 1.9278, 1.8794, 2.0048]"
-7.33,2025-10-06T22:00:00.000Z,2025-10-06T15:02:00.000Z,22167,GBPUSD,SHORT,London Open Liquidity Scalp,-0.1387,0.28,52.83,-0.9235,0.8892,1.26164,1.25822,1.26164,1.25822,1.5,1.2599,1.2598,1.26178,1.25707,3.5,1.2,10.0,BE,418,closed,52.83,0.14,1.25822,1.26164,0.8892,-0.156,1.0279,0.4968,true,false,Monday,15,22,October,2025,6.9667,25080000,1.26178,1.2599,13196.99,13189.66,7.0,0.4003,1.0,false,true,true,8801,London Open Liquidity Scalp — QA 200,"[0.0878, 0.0, 0.0, 0.0, 0.0, 0.0, 0.0, 0.0, 0.0, 0.0, 0.0, 0.0273, 0.3196, 0.4658, 0.3758, 0.6634, 0.4774, 0.8892, 0.5991, 0.5107, 0.2508, 0.2416, 0.2076, 0.0208, 0.192, 0.1494, 0.2459]","[0.2495, 0.3717, 0.3407, 0.6007, 0.6546, 0.7355, 0.739, 0.9235, 0.5577, 0.1775, 0.0882, 0.0518, 0.0, 0.0, 0.0, 0.0342, 0.0, 0.0, 0.0, 0.0, 0.026, 0.0, 0.1352, 0.0788, 0.0, 0.0, 0.0156]","[0.1104, 0.2012, 0.2189, 0.4031, 0.6143, 0.5852, 0.6137, 0.8292, 0.4309, 0.1516, 0.0729, 0.0208, -0.182, -0.174, -0.3268, -0.316, -0.4176, -0.6749, -0.4262, -0.4633, -0.1444, -0.1433, -0.0378, 0.0143, -0.1409, -0.1315, -0.1387]","[0.1448, 0.2919, 0.119, 0.1516, 0.2365, 0.4832, 0.2787, 0.2844, 0.4968, 0.2907, 0.3463, 0.3785, 0.2001, 0.1216]","[0.0, 0.0, 0.0, 0.0, 0.0, 0.0, 0.0, 0.0, 0.0, 0.0, 0.0339, 0.0, 0.0144, 0.0]","[-0.1055, -0.2139, -0.0822, -0.1293, -0.2228, -0.3101, -0.2695, -0.2588, -0.3513, -0.2821, -0.1794, -0.2563, -0.141, -0.0898]"
-5.41,2024-09-01T12:36:00.000Z,2024-09-01T09:57:00.000Z,22168,XAUUSD,LONG,London Open Liquidity Scalp,-0.1131,2.56,47.82,-1.1753,0.607,1994.458,1994.792,1994.792,1994.458,2.0,1994.678,1994.688,1994.491,1995.052,4.0,2.5,1.0,BE,159,closed,47.82,0.11,1994.792,1994.458,0.7139,-0.1584,0.7201,0.7139,true,false,Monday,9,12,September,2024,2.65,9540000,1994.491,1994.678,13189.66,13184.25,8.0,0.3626,1.0,false,false,true,8801,London Open Liquidity Scalp — QA 200,"[0.3259, 0.0, 0.0, 0.0, 0.0, 0.0, 0.0, 0.0364, 0.0, 0.32, 0.0113, 0.2406, 0.5947, 0.607, 0.2892, 0.2972, 0.0, 0.0, 0.0, 0.0, 0.0, 0.0, 0.0, 0.0, 0.0, 0.0, 0.0, 0.0, 0.0, 0.0, 0.0]","[0.3214, 0.3798, 0.6743, 0.7414, 0.4702, 0.6376, 0.2749, 0.301, 0.5365, 0.3772, 0.3877, 0.0462, 0.0, 0.0, 0.0, 0.0, 0.0957, 0.3313, 0.4372, 0.3757, 0.7426, 0.8039, 0.7614, 0.8259, 0.8051, 0.8347, 1.1753, 0.975, 1.0287, 0.7671, 0.2861]","[-0.0331, -0.2868, -0.5024, -0.566, -0.4335, -0.4943, -0.2422, -0.1352, -0.4497, -0.0344, -0.1504, 0.1627, 0.4458, 0.373, 0.2285, 0.2512, -0.0635, -0.2952, -0.2424, -0.3367, -0.5729, -0.6517, -0.4869, -0.6505, -0.7541, -0.7394, -0.9776, -0.7475, -0.9746, -0.5965, -0.1131]","[0.2405, 0.1179, 0.0, 0.0714, 0.1708, 0.248, 0.5539, 0.5499, 0.6039, 0.5616, 0.4267, 0.71, 0.6401, 0.7139]","[0.1434, 0.254, 0.1564, 0.0043, 0.0214, 0.0, 0.0, 0.0, 0.0, 0.0, 0.0, 0.0, 0.0, 0.0]","[0.0344, -0.0359, -0.0616, 0.0168, 0.0863, 0.1841, 0.3341, 0.3892, 0.5311, 0.4827, 0.3833, 0.5535, 0.5028, 0.6186]"
-21.19,2024-08-15T14:08:00.000Z,2024-08-15T07:09:00.000Z,22169,XAUUSD,SHORT,London Open Liquidity Scalp,-0.4541,1.94,46.66,-0.4154,1.2553,2075.164,2074.763,2075.173,2074.763,1.5,2075.064,2075.173,2075.304,2074.704,4.0,2.5,1.0,STOP_OUT,419,closed,46.66,0.45,2074.763,2075.164,1.2553,-0.3617,1.7094,0.4228,true,false,Thursday,7,14,August,2024,6.9833,25140000,2075.304,2075.064,13184.25,13163.06,8.0,0.3539,1.0,false,false,true,8801,London Open Liquidity Scalp — QA 200,"[0.2155, 0.173, 0.1188, 0.0372, 0.0, 0.0, 0.2039, 0.502, 0.7145, 0.6338, 0.3358, 0.2231, 0.5938, 0.8391, 0.7819, 0.682, 0.5612, 1.0426, 1.1707, 1.2553, 0.9268, 1.1242, 0.8148, 1.1352, 0.9118, 0.6529, 0.5101]","[0.2896, 0.0, 0.1143, 0.0522, 0.3492, 0.4154, 0.2993, 0.0, 0.0, 0.0, 0.0, 0.0, 0.0, 0.0, 0.0, 0.0, 0.0, 0.0, 0.0, 0.0, 0.0, 0.0, 0.0, 0.0, 0.0, 0.0, 0.0]","[-0.0529, -0.152, -0.0037, 0.0134, 0.2811, 0.2916, -0.0172, -0.2938, -0.6033, -0.3618, -0.2881, -0.1679, -0.322, -0.6786, -0.7244, -0.5803, -0.4487, -0.7658, -0.9091, -1.0742, -0.7908, -1.0871, -0.7277, -0.8845, -0.7808, -0.5947, -0.4541]","[0.4015, 0.3719, 0.2353, 0.3555, 0.3036, 0.4192, 0.4228, 0.2161, 0.2219]","[0.0, 0.0, 0.0, 0.0, 0.0, 0.0, 0.0, 0.0, 0.0]","[-0.3775, -0.3185, -0.1632, -0.2272, -0.2914, -0.2864, -0.3731, -0.1933, -0.1334]"
108.23,2024-01-18T11:09:00.000Z,2024-01-18T10:16:00.000Z,22170,EURUSD,SHORT,London Open Liquidity Scalp,2.1573,0.29,50.17,-2.2636,0.0,1.06379,1.05992,1.06379,1.05479,3.0,1.05992,1.05479,1.06163,1.05479,3.0,0.8,10.0,TP,53,closed,50.17,2.16,1.05992,1.06379,0.0,0.0,-2.1573,0.0,false,true,Thursday,10,11,January,2024,0.8833,3180000,1.06163,1.05992,13163.06,13271.29,6.0,0.3811,1.0,false,false,true,8801,London Open Liquidity Scalp — QA 200,"[0.0, 0.0, 0.0, 0.0, 0.0, 0.0, 0.0, 0.0]","[0.3201, 0.3876, 0.6848, 0.754, 1.1264, 1.3574, 1.0873, 2.2636]","[0.2368, 0.3548, 0.4101, 0.6345, 0.9859, 1.0894, 1.0517, 2.1573]","[0.0, 0.0, 0.0, 0.0, 0.0, 0.0, 0.0, 0.0, 0.0, 0.0, 0.0, 0.0, 0.0, 0.0, 0.0, 0.0, 0.0, 0.0, 0.0, 0.0]","[2.3938, 2.3461, 2.2988, 2.3164, 2.2568, 2.457, 2.5063, 2.6671, 2.8161, 2.8307, 2.7546, 2.5936, 2.7385, 2.7033, 2.8368, 2.7776, 2.8064, 2.7851, 2.6346, 2.6619]","[2.2872, 2.3224, 2.275, 2.2443, 2.2332, 2.3274, 2.4827, 2.6425, 2.632, 2.7601, 2.6437, 2.5587, 2.6669, 2.6448, 2.7852, 2.714, 2.774, 2.6629, 2.5792, 2.5484]"
104.97,2023-12-06T10:53:00.000Z,2023-12-06T07:34:00.000Z,22171,EURUSD,LONG,London Open Liquidity Scalp,2.5343,0.2,41.42,-0.0,2.7517,1.06965,1.07533,1.07533,1.06965,2.5,1.06965,1.07481,1.06758,1.07481,3.0,0.8,10.0,TP,199,closed,41.42,2.53,1.07533,1.06965,3.3594,0.7544,0.2174,3.3594,false,false,Wednesday,7,10,December,2023,3.3167,11940000,1.06758,1.06965,13271.29,13376.26,6.0,0.3121,1.0,false,false,true,8801,London Open Liquidity Scalp — QA 200,"[0.2254, 0.282, 1.0725, 0.8132, 1.4303, 1.9016, 1.7731, 1.7433, 2.0298, 2.5308, 2.2593, 2.4601, 2.7517]","[0.0, 0.0, 0.0, 0.0, 0.0, 0.0, 0.0, 0.0, 0.0, 0.0, 0.0, 0.0, 0.0]","[0.173, 0.2153, 0.862, 0.7808, 1.3316, 1.8782, 1.6578, 1.5436, 1.9608, 2.273, 2.1433, 2.1268, 2.5343]","[2.7661, 2.8473, 2.9622, 2.9803, 2.8345, 2.7766, 2.7006, 2.7606, 2.8376, 2.9651, 2.9951, 3.0076, 3.2418, 3.113, 2.9895, 3.1719, 3.3048, 3.1862, 3.3594]","[0.0, 0.0, 0.0, 0.0, 0.0, 0.0, 0.0, 0.0, 0.0, 0.0, 0.0, 0.0, 0.0, 0.0, 0.0, 0.0, 0.0, 0.0, 0.0]","[2.6822, 2.8232, 2.8672, 2.9018, 2.819, 2.7416, 2.674, 2.6524, 2.7586, 2.8564, 2.8408, 2.9661, 3.1283, 3.061, 2.9753, 3.0138, 3.1514, 3.1086, 3.2737]"
0.1,2023-12-20T17:37:00.000Z,2023-12-20T13:37:00.000Z,22172,GBPUSD,LONG,London Open Liquidity Scalp,0.0022,0.22,44.86,-0.375,0.5965,1.25684,1.25883,1.25883,1.25684,3.0,1.25761,1.25761,1.25556,1.26377,3.5,1.2,10.0,BE,240,closed,44.86,0.0,1.25883,1.25684,0.834,0.0026,0.5943,0.834,false,false,Wednesday,13,17,December,2023,4.0,14400000,1.25556,1.25761,13376.26,13376.36,7.0,0.3354,1.0,false,false,true,8801,London Open Liquidity Scalp — QA 200,"[0.5965, 0.1787, 0.1161, 0.0, 0.0, 0.0, 0.1472, 0.0479, 0.0933, 0.2684, 0.3806, 0.4656, 0.1522, 0.3305, 0.2452, 0.1587]","[0.0, 0.116, 0.1065, 0.1587, 0.3572, 0.375, 0.0347, 0.0673, 0.1705, 0.0, 0.0, 0.2392, 0.0, 0.0, 0.0, 0.0416]","[0.2861, 0.0271, 0.0194, -0.0947, -0.278, -0.2802, 0.0661, -0.0166, -0.0662, 0.1033, 0.3039, 0.1208, 0.0952, 0.2533, 0.2014, 0.0022]","[0.1359, 0.0217, 0.0134, 0.0032, 0.0902, 0.1044, 0.2935, 0.2773, 0.4146, 0.5766, 0.4146, 0.3642, 0.567, 0.6044, 0.4376, 0.4347, 0.3507, 0.2608, 0.459, 0.4046, 0.3307, 0.4101, 0.5243, 0.6768, 0.834]","[0.1159, 0.0269, 0.1608, 0.1346, 0.1428, 0.0928, 0.0058, 0.0, 0.0, 0.0, 0.0, 0.0, 0.0, 0.0, 0.0, 0.0, 0.0, 0.0, 0.0, 0.0, 0.0, 0.0, 0.0, 0.0, 0.0]","[0.0297, -0.014, -0.0994, -0.0947, -0.0251, 0.0501, 0.1652, 0.2305, 0.3403, 0.3959, 0.3502, 0.3427, 0.506, 0.4478, 0.397, 0.3387, 0.3247, 0.2176, 0.3585, 0.3271, 0.3031, 0.393, 0.4742, 0.5799, 0.7185]"
78.46,2024-07-15T14:25:00.000Z,2024-07-15T13:18:00.000Z,22173,EURUSD,SHORT,London Open Liquidity Scalp,1.4973,0.23,52.4,-2.2484,0.0366,1.10195,1.0967,1.10195,1.09333,1.5,1.09678,1.09333,1.09908,1.09333,3.0,0.8,10.0,TP,67,closed,52.4,1.5,1.0967,1.10195,0.0366,40.9098,-1.4607,0.0,false,true,Monday,13,14,July,2024,1.1167,4020000,1.09908,1.09678,13376.36,13454.82,6.0,0.3917,1.0,false,true,false,8801,London Open Liquidity Scalp — QA 200,"[0.0, 0.0, 0.0, 0.0366, 0.0, 0.0, 0.0, 0.0, 0.0, 0.0, 0.0, 0.0, 0.0, 0.0, 0.0, 0.0, 0.0, 0.0, 0.0, 0.0, 0.0, 0.0, 0.0, 0.0, 0.0, 0.0, 0.0, 0.0, 0.0, 0.0, 0.0, 0.0, 0.0, 0.0, 0.0, 0.0, 0.0, 0.0, 0.0, 0.0, 0.0, 0.0, 0.0, 0.0, 0.0, 0.0, 0.0, 0.0, 0.0, 0.0, 0.0, 0.0, 0.0, 0.0, 0.0, 0.0, 0.0, 0.0, 0.0, 0.0, 0.0, 0.0, 0.0, 0.0, 0.0, 0.0, 0.0]","[0.5242, 0.3428, 0.2837, 0.3022, 0.5166, 0.9206, 1.2128, 1.1486, 1.0198, 1.4465, 1.3635, 1.3712, 1.3331, 1.2177, 1.0017, 1.5291, 1.8398, 1.7402, 2.1119, 2.2484, 1.6215, 2.2231, 1.8702, 1.6128, 1.53, 1.4948, 1.713, 1.5681, 1.542, 1.7221, 2.0947, 1.5884, 1.8992, 1.755, 1.45, 1.4423, 1.6779, 1.8743, 1.9122, 1.7815, 2.1037, 1.8173, 1.5575, 1.7567, 1.3774, 1.4128, 1.7768, 2.0165, 1.7662, 2.0293, 1.5858, 1.7747, 1.5704, 1.1954, 1.7855, 1.4077, 1.2506, 1.0756, 1.1569, 1.1488, 1.3502, 1.3066, 1.3022, 0.9639, 1.3043, 0.9191, 1.6778]","[0.3924, 0.1505, 0.1367, 0.1664, 0.4111, 0.8527, 0.9836, 1.0353, 0.9096, 1.1889, 1.2442, 1.1833, 1.2149, 1.1243, 0.914, 1.3124, 1.6338, 1.7076, 2.0256, 1.9998, 1.591, 1.8502, 1.5567, 1.2707, 1.4195, 1.3399, 1.5314, 1.535, 1.4471, 1.6756, 1.893, 1.518, 1.7959, 1.6879, 1.378, 1.304, 1.6045, 1.7512, 1.7895, 1.6878, 1.9383, 1.6225, 1.281, 1.6237, 1.2859, 1.3605, 1.6987, 1.9648, 1.7431, 1.8822, 1.5231, 1.6808, 1.2992, 1.1835, 1.5494, 1.2322, 1.1329, 1.0058, 1.0686, 1.1126, 1.285, 1.2023, 1.0192, 0.9515, 0.9995, 0.7956, 1.4973]","[0.0, 0.0, 0.0, 0.0, 0.0, 0.0, 0.0, 0.0, 0.0, 0.0, 0.0, 0.0, 0.0]","[1.6355, 1.5972, 1.6495, 1.6649, 1.6194, 1.6657, 1.6139, 1.6816, 1.5929, 1.5851, 1.6924, 1.6003, 1.7332]","[1.5004, 1.5498, 1.5941, 1.5738, 1.5174, 1.5198, 1.5423, 1.6119, 1.5817, 1.5679, 1.6258, 1.5618, 1.6426]"
-39.55,2024-11-05T09:10:00.000Z,2024-11-05T07:09:00.000Z,22174,XAUUSD,SHORT,London Open Liquidity Scalp,-0.7947,2.49,49.77,-0.3354,1.5164,2076.456,2076.086,2076.548,2076.086,1.5,2076.389,2076.548,2076.589,2076.089,4.0,2.5,1.0,STOP_OUT,121,closed,49.77,0.79,2076.086,2076.456,1.5164,-0.5241,2.3111,1.27,true,false,Tuesday,7,9,November,2024,2.0167,7260000,2076.589,2076.389,13454.82,13415.27,8.0,0.3699,1.0,false,false,true,8801,London Open Liquidity Scalp — QA 200,"[0.4708, 0.728, 0.6495, 0.8235, 0.8977, 0.5697, 0.4792, 0.1556, 0.5707, 0.9064, 0.7302, 0.7003, 0.7965, 0.4581, 0.7795, 0.8316, 1.3101, 1.2725, 0.7126, 0.6164, 0.5797, 0.9433, 1.0147, 0.6596, 0.8842, 1.2446, 0.7591, 0.3556, 0.2563, 0.1923, 0.09, 0.0, 0.3682, 0.7309, 0.5049, 0.8949, 0.8476, 1.2126, 1.1059, 1.1679, 1.0465, 1.2304, 1.3638, 0.9325, 1.2813, 1.1997, 1.1593, 1.2871, 1.1022, 1.0976, 0.7945, 0.7723, 1.0852, 1.1683, 1.3145, 1.0837, 1.0981, 0.9006, 1.152, 1.1471, 0.95, 1.0447, 0.9673, 0.9099, 0.8848, 0.9417, 0.7879, 0.6649, 0.9559, 1.1222, 0.9012, 1.2514, 1.4799, 1.3774, 1.2313, 1.3444, 1.5164, 1.4157, 1.4791, 0.8959]","[0.0216, 0.0, 0.0, 0.0, 0.0, 0.0, 0.0, 0.0063, 0.0, 0.0, 0.0, 0.0, 0.0, 0.0, 0.0, 0.0, 0.0, 0.0, 0.0, 0.0, 0.0, 0.0, 0.0, 0.0, 0.0, 0.0, 0.0, 0.0, 0.0923, 0.075, 0.1359, 0.3354, 0.0, 0.0, 0.0, 0.0, 0.0, 0.0, 0.0, 0.0, 0.0, 0.0, 0.0, 0.0, 0.0, 0.0, 0.0, 0.0, 0.0, 0.0, 0.0, 0.0, 0.0, 0.0, 0.0, 0.0, 0.0, 0.0, 0.0, 0.0, 0.0, 0.0, 0.0, 0.0, 0.0, 0.0, 0.0, 0.0, 0.0, 0.0, 0.0, 0.0, 0.0, 0.0, 0.0, 0.0, 0.0, 0.0, 0.0, 0.0]","[-0.1195, -0.5591, -0.5658, -0.7702, -0.7574, -0.5205, -0.3384, -0.0754, -0.532, -0.8176, -0.5881, -0.6114, -0.6569, -0.3906, -0.6738, -0.7323, -1.0774, -1.0266, -0.6869, -0.3746, -0.5422, -0.7553, -0.9105, -0.6008, -0.7858, -0.9578, -0.6301, -0.308, -0.0608, -0.0082, -0.0417, 0.1403, -0.1965, -0.5345, -0.4657, -0.8311, -0.8215, -0.847, -0.9707, -0.9097, -1.0, -1.074, -1.2858, -0.8899, -0.9902, -1.0756, -1.0587, -1.2629, -0.9504, -0.8008, -0.7615, -0.7518, -0.9974, -1.0498, -1.117, -0.7642, -0.7698, -0.6581, -0.9851, -1.0037, -0.8851, -0.9058, -0.7639, -0.8204, -0.7966, -0.6435, -0.6045, -0.5833, -0.8881, -1.0744, -0.8764, -1.1531, -1.3892, -1.1012, -1.1785, -1.3247, -1.3593, -1.3624, -1.3689, -0.7947]","[0.7789, 0.9543, 0.9044, 1.017, 1.0691, 1.0892, 1.27, 1.0815, 0.9353, 0.8937, 0.7098, 0.8566, 0.8328, 0.8203, 0.8257, 0.8351, 0.572, 0.39, 0.487, 0.495]","[0.0, 0.0, 0.0, 0.0, 0.0, 0.0, 0.0, 0.0, 0.0, 0.0, 0.0, 0.0, 0.0, 0.0, 0.0, 0.0, 0.0, 0.0, 0.0, 0.0]","[-0.7723, -0.8508, -0.8515, -0.9629, -1.0122, -1.0656, -1.1416, -1.0458, -0.9043, -0.7806, -0.6735, -0.7923, -0.7423, -0.7649, -0.8088, -0.6529, -0.4993, -0.3525, -0.4253, -0.4488]"
69.8,2025-03-07T12:20:00.000Z,2025-03-07T10:31:00.000Z,22175,XAUUSD,LONG,London Open Liquidity Scalp,1.488,1.9,46.91,-0.0,2.0166,1991.098,1991.595,1991.837,1991.098,3.0,1991.098,1991.837,1990.852,1991.837,4.0,2.5,1.0,TP,109,closed,46.91,1.49,1991.595,1991.098,2.0166,0.7379,0.5286,1.8915,false,false,Friday,10,12,March,2025,1.8167,6540000,1990.852,1991.098,13415.27,13485.07,8.0,0.3497,1.0,false,false,false,8801,London Open Liquidity Scalp — QA 200,"[0.184, 0.3507, 0.2755, 0.7697, 0.9201, 0.9214, 1.3635, 1.1879, 1.5143, 1.5907, 1.7966, 1.4742, 1.8676, 1.6287, 1.6067, 1.7323, 2.0166, 1.6764, 1.6103, 1.3179, 1.7654]","[0.0, 0.0, 0.0, 0.0, 0.0, 0.0, 0.0, 0.0, 0.0, 0.0, 0.0, 0.0, 0.0, 0.0, 0.0, 0.0, 0.0, 0.0, 0.0, 0.0, 0.0]","[0.1696, 0.2992, 0.2508, 0.4428, 0.6928, 0.8785, 1.1234, 1.1322, 1.3691, 1.3707, 1.4263, 1.2699, 1.5456, 1.6143, 1.4249, 1.7138, 1.9559, 1.5438, 1.3289, 1.1219, 1.488]","[1.4746, 1.4427, 1.467, 1.5383, 1.5909, 1.7128, 1.5139, 1.5956, 1.5113, 1.8481, 1.5933, 1.726, 1.6137, 1.8915, 1.8371, 1.6238, 1.7401, 1.8289, 1.8678]","[0.0, 0.0, 0.0, 0.0, 0.0, 0.0, 0.0, 0.0, 0.0, 0.0, 0.0, 0.0, 0.0, 0.0, 0.0, 0.0, 0.0, 0.0, 0.0]","[1.404, 1.2946, 1.3134, 1.4795, 1.5432, 1.5499, 1.4692, 1.508, 1.489, 1.6454, 1.5286, 1.5858, 1.5402, 1.6715, 1.6296, 1.5329, 1.687, 1.7356, 1.73]"
-24.52,2025-07-01T09:47:00.000Z,2025-07-01T07:59:00.000Z,22176,NQ,SHORT,London Open Liquidity Scalp,-0.4779,0.43,51.31,-0.6417,1.0402,18484.24644,18474.21037,18484.24644,18474.21037,2.0,18480.41735,18483.26873,18486.38445,18468.48314,4.5,0.75,5.0,MANUAL,108,closed,51.31,0.48,18474.21037,18484.24644,1.0402,-0.4594,1.5181,0.5309,true,false,Tuesday,7,9,July,2025,1.8,6480000,18486.38445,18480.41735,13485.07,13460.55,9.0,0.3805,1.0,false,false,false,8801,London Open Liquidity Scalp — QA 200,"[0.1182, 0.2379, 0.505, 0.4839, 0.6073, 0.7033, 0.5671, 0.7067, 0.5736, 0.6946, 0.8455, 1.0402, 0.6797, 0.382, 0.4472, 0.4304, 0.4016, 0.5405, 0.5697, 0.4571, 0.1475, 0.0, 0.1192, 0.5819, 0.6615, 0.9896, 0.8603, 0.5354, 0.4451, 0.5344, 1.0005, 0.8001, 0.4513, 0.3035, 0.3658, 0.2247, 0.0301, 0.0, 0.0581, 0.5171, 0.0936, 0.0, 0.0068, 0.0474, 0.1163, 0.1503, 0.4583, 0.2782, 0.2295, 0.1435, 0.4985, 0.73, 0.6759, 0.6688, 0.407, 0.4873, 0.6092, 0.4421, 0.7202, 0.6097, 0.6075, 0.6525, 0.8152, 0.5925, 0.4357, 0.6788, 0.5216, 0.6942, 0.8092, 0.7396, 0.7371, 0.7808, 0.9011, 0.4863, 0.4026, 0.2437, 0.6817, 0.4227, 0.6927, 0.584]","[0.1468, 0.0846, 0.0, 0.0, 0.0, 0.0, 0.0, 0.0, 0.0, 0.0, 0.0, 0.0, 0.0, 0.0882, 0.0, 0.0, 0.0, 0.0, 0.0, 0.0, 0.2293, 0.1554, 0.0, 0.0, 0.0, 0.0, 0.0, 0.0, 0.0, 0.0, 0.0, 0.0, 0.0, 0.0434, 0.0, 0.0, 0.0773, 0.2736, 0.3066, 0.0, 0.0933, 0.2668, 0.6417, 0.0573, 0.1535, 0.0344, 0.1833, 0.1488, 0.0, 0.1555, 0.0, 0.0, 0.0, 0.0, 0.0, 0.0, 0.0, 0.0, 0.0, 0.0, 0.0, 0.0, 0.0, 0.0, 0.0, 0.0, 0.0, 0.0, 0.0, 0.0, 0.0, 0.0, 0.0, 0.0, 0.0, 0.0, 0.0, 0.0, 0.0, 0.0]","[-0.0122, -0.0249, -0.4364, -0.3979, -0.3984, -0.6109, -0.5264, -0.6355, -0.5364, -0.643, -0.7451, -0.8037, -0.5048, -0.1967, -0.4027, -0.179, -0.2829, -0.4185, -0.4823, -0.219, -0.0349, 0.0641, -0.0794, -0.3579, -0.6211, -0.9359, -0.7727, -0.4596, -0.4219, -0.4772, -0.8069, -0.5968, -0.431, -0.0949, -0.3217, -0.1834, 0.0223, 0.1839, 0.0574, -0.2682, -0.0323, 0.2409, 0.2689, -0.0047, -0.0436, -0.0428, -0.1091, -0.0483, -0.1679, 0.0133, -0.3831, -0.6902, -0.4604, -0.6336, -0.2786, -0.4194, -0.4772, -0.4202, -0.4297, -0.3291, -0.3292, -0.5945, -0.7357, -0.5058, -0.3891, -0.6468, -0.4934, -0.578, -0.6429, -0.6368, -0.7003, -0.75, -0.5711, -0.4256, -0.3136, -0.1523, -0.5169, -0.2343, -0.6048, -0.4779]","[0.5309, 0.5058, 0.4609, 0.3558, 0.1922, 0.1707, 0.1901, 0.1278, 0.1208, 0.0624, 0.0216, 0.0]","[0.0, 0.0, 0.0, 0.0, 0.0, 0.0, 0.0293, 0.265, 0.1912, 0.0515, 0.1374, 0.0371]","[-0.5105, -0.4569, -0.3704, -0.3323, -0.1648, -0.1549, -0.0882, 0.0692, 0.051, -0.0367, 0.0374, 0.0268]"
58.51,2024-03-22T10:56:00.000Z,2024-03-22T09:31:00.000Z,22177,EURUSD,LONG,London Open Liquidity Scalp,1.3098,0.17,44.67,-0.2059,2.1508,1.09491,1.10127,1.10127,1.09491,1.5,1.09547,1.09952,1.09277,1.09952,3.0,0.8,10.0,TP,85,closed,44.67,1.31,1.10127,1.09491,2.1508,0.609,0.841,2.114,false,false,Friday,9,10,March,2024,1.4167,5100000,1.09277,1.09547,13460.55,13519.06,6.0,0.3319,1.0,false,false,true,8801,London Open Liquidity Scalp — QA 200,"[0.3963, 0.483, 0.9737, 1.3085, 1.6011, 1.6272, 1.4686, 1.6343, 1.5285, 1.2534, 1.1749, 1.3049, 1.1623, 1.5024, 1.4056, 1.8435, 1.4593, 1.0577, 0.8431, 1.103, 1.179, 1.4773, 1.6941, 1.3595, 1.4484, 1.6796, 1.3662, 1.5596, 1.6489, 1.9548, 1.9747, 1.8585, 1.8606, 2.1508, 1.8275, 1.588, 1.7088, 2.0648, 1.3812, 1.1803, 1.299, 1.2521, 0.9442, 1.0169, 0.9934, 1.0799, 0.8338, 0.9781, 1.5027, 1.3621, 1.1666, 1.3562, 1.6723, 1.3584, 1.293, 1.2291, 0.8841, 0.6689, 0.9782, 0.5838, 0.9185, 1.1495, 1.0019, 1.1355, 1.4071, 1.1706, 1.3338, 1.3496, 1.4513, 1.5276, 1.5763, 1.3207, 1.088, 1.4348, 1.6387, 1.3047, 1.2442, 1.8151, 1.5269, 1.3764]","[0.2059, 0.0, 0.0, 0.0, 0.0, 0.0, 0.0, 0.0, 0.0, 0.0, 0.0, 0.0, 0.0, 0.0, 0.0, 0.0, 0.0, 0.0, 0.0, 0.0, 0.0, 0.0, 0.0, 0.0, 0.0, 0.0, 0.0, 0.0, 0.0, 0.0, 0.0, 0.0, 0.0, 0.0, 0.0, 0.0, 0.0, 0.0, 0.0, 0.0, 0.0, 0.0, 0.0, 0.0, 0.0, 0.0, 0.0, 0.0, 0.0, 0.0, 0.0, 0.0, 0.0, 0.0, 0.0, 0.0, 0.0, 0.0, 0.0, 0.0, 0.0, 0.0, 0.0, 0.0, 0.0, 0.0, 0.0, 0.0, 0.0, 0.0, 0.0, 0.0, 0.0, 0.0, 0.0, 0.0, 0.0, 0.0, 0.0, 0.0]","[-0.0015, 0.4056, 0.8649, 1.232, 1.4428, 1.4345, 1.4381, 1.5064, 1.4564, 1.1392, 1.0074, 1.2634, 1.1162, 1.2431, 1.2851, 1.6033, 1.3185, 0.986, 0.724, 0.936, 1.0856, 1.2635, 1.6, 1.2592, 1.3992, 1.5557, 1.2947, 1.3573, 1.5711, 1.8228, 1.8534, 1.703, 1.8129, 2.0826, 1.6639, 1.4115, 1.6389, 1.773, 1.333, 1.1255, 1.136, 0.9985, 0.7895, 0.7922, 0.867, 0.7364, 0.7409, 0.9009, 1.3007, 1.3099, 1.024, 1.3087, 1.4234, 1.0848, 1.2436, 0.998, 0.7897, 0.5565, 0.747, 0.5284, 0.7404, 1.0543, 0.8974, 1.0592, 1.2028, 0.9702, 1.0495, 1.1508, 1.2337, 1.3217, 1.254, 1.2454, 0.9876, 1.2764, 1.5794, 1.2308, 1.1853, 1.5218, 1.2344, 1.3098]","[1.3665, 1.5028, 1.701, 1.8066, 1.5736, 1.5807, 1.7108, 1.8419, 1.9854, 1.8927, 1.7831, 1.949, 2.114, 2.0098, 2.0846, 1.9766, 2.1037, 2.0833]","[0.0, 0.0, 0.0, 0.0, 0.0, 0.0, 0.0, 0.0, 0.0, 0.0, 0.0, 0.0, 0.0, 0.0, 0.0, 0.0, 0.0, 0.0]","[1.3142, 1.4834, 1.5615, 1.6346, 1.5268, 1.53, 1.6547, 1.7096, 1.7866, 1.8429, 1.7531, 1.8995, 1.9942, 1.9937, 1.9757, 1.8655, 2.0006, 1.9922]"
21.75,2024-11-15T18:29:00.000Z,2024-11-15T13:22:00.000Z,22178,XAUUSD,LONG,London Open Liquidity Scalp,0.4168,2.34,52.18,-0.4442,1.5701,2079.45,2079.899,2079.899,2079.45,1.5,2079.549,2079.642,2079.326,2079.883,4.0,2.5,1.0,MANUAL,307,closed,52.18,0.42,2079.899,2079.45,1.9052,0.2188,1.1533,1.9052,false,false,Friday,13,18,November,2024,5.1167,18420000,2079.326,2079.549,13519.06,13540.81,8.0,0.386,1.0,false,false,true,8801,London Open Liquidity Scalp — QA 200,"[0.6854, 0.6785, 0.904, 0.8117, 0.8427, 1.1987, 1.0942, 1.121, 1.1398, 1.2404, 1.195, 1.2634, 1.0646, 1.072, 1.1229, 1.0125, 0.6784, 0.5332, 0.3626, 0.6559, 0.7012, 0.6332, 0.6411, 0.4573, 0.585, 0.3952, 0.0, 0.1326, 0.5041, 0.4584, 0.8361, 0.8351, 1.2403, 0.8665, 1.149, 1.5701, 1.2634, 1.3263, 0.728, 0.6354, 1.009, 0.8284, 0.9781, 1.1946, 1.4328, 0.7856, 0.5117, 0.2325, 0.2656, 0.3631, 0.6982, 0.5128, 0.1827, 0.4091, 0.5887, 0.7093, 0.736, 0.8141, 0.6217, 0.3645, 0.6563]","[0.0, 0.0718, 0.0, 0.0, 0.0, 0.0, 0.0, 0.0, 0.0, 0.0, 0.0, 0.0, 0.0, 0.0, 0.0, 0.0, 0.0, 0.0, 0.0, 0.0, 0.0, 0.0, 0.0, 0.0, 0.0, 0.0682, 0.4442, 0.1065, 0.0, 0.0, 0.0, 0.0, 0.0, 0.0, 0.0, 0.0, 0.0, 0.0, 0.0, 0.0, 0.0, 0.0, 0.0, 0.0, 0.0, 0.0, 0.0, 0.0, 0.0545, 0.0, 0.0, 0.0, 0.0, 0.0, 0.0, 0.0, 0.0, 0.0, 0.0, 0.0679, 0.0]","[0.3594, 0.3097, 0.637, 0.5223, 0.825, 1.1161, 0.8894, 1.0888, 0.9317, 0.9737, 1.0053, 1.0118, 0.8431, 0.7147, 0.8829, 0.8985, 0.66, 0.4335, 0.2903, 0.5311, 0.3968, 0.5602, 0.4203, 0.3002, 0.4202, 0.0927, -0.2152, -0.0085, 0.2528, 0.3936, 0.709, 0.7899, 0.8047, 0.7079, 0.9993, 1.1739, 1.1659, 1.0415, 0.6668, 0.555, 0.7073, 0.7114, 0.7833, 0.9283, 1.1799, 0.7029, 0.3701, 0.1797, 0.1325, 0.2662, 0.5913, 0.4588, 0.1494, 0.2837, 0.4685, 0.4515, 0.4646, 0.5636, 0.2932, 0.2355, 0.4168]","[0.6634, 0.8459, 0.7553, 0.7471, 0.7782, 0.9367, 0.7738, 1.0805, 1.2339, 0.9919, 1.1904, 1.2671, 1.2114, 1.1973, 1.1694, 1.3935, 1.4643, 1.5939, 1.9052, 1.7777, 1.893]","[0.0, 0.0, 0.0, 0.0, 0.0, 0.0, 0.0, 0.0, 0.0, 0.0, 0.0, 0.0, 0.0, 0.0, 0.0, 0.0, 0.0, 0.0, 0.0, 0.0, 0.0]","[0.5543, 0.6822, 0.7048, 0.6872, 0.6966, 0.7427, 0.7529, 0.916, 0.9919, 0.9667, 1.0397, 1.108, 1.1091, 1.0797, 1.1372, 1.2957, 1.422, 1.5787, 1.7488, 1.7507, 1.8598]"
95.68,2024-02-19T22:26:00.000Z,2024-02-19T15:32:00.000Z,22179,EURUSD,LONG,London Open Liquidity Scalp,2.1795,0.16,43.9,-0.0,3.2001,1.07435,1.0833,1.0833,1.07435,3.0,1.07435,1.08274,1.07155,1.08274,3.0,0.8,10.0,TP,414,closed,43.9,2.18,1.0833,1.07435,3.2001,0.6811,1.0206,2.6904,false,false,Monday,15,22,February,2024,6.9,24840000,1.07155,1.07435,13540.81,13636.49,6.0,0.3242,1.0,false,false,true,8801,London Open Liquidity Scalp — QA 200,"[0.8512, 1.2735, 1.7123, 1.5553, 1.3186, 1.4572, 1.5227, 1.5364, 1.3103, 1.626, 1.6025, 1.5804, 1.7955, 1.9778, 2.2359, 2.0228, 1.8546, 1.945, 2.0528, 2.5681, 2.5194, 2.0912, 2.314, 2.42, 2.5265, 2.3053, 2.3891, 1.8795, 1.5649, 1.6023, 1.8163, 2.2943, 1.8221, 1.6999, 1.8064, 1.5768, 1.4581, 2.1924, 2.0915, 2.6198, 2.764, 2.5701, 2.5223, 2.0566, 2.2737, 2.5475, 2.4753, 2.386, 2.8627, 2.8143, 2.845, 3.2001, 2.6081, 2.2491, 2.1531, 2.3511, 2.7299, 2.2585, 2.4677, 2.0068, 2.3196, 2.0533, 2.0164, 1.8657, 1.8385, 1.7944, 1.7075, 2.0809, 1.8863, 2.1083, 1.812, 2.1942, 1.9896, 1.7749, 2.192, 2.3591, 2.4595, 2.5864, 2.9301, 2.3131]","[0.0, 0.0, 0.0, 0.0, 0.0, 0.0, 0.0, 0.0, 0.0, 0.0, 0.0, 0.0, 0.0, 0.0, 0.0, 0.0, 0.0, 0.0, 0.0, 0.0, 0.0, 0.0, 0.0, 0.0, 0.0, 0.0, 0.0, 0.0, 0.0, 0.0, 0.0, 0.0, 0.0, 0.0, 0.0, 0.0, 0.0, 0.0, 0.0, 0.0, 0.0, 0.0, 0.0, 0.0, 0.0, 0.0, 0.0, 0.0, 0.0, 0.0, 0.0, 0.0, 0.0, 0.0, 0.0, 0.0, 0.0, 0.0, 0.0, 0.0, 0.0, 0.0, 0.0, 0.0, 0.0, 0.0, 0.0, 0.0, 0.0, 0.0, 0.0, 0.0, 0.0, 0.0, 0.0, 0.0, 0.0, 0.0, 0.0, 0.0]","[0.8092, 1.213, 1.6711, 1.3843, 1.228, 1.4274, 1.3879, 1.2548, 1.1874, 1.5167, 1.5479, 1.3274, 1.7745, 1.8901, 2.1368, 1.9125, 1.7682, 1.5093, 1.8478, 2.1769, 2.3304, 2.0725, 2.0198, 2.1418, 2.459, 2.1933, 2.1185, 1.7974, 1.5142, 1.4284, 1.6271, 1.9033, 1.6681, 1.6122, 1.7539, 1.5412, 1.4334, 1.8271, 1.9455, 2.318, 2.5352, 2.4435, 2.3441, 2.0072, 2.1292, 2.2627, 2.3532, 2.2221, 2.5239, 2.6543, 2.7676, 2.9968, 2.5798, 2.2229, 2.0887, 2.1522, 2.4024, 2.125, 2.3286, 1.9636, 2.1318, 1.9914, 1.74, 1.8411, 1.6203, 1.6286, 1.6062, 2.0207, 1.7778, 1.9682, 1.7585, 1.9235, 1.8586, 1.709, 1.9882, 2.2859, 2.373, 2.4805, 2.7074, 2.1795]","[2.2911, 2.2691, 2.4218, 2.5016, 2.5256, 2.3693, 2.5819, 2.6904, 2.5695, 2.5458, 2.6491]","[0.0, 0.0, 0.0, 0.0, 0.0, 0.0, 0.0, 0.0, 0.0, 0.0, 0.0]","[2.2126, 2.243, 2.3084, 2.4235, 2.4497, 2.3337, 2.4099, 2.5066, 2.5147, 2.5346, 2.6155]"
71.15,2024-07-06T16:31:00.000Z,2024-07-06T13:21:00.000Z,22180,EURUSD,LONG,London Open Liquidity Scalp,1.2986,0.32,54.79,-0.0981,1.3521,1.09607,1.09854,1.10135,1.09607,3.0,1.09624,1.10135,1.09454,1.10135,3.0,0.8,10.0,TP,190,closed,54.79,1.3,1.09854,1.09607,1.7677,0.7346,0.0535,1.7677,false,false,Monday,13,16,July,2024,3.1667,11400000,1.09454,1.09624,13636.49,13707.64,6.0,0.4018,1.0,true,false,true,8801,London Open Liquidity Scalp — QA 200,"[0.4674, 0.6122, 0.5011, 0.7706, 0.5683, 0.6571, 1.1521, 0.8949, 1.1924, 1.1154, 0.7396, 1.3521]","[0.0, 0.0, 0.0981, 0.0, 0.0, 0.0, 0.0, 0.0, 0.0, 0.0, 0.0, 0.0]","[0.1177, 0.4338, 0.3281, 0.6269, 0.4727, 0.585, 0.839, 0.5853, 0.8281, 0.8832, 0.6394, 1.2986]","[1.5604, 1.3021, 1.3717, 1.4801, 1.4489, 1.5361, 1.671, 1.5296, 1.5547, 1.7524, 1.6018, 1.6698, 1.5, 1.6076, 1.7409, 1.7385, 1.6653, 1.7322, 1.7677]","[0.0, 0.0, 0.0, 0.0, 0.0, 0.0, 0.0, 0.0, 0.0, 0.0, 0.0, 0.0, 0.0, 0.0, 0.0, 0.0, 0.0, 0.0, 0.0]","[1.3956, 1.2851, 1.2425, 1.3007, 1.4307, 1.5144, 1.4515, 1.4932, 1.461, 1.5901, 1.571, 1.48, 1.4114, 1.5643, 1.6575, 1.68, 1.5843, 1.5453, 1.6157]"
-43.08,2023-12-21T12:51:00.000Z,2023-12-21T09:28:00.000Z,22181,USDJPY,SHORT,London Open Liquidity Scalp,-0.9317,0.4,46.24,-0.1556,1.0787,148.877,148.721,148.975,148.721,2.0,148.857,148.975,148.983,148.604,3.0,0.9,9.2,MANUAL,203,closed,46.24,0.93,148.721,148.877,1.1645,-0.8001,2.0104,1.1645,true,false,Thursday,9,12,December,2023,3.3833,12180000,148.983,148.857,13707.64,13664.56,6.0,0.3373,1.0,true,false,true,8801,London Open Liquidity Scalp — QA 200,"[0.4104, 0.2619, 0.4316, 0.6576, 0.6809, 0.5225, 0.2859, 0.7581, 0.4847, 0.466, 0.5896, 0.4681, 0.9695, 0.8711, 0.8395, 0.6686, 0.6217, 0.5559, 0.8671, 0.8157, 0.7854, 0.4768, 0.74, 0.3511, 0.1336, 0.0025, 0.4274, 0.2528, 0.2532, 0.6585, 0.3211, 0.5193, 0.6202, 0.814, 0.7643, 0.6201, 0.9688, 1.0069, 1.0733, 1.0787]","[0.0, 0.0, 0.0, 0.0, 0.0, 0.0, 0.0, 0.0, 0.0, 0.0, 0.0, 0.0, 0.0, 0.0, 0.0, 0.0, 0.0, 0.0, 0.0, 0.0, 0.0, 0.0, 0.0, 0.0, 0.0048, 0.1556, 0.0, 0.0, 0.0, 0.0, 0.0, 0.0701, 0.0, 0.0, 0.0, 0.0, 0.0, 0.0, 0.0, 0.0]","[-0.262, -0.1204, -0.2846, -0.6356, -0.5767, -0.4447, -0.2313, -0.5087, -0.4418, -0.3488, -0.3685, -0.3528, -0.7666, -0.7952, -0.6969, -0.6546, -0.4383, -0.4352, -0.6685, -0.7596, -0.5408, -0.4419, -0.5204, -0.3052, -0.0703, 0.1175, -0.2747, -0.1625, -0.1971, -0.4496, -0.2551, -0.264, -0.3932, -0.5804, -0.7408, -0.5552, -0.8825, -0.7002, -0.9157, -0.9317]","[1.1645, 1.0756, 0.8225, 1.0538, 0.9194, 1.0273, 0.9836, 1.0406, 0.8607, 0.786, 0.846, 0.9092, 0.7497, 0.8535, 0.7638, 0.6383, 0.5125, 0.4685, 0.3503, 0.2247, 0.2429, 0.1009]","[0.0, 0.0, 0.0, 0.0, 0.0, 0.0, 0.0, 0.0, 0.0, 0.0, 0.0, 0.0, 0.0, 0.0, 0.0, 0.0, 0.0, 0.0, 0.0, 0.0, 0.0, 0.202]","[-0.9647, -0.8938, -0.8056, -0.8912, -0.9083, -0.9992, -0.8649, -0.9093, -0.8506, -0.7324, -0.8238, -0.872, -0.7345, -0.7658, -0.6339, -0.6008, -0.4397, -0.3554, -0.2934, -0.1459, -0.1272, 0.0302]"
-28.35,2023-12-14T22:44:00.000Z,2023-12-14T15:46:00.000Z,22182,NQ,SHORT,London Open Liquidity Scalp,-0.5337,0.55,53.12,-0.4454,1.6735,18713.36249,18703.21628,18716.01815,18703.21628,2.0,18711.22972,18716.01815,18716.01815,18701.65286,4.5,0.75,5.0,SL,418,closed,53.12,0.53,18703.21628,18713.36249,1.6735,-0.3189,2.2072,1.0012,true,false,Thursday,15,22,December,2023,6.9667,25080000,18716.01815,18711.22972,13664.56,13636.21,9.0,0.3887,1.0,false,false,true,8801,London Open Liquidity Scalp — QA 200,"[0.1263, 0.0, 0.0268, 0.0793, 0.0, 0.0035, 0.4387, 0.4719, 0.5116, 0.8323, 1.0103, 0.6618, 0.4624, 0.4075, 0.8654, 0.5802, 0.0888, 0.1608, 0.0, 0.0808, 0.1783, 0.4765, 0.5873, 0.5136, 0.4886, 0.6117, 1.1279, 1.3544, 0.949, 1.2087, 0.8878, 0.6477, 0.3066, 0.2715, 0.6298, 0.4335, 0.229, 0.1308, 0.0, 0.0, 0.3838, 0.5287, 0.4652, 0.6926, 0.8907, 0.9426, 1.3253, 1.5484, 1.6735, 1.469, 1.5176, 1.2418, 0.6779, 0.8238, 0.8615, 0.9137, 0.5489, 0.7502, 0.6113, 0.2835, 0.4229, 0.527, 0.6963, 0.7849, 1.0998, 0.9131, 0.9989, 1.322, 1.6713, 1.4806, 0.9212, 0.9295, 0.9957, 0.7468, 0.5124, 0.9088, 1.1771, 0.8253, 0.7459, 0.7783]","[0.0036, 0.1539, 0.2388, 0.0874, 0.2412, 0.0742, 0.0, 0.0, 0.0, 0.0, 0.0, 0.0, 0.0, 0.0, 0.0, 0.0, 0.2053, 0.2242, 0.4454, 0.2452, 0.2148, 0.0251, 0.0, 0.0, 0.0, 0.0, 0.0, 0.0, 0.0, 0.0, 0.0, 0.0, 0.0, 0.0, 0.0, 0.0, 0.0033, 0.0, 0.1704, 0.297, 0.0901, 0.0, 0.0, 0.0, 0.0, 0.0, 0.0, 0.0, 0.0, 0.0, 0.0, 0.0, 0.0, 0.0, 0.0, 0.0, 0.0, 0.0, 0.0, 0.0, 0.0, 0.0, 0.0, 0.0, 0.0, 0.0, 0.0, 0.0, 0.0, 0.0, 0.0, 0.0, 0.0, 0.0, 0.0, 0.0, 0.0, 0.0, 0.0, 0.0]","[-0.0372, 0.1065, 0.0414, 0.0222, 0.1192, 0.0287, -0.2571, -0.4019, -0.4566, -0.7986, -0.9008, -0.5665, -0.3018, -0.3368, -0.6762, -0.3351, -0.0284, 0.0393, 0.2428, 0.1215, -0.0361, -0.2387, -0.3526, -0.3606, -0.3644, -0.5113, -0.8597, -1.0377, -0.7231, -0.866, -0.6455, -0.5389, -0.2721, -0.1921, -0.5675, -0.3665, -0.1979, -0.1011, 0.1271, 0.202, -0.1694, -0.5043, -0.2767, -0.5877, -0.8457, -0.931, -1.24, -1.4827, -1.4766, -1.2508, -1.3763, -0.9597, -0.589, -0.6815, -0.7121, -0.8493, -0.5236, -0.5036, -0.567, -0.2538, -0.2554, -0.4829, -0.5751, -0.6966, -0.9993, -0.8662, -0.9407, -1.1936, -1.361, -1.3108, -0.8948, -0.6556, -0.9271, -0.6393, -0.4164, -0.7741, -0.8681, -0.8032, -0.6322, -0.5337]","[0.6374, 0.5328, 0.5851, 0.6779, 0.7059, 0.8456, 0.711, 0.8188, 0.8834, 0.7267, 0.8294, 1.0012, 0.9535, 0.8283, 0.8396]","[0.0, 0.0, 0.0, 0.0, 0.0, 0.0, 0.0, 0.0, 0.0, 0.0, 0.0, 0.0, 0.0, 0.0, 0.0]","[-0.5312, -0.4948, -0.4851, -0.5742, -0.6739, -0.6895, -0.689, -0.7691, -0.822, -0.6999, -0.8084, -0.8515, -0.9234, -0.7524, -0.6794]"
-36.29,2024-03-29T21:03:00.000Z,2024-03-29T15:35:00.000Z,22183,EURUSD,LONG,London Open Liquidity Scalp,-0.6865,0.4,52.86,-2.0181,0.3386,1.07817,1.08132,1.08132,1.07817,2.5,1.08087,1.07953,1.07953,1.08421,3.0,0.8,10.0,SL,328,closed,52.86,0.69,1.08132,1.07817,0.3386,-2.0275,1.0251,0.2514,true,true,Friday,15,21,March,2024,5.4667,19680000,1.07953,1.08087,13636.21,13599.92,6.0,0.3876,1.0,false,true,false,8801,London Open Liquidity Scalp — QA 200,"[0.3386, 0.3229, 0.0, 0.2818, 0.1276, 0.0183, 0.0, 0.0, 0.0, 0.0, 0.0, 0.0, 0.0, 0.0, 0.0, 0.0, 0.0, 0.0, 0.0, 0.0, 0.0, 0.0, 0.0, 0.0, 0.0, 0.0, 0.0, 0.0, 0.0, 0.0, 0.0, 0.0, 0.0, 0.0, 0.0, 0.0, 0.0, 0.0, 0.0, 0.0, 0.0, 0.0, 0.0, 0.0, 0.0, 0.0, 0.0, 0.0, 0.0, 0.0, 0.0, 0.0, 0.0, 0.0, 0.0, 0.0, 0.0, 0.0, 0.0, 0.0, 0.0, 0.0, 0.0, 0.0, 0.0, 0.0, 0.0, 0.2462, 0.0296, 0.0063, 0.1055, 0.0, 0.0, 0.0, 0.0, 0.0, 0.0, 0.0, 0.0, 0.0]","[0.2654, 0.0, 0.5215, 0.4824, 0.0, 0.4336, 0.5564, 0.9189, 0.9357, 1.325, 1.4296, 1.6857, 1.4461, 1.4645, 1.4315, 1.912, 1.5813, 1.7934, 1.4827, 1.3481, 1.2625, 1.142, 1.2105, 1.4452, 1.6264, 1.6914, 1.9571, 1.8816, 2.0181, 1.8393, 1.5574, 1.5461, 1.2389, 1.3444, 0.9303, 0.778, 1.0861, 1.0746, 1.167, 1.5102, 1.2279, 1.4849, 1.0278, 1.1576, 0.8154, 0.6705, 0.4608, 0.5271, 0.7758, 0.7559, 0.746, 0.3978, 0.7721, 0.7258, 0.8153, 0.7432, 0.7766, 0.745, 0.6399, 0.3744, 0.6546, 0.7194, 0.8256, 1.2362, 0.8712, 0.6905, 0.4786, 0.3407, 0.3584, 0.4612, 0.4238, 0.9229, 0.8725, 0.9136, 1.0019, 1.212, 1.331, 1.3672, 1.57, 0.7506]","[0.0628, 0.1242, -0.2562, -0.0575, 0.1025, -0.232, -0.4603, -0.6659, -0.8037, -1.0204, -1.2828, -1.3561, -1.203, -1.2386, -1.4145, -1.6657, -1.4817, -1.6582, -1.3181, -1.1059, -0.9973, -1.1269, -1.0841, -1.3605, -1.352, -1.5312, -1.6725, -1.8289, -1.9112, -1.6273, -1.3705, -1.4707, -1.1393, -1.2395, -0.8781, -0.7205, -0.8761, -0.8463, -1.0449, -1.1599, -1.1536, -1.2728, -0.9532, -1.0906, -0.7484, -0.5981, -0.3556, -0.4132, -0.5135, -0.589, -0.4435, -0.3334, -0.7292, -0.617, -0.7806, -0.6057, -0.7153, -0.6032, -0.604, -0.318, -0.538, -0.6763, -0.7865, -1.0475, -0.7968, -0.6448, -0.381, -0.1013, -0.0983, -0.1871, -0.1309, -0.5109, -0.5508, -0.8115, -0.8396, -1.148, -1.305, -1.2382, -1.2843, -0.6865]","[0.0, 0.0, 0.0, 0.0, 0.0, 0.0, 0.0, 0.0, 0.0, 0.0, 0.0, 0.0, 0.0279, 0.0434, 0.2514]","[0.773, 0.6247, 0.6921, 0.5788, 0.6564, 0.6651, 0.7123, 0.5982, 0.5153, 0.6097, 0.4097, 0.156, 0.0784, 0.0287, 0.0]","[-0.7157, -0.5404, -0.5814, -0.5173, -0.5631, -0.583, -0.621, -0.504, -0.3659, -0.4166, -0.2509, -0.1299, -0.0335, 0.0219, 0.1889]"
19.73,2024-12-14T11:30:00.000Z,2024-12-14T09:23:00.000Z,22184,GBPUSD,LONG,London Open Liquidity Scalp,0.4359,0.34,45.26,-0.6728,1.2224,1.25488,1.25739,1.25739,1.25488,1.5,1.25577,1.25635,1.25445,1.25776,3.5,1.2,10.0,Trailing SL,127,closed,45.26,0.44,1.25739,1.25488,1.406,0.31,0.7865,1.406,false,false,Monday,9,11,December,2024,2.1167,7620000,1.25445,1.25577,13599.92,13619.65,7.0,0.3328,1.0,false,false,false,8801,London Open Liquidity Scalp — QA 200,"[0.257, 0.1126, 0.2979, 0.0096, 0.4585, 0.0, 0.2067, 0.1143, 0.2881, 0.5787, 0.7672, 0.7667, 1.2224, 0.7709, 0.4285, 0.0, 0.2146, 0.2679, 0.39, 0.5098, 0.8586, 0.7461, 0.5527, 0.7944, 0.6408, 0.4359, 0.4337, 0.3213, 0.3527, 0.7501, 0.3749, 0.6528, 0.3117, 0.6313, 0.7215, 0.4384, 0.4728, 0.1003, 0.5806, 0.4085, 0.525, 0.7608, 1.0376, 1.0797, 0.7338, 0.572, 0.8129, 0.6249, 0.9195, 0.8146, 1.09, 0.5271, 0.5703, 0.5671, 0.2136, 0.3747, 0.5037, 0.5794, 0.3752, 0.6573, 0.6368, 1.0343, 0.7927, 0.6209, 0.3931, 0.5305, 0.2228, 0.1934, 0.1505, 0.0, 0.1128, 0.0, 0.0, 0.0, 0.0, 0.0272, 0.3522, 0.1382, 0.4781, 0.7342]","[0.0, 0.2084, 0.1992, 0.3436, 0.0, 0.3107, 0.1756, 0.2619, 0.104, 0.0, 0.0, 0.0, 0.0, 0.0, 0.0, 0.287, 0.4613, 0.2601, 0.0, 0.0, 0.0, 0.0, 0.0, 0.0, 0.0, 0.0, 0.1245, 0.0, 0.0, 0.0, 0.0, 0.0, 0.0, 0.0, 0.0, 0.0, 0.1686, 0.0243, 0.0, 0.0, 0.0, 0.0, 0.0, 0.0, 0.0, 0.0, 0.0, 0.0, 0.0, 0.0, 0.0, 0.0, 0.0, 0.0, 0.0, 0.0, 0.0, 0.0949, 0.0, 0.0, 0.0, 0.0, 0.0, 0.0, 0.0, 0.0309, 0.308, 0.0, 0.1479, 0.2396, 0.2884, 0.6692, 0.5384, 0.6728, 0.6492, 0.2487, 0.194, 0.0, 0.0, 0.0]","[0.2404, 0.0202, 0.0277, -0.1327, 0.1637, -0.1015, -0.0133, -0.1392, 0.1826, 0.4535, 0.5873, 0.7477, 0.9832, 0.5377, 0.2101, -0.1012, -0.1471, 0.1329, 0.3074, 0.4199, 0.7226, 0.4009, 0.2465, 0.5909, 0.4789, 0.403, 0.1585, 0.2066, 0.2997, 0.4712, 0.2423, 0.3369, 0.2511, 0.5048, 0.5828, 0.272, 0.1941, 0.0455, 0.4053, 0.194, 0.4736, 0.694, 0.8863, 0.8642, 0.579, 0.4602, 0.4537, 0.546, 0.8705, 0.7389, 0.7182, 0.4628, 0.5044, 0.4449, 0.1021, 0.2642, 0.347, 0.1587, 0.2431, 0.5844, 0.4954, 0.6748, 0.6729, 0.3297, 0.3424, 0.2263, -0.0601, 0.1302, -0.0058, -0.1989, -0.1472, -0.4291, -0.5, -0.5211, -0.2431, -0.0257, 0.1265, 0.0613, 0.4404, 0.4359]","[0.6506, 0.5791, 0.6778, 0.517, 0.5189, 0.7262, 0.7921, 0.7687, 0.6581, 0.6263, 0.6128, 0.6555, 0.6666, 0.7947, 0.9658, 1.1383, 1.1155, 1.3649, 1.1773, 1.2655, 1.1879, 1.3365, 1.4015, 1.4023, 1.406]","[0.0, 0.0, 0.0, 0.0, 0.0, 0.0, 0.0, 0.0, 0.0, 0.0, 0.0, 0.0, 0.0, 0.0, 0.0, 0.0, 0.0, 0.0, 0.0, 0.0, 0.0, 0.0, 0.0, 0.0, 0.0]","[0.5405, 0.5358, 0.4929, 0.4802, 0.4864, 0.6332, 0.5588, 0.567, 0.6197, 0.5613, 0.4789, 0.606, 0.6016, 0.7638, 0.9238, 1.1014, 1.093, 1.2524, 1.1525, 1.2267, 1.1212, 1.2931, 1.3607, 1.294, 1.2597]"
44.9,2025-02-14T11:22:00.000Z,2025-02-14T08:28:00.000Z,22185,XAUUSD,SHORT,London Open Liquidity Scalp,0.8214,2.51,54.66,-1.0685,0.3274,2007.523,2007.219,2007.523,2006.745,2.5,2007.29,2006.745,2007.508,2006.745,4.0,2.5,1.0,TP,174,closed,54.66,0.82,2007.219,2007.523,0.3274,2.5089,-0.494,0.0,false,true,Friday,8,11,February,2025,2.9,10440000,2007.508,2007.29,13619.65,13664.55,8.0,0.4013,1.0,false,true,false,8801,London Open Liquidity Scalp — QA 200,"[0.3274, 0.0, 0.0, 0.0, 0.0, 0.145, 0.0, 0.0, 0.0, 0.0, 0.0]","[0.086, 0.1137, 0.294, 0.4475, 0.2428, 0.0, 0.1507, 0.3829, 0.5699, 0.741, 1.0685]","[-0.1237, 0.0819, 0.2009, 0.2951, 0.168, -0.0479, 0.1027, 0.3634, 0.4461, 0.6272, 0.8214]","[0.0, 0.0, 0.0, 0.0, 0.0, 0.0, 0.0, 0.0, 0.0, 0.0, 0.0]","[0.8426, 0.9422, 1.0372, 1.1379, 1.2457, 1.2354, 1.3761, 1.6009, 1.6081, 1.7236, 1.9548]","[0.77, 0.9018, 1.012, 1.1029, 1.2332, 1.2211, 1.3542, 1.4055, 1.5723, 1.7091, 1.876]"
-29.34,2025-08-13T14:56:00.000Z,2025-08-13T13:26:00.000Z,22186,EURUSD,LONG,London Open Liquidity Scalp,-0.7324,0.14,40.06,-1.2008,0.2548,1.10284,1.10691,1.10691,1.10284,2.5,1.1062,1.10415,1.1034,1.11319,3.0,0.8,10.0,MANUAL,90,closed,40.06,0.73,1.10691,1.10284,0.2548,-2.8744,0.9872,0.0,false,true,Wednesday,13,14,August,2025,1.5,5400000,1.1034,1.1062,13664.55,13635.21,6.0,0.2932,1.0,false,false,true,8801,London Open Liquidity Scalp — QA 200,"[0.0, 0.0468, 0.2548, 0.0, 0.0, 0.0, 0.0, 0.0, 0.0, 0.0, 0.0, 0.0, 0.0, 0.0, 0.0, 0.0, 0.0, 0.0]","[0.3686, 0.2114, 0.262, 0.0891, 0.329, 0.6058, 0.8698, 0.5726, 0.6738, 0.7054, 0.5355, 1.0605, 1.2008, 0.8861, 0.9354, 0.682, 0.9756, 1.0571]","[-0.3152, -0.1133, 0.0355, -0.0517, -0.2161, -0.3992, -0.675, -0.4993, -0.4865, -0.5894, -0.459, -0.7334, -0.9844, -0.8101, -0.8552, -0.5523, -0.866, -0.7324]","[0.0, 0.0, 0.0, 0.0, 0.0, 0.0]","[0.7168, 0.5269, 0.6725, 0.6658, 0.473, 0.2749]","[-0.6479, -0.5047, -0.594, -0.5963, -0.4214, -0.2467]"
-50.62,2025-07-10T15:48:00.000Z,2025-07-10T13:02:00.000Z,22187,NQ,SHORT,London Open Liquidity Scalp,-0.9772,0.49,51.8,-0.0894,1.1381,18134.05831,18127.5119,18138.91465,18127.5119,1.5,18133.58153,18138.91465,18138.91465,18125.58184,4.5,0.75,5.0,SL,166,closed,51.8,0.98,18127.5119,18134.05831,1.1381,-0.8586,2.1153,0.9248,true,false,Thursday,13,15,July,2025,2.7667,9960000,18138.91465,18133.58153,13635.21,13584.59,9.0,0.3799,1.0,false,false,true,8801,London Open Liquidity Scalp — QA 200,"[0.3691, 0.5551, 0.6822, 0.708, 0.9162, 0.8538, 0.955, 1.0009, 1.1327, 0.8363, 1.1381]","[0.0894, 0.0, 0.0, 0.0, 0.0, 0.0, 0.0, 0.0, 0.0, 0.0, 0.0]","[-0.1882, -0.3392, -0.6693, -0.6353, -0.7683, -0.772, -0.7915, -0.8179, -1.0298, -0.8164, -0.9772]","[0.8179, 0.8754, 0.9248, 0.8604, 0.7996, 0.899, 0.7384, 0.7622, 0.5301, 0.6617, 0.6261, 0.393, 0.3913, 0.3136, 0.3349, 0.4782, 0.4186, 0.327, 0.3104, 0.1377, 0.0957, 0.13, 0.1461]","[0.0, 0.0, 0.0, 0.0, 0.0, 0.0, 0.0, 0.0, 0.0, 0.0, 0.0, 0.0, 0.0, 0.0, 0.0, 0.0, 0.0, 0.0, 0.0, 0.0, 0.1265, 0.003, 0.0971]","[-0.7979, -0.8265, -0.8626, -0.8324, -0.7402, -0.8349, -0.6902, -0.6774, -0.5037, -0.4578, -0.5086, -0.3751, -0.3532, -0.2654, -0.3013, -0.3948, -0.3566, -0.2634, -0.2661, -0.095, 0.0057, -0.0263, -0.0161]"
45.49,2025-11-07T09:03:00.000Z,2025-11-07T07:13:00.000Z,22188,EURUSD,SHORT,London Open Liquidity Scalp,1.0648,0.35,42.72,-1.2465,0.2408,1.10291,1.1011,1.10291,1.10009,1.5,1.10139,1.10009,1.10261,1.09956,3.0,0.8,10.0,Trailing SL,110,closed,42.72,1.06,1.1011,1.10291,0.2408,4.4219,-0.824,0.0,false,true,Friday,7,9,November,2025,1.8333,6600000,1.10261,1.10139,13584.59,13630.08,6.0,0.3145,1.0,true,false,false,8801,London Open Liquidity Scalp — QA 200,"[0.0333, 0.2094, 0.0, 0.0, 0.0, 0.0, 0.2408, 0.0, 0.0, 0.0, 0.0, 0.0, 0.0, 0.0, 0.0, 0.0, 0.0, 0.0, 0.0, 0.0, 0.0, 0.0]","[0.3327, 0.4052, 0.3077, 0.1614, 0.5254, 0.1925, 0.2122, 0.2284, 0.5315, 0.5273, 0.6291, 0.5361, 0.7125, 0.7907, 0.5715, 1.0764, 0.8034, 1.1835, 0.9214, 1.2465, 1.0825, 1.1273]","[0.1993, 0.0798, 0.1901, 0.0855, 0.3522, 0.1356, 0.1127, 0.1702, 0.4457, 0.4089, 0.4784, 0.4744, 0.5132, 0.5444, 0.5469, 0.9805, 0.7684, 1.1207, 0.8495, 1.1668, 1.0417, 1.0648]","[0.0, 0.0, 0.0, 0.0, 0.0, 0.0, 0.0, 0.0, 0.0, 0.0, 0.0, 0.0, 0.0, 0.0, 0.0, 0.0, 0.0, 0.0]","[1.2397, 1.3525, 1.4746, 1.4496, 1.5113, 1.3546, 1.3716, 1.4063, 1.4802, 1.5389, 1.5327, 1.6392, 1.8346, 2.0043, 1.9166, 1.8973, 1.8296, 1.6944]","[1.2233, 1.2835, 1.4134, 1.4438, 1.4506, 1.3355, 1.3593, 1.3253, 1.3801, 1.4155, 1.5202, 1.6178, 1.7731, 1.8908, 1.8596, 1.822, 1.7651, 1.6785]"
77.69,2024-04-07T17:25:00.000Z,2024-04-07T14:11:00.000Z,22189,USDJPY,SHORT,London Open Liquidity Scalp,1.6505,0.25,47.07,-2.3533,0.2931,151.958,151.417,151.958,151.069,2.0,151.477,151.069,151.681,151.069,3.0,0.9,9.2,TP,194,closed,47.07,1.65,151.417,151.958,0.2931,5.6312,-1.3574,0.0,false,true,Monday,14,17,April,2024,3.2333,11640000,151.681,151.477,13630.08,13707.77,6.0,0.3453,1.0,true,false,true,8801,London Open Liquidity Scalp — QA 200,"[0.2931, 0.0, 0.0, 0.0, 0.0, 0.0, 0.0, 0.0, 0.0, 0.0, 0.0, 0.0, 0.0, 0.0, 0.0, 0.0, 0.0, 0.0, 0.0, 0.0, 0.0, 0.0, 0.0, 0.0, 0.0, 0.0, 0.0, 0.0, 0.0, 0.0, 0.0, 0.0, 0.0, 0.0, 0.0, 0.0, 0.0, 0.0, 0.0, 0.0, 0.0, 0.0, 0.0, 0.0, 0.0, 0.0, 0.0, 0.0, 0.0, 0.0, 0.0, 0.0, 0.0, 0.0, 0.0, 0.0, 0.0, 0.0, 0.0, 0.0, 0.0, 0.0, 0.0, 0.0, 0.0, 0.0, 0.0, 0.0, 0.0, 0.0, 0.0, 0.0, 0.0, 0.0, 0.0, 0.0, 0.0, 0.0, 0.0, 0.0]","[0.0905, 0.5586, 0.6414, 0.5185, 0.5256, 1.0384, 1.3744, 1.4188, 1.0824, 1.2808, 1.1198, 0.92, 1.4376, 1.5291, 1.7658, 1.5218, 1.2551, 0.9618, 1.1301, 1.0352, 1.0393, 1.4393, 1.4149, 1.3409, 1.5728, 1.2441, 1.5437, 1.8725, 1.5652, 1.3028, 1.5213, 1.6081, 1.382, 1.1978, 1.2607, 1.729, 1.8369, 1.7563, 1.7745, 1.4034, 1.224, 1.5038, 1.4539, 1.4547, 1.2198, 1.2715, 0.9736, 0.806, 0.8607, 1.1158, 1.731, 1.6203, 1.6528, 1.3713, 1.5711, 1.1361, 0.9707, 1.2023, 1.2085, 1.5995, 1.5894, 1.3316, 1.7357, 1.9799, 1.8773, 2.3533, 2.0941, 1.9261, 2.1052, 2.2515, 2.0869, 1.9498, 2.0878, 1.7333, 1.8138, 1.5002, 1.3496, 1.1518, 1.2679, 1.8895]","[-0.1084, 0.5103, 0.5271, 0.4975, 0.3952, 0.7507, 1.0486, 1.1864, 1.0344, 0.9319, 1.0719, 0.8419, 1.0878, 1.4074, 1.7163, 1.418, 1.2339, 0.935, 0.8813, 0.9735, 0.9391, 1.2863, 1.3329, 1.1328, 1.3601, 1.2078, 1.5204, 1.6677, 1.5327, 1.2769, 1.4827, 1.564, 1.3293, 1.1117, 0.9486, 1.4055, 1.6288, 1.6652, 1.5856, 1.2925, 1.1804, 1.3854, 1.3315, 1.2437, 1.0931, 1.1466, 0.8578, 0.7241, 0.6455, 1.0464, 1.4764, 1.5833, 1.5965, 1.3352, 1.2946, 1.116, 0.8444, 1.1622, 1.1567, 1.3518, 1.4234, 1.2121, 1.5967, 1.9183, 1.8049, 2.0823, 2.0686, 1.8098, 1.9751, 2.1815, 2.0119, 1.7802, 1.9646, 1.5871, 1.5437, 1.2455, 1.1378, 1.0868, 1.2395, 1.6505]","[0.0, 0.0, 0.0, 0.0, 0.0, 0.0, 0.0, 0.0, 0.0, 0.0, 0.0, 0.0, 0.0, 0.0, 0.0]","[1.6497, 1.7805, 1.7025, 1.8754, 1.7586, 1.8611, 1.8867, 1.939, 2.0126, 1.9812, 1.7932, 1.7866, 1.7954, 1.813, 1.8732]","[1.645, 1.7478, 1.6768, 1.7576, 1.7375, 1.8164, 1.8633, 1.906, 1.8911, 1.8791, 1.7753, 1.7498, 1.6832, 1.7483, 1.8452]"
27.45,2025-03-20T17:35:00.000Z,2025-03-20T15:50:00.000Z,22190,XAUUSD,SHORT,London Open Liquidity Scalp,0.5835,3.31,47.04,-1.4924,0.4556,2065.179,2064.902,2065.179,2064.683,2.0,2064.967,2064.683,2065.109,2064.683,4.0,2.5,1.0,TP,105,closed,47.04,0.58,2064.902,2065.179,0.4556,1.2807,-0.1279,0.0,false,true,Thursday,15,17,March,2025,1.75,6300000,2065.109,2064.967,13707.77,13735.22,8.0,0.3432,1.0,false,false,true,8801,London Open Liquidity Scalp — QA 200,"[0.2099, 0.0, 0.0, 0.0, 0.0, 0.0, 0.0, 0.0, 0.0, 0.0, 0.0, 0.0, 0.0, 0.0, 0.0, 0.0, 0.0, 0.0, 0.0, 0.0, 0.0, 0.0, 0.0, 0.0, 0.0, 0.0, 0.0, 0.0, 0.0, 0.0, 0.0, 0.0, 0.0, 0.0, 0.0, 0.0, 0.0, 0.0, 0.0, 0.0, 0.0, 0.0, 0.0, 0.0, 0.0, 0.0, 0.0, 0.0, 0.0, 0.0, 0.0, 0.0, 0.0, 0.0, 0.0, 0.0, 0.0, 0.0, 0.0, 0.0, 0.0, 0.0, 0.0, 0.0, 0.0, 0.0, 0.0, 0.2655, 0.4556, 0.0, 0.0, 0.0, 0.0, 0.0821, 0.1045, 0.0, 0.0, 0.0, 0.0, 0.0]","[0.2461, 0.5043, 0.6868, 0.5518, 0.4937, 0.4446, 0.201, 0.6767, 0.3891, 0.5351, 0.4834, 0.5202, 0.6593, 0.8273, 0.5971, 1.0968, 1.1055, 1.2614, 0.9817, 0.9112, 1.179, 1.4294, 1.3862, 1.4924, 1.1688, 1.0804, 1.3329, 1.3193, 1.122, 1.16, 1.1255, 1.0259, 1.1381, 1.0431, 1.1066, 0.8927, 0.5923, 0.9739, 1.3661, 1.1478, 1.1338, 0.7504, 0.7009, 0.8301, 0.5408, 0.4243, 0.4575, 0.5132, 0.3581, 0.4628, 0.3355, 0.5503, 0.6545, 0.3503, 0.5777, 0.8785, 0.75, 1.0001, 0.7789, 0.6029, 0.9378, 0.4777, 0.9324, 0.4121, 0.638, 0.463, 0.1144, 0.0, 0.0, 0.2384, 0.13, 0.1438, 0.5182, 0.1369, 0.3071, 0.367, 0.7234, 0.7237, 0.83, 0.6837]","[0.0176, 0.2941, 0.6368, 0.3388, 0.3528, 0.3545, 0.1174, 0.3754, 0.3455, 0.5097, 0.2573, 0.2911, 0.5937, 0.6417, 0.5702, 0.7998, 1.0424, 1.217, 0.8798, 0.845, 1.0305, 1.2675, 1.1973, 1.4035, 0.9642, 1.0306, 1.155, 1.3025, 1.0235, 1.0872, 1.0321, 0.8359, 1.0824, 1.0277, 0.8366, 0.8622, 0.4861, 0.8474, 1.1405, 1.1341, 0.9546, 0.6468, 0.5732, 0.6353, 0.356, 0.2312, 0.3024, 0.3137, 0.2185, 0.2378, 0.2183, 0.4548, 0.4035, 0.3112, 0.459, 0.7078, 0.6472, 0.8739, 0.6433, 0.4804, 0.6342, 0.3786, 0.734, 0.3848, 0.537, 0.2483, 0.0568, -0.2272, -0.3735, 0.171, 0.1121, 0.1071, 0.282, 0.017, 0.03, 0.3226, 0.6368, 0.6901, 0.6845, 0.5835]","[0.0, 0.0, 0.0, 0.0, 0.0, 0.0, 0.0, 0.0, 0.0, 0.0, 0.0, 0.0, 0.0, 0.0, 0.0, 0.0, 0.0, 0.0, 0.0]","[0.8501, 0.7173, 0.6389, 0.85, 0.6941, 0.7698, 0.6168, 0.8869, 0.8632, 0.9463, 1.0125, 1.2237, 1.3273, 1.4026, 1.5641, 1.6945, 1.54, 1.5004, 1.5532]","[0.7045, 0.6974, 0.6066, 0.7673, 0.6559, 0.6696, 0.6014, 0.7264, 0.828, 0.9015, 0.9898, 1.1504, 1.3195, 1.3644, 1.5318, 1.5981, 1.5198, 1.4558, 1.5338]"
47.12,2025-11-26T09:01:00.000Z,2025-11-26T08:11:00.000Z,22191,XAUUSD,LONG,London Open Liquidity Scalp,0.9709,1.9,48.53,-0.3996,1.0034,2070.424,2070.782,2071.037,2070.424,2.0,2070.526,2071.037,2070.27,2071.037,4.0,2.5,1.0,TP,50,closed,48.53,0.97,2070.782,2070.424,1.4741,0.6586,0.0325,1.4741,false,false,Wednesday,8,9,November,2025,0.8333,3000000,2070.27,2070.526,13735.22,13782.34,8.0,0.3533,1.0,false,false,true,8801,London Open Liquidity Scalp — QA 200,"[0.1451, 0.0, 0.2126, 0.2584, 0.804, 0.4959, 0.9719, 1.0034]","[0.3317, 0.3996, 0.1122, 0.0, 0.0, 0.0, 0.0, 0.0]","[-0.0739, -0.2802, -0.0205, 0.2414, 0.5317, 0.445, 0.8733, 0.9709]","[1.1768, 1.3854, 1.4741, 1.4029, 1.448]","[0.0, 0.0, 0.0, 0.0, 0.0]","[1.1243, 1.2804, 1.2618, 1.3257, 1.3883]"
-18.6,2024-04-26T14:50:00.000Z,2024-04-26T09:48:00.000Z,22192,EURUSD,LONG,London Open Liquidity Scalp,-0.3591,0.19,51.8,-1.2092,0.6692,1.1035,1.10855,1.10855,1.1035,1.5,1.10675,1.10406,1.10406,1.11078,3.0,0.8,10.0,SL,302,closed,51.8,0.36,1.10855,1.1035,0.6692,-0.5366,1.0283,0.3876,true,true,Friday,9,14,April,2024,5.0333,18120000,1.10406,1.10675,13782.34,13763.74,6.0,0.3758,1.0,false,false,false,8801,London Open Liquidity Scalp — QA 200,"[0.5024, 0.6692, 0.56, 0.2836, 0.0019, 0.2757, 0.0, 0.0481, 0.0, 0.1003, 0.0, 0.0, 0.0, 0.0, 0.0, 0.0, 0.0, 0.0, 0.0, 0.0, 0.0, 0.0, 0.0395, 0.0562, 0.0, 0.0, 0.1507, 0.0, 0.152, 0.1863, 0.5247, 0.2755, 0.1471, 0.1329, 0.1705, 0.0, 0.0, 0.0, 0.0, 0.013, 0.1764, 0.0, 0.0, 0.0, 0.0, 0.0, 0.0, 0.0, 0.0, 0.0, 0.0, 0.043, 0.095, 0.0, 0.0, 0.0, 0.0, 0.0, 0.0, 0.0, 0.0, 0.0, 0.0, 0.0, 0.0, 0.0, 0.0, 0.0, 0.0, 0.0, 0.0, 0.0, 0.0, 0.0, 0.0, 0.0, 0.0, 0.0, 0.0, 0.0365]","[0.0, 0.0, 0.0, 0.2624, 0.4261, 0.0696, 0.2783, 0.054, 0.3736, 0.0031, 0.3863, 0.5801, 0.6076, 0.5134, 0.8072, 0.6239, 0.7672, 0.8531, 0.3778, 0.5935, 0.6357, 0.8244, 0.2901, 0.4595, 0.3463, 0.6193, 0.5886, 0.2121, 0.0042, 0.0, 0.0, 0.0, 0.0, 0.0162, 0.335, 0.4462, 0.6637, 0.3144, 0.3616, 0.2563, 0.1866, 0.4474, 0.7252, 0.6729, 1.1484, 0.7332, 0.3267, 0.7856, 1.0477, 0.4489, 0.3953, 0.1393, 0.1691, 0.6799, 0.5155, 0.8451, 0.5416, 0.6862, 0.5281, 0.0899, 0.2082, 0.4982, 0.2515, 0.5479, 0.9181, 0.6477, 0.3044, 0.5738, 0.8541, 1.0136, 1.0616, 1.2092, 0.866, 0.9703, 0.7916, 0.871, 0.6439, 0.7952, 0.7611, 0.7827]","[0.3027, 0.5248, 0.4352, 0.0888, -0.2544, 0.0624, -0.2478, 0.0027, -0.2817, 0.0568, -0.3491, -0.2707, -0.3543, -0.425, -0.6619, -0.4659, -0.5957, -0.688, -0.3622, -0.3709, -0.4891, -0.5732, -0.1938, -0.2296, -0.2527, -0.5385, -0.2472, -0.1785, 0.0902, 0.1536, 0.2881, 0.1512, 0.0908, 0.0582, -0.0997, -0.2675, -0.4528, -0.2936, -0.2212, -0.1997, -0.0002, -0.3534, -0.6605, -0.6272, -0.8611, -0.5845, -0.2337, -0.4735, -0.7453, -0.4066, -0.3454, -0.0863, 0.0043, -0.3598, -0.4826, -0.6332, -0.3653, -0.5413, -0.3946, -0.0645, -0.1097, -0.2306, -0.2173, -0.5023, -0.8045, -0.5513, -0.1709, -0.4554, -0.7855, -0.9891, -0.9685, -1.0783, -0.6818, -0.8062, -0.5078, -0.6273, -0.6073, -0.6539, -0.4413, -0.3591]","[0.0, 0.0, 0.0, 0.0, 0.0, 0.0, 0.0, 0.0, 0.0, 0.0, 0.0, 0.0, 0.0, 0.0126, 0.1046, 0.0, 0.0821, 0.2467, 0.3511, 0.309, 0.2922, 0.1951, 0.1502, 0.2117, 0.3876]","[0.4652, 0.3694, 0.3027, 0.3071, 0.3594, 0.403, 0.5593, 0.5694, 0.6014, 0.5602, 0.3818, 0.4252, 0.3048, 0.1172, 0.2045, 0.0952, 0.0, 0.0, 0.0, 0.0, 0.0, 0.0, 0.0, 0.0, 0.0]","[-0.3585, -0.2509, -0.2603, -0.2192, -0.3023, -0.3499, -0.4576, -0.4808, -0.4862, -0.5052, -0.3703, -0.344, -0.2266, -0.0636, -0.0666, -0.0781, 0.0671, 0.0907, 0.2248, 0.1307, 0.203, 0.119, 0.105, 0.158, 0.2365]"
40.87,2024-07-02T18:07:00.000Z,2024-07-02T14:11:00.000Z,22193,NQ,LONG,London Open Liquidity Scalp,0.978,0.45,41.79,-0.0232,2.0366,18325.04405,18334.5637,18334.5637,18325.04405,1.5,18325.15127,18332.08373,18320.52963,18332.08373,4.5,0.75,5.0,TP,236,closed,41.79,0.98,18334.5637,18325.04405,2.0366,0.4802,1.0586,1.6193,false,false,Tuesday,14,18,July,2024,3.9333,14160000,18320.52963,18325.15127,13763.74,13804.61,9.0,0.3036,1.0,false,true,false,8801,London Open Liquidity Scalp — QA 200,"[0.2277, 0.5728, 0.846, 0.6989, 0.9236, 0.9878, 0.8953, 1.347, 1.207, 1.4578, 1.0313, 1.2702, 1.6593, 1.7044, 1.3439, 1.4425, 1.2248, 1.331, 1.5471, 1.7689, 1.9119, 1.7432, 1.608, 1.8901, 1.5433, 1.6368, 1.7566, 1.7757, 1.5336, 1.9721, 1.6657, 1.8985, 1.8882, 1.6965, 1.889, 1.4642, 1.7518, 1.8515, 1.8774, 2.0366, 2.0209, 1.7887, 1.7194, 1.9174, 1.7574, 1.6463, 1.0266]","[0.0232, 0.0, 0.0, 0.0, 0.0, 0.0, 0.0, 0.0, 0.0, 0.0, 0.0, 0.0, 0.0, 0.0, 0.0, 0.0, 0.0, 0.0, 0.0, 0.0, 0.0, 0.0, 0.0, 0.0, 0.0, 0.0, 0.0, 0.0, 0.0, 0.0, 0.0, 0.0, 0.0, 0.0, 0.0, 0.0, 0.0, 0.0, 0.0, 0.0, 0.0, 0.0, 0.0, 0.0, 0.0, 0.0, 0.0]","[0.0984, 0.3512, 0.7314, 0.6655, 0.6631, 0.8334, 0.83, 1.2012, 1.168, 1.1274, 0.9529, 1.2216, 1.4105, 1.4989, 1.2788, 1.0459, 1.0212, 1.2376, 1.3785, 1.6491, 1.8502, 1.6484, 1.5916, 1.5677, 1.3434, 1.4191, 1.6584, 1.688, 1.4402, 1.7438, 1.618, 1.8486, 1.8146, 1.6275, 1.732, 1.3888, 1.647, 1.6898, 1.8336, 1.7787, 1.8979, 1.6912, 1.6141, 1.7282, 1.4395, 1.5765, 0.978]","[1.022, 0.8811, 0.9947, 1.1111, 1.0783, 1.2175, 1.2677, 1.2478, 1.3271, 1.3556, 1.3545, 1.2777, 1.2861, 1.2691, 1.4704, 1.5328, 1.6193, 1.574]","[0.0, 0.0, 0.0, 0.0, 0.0, 0.0, 0.0, 0.0, 0.0, 0.0, 0.0, 0.0, 0.0, 0.0, 0.0, 0.0, 0.0, 0.0]","[0.9405, 0.8376, 0.9641, 1.0776, 1.0005, 1.0887, 1.173, 1.2221, 1.2104, 1.2723, 1.1905, 1.2413, 1.1322, 1.2182, 1.3911, 1.485, 1.5293, 1.4731]"
60.39,2024-05-04T13:02:00.000Z,2024-05-04T09:04:00.000Z,22194,EURUSD,LONG,London Open Liquidity Scalp,1.3559,0.21,44.54,-0.0,2.309,1.06798,1.07287,1.07287,1.06798,2.0,1.06798,1.07222,1.06586,1.07222,3.0,0.8,10.0,TP,238,closed,44.54,1.36,1.07287,1.06798,2.309,0.5872,0.9531,2.0488,false,false,Monday,9,13,May,2024,3.9667,14280000,1.06586,1.06798,13804.61,13865.0,6.0,0.3226,1.0,true,false,true,8801,London Open Liquidity Scalp — QA 200,"[0.4449, 0.482, 0.7998, 0.9522, 1.0456, 1.0498, 1.2041, 1.2888, 1.1652, 1.1798, 1.5863, 1.8782, 1.7164, 1.4582, 1.5316, 1.4287, 1.773, 1.4787, 1.3544, 1.2913, 1.305, 1.2584, 1.0903, 0.9361, 1.3615, 1.5618, 1.8078, 1.4405, 1.4749, 1.5714, 1.4769, 1.8117, 1.8383, 2.2148, 2.0062, 1.9891, 2.0582, 1.7234, 1.7122, 1.8298, 1.4179, 1.737, 1.9497, 1.9841, 1.629, 1.4933, 1.3941, 1.9957, 2.0475, 1.6066, 1.2317, 1.0685, 1.3508, 1.7879, 1.3961, 1.3271, 1.6119, 1.6791, 2.309, 2.0577, 1.8071, 2.0652, 1.9045, 1.7551, 2.1292, 1.7182, 1.7011, 1.8138, 1.8843, 1.4847, 1.7767, 1.7698, 1.4769, 1.3254, 1.0833, 0.9796, 1.033, 1.2504, 1.472, 1.524]","[0.0, 0.0, 0.0, 0.0, 0.0, 0.0, 0.0, 0.0, 0.0, 0.0, 0.0, 0.0, 0.0, 0.0, 0.0, 0.0, 0.0, 0.0, 0.0, 0.0, 0.0, 0.0, 0.0, 0.0, 0.0, 0.0, 0.0, 0.0, 0.0, 0.0, 0.0, 0.0, 0.0, 0.0, 0.0, 0.0, 0.0, 0.0, 0.0, 0.0, 0.0, 0.0, 0.0, 0.0, 0.0, 0.0, 0.0, 0.0, 0.0, 0.0, 0.0, 0.0, 0.0, 0.0, 0.0, 0.0, 0.0, 0.0, 0.0, 0.0, 0.0, 0.0, 0.0, 0.0, 0.0, 0.0, 0.0, 0.0, 0.0, 0.0, 0.0, 0.0, 0.0, 0.0, 0.0, 0.0, 0.0, 0.0, 0.0, 0.0]","[0.3991, 0.451, 0.6716, 0.835, 0.8581, 0.964, 1.1707, 1.0392, 0.9622, 1.1232, 1.4846, 1.7413, 1.5913, 1.4285, 1.4458, 1.2275, 1.4027, 1.2265, 1.2286, 1.2169, 1.1687, 1.0185, 1.0357, 0.8994, 1.1498, 1.4991, 1.6901, 1.3104, 1.3864, 1.4084, 1.4103, 1.5163, 1.7742, 1.9008, 1.7035, 1.841, 1.9734, 1.5676, 1.6181, 1.7061, 1.2913, 1.6201, 1.9336, 1.8236, 1.4294, 1.2821, 1.3211, 1.5842, 1.8283, 1.4056, 1.1362, 0.847, 1.2837, 1.4096, 1.3425, 1.2887, 1.4388, 1.633, 1.9415, 2.0097, 1.775, 1.917, 1.7698, 1.6052, 1.8095, 1.6648, 1.555, 1.4736, 1.5923, 1.3762, 1.5779, 1.6605, 1.379, 1.1228, 0.9374, 0.8803, 0.9556, 1.0281, 1.4041, 1.3559]","[1.5931, 1.6425, 1.7008, 1.6722, 1.5687, 1.6174, 1.5793, 1.5735, 1.685, 1.6543, 1.6111, 1.6681, 1.7749, 1.7333, 1.9611, 2.0488, 2.0115]","[0.0, 0.0, 0.0, 0.0, 0.0, 0.0, 0.0, 0.0, 0.0, 0.0, 0.0, 0.0, 0.0, 0.0, 0.0, 0.0, 0.0]","[1.3829, 1.467, 1.5177, 1.5346, 1.5249, 1.5566, 1.5669, 1.5336, 1.5811, 1.6243, 1.5827, 1.6116, 1.5816, 1.6794, 1.7672, 1.8991, 1.9777]"
-28.01,2025-09-12T12:35:00.000Z,2025-09-12T08:48:00.000Z,22195,GBPUSD,SHORT,London Open Liquidity Scalp,-0.619,0.34,45.25,-0.3546,0.9868,1.2499,1.24812,1.25025,1.24812,2.5,1.24943,1.25025,1.25076,1.24611,3.5,1.2,10.0,STOP_OUT,227,closed,45.25,0.62,1.24812,1.2499,0.9868,-0.6273,1.6058,0.5265,true,false,Friday,8,12,September,2025,3.7833,13620000,1.25076,1.24943,13865.0,13836.99,7.0,0.3264,1.0,false,false,true,8801,London Open Liquidity Scalp — QA 200,"[0.121, 0.0, 0.5256, 0.5116, 0.9231, 0.6838, 0.8615, 0.9868, 0.9221, 0.4107, 0.5105, 0.2377, 0.0, 0.0, 0.7937]","[0.2885, 0.1822, 0.0696, 0.0, 0.0, 0.0, 0.0, 0.0, 0.0, 0.0, 0.0, 0.0, 0.1634, 0.3546, 0.0]","[0.0492, 0.1635, -0.2543, -0.428, -0.697, -0.4717, -0.613, -0.9559, -0.6821, -0.369, -0.4577, -0.1559, 0.1277, 0.2137, -0.619]","[0.5265, 0.3396, 0.2908, 0.3136, 0.2878, 0.3628, 0.3189, 0.2642, 0.2493, 0.2811, 0.1313, 0.0388, 0.1322, 0.3906, 0.162, 0.2182, 0.3033]","[0.0, 0.0, 0.0354, 0.0, 0.0, 0.0, 0.0, 0.0, 0.0, 0.0, 0.0, 0.0338, 0.0502, 0.0, 0.0, 0.0, 0.0]","[-0.4479, -0.3091, -0.1736, -0.2005, -0.2628, -0.2976, -0.2704, -0.1739, -0.2032, -0.2083, -0.081, 0.0051, -0.0688, -0.179, -0.1275, -0.207, -0.1663]"
31.27,2025-12-10T09:48:00.000Z,2025-12-10T07:23:00.000Z,22196,USDJPY,LONG,London Open Liquidity Scalp,0.7167,0.24,43.63,-0.3621,1.3486,150.846,151.178,151.402,150.846,2.5,150.916,151.402,150.721,151.402,3.0,0.9,9.2,TP,145,closed,43.63,0.72,151.178,150.846,1.666,0.4302,0.6319,1.666,false,false,Wednesday,7,9,December,2025,2.4167,8700000,150.721,150.916,13836.99,13868.26,6.0,0.3153,1.0,false,false,true,8801,London Open Liquidity Scalp — QA 200,"[0.1131, 0.0495, 0.3894, 0.4689, 0.3958, 0.6384, 0.2771, 0.0391, 0.2708, 0.0387, 0.5154, 0.9267, 0.7592, 0.5475, 0.4461, 0.6094, 0.3627, 0.6488, 0.9482, 0.9004, 0.6258, 0.8963, 1.0213, 0.8688, 0.7854, 0.6991, 1.0478, 0.4589, 1.1065, 0.8487, 0.8654, 0.4266, 0.8128, 0.5774, 0.758, 0.4585, 0.664, 0.3327, 0.5231, 0.3289, 0.2008, 0.4533, 0.5342, 0.1876, 0.9097, 0.6421, 0.755, 0.9453, 1.0745, 0.8182, 0.7159, 1.1455, 1.0042, 0.7227, 0.6072, 0.7536, 0.7638, 0.855, 0.9074, 1.1618, 0.993, 1.0701, 0.8094, 0.7773, 1.124, 1.214, 1.0219, 1.2319, 1.1966, 0.8138, 1.053, 0.9802, 1.1801, 1.3486, 0.7387, 0.8617, 1.1105, 1.0236, 0.6319, 0.8002]","[0.0128, 0.3621, 0.0, 0.0, 0.0, 0.0, 0.1609, 0.2166, 0.0967, 0.0733, 0.0, 0.0, 0.0, 0.0, 0.0, 0.0, 0.0, 0.0, 0.0, 0.0, 0.0, 0.0, 0.0, 0.0, 0.0, 0.0, 0.0, 0.0, 0.0, 0.0, 0.0, 0.0, 0.0, 0.0, 0.0, 0.0, 0.0, 0.0, 0.0, 0.0, 0.1309, 0.0, 0.0, 0.0903, 0.0, 0.0, 0.0, 0.0, 0.0, 0.0, 0.0, 0.0, 0.0, 0.0, 0.0, 0.0, 0.0, 0.0, 0.0, 0.0, 0.0, 0.0, 0.0, 0.0, 0.0, 0.0, 0.0, 0.0, 0.0, 0.0, 0.0, 0.0, 0.0, 0.0, 0.0, 0.0, 0.0, 0.0, 0.0, 0.0]","[0.03, -0.039, 0.2528, 0.2925, 0.2473, 0.3662, 0.1564, -0.0363, 0.1003, -0.0093, 0.3425, 0.7346, 0.6476, 0.3179, 0.4031, 0.4432, 0.2528, 0.4987, 0.8168, 0.8787, 0.5132, 0.6563, 0.9472, 0.657, 0.7613, 0.5889, 0.7038, 0.4233, 0.7952, 0.7713, 0.6092, 0.3789, 0.7558, 0.464, 0.6851, 0.3695, 0.4055, 0.2408, 0.4731, 0.2525, -0.0338, 0.3829, 0.4203, 0.1258, 0.5352, 0.5756, 0.6016, 0.8356, 0.9968, 0.7518, 0.6888, 1.0355, 0.9298, 0.6218, 0.3306, 0.3815, 0.4323, 0.7919, 0.7889, 1.035, 0.8498, 1.0016, 0.689, 0.703, 0.7986, 1.0024, 0.9448, 1.1339, 0.9472, 0.6765, 0.9447, 0.7632, 0.8408, 1.0146, 0.6547, 0.7503, 1.0563, 0.7424, 0.6071, 0.7167]","[0.7909, 0.7937, 0.7267, 0.8848, 0.7829, 1.0044, 0.9119, 1.1192, 1.1527, 1.0707, 0.9965, 1.0506, 1.1372, 1.1537, 1.2465, 1.1688, 1.2488, 1.488, 1.4532, 1.666]","[0.0, 0.0, 0.0, 0.0, 0.0, 0.0, 0.0, 0.0, 0.0, 0.0, 0.0, 0.0, 0.0, 0.0, 0.0, 0.0, 0.0, 0.0, 0.0, 0.0]","[0.6856, 0.7571, 0.6915, 0.8296, 0.7452, 0.8889, 0.8411, 0.8997, 1.0315, 0.9185, 0.8728, 1.0169, 1.1206, 1.0748, 1.1187, 1.0983, 1.2008, 1.2964, 1.3995, 1.458]"
56.67,2024-08-08T15:53:00.000Z,2024-08-08T10:03:00.000Z,22197,EURUSD,SHORT,London Open Liquidity Scalp,1.2968,0.22,43.7,-2.0159,0.0,1.08842,1.08434,1.08842,1.08171,2.0,1.08434,1.08171,1.08637,1.08029,3.0,0.8,10.0,Trailing SL,350,closed,43.7,1.3,1.08434,1.08842,0.0,0.0,-1.2968,0.0,false,true,Thursday,10,15,August,2024,5.8333,21000000,1.08637,1.08434,13868.26,13924.93,6.0,0.3151,1.0,false,false,true,8801,London Open Liquidity Scalp — QA 200,"[0.0, 0.0, 0.0, 0.0, 0.0, 0.0, 0.0, 0.0, 0.0, 0.0, 0.0, 0.0, 0.0, 0.0, 0.0, 0.0, 0.0, 0.0, 0.0, 0.0, 0.0, 0.0, 0.0]","[0.3598, 0.639, 0.4801, 0.8792, 1.1358, 1.3621, 1.1715, 1.0528, 1.3495, 1.6952, 1.7624, 1.5984, 1.6287, 1.6199, 1.5364, 1.4992, 1.6825, 1.9633, 2.0159, 1.7734, 1.3379, 1.7346, 1.4226]","[0.283, 0.5837, 0.4052, 0.8019, 1.0865, 1.3216, 1.0934, 0.9487, 1.3218, 1.5211, 1.7211, 1.5437, 1.4338, 1.5985, 1.4746, 1.4306, 1.6378, 1.8091, 1.7378, 1.5725, 1.2816, 1.4228, 1.2968]","[0.0, 0.0, 0.0, 0.0, 0.0, 0.0]","[1.5314, 1.5235, 1.7286, 1.7689, 1.6904, 1.6593]","[1.4249, 1.4626, 1.5855, 1.7415, 1.6543, 1.6108]"
34.09,2025-09-12T14:10:00.000Z,2025-09-12T10:41:00.000Z,22198,GBPUSD,LONG,London Open Liquidity Scalp,0.7322,0.18,46.56,-0.2131,1.7634,1.28527,1.29048,1.29048,1.28527,1.5,1.28583,1.28776,1.28319,1.28979,3.5,1.2,10.0,Trailing SL,209,closed,46.56,0.73,1.29048,1.28527,1.8629,0.393,1.0312,1.8629,false,false,Friday,10,14,September,2025,3.4833,12540000,1.28319,1.28583,13924.93,13959.02,7.0,0.3344,1.0,false,false,true,8801,London Open Liquidity Scalp — QA 200,"[0.0, 0.2908, 0.0559, 0.3267, 0.0474, 0.1663, 0.283, 0.1944, 0.4538, 0.7708, 0.9002, 0.56, 0.5245, 1.0653, 1.0276, 1.2951, 0.8766, 1.0621, 0.983, 1.0341, 1.3804, 1.08, 0.8555, 0.9185, 1.4531, 1.4488, 1.6079, 1.41, 1.379, 1.5472, 1.1055, 0.8699, 1.0848, 1.0797, 0.8698, 0.7007, 0.4179, 0.5441, 0.8049, 0.4818, 0.6477, 0.5503, 0.7975, 1.254, 0.93, 0.6506, 0.7373, 0.9553, 1.4177, 1.3814, 1.118, 1.0756, 1.1961, 1.591, 1.7409, 1.7404, 1.7634, 1.4448, 1.704, 1.7376, 1.6916, 1.4991, 1.6747, 1.3178, 1.7359, 1.6142, 1.6038, 1.2976, 1.0017, 0.9296, 1.2971, 0.7786, 1.0041, 0.8504, 0.9229, 0.703, 0.5142, 0.7429, 0.7644, 0.7792]","[0.1867, 0.0337, 0.1565, 0.0, 0.1968, 0.1217, 0.0, 0.2131, 0.0, 0.0, 0.0, 0.0, 0.0, 0.0, 0.0, 0.0, 0.0, 0.0, 0.0, 0.0, 0.0, 0.0, 0.0, 0.0, 0.0, 0.0, 0.0, 0.0, 0.0, 0.0, 0.0, 0.0, 0.0, 0.0, 0.0, 0.0, 0.0, 0.0, 0.0, 0.0, 0.0, 0.0, 0.0, 0.0, 0.0, 0.0, 0.0, 0.0, 0.0, 0.0, 0.0, 0.0, 0.0, 0.0, 0.0, 0.0, 0.0, 0.0, 0.0, 0.0, 0.0, 0.0, 0.0, 0.0, 0.0, 0.0, 0.0, 0.0, 0.0, 0.0, 0.0, 0.0, 0.0, 0.0, 0.0, 0.0, 0.0, 0.0, 0.0, 0.0]","[-0.1208, 0.1814, -0.0491, 0.1746, -0.0945, 0.0149, 0.2396, -0.0533, 0.1983, 0.4402, 0.7355, 0.4641, 0.4604, 0.8092, 0.8907, 0.97, 0.6545, 0.8273, 0.8007, 0.9816, 1.0469, 1.0497, 0.7772, 0.8575, 1.1556, 1.3268, 1.5421, 1.2118, 1.2751, 1.4094, 0.9712, 0.7868, 0.971, 0.8312, 0.8001, 0.6171, 0.2982, 0.4628, 0.6397, 0.353, 0.4706, 0.51, 0.6561, 0.9996, 0.7221, 0.4754, 0.706, 0.852, 1.0835, 1.2613, 0.8747, 0.7899, 1.1253, 1.3706, 1.4563, 1.4472, 1.4844, 1.4281, 1.5686, 1.5755, 1.636, 1.417, 1.5488, 1.2769, 1.5285, 1.4049, 1.4888, 1.0538, 0.8321, 0.7475, 0.9116, 0.7347, 0.8977, 0.8226, 0.6529, 0.3528, 0.3012, 0.6572, 0.6677, 0.7322]","[0.9606, 1.06, 1.0117, 0.9863, 1.1383, 1.3246, 1.3186, 1.3458, 1.3131, 1.3947, 1.4788, 1.3685, 1.2695, 1.4368, 1.3267, 1.3681, 1.4909, 1.6594, 1.8059, 1.8153, 1.8629, 1.792]","[0.0, 0.0, 0.0, 0.0, 0.0, 0.0, 0.0, 0.0, 0.0, 0.0, 0.0, 0.0, 0.0, 0.0, 0.0, 0.0, 0.0, 0.0, 0.0, 0.0, 0.0, 0.0]","[0.8904, 0.8794, 0.9909, 0.9424, 1.0264, 1.2046, 1.1952, 1.1518, 1.284, 1.3631, 1.2776, 1.2372, 1.2294, 1.3536, 1.2857, 1.2994, 1.3631, 1.5245, 1.6499, 1.7364, 1.6368, 1.7144]"
55.52,2024-03-06T12:51:00.000Z,2024-03-06T08:28:00.000Z,22199,XAUUSD,SHORT,London Open Liquidity Scalp,1.1169,2.49,49.71,-1.8362,0.1873,2021.505,2021.101,2021.505,2020.915,2.5,2021.138,2020.915,2021.338,2020.638,4.0,2.5,1.0,Trailing SL,263,closed,49.71,1.12,2021.101,2021.505,0.1873,5.9632,-0.9296,0.0,false,true,Wednesday,8,12,March,2024,4.3833,15780000,2021.338,2021.138,13959.02,14014.54,8.0,0.3561,1.0,false,false,true,8801,London Open Liquidity Scalp — QA 200,"[0.0, 0.1873, 0.0, 0.0, 0.0, 0.0, 0.0, 0.0, 0.0, 0.0, 0.0, 0.0, 0.0, 0.0, 0.0, 0.0, 0.0, 0.0, 0.0, 0.0, 0.0, 0.0, 0.0, 0.0, 0.0, 0.0, 0.0, 0.0, 0.0, 0.0, 0.0, 0.0, 0.0, 0.0, 0.0, 0.0, 0.0, 0.0, 0.0, 0.0, 0.0, 0.0, 0.0, 0.0, 0.0, 0.0, 0.0, 0.0, 0.0, 0.0, 0.0, 0.0, 0.0, 0.0, 0.0, 0.0, 0.0, 0.0, 0.0, 0.0, 0.0, 0.0, 0.0, 0.0, 0.0, 0.0, 0.0, 0.0, 0.0, 0.0, 0.0, 0.0, 0.0, 0.0, 0.0, 0.0, 0.0, 0.0, 0.0, 0.0]","[0.3495, 0.2192, 0.7387, 0.9106, 0.7059, 0.5566, 0.2593, 0.6379, 0.4944, 0.8958, 0.9911, 0.8986, 0.8991, 1.3599, 0.8848, 0.9768, 1.2745, 1.62, 1.4905, 1.2876, 1.109, 1.1784, 1.4325, 1.1955, 1.3623, 1.3027, 1.5914, 1.3412, 1.5864, 1.7855, 1.8362, 1.425, 1.5878, 1.7469, 1.5695, 1.4599, 1.7571, 1.6832, 1.215, 1.3022, 1.0314, 1.3349, 1.1519, 1.5391, 1.2124, 1.4657, 1.3054, 0.9644, 0.9786, 1.2845, 1.0255, 1.2066, 1.4346, 1.1663, 1.2777, 1.0122, 1.2111, 1.2955, 1.2475, 1.0968, 1.1581, 1.2, 1.067, 0.8188, 1.1235, 0.9253, 1.5958, 1.0981, 1.0283, 1.2842, 0.9981, 0.6887, 1.2421, 0.8317, 1.0831, 1.1656, 1.1791, 1.4031, 1.2491, 1.2639]","[0.276, 0.0798, 0.5458, 0.7049, 0.6396, 0.3908, 0.1782, 0.5824, 0.3197, 0.7165, 0.9581, 0.7891, 0.8539, 1.1593, 0.8227, 0.8868, 1.2159, 1.4235, 1.3253, 1.1824, 1.0343, 1.0126, 1.3012, 1.1535, 1.2675, 1.294, 1.5388, 1.2898, 1.5601, 1.6941, 1.5993, 1.2258, 1.5282, 1.5136, 1.5199, 1.3803, 1.5821, 1.3469, 0.9829, 1.2186, 0.927, 1.0204, 1.0965, 1.4484, 1.1825, 1.4242, 1.2084, 0.8759, 0.8385, 1.1365, 0.9173, 1.0995, 1.2841, 1.1217, 1.1172, 0.8864, 1.0506, 0.9847, 1.2195, 0.9117, 0.9122, 1.0881, 0.9751, 0.7154, 0.9937, 0.8728, 1.2262, 1.0805, 0.8812, 1.1713, 0.9443, 0.625, 1.0058, 0.7159, 0.9032, 1.0488, 0.8531, 1.1719, 1.1991, 1.1169]","[0.0, 0.0, 0.0, 0.0, 0.0, 0.0, 0.0, 0.0, 0.0, 0.0]","[1.2317, 1.2686, 1.2837, 1.4362, 1.3644, 1.4826, 1.46, 1.5294, 1.4725, 1.5724]","[1.142, 1.2234, 1.2577, 1.4029, 1.3108, 1.3715, 1.3066, 1.4734, 1.4063, 1.5625]"
70.76,2024-12-06T13:23:00.000Z,2024-12-06T07:49:00.000Z,22200,NQ,LONG,London Open Liquidity Scalp,1.462,0.51,48.4,-0.0,1.9967,18583.00904,18592.47858,18592.49423,18583.00904,2.0,18583.00904,18592.49423,18578.26644,18592.49423,4.5,0.75,5.0,TP,334,closed,48.4,1.46,18592.47858,18583.00904,1.9967,0.7322,0.5347,1.7507,false,false,Friday,7,13,December,2024,5.5667,20040000,18578.26644,18583.00904,14014.54,14085.3,9.0,0.3454,1.0,false,false,true,8801,London Open Liquidity Scalp — QA 200,"[0.4234, 0.318, 0.5748, 0.9539, 1.1822, 1.193, 0.9814, 1.5002, 1.777, 1.9584, 1.8062, 1.5873, 1.2674, 1.1148, 1.2884, 1.5778, 1.2255, 1.3866, 1.0954, 1.4372, 1.4152, 1.1002, 1.4598, 1.8421, 1.6422, 1.6336, 1.5078, 1.8245, 1.5253, 1.7871, 1.3801, 1.5239, 1.3575, 1.5473, 1.2061, 1.0395, 0.9166, 0.9416, 0.7999, 0.7338, 0.9682, 1.436, 1.0618, 1.07, 1.0044, 0.873, 0.9811, 1.4688, 1.3144, 1.0784, 1.1956, 1.8401, 1.5694, 1.1814, 1.3409, 1.3621, 1.7151, 1.2729, 1.2464, 1.5887, 1.5939, 1.516, 1.7125, 1.4158, 1.0911, 1.127, 0.9889, 0.7345, 0.9389, 1.2041, 1.021, 1.0632, 1.2054, 1.601, 1.4662, 1.8888, 1.9967, 1.7428, 1.9443, 1.5672]","[0.0, 0.0, 0.0, 0.0, 0.0, 0.0, 0.0, 0.0, 0.0, 0.0, 0.0, 0.0, 0.0, 0.0, 0.0, 0.0, 0.0, 0.0, 0.0, 0.0, 0.0, 0.0, 0.0, 0.0, 0.0, 0.0, 0.0, 0.0, 0.0, 0.0, 0.0, 0.0, 0.0, 0.0, 0.0, 0.0, 0.0, 0.0, 0.0, 0.0, 0.0, 0.0, 0.0, 0.0, 0.0, 0.0, 0.0, 0.0, 0.0, 0.0, 0.0, 0.0, 0.0, 0.0, 0.0, 0.0, 0.0, 0.0, 0.0, 0.0, 0.0, 0.0, 0.0, 0.0, 0.0, 0.0, 0.0, 0.0, 0.0, 0.0, 0.0, 0.0, 0.0, 0.0, 0.0, 0.0, 0.0, 0.0, 0.0, 0.0]","[0.2607, 0.2464, 0.5235, 0.8209, 1.1671, 1.148, 0.9164, 1.3179, 1.5338, 1.788, 1.5905, 1.5425, 1.2303, 1.088, 1.1881, 1.3728, 1.1701, 1.1872, 0.8924, 1.2211, 1.3871, 1.0532, 1.2864, 1.6648, 1.5563, 1.482, 1.4697, 1.7684, 1.4019, 1.6013, 1.2761, 1.3046, 1.0468, 1.2762, 1.0077, 0.9473, 0.9011, 0.8833, 0.6516, 0.495, 0.9187, 1.2923, 0.9723, 0.8746, 0.8317, 0.7679, 0.6563, 1.106, 1.1467, 1.0555, 1.1689, 1.5147, 1.193, 1.1011, 1.0698, 1.286, 1.505, 1.178, 1.142, 1.2905, 1.4464, 1.4266, 1.4513, 1.2327, 1.0388, 0.8855, 0.7468, 0.6117, 0.7846, 0.9615, 0.9055, 0.8406, 1.0996, 1.4252, 1.4381, 1.6555, 1.9346, 1.6092, 1.863, 1.462]","[1.536, 1.5139, 1.4799, 1.3728, 1.5455, 1.6486, 1.7507, 1.7343]","[0.0, 0.0, 0.0, 0.0, 0.0, 0.0, 0.0, 0.0]","[1.5118, 1.4104, 1.4711, 1.3548, 1.5175, 1.5992, 1.7274, 1.643]"
