=== CANARY KEY-AUTH SHIP === build_id=20260730b109 sha=53b3b6b7bc4082d8b6bf93541a6ab4988558d9fa
=== -1. measurement interlock ===
MEASUREMENT_IN_PROGRESS=no
=== 0. DEPLOY-IN-PROGRESS + restore point ===
captured_at=2026-07-30T10:34:01Z
homepage=talaria-homepage:canary-20260730b108
chart=talaria-trading-chart:canary-20260730b108
worker=talaria-trading-chart:canary-20260730b108
prior_pin=20260730b108
RESTORE_POINT_OK rp=/root/talaria-restore/canary-20260730b109-20260730T103401Z
=== 1. scp tip tar ===
=== 2. untar into /opt/talaria ===
SYNC_OK sha=53b3b6b7bc4082d8b6bf93541a6ab4988558d9fa
=== 3. CHECKPOINT_BUILD compose (includes dist-v9 rebuild) ===
BUILD_START=2026-07-30T10:35:07Z
 Image talaria-homepage:latest Building 
 Image talaria-journal-backend:latest Building 
 Image talaria-trading-chart:latest Building 
#1 [internal] load local bake definitions
#1 reading from stdin 2.31kB done
#1 DONE 0.0s

#2 [homepage internal] load build definition from Dockerfile
#2 transferring dockerfile:
#2 transferring dockerfile: 8.69kB done
#2 DONE 0.0s

#3 [trading-chart internal] load build definition from Dockerfile.local
#3 transferring dockerfile: 7.97kB done
#3 DONE 0.0s

#4 [trading-chart internal] load metadata for docker.io/library/node:20-alpine
#4 DONE 0.7s

#5 [homepage internal] load metadata for docker.io/library/node:18-alpine
#5 DONE 0.7s

#6 [trading-chart internal] load metadata for docker.io/library/python:3.11-slim
#6 DONE 0.7s

#7 [homepage internal] load metadata for docker.io/library/nginx:alpine
#7 DONE 0.7s

#8 [trading-chart internal] load .dockerignore
#8 transferring context: 1.17kB done
#8 DONE 0.0s

#9 [trading-chart internal] load build context
#9 DONE 0.0s

#10 [homepage internal] load build context
#10 ...

#11 [trading-chart v9_react  1/24] FROM docker.io/library/node:20-alpine@sha256:fb4cd12c85ee03686f6af5362a0b0d56d50c58a04632e6c0fb8363f609372293
#11 resolve docker.io/library/node:20-alpine@sha256:fb4cd12c85ee03686f6af5362a0b0d56d50c58a04632e6c0fb8363f609372293 0.2s done
#11 DONE 0.2s

#12 [homepage builder  1/22] FROM docker.io/library/node:18-alpine@sha256:8d6421d663b4c28fd3ebc498332f249011d118945588d0a35cb9bc4b8ca09d9e
#12 resolve docker.io/library/node:18-alpine@sha256:8d6421d663b4c28fd3ebc498332f249011d118945588d0a35cb9bc4b8ca09d9e 0.2s done
#12 DONE 0.2s

#13 [trading-chart stage-1  1/22] FROM docker.io/library/python:3.11-slim@sha256:db3ff2e1800a8581e2c48a27c3995339d47bdf046da21c7627accd3d51053a93
#13 resolve docker.io/library/python:3.11-slim@sha256:db3ff2e1800a8581e2c48a27c3995339d47bdf046da21c7627accd3d51053a93 0.2s done
#13 DONE 0.2s

#14 [trading-chart stage-1  2/22] WORKDIR /app
#14 CACHED

#15 [homepage stage-2 1/4] FROM docker.io/library/nginx:alpine@sha256:4a73073bd557c65b759505da037898b61f1be6cbcc3c2c3aeac22d2a470c1752
#15 resolve docker.io/library/nginx:alpine@sha256:4a73073bd557c65b759505da037898b61f1be6cbcc3c2c3aeac22d2a470c1752 0.2s done
#15 DONE 0.2s

#10 [homepage internal] load build context
#10 ...

#9 [trading-chart internal] load build context
#9 transferring context: 62.38MB 3.1s done
#9 DONE 3.1s

#10 [homepage internal] load build context
#10 ...

#16 [trading-chart v9_react  3/24] COPY [chart v 1.4/talaria-design/package.json, chart v 1.4/talaria-design/package-lock.json, ./talaria-design/]
#16 CACHED

#17 [trading-chart v9_react  2/24] WORKDIR /build
#17 CACHED

#18 [trading-chart v9_react  4/24] WORKDIR /build/talaria-design
#18 CACHED

#10 [homepage internal] load build context
#10 transferring context: 93.83MB 3.9s done
#10 DONE 4.0s

#19 [trading-chart stage-1  3/22] RUN apt-get update && apt-get install -y --no-install-recommends     curl     nodejs     npm     && rm -rf /var/lib/apt/lists/*
#19 0.536 Hit:1 http://deb.debian.org/debian trixie InRelease
#19 0.536 Get:2 http://deb.debian.org/debian trixie-updates InRelease [47.3 kB]
#19 0.539 Get:3 http://deb.debian.org/debian-security trixie-security InRelease [43.4 kB]
#19 0.578 Get:4 http://deb.debian.org/debian trixie/main amd64 Packages [9673 kB]
#19 0.712 Get:5 http://deb.debian.org/debian trixie-updates/main amd64 Packages [4412 B]
#19 0.712 Get:6 http://deb.debian.org/debian-security trixie-security/main amd64 Packages [229 kB]
#19 1.577 Fetched 9996 kB in 1s (9439 kB/s)
#19 1.577 Reading package lists...
#19 2.486 Reading package lists...
#19 3.378 Building dependency tree...
#19 3.670 Reading state information...
#19 4.040 The following additional packages will be installed:
#19 4.040   eslint gyp handlebars libbrotli1 libcares2 libcom-err2 libcurl4t64 libexpat1
#19 4.040   libgnutls30t64 libgssapi-krb5-2 libicu76 libidn2-0 libjs-events
#19 4.040   libjs-inherits libjs-is-typedarray libjs-prettify libjs-regenerate
#19 4.040   libjs-source-map libjs-sprintf-js libjs-typedarray-to-buffer libjs-util
#19 4.040   libk5crypto3 libkeyutils1 libkrb5-3 libkrb5support0 libldap2 libnghttp2-14
#19 4.040   libnghttp3-9 libnode-dev libnode115 libp11-kit0 libpsl5t64 libpython3-stdlib
#19 4.040   libpython3.13-minimal libpython3.13-stdlib librtmp1 libsasl2-2
#19 4.040   libsasl2-modules-db libssh2-1t64 libssl-dev libtasn1-6 libunistring5
#19 4.040   libuv1-dev libuv1t64 media-types node-abbrev node-acorn node-agent-base
#19 4.040   node-ajv node-ajv-keywords node-ampproject-remapping node-ansi-escapes
#19 4.040   node-ansi-regex node-ansi-styles node-anymatch node-aproba node-archy
#19 4.040   node-are-we-there-yet node-argparse node-arrify node-assert node-async
#19 4.040   node-async-each node-babel-helper-define-polyfill-provider
#19 4.040   node-babel-plugin-add-module-exports node-babel-plugin-lodash
#19 4.040   node-babel-plugin-polyfill-corejs2 node-babel-plugin-polyfill-corejs3
#19 4.040   node-babel-plugin-polyfill-regenerator node-babel7 node-babel7-runtime
#19 4.040   node-balanced-match node-base64-js node-binary-extensions
#19 4.040   node-brace-expansion node-braces node-browserslist node-builtins
#19 4.040   node-cacache node-camelcase node-caniuse-lite node-chalk node-chokidar
#19 4.040   node-chownr node-chrome-trace-event node-ci-info node-cjs-module-lexer
#19 4.040   node-cli-table node-cliui node-clone node-clone-deep node-color-convert
#19 4.040   node-color-name node-colors node-columnify node-commander node-commondir
#19 4.040   node-concat-stream node-console-control-strings node-convert-source-map
#19 4.040   node-copy-concurrently node-core-js node-core-js-compat node-core-js-pure
#19 4.040   node-core-util-is node-corepack node-css-loader node-css-selector-tokenizer
#19 4.040   node-data-uri-to-buffer node-debbundle-es-to-primitive node-debug
#19 4.040   node-decamelize node-decompress-response node-deep-equal node-deep-is
#19 4.040   node-defaults node-define-properties node-define-property node-defined
#19 4.040   node-del node-delegates node-depd node-diff node-doctrine
#19 4.040   node-electron-to-chromium node-encoding node-enhanced-resolve node-envinfo
#19 4.040   node-err-code node-errno node-error-ex node-es-abstract node-es-module-lexer
#19 4.040   node-es6-error node-escape-string-regexp node-escodegen node-eslint-scope
#19 4.040   node-eslint-utils node-eslint-visitor-keys node-espree node-esprima
#19 4.040   node-esquery node-esrecurse node-estraverse node-esutils node-events
#19 4.040   node-execa node-fancy-log node-fast-deep-equal node-fast-levenshtein
#19 4.040   node-fetch node-file-entry-cache node-fill-range node-find-cache-dir
#19 4.040   node-find-up node-flat-cache node-flatted node-for-in node-for-own
#19 4.040   node-foreground-child node-fs-readdir-recursive node-fs-write-stream-atomic
#19 4.040   node-fs.realpath node-function-bind node-functional-red-black-tree
#19 4.040   node-gauge node-get-caller-file node-get-stream node-glob node-glob-parent
#19 4.040   node-globals node-globby node-got node-graceful-fs node-gyp node-has-flag
#19 4.040   node-has-unicode node-hosted-git-info node-http-proxy-agent
#19 4.040   node-https-proxy-agent node-iconv-lite node-icss-utils node-ieee754
#19 4.040   node-iferr node-ignore node-imurmurhash node-indent-string node-inflight
#19 4.040   node-inherits node-ini node-interpret node-ip node-ip-regex node-is-arrayish
#19 4.040   node-is-binary-path node-is-buffer node-is-descriptor node-is-extendable
#19 4.040   node-is-extglob node-is-glob node-is-number node-is-path-cwd
#19 4.040   node-is-path-inside node-is-plain-obj node-is-plain-object node-is-stream
#19 4.040   node-is-typedarray node-is-windows node-isarray node-isexe node-isobject
#19 4.040   node-istanbul node-jest-debbundle node-jest-worker node-js-tokens
#19 4.040   node-js-yaml node-jsesc node-json-buffer node-json-parse-better-errors
#19 4.040   node-json-schema node-json-schema-traverse node-json-stable-stringify
#19 4.040   node-json5 node-jsonify node-jsonparse node-kind-of node-levn
#19 4.040   node-loader-runner node-locate-path node-lodash node-lodash-packages
#19 4.040   node-lowercase-keys node-lru-cache node-make-dir node-memfs node-memory-fs
#19 4.040   node-merge-stream node-micromatch node-mime node-mime-types node-mimic-fn
#19 4.040   node-mimic-response node-minimatch node-minimist node-minipass node-mkdirp
#19 4.040   node-move-concurrently node-ms node-mute-stream node-n3 node-negotiator
#19 4.040   node-neo-async node-nopt node-normalize-package-data node-normalize-path
#19 4.040   node-npm-bundled node-npm-package-arg node-npm-run-path node-npmlog
#19 4.040   node-object-assign node-object-inspect node-once node-optimist
#19 4.040   node-optionator node-osenv node-p-cancelable node-p-limit node-p-locate
#19 4.040   node-p-map node-parse-json node-path-dirname node-path-exists
#19 4.040   node-path-is-absolute node-path-is-inside node-path-type node-picocolors
#19 4.040   node-pify node-pkg-dir node-postcss node-postcss-modules-extract-imports
#19 4.040   node-postcss-modules-values node-postcss-value-parser node-prelude-ls
#19 4.040   node-process-nextick-args node-progress node-promise-inflight
#19 4.040   node-promise-retry node-promzard node-prr node-punycode node-quick-lru
#19 4.040   node-randombytes node-read node-read-package-json node-read-pkg
#19 4.040   node-readable-stream node-readdirp node-rechoir node-regenerate
#19 4.040   node-regenerate-unicode-properties node-regenerator-runtime
#19 4.040   node-regenerator-transform node-regexpp node-regexpu-core node-regjsgen
#19 4.040   node-regjsparser node-repeat-string node-require-directory node-resolve
#19 4.040   node-resolve-cwd node-resolve-from node-resumer node-retry node-rimraf
#19 4.040   node-run-queue node-safe-buffer node-schema-utils node-semver
#19 4.040   node-serialize-javascript node-set-blocking node-set-immediate-shim
#19 4.040   node-shebang-command node-shebang-regex node-signal-exit node-slash
#19 4.040   node-slice-ansi node-source-list-map node-source-map node-source-map-support
#19 4.040   node-spdx-correct node-spdx-exceptions node-spdx-expression-parse
#19 4.040   node-spdx-license-ids node-sprintf-js node-ssri node-string-decoder
#19 4.040   node-string-width node-strip-ansi node-strip-bom node-strip-eof
#19 4.040   node-strip-json-comments node-supports-color node-tapable node-tape node-tar
#19 4.040   node-terser node-text-table node-through node-time-stamp
#19 4.040   node-to-fast-properties node-to-regex-range node-tslib node-type-check
#19 4.040   node-typedarray node-typedarray-to-buffer node-undici
#19 4.040   node-unicode-canonical-property-names-ecmascript
#19 4.040   node-unicode-match-property-ecmascript
#19 4.040   node-unicode-match-property-value-ecmascript
#19 4.040   node-unicode-property-aliases-ecmascript node-unique-filename node-uri-js
#19 4.040   node-util node-util-deprecate node-uuid node-v8-compile-cache node-v8flags
#19 4.040   node-validate-npm-package-license node-validate-npm-package-name
#19 4.040   node-watchpack node-wcwidth.js node-webassemblyjs node-webpack-sources
#19 4.040   node-which node-wide-align node-wordwrap node-wrap-ansi node-wrappy
#19 4.040   node-write node-write-file-atomic node-xtend node-y18n node-yallist
#19 4.040   node-yargs node-yargs-parser python3 python3-minimal python3-packaging
#19 4.040   python3.13 python3.13-minimal terser webpack
#19 4.040 Suggested packages:
#19 4.040   node-babel-eslint node-esprima-fb node-inquirer gnutls-bin krb5-doc
#19 4.040   krb5-user libjs-angularjs libssl-doc libuv1-doc
#19 4.040   node-babel-plugin-polyfill-es-shims node-babel7-debug javascript-common
#19 4.040   livescript chai node-jest-diff node-opener python3-doc python3-tk
#19 4.040   python3-venv python3.13-venv python3.13-doc binutils binfmt-support
#19 4.040 Recommended packages:
#19 4.040   bash-completion javascript-common krb5-locales libldap-common publicsuffix
#19 4.040   libsasl2-modules node-re2 node-require-from-string build-essential
#19 4.040   nodejs-doc git node-tap
#19 ...

#18 [homepage v9_react  4/24] WORKDIR /build/talaria-design
#18 CACHED

#20 [homepage builder  3/22] COPY homepage/package*.json ./
#20 CACHED

#21 [homepage builder  2/22] WORKDIR /app/homepage
#21 CACHED

#22 [homepage builder  4/22] RUN npm ci
#22 CACHED

#23 [homepage builder  5/22] COPY homepage/ ./
#23 DONE 0.9s

#19 [trading-chart stage-1  3/22] RUN apt-get update && apt-get install -y --no-install-recommends     curl     nodejs     npm     && rm -rf /var/lib/apt/lists/*
#19 5.918 The following NEW packages will be installed:
#19 5.918   curl eslint gyp handlebars libbrotli1 libcares2 libcom-err2 libcurl4t64
#19 5.918   libexpat1 libgnutls30t64 libgssapi-krb5-2 libicu76 libidn2-0 libjs-events
#19 5.918   libjs-inherits libjs-is-typedarray libjs-prettify libjs-regenerate
#19 5.918   libjs-source-map libjs-sprintf-js libjs-typedarray-to-buffer libjs-util
#19 5.918   libk5crypto3 libkeyutils1 libkrb5-3 libkrb5support0 libldap2 libnghttp2-14
#19 5.918   libnghttp3-9 libnode-dev libnode115 libp11-kit0 libpsl5t64 libpython3-stdlib
#19 5.918   libpython3.13-minimal libpython3.13-stdlib librtmp1 libsasl2-2
#19 5.918   libsasl2-modules-db libssh2-1t64 libssl-dev libtasn1-6 libunistring5
#19 5.918   libuv1-dev libuv1t64 media-types node-abbrev node-acorn node-agent-base
#19 5.918   node-ajv node-ajv-keywords node-ampproject-remapping node-ansi-escapes
#19 5.918   node-ansi-regex node-ansi-styles node-anymatch node-aproba node-archy
#19 5.918   node-are-we-there-yet node-argparse node-arrify node-assert node-async
#19 5.918   node-async-each node-babel-helper-define-polyfill-provider
#19 5.918   node-babel-plugin-add-module-exports node-babel-plugin-lodash
#19 5.918   node-babel-plugin-polyfill-corejs2 node-babel-plugin-polyfill-corejs3
#19 5.918   node-babel-plugin-polyfill-regenerator node-babel7 node-babel7-runtime
#19 5.918   node-balanced-match node-base64-js node-binary-extensions
#19 5.918   node-brace-expansion node-braces node-browserslist node-builtins
#19 5.918   node-cacache node-camelcase node-caniuse-lite node-chalk node-chokidar
#19 5.918   node-chownr node-chrome-trace-event node-ci-info node-cjs-module-lexer
#19 5.918   node-cli-table node-cliui node-clone node-clone-deep node-color-convert
#19 5.918   node-color-name node-colors node-columnify node-commander node-commondir
#19 5.918   node-concat-stream node-console-control-strings node-convert-source-map
#19 5.918   node-copy-concurrently node-core-js node-core-js-compat node-core-js-pure
#19 5.918   node-core-util-is node-corepack node-css-loader node-css-selector-tokenizer
#19 5.918   node-data-uri-to-buffer node-debbundle-es-to-primitive node-debug
#19 5.918   node-decamelize node-decompress-response node-deep-equal node-deep-is
#19 5.918   node-defaults node-define-properties node-define-property node-defined
#19 5.918   node-del node-delegates node-depd node-diff node-doctrine
#19 5.918   node-electron-to-chromium node-encoding node-enhanced-resolve node-envinfo
#19 5.918   node-err-code node-errno node-error-ex node-es-abstract node-es-module-lexer
#19 5.918   node-es6-error node-escape-string-regexp node-escodegen node-eslint-scope
#19 5.918   node-eslint-utils node-eslint-visitor-keys node-espree node-esprima
#19 5.918   node-esquery node-esrecurse node-estraverse node-esutils node-events
#19 5.918   node-execa node-fancy-log node-fast-deep-equal node-fast-levenshtein
#19 5.918   node-fetch node-file-entry-cache node-fill-range node-find-cache-dir
#19 5.918   node-find-up node-flat-cache node-flatted node-for-in node-for-own
#19 5.918   node-foreground-child node-fs-readdir-recursive node-fs-write-stream-atomic
#19 5.918   node-fs.realpath node-function-bind node-functional-red-black-tree
#19 5.918   node-gauge node-get-caller-file node-get-stream node-glob node-glob-parent
#19 5.918   node-globals node-globby node-got node-graceful-fs node-gyp node-has-flag
#19 5.918   node-has-unicode node-hosted-git-info node-http-proxy-agent
#19 5.918   node-https-proxy-agent node-iconv-lite node-icss-utils node-ieee754
#19 5.918   node-iferr node-ignore node-imurmurhash node-indent-string node-inflight
#19 5.918   node-inherits node-ini node-interpret node-ip node-ip-regex node-is-arrayish
#19 5.918   node-is-binary-path node-is-buffer node-is-descriptor node-is-extendable
#19 5.918   node-is-extglob node-is-glob node-is-number node-is-path-cwd
#19 5.918   node-is-path-inside node-is-plain-obj node-is-plain-object node-is-stream
#19 5.918   node-is-typedarray node-is-windows node-isarray node-isexe node-isobject
#19 5.918   node-istanbul node-jest-debbundle node-jest-worker node-js-tokens
#19 5.918   node-js-yaml node-jsesc node-json-buffer node-json-parse-better-errors
#19 5.918   node-json-schema node-json-schema-traverse node-json-stable-stringify
#19 5.918   node-json5 node-jsonify node-jsonparse node-kind-of node-levn
#19 5.918   node-loader-runner node-locate-path node-lodash node-lodash-packages
#19 5.918   node-lowercase-keys node-lru-cache node-make-dir node-memfs node-memory-fs
#19 5.918   node-merge-stream node-micromatch node-mime node-mime-types node-mimic-fn
#19 5.918   node-mimic-response node-minimatch node-minimist node-minipass node-mkdirp
#19 5.918   node-move-concurrently node-ms node-mute-stream node-n3 node-negotiator
#19 5.918   node-neo-async node-nopt node-normalize-package-data node-normalize-path
#19 5.918   node-npm-bundled node-npm-package-arg node-npm-run-path node-npmlog
#19 5.918   node-object-assign node-object-inspect node-once node-optimist
#19 5.918   node-optionator node-osenv node-p-cancelable node-p-limit node-p-locate
#19 5.918   node-p-map node-parse-json node-path-dirname node-path-exists
#19 5.918   node-path-is-absolute node-path-is-inside node-path-type node-picocolors
#19 5.918   node-pify node-pkg-dir node-postcss node-postcss-modules-extract-imports
#19 5.918   node-postcss-modules-values node-postcss-value-parser node-prelude-ls
#19 5.918   node-process-nextick-args node-progress node-promise-inflight
#19 5.918   node-promise-retry node-promzard node-prr node-punycode node-quick-lru
#19 5.918   node-randombytes node-read node-read-package-json node-read-pkg
#19 5.918   node-readable-stream node-readdirp node-rechoir node-regenerate
#19 5.918   node-regenerate-unicode-properties node-regenerator-runtime
#19 5.918   node-regenerator-transform node-regexpp node-regexpu-core node-regjsgen
#19 5.918   node-regjsparser node-repeat-string node-require-directory node-resolve
#19 5.918   node-resolve-cwd node-resolve-from node-resumer node-retry node-rimraf
#19 5.918   node-run-queue node-safe-buffer node-schema-utils node-semver
#19 5.918   node-serialize-javascript node-set-blocking node-set-immediate-shim
#19 5.918   node-shebang-command node-shebang-regex node-signal-exit node-slash
#19 5.918   node-slice-ansi node-source-list-map node-source-map node-source-map-support
#19 5.918   node-spdx-correct node-spdx-exceptions node-spdx-expression-parse
#19 5.918   node-spdx-license-ids node-sprintf-js node-ssri node-string-decoder
#19 5.918   node-string-width node-strip-ansi node-strip-bom node-strip-eof
#19 5.918   node-strip-json-comments node-supports-color node-tapable node-tape node-tar
#19 5.918   node-terser node-text-table node-through node-time-stamp
#19 5.918   node-to-fast-properties node-to-regex-range node-tslib node-type-check
#19 5.918   node-typedarray node-typedarray-to-buffer node-undici
#19 5.918   node-unicode-canonical-property-names-ecmascript
#19 5.918   node-unicode-match-property-ecmascript
#19 5.918   node-unicode-match-property-value-ecmascript
#19 5.918   node-unicode-property-aliases-ecmascript node-unique-filename node-uri-js
#19 5.918   node-util node-util-deprecate node-uuid node-v8-compile-cache node-v8flags
#19 5.918   node-validate-npm-package-license node-validate-npm-package-name
#19 5.918   node-watchpack node-wcwidth.js node-webassemblyjs node-webpack-sources
#19 5.918   node-which node-wide-align node-wordwrap node-wrap-ansi node-wrappy
#19 5.918   node-write node-write-file-atomic node-xtend node-y18n node-yallist
#19 5.918   node-yargs node-yargs-parser nodejs npm python3 python3-minimal
#19 5.918   python3-packaging python3.13 python3.13-minimal terser webpack
#19 6.002 0 upgraded, 395 newly installed, 0 to remove and 0 not upgraded.
#19 6.002 Need to get 49.9 MB of archives.
#19 6.002 After this operation, 259 MB of additional disk space will be used.
#19 6.002 Get:1 http://deb.debian.org/debian-security trixie-security/main amd64 libexpat1 amd64 2.8.2-1~deb13u1 [122 kB]
#19 6.009 Get:2 http://deb.debian.org/debian trixie-updates/main amd64 libpython3.13-minimal amd64 3.13.5-2+deb13u4 [863 kB]
#19 6.033 Get:3 http://deb.debian.org/debian trixie-updates/main amd64 python3.13-minimal amd64 3.13.5-2+deb13u4 [2217 kB]
#19 6.050 Get:4 http://deb.debian.org/debian trixie/main amd64 python3-minimal amd64 3.13.5-1 [27.2 kB]
#19 6.050 Get:5 http://deb.debian.org/debian trixie/main amd64 media-types all 13.0.0 [29.3 kB]
#19 6.050 Get:6 http://deb.debian.org/debian trixie-updates/main amd64 libpython3.13-stdlib amd64 3.13.5-2+deb13u4 [1957 kB]
#19 6.061 Get:7 http://deb.debian.org/debian trixie-updates/main amd64 python3.13 amd64 3.13.5-2+deb13u4 [757 kB]
#19 6.071 Get:8 http://deb.debian.org/debian trixie/main amd64 libpython3-stdlib amd64 3.13.5-1 [10.2 kB]
#19 6.071 Get:9 http://deb.debian.org/debian trixie/main amd64 python3 amd64 3.13.5-1 [28.2 kB]
#19 6.075 Get:10 http://deb.debian.org/debian trixie/main amd64 libbrotli1 amd64 1.1.0-2+b7 [307 kB]
#19 6.079 Get:11 http://deb.debian.org/debian trixie/main amd64 libkrb5support0 amd64 1.21.3-5+deb13u1 [33.1 kB]
#19 6.082 Get:12 http://deb.debian.org/debian trixie/main amd64 libcom-err2 amd64 1.47.2-3+b11 [25.0 kB]
#19 6.089 Get:13 http://deb.debian.org/debian trixie/main amd64 libk5crypto3 amd64 1.21.3-5+deb13u1 [81.2 kB]
#19 6.089 Get:14 http://deb.debian.org/debian trixie/main amd64 libkeyutils1 amd64 1.6.3-6 [9456 B]
#19 6.089 Get:15 http://deb.debian.org/debian trixie/main amd64 libkrb5-3 amd64 1.21.3-5+deb13u1 [326 kB]
#19 6.094 Get:16 http://deb.debian.org/debian trixie/main amd64 libgssapi-krb5-2 amd64 1.21.3-5+deb13u1 [138 kB]
#19 6.110 Get:17 http://deb.debian.org/debian trixie/main amd64 libunistring5 amd64 1.3-2 [477 kB]
#19 6.121 Get:18 http://deb.debian.org/debian trixie/main amd64 libidn2-0 amd64 2.3.8-2 [109 kB]
#19 6.121 Get:19 http://deb.debian.org/debian trixie/main amd64 libsasl2-modules-db amd64 2.1.28+dfsg1-9 [19.8 kB]
#19 6.125 Get:20 http://deb.debian.org/debian trixie/main amd64 libsasl2-2 amd64 2.1.28+dfsg1-9 [57.5 kB]
#19 6.125 Get:21 http://deb.debian.org/debian trixie/main amd64 libldap2 amd64 2.6.10+dfsg-1 [194 kB]
#19 6.125 Get:22 http://deb.debian.org/debian trixie/main amd64 libnghttp2-14 amd64 1.64.0-1.1+deb13u1 [76.2 kB]
#19 6.125 Get:23 http://deb.debian.org/debian trixie/main amd64 libnghttp3-9 amd64 1.8.0-1 [67.7 kB]
#19 6.125 Get:24 http://deb.debian.org/debian trixie/main amd64 libpsl5t64 amd64 0.21.2-1.1+b1 [57.2 kB]
#19 6.136 Get:25 http://deb.debian.org/debian trixie/main amd64 libp11-kit0 amd64 0.25.5-3 [425 kB]
#19 6.141 Get:26 http://deb.debian.org/debian trixie/main amd64 libtasn1-6 amd64 4.20.0-2+deb13u1 [50.1 kB]
#19 6.144 Get:27 http://deb.debian.org/debian trixie/main amd64 libgnutls30t64 amd64 3.8.9-3+deb13u4 [1469 kB]
#19 6.157 Get:28 http://deb.debian.org/debian trixie/main amd64 librtmp1 amd64 2.4+20151223.gitfa8646d.1-2+b5 [58.8 kB]
#19 6.157 Get:29 http://deb.debian.org/debian trixie/main amd64 libssh2-1t64 amd64 1.11.1-1+deb13u1 [245 kB]
#19 6.157 Get:30 http://deb.debian.org/debian trixie/main amd64 libcurl4t64 amd64 8.14.1-2+deb13u4 [392 kB]
#19 6.161 Get:31 http://deb.debian.org/debian trixie/main amd64 curl amd64 8.14.1-2+deb13u4 [270 kB]
#19 6.162 Get:32 http://deb.debian.org/debian trixie/main amd64 node-fast-deep-equal all 3.1.3-3 [5768 B]
#19 6.162 Get:33 http://deb.debian.org/debian trixie/main amd64 node-json-schema-traverse all 1.0.0-3 [6308 B]
#19 6.163 Get:34 http://deb.debian.org/debian trixie/main amd64 node-jsonify all 0.0.1-1 [8704 B]
#19 6.163 Get:35 http://deb.debian.org/debian trixie/main amd64 node-json-stable-stringify all 1.0.2+repack1+~cs1.0.34-2 [9496 B]
#19 6.163 Get:36 http://deb.debian.org/debian trixie/main amd64 node-punycode all 2.3.1+~2.1.4-1 [10.8 kB]
#19 6.164 Get:37 http://deb.debian.org/debian trixie/main amd64 node-uri-js all 4.4.0+dfsg-8 [47.3 kB]
#19 6.166 Get:38 http://deb.debian.org/debian trixie/main amd64 libcares2 amd64 1.34.5-1+deb13u1 [98.3 kB]
#19 6.166 Get:39 http://deb.debian.org/debian trixie/main amd64 libicu76 amd64 76.1-4 [9722 kB]
#19 6.285 Get:40 http://deb.debian.org/debian trixie/main amd64 libuv1t64 amd64 1.50.0-2 [154 kB]
#19 6.294 Get:41 http://deb.debian.org/debian trixie/main amd64 node-xtend all 4.0.2-3 [3932 B]
#19 6.294 Get:42 http://deb.debian.org/debian trixie/main amd64 node-acorn all 8.8.1+ds+~cs25.17.7-2 [128 kB]
#19 6.300 Get:43 http://deb.debian.org/debian trixie/main amd64 node-cjs-module-lexer all 1.2.3+dfsg-1 [30.6 kB]
#19 6.300 Get:44 http://deb.debian.org/debian trixie/main amd64 node-balanced-match all 2.0.0-1 [4872 B]
#19 6.300 Get:45 http://deb.debian.org/debian trixie/main amd64 node-brace-expansion all 2.0.1+~1.1.0-2 [8012 B]
#19 6.300 Get:46 http://deb.debian.org/debian trixie/main amd64 node-minimatch all 9.0.3-6 [76.8 kB]
#19 6.300 Get:47 http://deb.debian.org/debian trixie/main amd64 node-undici all 7.3.0+dfsg1+~cs24.12.11-1 [333 kB]
#19 6.303 Get:48 http://deb.debian.org/debian trixie/main amd64 libnode115 amd64 20.19.2+dfsg-1+deb13u2 [12.1 MB]
#19 6.381 Get:49 http://deb.debian.org/debian trixie/main amd64 node-corepack all 0.24.0-5 [712 kB]
#19 6.390 Get:50 http://deb.debian.org/debian trixie/main amd64 nodejs amd64 20.19.2+dfsg-1+deb13u2 [353 kB]
#19 6.390 Get:51 http://deb.debian.org/debian trixie/main amd64 node-ajv all 8.12.0~ds+~2.1.1-5 [182 kB]
#19 ...

#24 [homepage builder  6/22] COPY shared/constants.json /app/shared/constants.json
#24 DONE 0.2s

#19 [trading-chart stage-1  3/22] RUN apt-get update && apt-get install -y --no-install-recommends     curl     nodejs     npm     && rm -rf /var/lib/apt/lists/*
#19 6.393 Get:52 http://deb.debian.org/debian trixie/main amd64 libjs-inherits all 2.0.4-6 [3548 B]
#19 6.393 Get:53 http://deb.debian.org/debian trixie/main amd64 node-inherits all 2.0.4-6 [4548 B]
#19 6.393 Get:54 http://deb.debian.org/debian trixie/main amd64 node-core-util-is all 1.0.3-1 [4072 B]
#19 6.393 Get:55 http://deb.debian.org/debian trixie/main amd64 node-safe-buffer all 5.2.1+~cs2.1.2-3 [15.5 kB]
#19 6.394 Get:56 http://deb.debian.org/debian trixie/main amd64 node-string-decoder all 1.3.0-6 [7180 B]
#19 6.394 Get:57 http://deb.debian.org/debian trixie/main amd64 node-process-nextick-args all 2.0.1-3 [3816 B]
#19 6.394 Get:58 http://deb.debian.org/debian trixie/main amd64 node-util-deprecate all 1.0.2-3 [4436 B]
#19 6.395 Get:59 http://deb.debian.org/debian trixie/main amd64 node-isarray all 2.0.5-4 [4040 B]
#19 6.402 Get:60 http://deb.debian.org/debian trixie/main amd64 node-readable-stream all 3.6.0+~cs3.0.0-4 [32.0 kB]
#19 6.410 Get:61 http://deb.debian.org/debian trixie/main amd64 node-typedarray all 0.0.7-1 [11.4 kB]
#19 6.410 Get:62 http://deb.debian.org/debian trixie/main amd64 node-concat-stream all 2.0.0+~2.0.0-2 [6388 B]
#19 6.410 Get:63 http://deb.debian.org/debian trixie/main amd64 node-ms all 2.1.3+~cs0.7.31-3 [5648 B]
#19 6.410 Get:64 http://deb.debian.org/debian trixie/main amd64 node-debug all 4.3.4+~cs4.1.7-1 [18.1 kB]
#19 6.410 Get:65 http://deb.debian.org/debian trixie/main amd64 node-esutils all 2.0.3+~2.0.0-1 [12.4 kB]
#19 6.410 Get:66 http://deb.debian.org/debian trixie/main amd64 node-doctrine all 3.0.0-4 [19.9 kB]
#19 6.410 Get:67 http://deb.debian.org/debian trixie/main amd64 node-eslint-visitor-keys all 3.3.0+~1.0.0-1 [17.1 kB]
#19 6.410 Get:68 http://deb.debian.org/debian trixie/main amd64 node-estraverse all 5.3.0+ds+~5.1.1-1 [11.6 kB]
#19 6.411 Get:69 http://deb.debian.org/debian trixie/main amd64 node-object-assign all 4.1.1-7 [4684 B]
#19 6.412 Get:70 http://deb.debian.org/debian trixie/main amd64 node-esrecurse all 4.3.0-2 [6048 B]
#19 6.412 Get:71 http://deb.debian.org/debian trixie/main amd64 node-eslint-scope all 7.1.1+~3.7.4-1 [35.6 kB]
#19 6.412 Get:72 http://deb.debian.org/debian trixie/main amd64 node-espree all 9.4.1~dfsg-2 [41.1 kB]
#19 6.413 Get:73 http://deb.debian.org/debian trixie/main amd64 node-esquery all 1.4.2~ds-1 [24.9 kB]
#19 6.413 Get:74 http://deb.debian.org/debian trixie/main amd64 node-eslint-utils all 3.0.0-3 [15.5 kB]
#19 6.414 Get:75 http://deb.debian.org/debian trixie/main amd64 node-flatted all 3.2.7~ds-1+deb13u1 [10.3 kB]
#19 6.415 Get:76 http://deb.debian.org/debian trixie/main amd64 node-fs.realpath all 1.0.0-3 [6172 B]
#19 6.415 Get:77 http://deb.debian.org/debian trixie/main amd64 node-wrappy all 1.0.2-3 [3776 B]
#19 6.416 Get:78 http://deb.debian.org/debian trixie/main amd64 node-once all 1.4.1-1 [4624 B]
#19 6.416 Get:79 http://deb.debian.org/debian trixie/main amd64 node-inflight all 1.0.6-2 [3952 B]
#19 6.417 Get:80 http://deb.debian.org/debian trixie/main amd64 node-glob all 8.1.0+~cs8.5.15-1 [134 kB]
#19 6.421 Get:81 http://deb.debian.org/debian trixie/main amd64 node-rimraf all 3.0.2-2 [11.1 kB]
#19 6.421 Get:82 http://deb.debian.org/debian trixie/main amd64 node-write all 2.0.0~6.0.1+~3.0.4+~2.0.0+~1.0.0+~2.0.1-1 [17.9 kB]
#19 6.421 Get:83 http://deb.debian.org/debian trixie/main amd64 node-flat-cache all 3.0.4~6.0.1+~3.0.4+~2.0.0+~1.0.0+~2.0.1-1 [20.2 kB]
#19 6.422 Get:84 http://deb.debian.org/debian trixie/main amd64 node-file-entry-cache all 6.0.1+~3.0.4+~2.0.0+~1.0.0+~2.0.1-1 [15.3 kB]
#19 6.422 Get:85 http://deb.debian.org/debian trixie/main amd64 node-functional-red-black-tree all 1.0.1+20181105-7 [14.1 kB]
#19 6.423 Get:86 http://deb.debian.org/debian trixie/main amd64 node-is-extglob all 2.1.1-5 [4612 B]
#19 6.423 Get:87 http://deb.debian.org/debian trixie/main amd64 node-is-glob all 4.0.3-2 [6620 B]
#19 6.434 Get:88 http://deb.debian.org/debian trixie/main amd64 node-path-dirname all 1.0.2-2 [4312 B]
#19 6.434 Get:89 http://deb.debian.org/debian trixie/main amd64 node-glob-parent all 6.0.2+~5.1.1-2 [8784 B]
#19 6.440 Get:90 http://deb.debian.org/debian trixie/main amd64 node-globals all 13.23.0-1 [11.3 kB]
#19 6.440 Get:91 http://deb.debian.org/debian trixie/main amd64 node-resolve-from all 5.0.0+~3.1.0+~3.3.0+~2.0.0-1 [7292 B]
#19 6.446 Get:92 http://deb.debian.org/debian trixie/main amd64 node-imurmurhash all 0.1.4+dfsg+~0.1.1-2 [8412 B]
#19 6.446 Get:93 http://deb.debian.org/debian trixie/main amd64 node-ignore all 5.2.1-1 [26.4 kB]
#19 6.446 Get:94 http://deb.debian.org/debian trixie/main amd64 node-prelude-ls all 1.2.1+dfsg-3 [11.3 kB]
#19 6.446 Get:95 http://deb.debian.org/debian trixie/main amd64 node-type-check all 0.4.0+dfsg-3 [9184 B]
#19 6.446 Get:96 http://deb.debian.org/debian trixie/main amd64 node-levn all 0.4.1+dfsg-2 [10.2 kB]
#19 6.446 Get:97 http://deb.debian.org/debian trixie/main amd64 node-lodash all 4.17.21+dfsg+~cs8.31.198.20210220-9 [462 kB]
#19 6.450 Get:98 http://deb.debian.org/debian trixie/main amd64 node-memfs all 3.4.12+~cs1.0.3-1 [46.8 kB]
#19 6.450 Get:99 http://deb.debian.org/debian trixie/main amd64 node-mkdirp all 2.1.6+~cs5.2.1-2 [24.1 kB]
#19 6.450 Get:100 http://deb.debian.org/debian trixie/main amd64 node-deep-is all 0.1.4-1 [5136 B]
#19 6.450 Get:101 http://deb.debian.org/debian trixie/main amd64 node-fast-levenshtein all 2.0.6+ds-3 [6040 B]
#19 6.453 Get:102 http://deb.debian.org/debian trixie/main amd64 node-optionator all 0.9.1+dfsg+~cs1.2.3-1 [17.6 kB]
#19 6.453 Get:103 http://deb.debian.org/debian trixie/main amd64 node-progress all 2.0.3-2 [8256 B]
#19 6.453 Get:104 http://deb.debian.org/debian trixie/main amd64 libjs-regenerate all 1.4.2-3 [14.3 kB]
#19 6.457 Get:105 http://deb.debian.org/debian trixie/main amd64 node-regenerate all 1.4.2-3 [7388 B]
#19 6.458 Get:106 http://deb.debian.org/debian trixie/main amd64 node-regenerate-unicode-properties all 10.1.0+ds-1 [50.7 kB]
#19 6.458 Get:107 http://deb.debian.org/debian trixie/main amd64 node-regexpp all 3.2.0-5 [27.0 kB]
#19 6.459 Get:108 http://deb.debian.org/debian trixie/main amd64 node-lru-cache all 10.0.1-3 [62.6 kB]
#19 6.459 Get:109 http://deb.debian.org/debian trixie/main amd64 node-semver all 7.6.1+~7.5.8-2 [49.5 kB]
#19 6.462 Get:110 http://deb.debian.org/debian trixie/main amd64 node-strip-json-comments all 4.0.0-4 [5668 B]
#19 6.462 Get:111 http://deb.debian.org/debian trixie/main amd64 node-json-schema all 0.4.0+~7.0.11-1 [13.1 kB]
#19 6.462 Get:112 http://deb.debian.org/debian trixie/main amd64 node-v8-compile-cache all 2.4.0-2 [8544 B]
#19 6.463 Get:113 http://deb.debian.org/debian trixie/main amd64 eslint all 6.4.0~dfsg+~6.1.9-12 [606 kB]
#19 6.474 Get:114 http://deb.debian.org/debian trixie/main amd64 python3-packaging all 25.0-1 [56.6 kB]
#19 6.474 Get:115 http://deb.debian.org/debian trixie/main amd64 gyp all 0.16.2-2 [255 kB]
#19 6.477 Get:116 http://deb.debian.org/debian trixie/main amd64 node-neo-async all 2.6.2+~cs3.0.0-3 [41.8 kB]
#19 6.477 Get:117 http://deb.debian.org/debian trixie/main amd64 node-arrify all 2.0.1-3 [3700 B]
#19 6.477 Get:118 http://deb.debian.org/debian trixie/main amd64 node-is-plain-obj all 3.0.0-2 [3972 B]
#19 6.477 Get:119 http://deb.debian.org/debian trixie/main amd64 node-is-buffer all 2.0.5-2 [4112 B]
#19 6.477 Get:120 http://deb.debian.org/debian trixie/main amd64 node-kind-of all 6.0.3+dfsg-2 [10.2 kB]
#19 6.477 Get:121 http://deb.debian.org/debian trixie/main amd64 node-minimist all 1.2.8+~cs5.3.5-1 [15.9 kB]
#19 6.477 Get:122 http://deb.debian.org/debian trixie/main amd64 node-wordwrap all 1.0.0-4 [4628 B]
#19 6.477 Get:123 http://deb.debian.org/debian trixie/main amd64 node-optimist all 0.6.1+~0.0.30-2 [13.5 kB]
#19 6.477 Get:124 http://deb.debian.org/debian trixie/main amd64 libjs-source-map all 0.7.0++dfsg2+really.0.6.1-15 [29.6 kB]
#19 6.477 Get:125 http://deb.debian.org/debian trixie/main amd64 node-source-map all 0.7.0++dfsg2+really.0.6.1-15 [41.7 kB]
#19 6.483 Get:126 http://deb.debian.org/debian trixie/main amd64 handlebars all 3:4.7.7+~4.1.0-1 [199 kB]
#19 6.484 Get:127 http://deb.debian.org/debian trixie/main amd64 libjs-events all 3.3.0+~3.0.0-3 [11.3 kB]
#19 6.485 Get:128 http://deb.debian.org/debian trixie/main amd64 libjs-is-typedarray all 1.0.0-4 [3816 B]
#19 6.485 Get:129 http://deb.debian.org/debian trixie/main amd64 libjs-prettify all 2015.12.04+dfsg-1.1 [41.7 kB]
#19 6.486 Get:130 http://deb.debian.org/debian trixie/main amd64 libjs-sprintf-js all 1.1.2+ds1+~1.1.2-1 [12.8 kB]
#19 6.487 Get:131 http://deb.debian.org/debian trixie/main amd64 libjs-typedarray-to-buffer all 4.0.0-2 [4668 B]
#19 6.489 Get:132 http://deb.debian.org/debian trixie/main amd64 node-lodash-packages all 4.17.21+dfsg+~cs8.31.198.20210220-9 [179 kB]
#19 6.492 Get:133 http://deb.debian.org/debian trixie/main amd64 node-function-bind all 1.1.2+~cs2.1.14-1 [24.6 kB]
#19 6.492 Get:134 http://deb.debian.org/debian trixie/main amd64 node-object-inspect all 1.12.2+~cs1.8.1-1 [20.8 kB]
#19 6.495 Get:135 http://deb.debian.org/debian trixie/main amd64 node-es-abstract all 1.20.4+~cs26.27.47-2 [137 kB]
#19 6.496 Get:136 http://deb.debian.org/debian trixie/main amd64 node-resolve all 1.22.8+~cs5.34.15-2 [29.8 kB]
#19 6.500 Get:137 http://deb.debian.org/debian trixie/main amd64 node-define-properties all 1.2.1+~cs2.2.3-1 [9080 B]
#19 6.500 Get:138 http://deb.debian.org/debian trixie/main amd64 node-debbundle-es-to-primitive all 1.2.1+~cs9.7.25-2 [39.9 kB]
#19 6.500 Get:139 http://deb.debian.org/debian trixie/main amd64 node-isobject all 4.0.0-2 [5332 B]
#19 6.500 Get:140 http://deb.debian.org/debian trixie/main amd64 node-is-descriptor all 3.0.0-2 [5556 B]
#19 6.500 Get:141 http://deb.debian.org/debian trixie/main amd64 node-define-property all 2.0.2+really+2.0.2-3 [6820 B]
#19 6.502 Get:142 http://deb.debian.org/debian trixie/main amd64 node-defined all 1.0.1+~1.0.0-1 [6776 B]
#19 6.502 Get:143 http://deb.debian.org/debian trixie/main amd64 node-abbrev all 1.1.1+~1.1.2-1 [5692 B]
#19 6.502 Get:144 http://deb.debian.org/debian trixie/main amd64 node-archy all 1.0.0-6 [4556 B]
#19 6.503 Get:145 http://deb.debian.org/debian trixie/main amd64 node-async all 3.2.6+dfsg-2 [96.4 kB]
#19 6.504 Get:146 http://deb.debian.org/debian trixie/main amd64 node-convert-source-map all 1.9.0+~1.5.2-1 [8176 B]
#19 6.508 Get:147 http://deb.debian.org/debian trixie/main amd64 node-decamelize all 4.0.0-2 [4080 B]
#19 6.508 Get:148 http://deb.debian.org/debian trixie/main amd64 node-es6-error all 4.1.1-5 [6148 B]
#19 6.508 Get:149 http://deb.debian.org/debian trixie/main amd64 node-esprima all 4.0.1+ds+~4.0.3-2 [69.3 kB]
#19 6.508 Get:150 http://deb.debian.org/debian trixie/main amd64 node-escodegen all 2.1.0+dfsg+~0.0.8-1 [23.0 kB]
#19 6.508 Get:151 http://deb.debian.org/debian trixie/main amd64 node-commondir all 1.0.1+~1.0.0-1 [4388 B]
#19 6.516 Get:152 http://deb.debian.org/debian trixie/main amd64 node-is-number all 7.0.0-4 [6020 B]
#19 6.516 Get:153 http://deb.debian.org/debian trixie/main amd64 node-repeat-string all 1.6.1+repack-1 [5600 B]
#19 6.516 Get:154 http://deb.debian.org/debian trixie/main amd64 node-to-regex-range all 5.0.1-4 [10.5 kB]
#19 6.516 Get:155 http://deb.debian.org/debian trixie/main amd64 node-fill-range all 7.1.1+~7.0.3-1 [8768 B]
#19 6.516 Get:156 http://deb.debian.org/debian trixie/main amd64 node-braces all 3.0.3+~3.0.5-1 [20.6 kB]
#19 6.516 Get:157 http://deb.debian.org/debian trixie/main amd64 node-normalize-path all 3.0.0+~3.0.0-1 [6608 B]
#19 6.516 Get:158 http://deb.debian.org/debian trixie/main amd64 node-anymatch all 3.1.3+~cs4.6.1-2 [33.4 kB]
#19 6.516 Get:159 http://deb.debian.org/debian trixie/main amd64 node-micromatch all 4.0.7+~4.0.9-1 [26.0 kB]
#19 6.516 Get:160 http://deb.debian.org/debian trixie/main amd64 node-pify all 5.0.0+~cs5.0.1-1 [7072 B]
#19 6.519 Get:161 http://deb.debian.org/debian trixie/main amd64 node-path-type all 4.0.0-3 [3944 B]
#19 6.521 Get:162 http://deb.debian.org/debian trixie/main amd64 node-n3 all 1.16.3+~1.2.3+~1.10.4-1 [37.0 kB]
#19 6.521 Get:163 http://deb.debian.org/debian trixie/main amd64 node-slash all 4.0.0-3 [4292 B]
#19 6.521 Get:164 http://deb.debian.org/debian trixie/main amd64 node-globby all 13.1.3+~cs16.25.40-3 [40.5 kB]
#19 6.521 Get:165 http://deb.debian.org/debian trixie/main amd64 node-graceful-fs all 4.2.10-1 [14.4 kB]
#19 6.522 Get:166 http://deb.debian.org/debian trixie/main amd64 node-is-path-cwd all 2.2.0-2 [3672 B]
#19 6.526 Get:167 http://deb.debian.org/debian trixie/main amd64 node-path-is-inside all 1.0.2+~1.0.0-1 [5072 B]
#19 6.526 Get:168 http://deb.debian.org/debian trixie/main amd64 node-is-path-inside all 3.0.3-2 [3980 B]
#19 6.526 Get:169 http://deb.debian.org/debian trixie/main amd64 node-escape-string-regexp all 4.0.0-2 [4296 B]
#19 6.526 Get:170 http://deb.debian.org/debian trixie/main amd64 node-indent-string all 4.0.0-2 [4144 B]
#19 6.526 Get:171 http://deb.debian.org/debian trixie/main amd64 node-p-map all 4.0.0+~3.1.0+~3.0.1-2 [7904 B]
#19 6.526 Get:172 http://deb.debian.org/debian trixie/main amd64 node-del all 7.1.0-1 [8020 B]
#19 6.526 Get:173 http://deb.debian.org/debian trixie/main amd64 node-make-dir all 3.1.0-3 [6040 B]
#19 6.526 Get:174 http://deb.debian.org/debian trixie/main amd64 node-p-limit all 4.0.0+~cs4.0.0-5 [7576 B]
#19 6.527 Get:175 http://deb.debian.org/debian trixie/main amd64 node-p-locate all 6.0.0-12 [5752 B]
#19 6.528 Get:176 http://deb.debian.org/debian trixie/main amd64 node-locate-path all 7.1.1-2 [5584 B]
#19 6.528 Get:177 http://deb.debian.org/debian trixie/main amd64 node-path-exists all 5.0.0-8 [4732 B]
#19 6.529 Get:178 http://deb.debian.org/debian trixie/main amd64 node-find-up all 6.3.0-7 [9388 B]
#19 6.532 Get:179 http://deb.debian.org/debian trixie/main amd64 node-pkg-dir all 5.0.0-2 [4260 B]
#19 6.533 Get:180 http://deb.debian.org/debian trixie/main amd64 node-find-cache-dir all 3.3.2+~3.2.1-1 [6152 B]
#19 6.533 Get:181 http://deb.debian.org/debian trixie/main amd64 node-signal-exit all 4.1.0-7 [14.4 kB]
#19 6.533 Get:182 http://deb.debian.org/debian trixie/main amd64 node-foreground-child all 3.1.1-2 [13.3 kB]
#19 6.535 Get:183 http://deb.debian.org/debian trixie/main amd64 node-is-stream all 3.0.0-4 [5076 B]
#19 6.535 Get:184 http://deb.debian.org/debian trixie/main amd64 node-is-windows all 1.0.2+~cs1.0.0-1 [5936 B]
#19 6.535 Get:185 http://deb.debian.org/debian trixie/main amd64 node-ampproject-remapping all 2.2.0+~cs5.15.37-1 [59.4 kB]
#19 6.535 Get:186 http://deb.debian.org/debian trixie/main amd64 node-sprintf-js all 1.1.2+ds1+~1.1.2-1 [4024 B]
#19 6.535 Get:187 http://deb.debian.org/debian trixie/main amd64 node-argparse all 2.0.1-2 [34.6 kB]
#19 6.536 Get:188 http://deb.debian.org/debian trixie/main amd64 node-js-yaml all 4.1.0+dfsg+~4.0.5-7 [66.6 kB]
#19 6.540 Get:189 http://deb.debian.org/debian trixie/main amd64 node-nopt all 5.0.0-4 [12.1 kB]
#19 6.540 Get:190 http://deb.debian.org/debian trixie/main amd64 node-npm-run-path all 5.1.0+~4.0.0-8 [6276 B]
#19 6.540 Get:191 http://deb.debian.org/debian trixie/main amd64 node-shebang-regex all 3.0.0-2 [3528 B]
#19 6.540 Get:192 http://deb.debian.org/debian trixie/main amd64 node-shebang-command all 2.0.0-1 [3500 B]
#19 6.540 Get:193 http://deb.debian.org/debian trixie/main amd64 node-strip-bom all 4.0.0-2 [4144 B]
#19 6.540 Get:194 http://deb.debian.org/debian trixie/main amd64 node-has-flag all 5.0.1-1 [4404 B]
#19 6.541 Get:195 http://deb.debian.org/debian trixie/main amd64 node-supports-color all 8.1.1+~8.1.1-1 [6920 B]
#19 6.542 Get:196 http://deb.debian.org/debian trixie/main amd64 node-util all 0.12.5+~1.0.10-1 [5700 B]
#19 6.546 Get:197 http://deb.debian.org/debian trixie/main amd64 node-assert all 2.0.0+~cs3.9.8-2 [26.8 kB]
#19 6.546 Get:198 http://deb.debian.org/debian trixie/main amd64 node-babel-plugin-add-module-exports all 1.0.4+dfsg1~cs5.8.0-4 [8672 B]
#19 6.546 Get:199 http://deb.debian.org/debian trixie/main amd64 node-regenerator-runtime all 0.15.2+~0.10.8-1 [10.7 kB]
#19 6.546 Get:200 http://deb.debian.org/debian trixie/main amd64 node-babel7-runtime all 7.20.15+ds1+~cs214.269.168-8 [116 kB]
#19 6.546 Get:201 http://deb.debian.org/debian trixie/main amd64 node-babel-helper-define-polyfill-provider all 0.3.3~0~20220913+ds1-1 [27.4 kB]
#19 6.546 Get:202 http://deb.debian.org/debian trixie/main amd64 node-babel-plugin-polyfill-corejs2 all 0.3.3~0~20220913+ds1-1 [17.1 kB]
#19 6.547 Get:203 http://deb.debian.org/debian trixie/main amd64 node-caniuse-lite all 1.0.30001723+dfsg+~1.0.5-1 [255 kB]
#19 6.552 Get:204 http://deb.debian.org/debian trixie/main amd64 node-electron-to-chromium all 1.5.166-1 [20.9 kB]
#19 6.552 Get:205 http://deb.debian.org/debian trixie/main amd64 node-picocolors all 1.0.0-4 [6652 B]
#19 6.554 Get:206 http://deb.debian.org/debian trixie/main amd64 node-browserslist all 4.25.0+~cs6.3.22-1 [72.3 kB]
#19 6.554 Get:207 http://deb.debian.org/debian trixie/main amd64 node-core-js-compat all 3.33.2-1 [78.5 kB]
#19 6.555 Get:208 http://deb.debian.org/debian trixie/main amd64 node-babel-plugin-polyfill-corejs3 all 0.6.0~0~20220913+ds1-1 [29.5 kB]
#19 6.556 Get:209 http://deb.debian.org/debian trixie/main amd64 node-babel-plugin-polyfill-regenerator all 0.4.1~0~20220913+ds1-1 [5036 B]
#19 6.556 Get:210 http://deb.debian.org/debian trixie/main amd64 node-color-name all 1.1.4+~1.1.1-2 [5920 B]
#19 6.559 Get:211 http://deb.debian.org/debian trixie/main amd64 node-color-convert all 2.0.1+~cs2.0.0-2 [13.1 kB]
#19 6.559 Get:212 http://deb.debian.org/debian trixie/main amd64 node-ansi-styles all 6.2.1-3 [8716 B]
#19 6.559 Get:213 http://deb.debian.org/debian trixie/main amd64 node-chalk all 5.3.0-1 [18.2 kB]
#19 6.559 Get:214 http://deb.debian.org/debian trixie/main amd64 node-for-in all 1.0.2-4 [4840 B]
#19 6.559 Get:215 http://deb.debian.org/debian trixie/main amd64 node-for-own all 1.0.0-3 [4800 B]
#19 6.560 Get:216 http://deb.debian.org/debian trixie/main amd64 node-is-plain-object all 5.0.0-7 [6108 B]
#19 6.565 Get:217 http://deb.debian.org/debian trixie/main amd64 node-is-extendable all 1.0.1-3 [5228 B]
#19 6.565 Get:218 http://deb.debian.org/debian trixie/main amd64 node-clone-deep all 4.0.1+~cs7.0.2-1 [6720 B]
#19 6.565 Get:219 http://deb.debian.org/debian trixie/main amd64 node-commander all 9.4.1-1 [65.3 kB]
#19 6.565 Get:220 http://deb.debian.org/debian trixie/main amd64 node-core-js all 3.33.2-1 [301 kB]
#19 6.565 Get:221 http://deb.debian.org/debian trixie/main amd64 node-core-js-pure all 3.33.2-1 [282 kB]
#19 6.567 Get:222 http://deb.debian.org/debian trixie/main amd64 node-fs-readdir-recursive all 1.1.0+~1.1.0-1 [4540 B]
#19 6.568 Get:223 http://deb.debian.org/debian trixie/main amd64 node-js-tokens all 8.0.0-2 [14.9 kB]
#19 6.569 Get:224 http://deb.debian.org/debian trixie/main amd64 node-jsesc all 3.0.2+~3.0.1-1 [17.6 kB]
#19 6.569 Get:225 http://deb.debian.org/debian trixie/main amd64 node-json5 all 2.2.3+dfsg-1 [25.6 kB]
#19 6.570 Get:226 http://deb.debian.org/debian trixie/main amd64 node-quick-lru all 6.1.1-4 [8076 B]
#19 6.571 Get:227 http://deb.debian.org/debian trixie/main amd64 node-regenerator-transform all 0.15.2+~0.10.8-1 [24.9 kB]
#19 6.573 Get:228 http://deb.debian.org/debian trixie/main amd64 node-regjsgen all 0.7.1+ds-1 [6968 B]
#19 6.573 Get:229 http://deb.debian.org/debian trixie/main amd64 node-regjsparser all 0.9.1+ds-2 [22.1 kB]
#19 6.573 Get:230 http://deb.debian.org/debian trixie/main amd64 node-unicode-canonical-property-names-ecmascript all 2.0.0-2 [4540 B]
#19 6.573 Get:231 http://deb.debian.org/debian trixie/main amd64 node-unicode-property-aliases-ecmascript all 2.1.0+ds-1 [5256 B]
#19 6.574 Get:232 http://deb.debian.org/debian trixie/main amd64 node-unicode-match-property-ecmascript all 2.0.0-2 [4440 B]
#19 6.575 Get:233 http://deb.debian.org/debian trixie/main amd64 node-unicode-match-property-value-ecmascript all 2.1.0+ds-1 [7272 B]
#19 6.575 Get:234 http://deb.debian.org/debian trixie/main amd64 node-regexpu-core all 5.2.2-3 [13.9 kB]
#19 6.579 Get:235 http://deb.debian.org/debian trixie/main amd64 node-source-map-support all 0.5.21+ds+~0.5.10-1 [15.3 kB]
#19 6.579 Get:236 http://deb.debian.org/debian trixie/main amd64 node-to-fast-properties all 3.0.1-3 [4332 B]
#19 6.579 Get:237 http://deb.debian.org/debian trixie/main amd64 node-v8flags all 3.2.0+~3.1.1-1 [7612 B]
#19 6.581 Get:238 http://deb.debian.org/debian trixie/main amd64 node-babel7 all 7.20.15+ds1+~cs214.269.168-8 [709 kB]
#19 6.590 Get:239 http://deb.debian.org/debian trixie/main amd64 node-is-arrayish all 0.3.2-3 [3960 B]
#19 6.590 Get:240 http://deb.debian.org/debian trixie/main amd64 node-error-ex all 1.3.2-4 [5656 B]
#19 6.590 Get:241 http://deb.debian.org/debian trixie/main amd64 node-json-parse-better-errors all 1.0.2+~cs3.3.1-3 [7724 B]
#19 6.590 Get:242 http://deb.debian.org/debian trixie/main amd64 node-parse-json all 5.2.0+~cs5.1.7-2 [7304 B]
#19 6.590 Get:243 http://deb.debian.org/debian trixie/main amd64 node-hosted-git-info all 6.1.1-2 [12.6 kB]
#19 6.592 Get:244 http://deb.debian.org/debian trixie/main amd64 node-spdx-license-ids all 3.0.12-1 [6276 B]
#19 6.595 Get:245 http://deb.debian.org/debian trixie/main amd64 node-spdx-exceptions all 2.3.0-2 [3992 B]
#19 6.595 Get:246 http://deb.debian.org/debian trixie/main amd64 node-spdx-expression-parse all 3.0.1+~3.0.1-1 [7532 B]
#19 6.595 Get:247 http://deb.debian.org/debian trixie/main amd64 node-spdx-correct all 3.1.1-2 [5464 B]
#19 6.595 Get:248 http://deb.debian.org/debian trixie/main amd64 node-validate-npm-package-license all 3.0.4-2 [4280 B]
#19 6.595 Get:249 http://deb.debian.org/debian trixie/main amd64 node-normalize-package-data all 4.0.1+~2.4.1-1 [13.6 kB]
#19 6.596 Get:250 http://deb.debian.org/debian trixie/main amd64 node-read-pkg all 5.2.0-2 [24.0 kB]
#19 6.596 Get:251 http://deb.debian.org/debian trixie/main amd64 node-uuid all 8.3.2+~8.3.4-1 [44.5 kB]
#19 6.598 Get:252 http://deb.debian.org/debian trixie/main amd64 node-isexe all 2.0.0+~2.0.1-5 [6084 B]
#19 6.598 Get:253 http://deb.debian.org/debian trixie/main amd64 node-which all 2.0.2+~cs1.3.2-3 [8368 B]
#19 6.599 Get:254 http://deb.debian.org/debian trixie/main amd64 node-is-typedarray all 1.0.0-4 [3292 B]
#19 6.599 Get:255 http://deb.debian.org/debian trixie/main amd64 node-typedarray-to-buffer all 4.0.0-2 [3380 B]
#19 6.600 Get:256 http://deb.debian.org/debian trixie/main amd64 node-write-file-atomic all 4.0.2+~4.0.0-2 [9308 B]
#19 6.602 Get:257 http://deb.debian.org/debian trixie/main amd64 node-slice-ansi all 5.0.0+~cs9.0.0-5 [8788 B]
#19 6.602 Get:258 http://deb.debian.org/debian trixie/main amd64 node-ansi-regex all 5.0.1-1 [4912 B]
#19 6.602 Get:259 http://deb.debian.org/debian trixie/main amd64 node-strip-ansi all 6.0.1-2 [4120 B]
#19 6.604 Get:260 http://deb.debian.org/debian trixie/main amd64 node-clone all 2.1.2+~2.1.2-1 [9140 B]
#19 6.604 Get:261 http://deb.debian.org/debian trixie/main amd64 node-defaults all 1.0.4+~1.0.3-1 [4400 B]
#19 6.604 Get:262 http://deb.debian.org/debian trixie/main amd64 node-wcwidth.js all 1.0.2-2 [7088 B]
#19 6.604 Get:263 http://deb.debian.org/debian trixie/main amd64 node-string-width all 4.2.3+~cs13.2.3-1 [10.7 kB]
#19 6.604 Get:264 http://deb.debian.org/debian trixie/main amd64 node-wrap-ansi all 8.0.1+~8.0.1-3 [11.8 kB]
#19 6.608 Get:265 http://deb.debian.org/debian trixie/main amd64 node-cliui all 7.0.4+repack+1+~cs1.4.2-2 [21.6 kB]
#19 6.608 Get:266 http://deb.debian.org/debian trixie/main amd64 node-get-caller-file all 2.0.5+~cs1.1.1-4 [5728 B]
#19 6.608 Get:267 http://deb.debian.org/debian trixie/main amd64 node-require-directory all 2.1.1+~2.1.2-1 [7092 B]
#19 6.608 Get:268 http://deb.debian.org/debian trixie/main amd64 node-y18n all 5.0.8+~5.0.0-3 [10.2 kB]
#19 6.608 Get:269 http://deb.debian.org/debian trixie/main amd64 node-camelcase all 7.0.0-3 [6032 B]
#19 6.608 Get:270 http://deb.debian.org/debian trixie/main amd64 node-yargs-parser all 21.1.1+~21.0.0-4 [28.4 kB]
#19 6.615 Get:271 http://deb.debian.org/debian trixie/main amd64 node-yargs all 16.2.0+~16.0.4-7 [128 kB]
#19 6.615 Get:272 http://deb.debian.org/debian trixie/main amd64 node-istanbul all 0.4.5+repack10+~cs98.25.59-3 [211 kB]
#19 6.615 Get:273 http://deb.debian.org/debian trixie/main amd64 node-through all 2.3.8+~cs0.0.30-1 [5452 B]
#19 6.615 Get:274 http://deb.debian.org/debian trixie/main amd64 node-resumer all 0.0.0-6 [4144 B]
#19 6.615 Get:275 http://deb.debian.org/debian trixie/main amd64 node-tape all 5.6.1+~cs8.20.19-3 [71.0 kB]
#19 6.616 Get:276 http://deb.debian.org/debian trixie/main amd64 node-deep-equal all 2.2.3+~cs43.15.94-1 [131 kB]
#19 6.620 Get:277 http://deb.debian.org/debian trixie/main amd64 libjs-util all 0.12.5+~1.0.10-1 [16.0 kB]
#19 6.620 Get:278 http://deb.debian.org/debian trixie/main amd64 libssl-dev amd64 3.5.6-1~deb13u2 [2959 kB]
#19 6.646 Get:279 http://deb.debian.org/debian trixie/main amd64 libuv1-dev amd64 1.50.0-2 [189 kB]
#19 6.648 Get:280 http://deb.debian.org/debian trixie/main amd64 libnode-dev amd64 20.19.2+dfsg-1+deb13u2 [537 kB]
#19 6.664 Get:281 http://deb.debian.org/debian trixie/main amd64 node-agent-base all 7.1.1~0~2024040606-6+deb13u1 [11.6 kB]
#19 6.664 Get:282 http://deb.debian.org/debian trixie/main amd64 node-ajv-keywords all 5.1.0-4 [32.3 kB]
#19 6.664 Get:283 http://deb.debian.org/debian trixie/main amd64 node-ansi-escapes all 5.0.0+really.4.3.1-1 [8896 B]
#19 6.664 Get:284 http://deb.debian.org/debian trixie/main amd64 node-aproba all 2.0.0-3 [5844 B]
#19 6.664 Get:285 http://deb.debian.org/debian trixie/main amd64 node-delegates all 1.0.0-3 [4528 B]
#19 6.664 Get:286 http://deb.debian.org/debian trixie/main amd64 node-are-we-there-yet all 3.0.1+~1.1.0-1 [10.0 kB]
#19 6.664 Get:287 http://deb.debian.org/debian trixie/main amd64 node-async-each all 1.0.3-3 [4292 B]
#19 6.664 Get:288 http://deb.debian.org/debian trixie/main amd64 node-babel-plugin-lodash all 3.3.4+~cs2.0.1-7 [11.0 kB]
#19 6.664 Get:289 http://deb.debian.org/debian trixie/main amd64 node-base64-js all 1.5.1+dfsg+~1.3.0-2 [7140 B]
#19 6.664 Get:290 http://deb.debian.org/debian trixie/main amd64 node-binary-extensions all 2.2.0-2 [4408 B]
#19 6.664 Get:291 http://deb.debian.org/debian trixie/main amd64 node-builtins all 5.0.1-1 [4072 B]
#19 6.664 Get:292 http://deb.debian.org/debian trixie/main amd64 node-chownr all 2.0.0-3 [4312 B]
#19 6.666 Get:293 http://deb.debian.org/debian trixie/main amd64 node-iconv-lite all 0.6.3-3 [115 kB]
#19 6.669 Get:294 http://deb.debian.org/debian trixie/main amd64 node-encoding all 0.1.13-2 [4400 B]
#19 6.669 Get:295 http://deb.debian.org/debian trixie/main amd64 node-jsonparse all 1.3.1-10 [8020 B]
#19 6.672 Get:296 http://deb.debian.org/debian trixie/main amd64 node-yallist all 4.0.0+~4.0.1-1 [8172 B]
#19 6.672 Get:297 http://deb.debian.org/debian trixie/main amd64 node-minipass all 5.0.0+~cs10.3.21-3 [46.9 kB]
#19 6.672 Get:298 http://deb.debian.org/debian trixie/main amd64 node-iferr all 1.0.2+~1.0.2-1 [4588 B]
#19 6.672 Get:299 http://deb.debian.org/debian trixie/main amd64 node-fs-write-stream-atomic all 1.0.10-6 [5316 B]
#19 6.672 Get:300 http://deb.debian.org/debian trixie/main amd64 node-run-queue all 2.0.0-3 [5156 B]
#19 6.673 Get:301 http://deb.debian.org/debian trixie/main amd64 node-copy-concurrently all 1.0.5-9 [7100 B]
#19 6.676 Get:302 http://deb.debian.org/debian trixie/main amd64 node-move-concurrently all 1.0.1-5 [5152 B]
#19 6.676 Get:303 http://deb.debian.org/debian trixie/main amd64 node-promise-inflight all 1.0.1+~1.0.0-1 [4864 B]
#19 6.676 Get:304 http://deb.debian.org/debian trixie/main amd64 node-ssri all 9.0.1-3 [18.1 kB]
#19 6.676 Get:305 http://deb.debian.org/debian trixie/main amd64 node-unique-filename all 1.1.1+ds-2 [4032 B]
#19 6.676 Get:306 http://deb.debian.org/debian trixie/main amd64 node-cacache all 17.0.3+~cs10.3.7-2 [45.2 kB]
#19 6.676 Get:307 http://deb.debian.org/debian trixie/main amd64 node-is-binary-path all 2.1.0-5 [3684 B]
#19 6.676 Get:308 http://deb.debian.org/debian trixie/main amd64 node-path-is-absolute all 2.0.0-2 [4068 B]
#19 6.676 Get:309 http://deb.debian.org/debian trixie/main amd64 node-set-immediate-shim all 2.0.0-2 [3740 B]
#19 6.678 Get:310 http://deb.debian.org/debian trixie/main amd64 node-readdirp all 3.6.0-1 [11.5 kB]
#19 6.678 Get:311 http://deb.debian.org/debian trixie/main amd64 node-chokidar all 3.6.0-3 [32.4 kB]
#19 6.678 Get:312 http://deb.debian.org/debian trixie/main amd64 node-tslib all 2.4.1-1 [19.5 kB]
#19 6.680 Get:313 http://deb.debian.org/debian trixie/main amd64 node-chrome-trace-event all 1.0.3-2 [6984 B]
#19 6.684 Get:314 http://deb.debian.org/debian trixie/main amd64 node-ci-info all 4.0.0+~cs1.1.0-1 [12.5 kB]
#19 6.684 Get:315 http://deb.debian.org/debian trixie/main amd64 node-colors all 1.4.0-4 [11.9 kB]
#19 6.684 Get:316 http://deb.debian.org/debian trixie/main amd64 node-cli-table all 0.3.11+~cs0.13.4-3 [23.6 kB]
#19 6.684 Get:317 http://deb.debian.org/debian trixie/main amd64 node-columnify all 1.6.0+~1.5.1-1 [12.4 kB]
#19 6.684 Get:318 http://deb.debian.org/debian trixie/main amd64 node-console-control-strings all 1.1.0-3 [5564 B]
#19 6.684 Get:319 http://deb.debian.org/debian trixie/main amd64 node-css-selector-tokenizer all 0.8.0+~cs4.8.3-1 [13.0 kB]
#19 6.686 Get:320 http://deb.debian.org/debian trixie/main amd64 node-postcss all 8.4.49+~cs9.2.32-1 [189 kB]
#19 6.690 Get:321 http://deb.debian.org/debian trixie/main amd64 node-icss-utils all 5.1.0+~5.1.0-1 [7564 B]
#19 6.692 Get:322 http://deb.debian.org/debian trixie/main amd64 node-postcss-modules-extract-imports all 3.0.0-2 [6584 B]
#19 6.692 Get:323 http://deb.debian.org/debian trixie/main amd64 node-postcss-modules-values all 4.0.0+~4.0.0-1 [7180 B]
#19 6.692 Get:324 http://deb.debian.org/debian trixie/main amd64 node-postcss-value-parser all 4.2.0-1 [10.4 kB]
#19 6.692 Get:325 http://deb.debian.org/debian trixie/main amd64 node-prr all 1.0.1-3 [4352 B]
#19 6.692 Get:326 http://deb.debian.org/debian trixie/main amd64 node-errno all 1.0.0-3 [7736 B]
#19 6.692 Get:327 http://deb.debian.org/debian trixie/main amd64 node-memory-fs all 0.5.0+~0.3.3-2 [7676 B]
#19 6.693 Get:328 http://deb.debian.org/debian trixie/main amd64 node-tapable all 2.2.1-3 [13.5 kB]
#19 6.694 Get:329 http://deb.debian.org/debian trixie/main amd64 node-enhanced-resolve all 5.15.0-1 [36.4 kB]
#19 6.694 Get:330 http://deb.debian.org/debian trixie/main amd64 node-es-module-lexer all 1.1.0+dfsg-3 [19.8 kB]
#19 6.694 Get:331 http://deb.debian.org/debian trixie/main amd64 node-events all 3.3.0+~3.0.0-3 [5888 B]
#19 6.696 Get:332 http://deb.debian.org/debian trixie/main amd64 node-resolve-cwd all 3.0.0-2 [4212 B]
#19 6.698 Get:333 http://deb.debian.org/debian trixie/main amd64 node-jest-debbundle all 29.6.2~ds1+~cs73.45.28-5 [135 kB]
#19 6.698 Get:334 http://deb.debian.org/debian trixie/main amd64 node-interpret all 2.2.0-3 [7660 B]
#19 6.698 Get:335 http://deb.debian.org/debian trixie/main amd64 node-merge-stream all 2.0.0+~1.1.2-2 [5124 B]
#19 6.701 Get:336 http://deb.debian.org/debian trixie/main amd64 node-jest-worker all 29.6.2~ds1+~cs73.45.28-5 [116 kB]
#19 6.701 Get:337 http://deb.debian.org/debian trixie/main amd64 node-loader-runner all 4.3.0-1 [7644 B]
#19 6.702 Get:338 http://deb.debian.org/debian trixie/main amd64 node-mime all 3.0.0+dfsg+~cs6.97.2-2 [40.3 kB]
#19 6.703 Get:339 http://deb.debian.org/debian trixie/main amd64 node-mime-types all 2.1.35-2 [8752 B]
#19 6.703 Get:340 http://deb.debian.org/debian trixie/main amd64 node-rechoir all 0.8.0+~0.6.1-2 [6628 B]
#19 6.703 Get:341 http://deb.debian.org/debian trixie/main amd64 node-schema-utils all 4.2.0~ds-3 [22.0 kB]
#19 6.704 Get:342 http://deb.debian.org/debian trixie/main amd64 node-randombytes all 2.1.0+~2.0.0-2 [4852 B]
#19 6.705 Get:343 http://deb.debian.org/debian trixie/main amd64 node-serialize-javascript all 6.0.2-1 [13.0 kB]
#19 6.705 Get:344 http://deb.debian.org/debian trixie/main amd64 node-watchpack all 2.4.0+~cs2.8.1-1 [20.2 kB]
#19 6.708 Get:345 http://deb.debian.org/debian trixie/main amd64 node-webassemblyjs all 1.11.4+dfsg+~cs10.11.17-2 [139 kB]
#19 6.710 Get:346 http://deb.debian.org/debian trixie/main amd64 node-source-list-map all 2.0.1+dfsg+~0.1.2-1 [10.1 kB]
#19 6.710 Get:347 http://deb.debian.org/debian trixie/main amd64 node-webpack-sources all 3.2.3+~3.2.0-2 [23.2 kB]
#19 6.710 Get:348 http://deb.debian.org/debian trixie/main amd64 node-terser all 5.38.0-1 [220 kB]
#19 6.712 Get:349 http://deb.debian.org/debian trixie/main amd64 terser all 5.38.0-1 [19.4 kB]
#19 6.713 Get:350 http://deb.debian.org/debian trixie/main amd64 node-get-stream all 8.0.1-11 [11.6 kB]
#19 6.714 Get:351 http://deb.debian.org/debian trixie/main amd64 node-mimic-fn all 4.0.0-5 [5492 B]
#19 6.714 Get:352 http://deb.debian.org/debian trixie/main amd64 node-strip-eof all 3.0.0-5 [4656 B]
#19 6.716 Get:353 http://deb.debian.org/debian trixie/main amd64 node-execa all 8.0.1+dfsg1+~cs12.0.0-1 [43.9 kB]
#19 6.716 Get:354 http://deb.debian.org/debian trixie/main amd64 node-envinfo all 7.11.0+~cs14.3.0-3 [32.6 kB]
#19 6.717 Get:355 http://deb.debian.org/debian trixie/main amd64 webpack all 5.97.1+dfsg1+~cs11.18.27-3 [810 kB]
#19 6.732 Get:356 http://deb.debian.org/debian trixie/main amd64 node-css-loader all 6.8.1+~cs14.0.17-1 [74.5 kB]
#19 6.732 Get:357 http://deb.debian.org/debian trixie/main amd64 node-data-uri-to-buffer all 6.0.2~0~2024040606-6+deb13u1 [9180 B]
#19 6.732 Get:358 http://deb.debian.org/debian trixie/main amd64 node-mimic-response all 3.1.0-9 [5424 B]
#19 6.732 Get:359 http://deb.debian.org/debian trixie/main amd64 node-decompress-response all 6.0.0-3 [4656 B]
#19 6.732 Get:360 http://deb.debian.org/debian trixie/main amd64 node-depd all 2.0.0-2 [11.2 kB]
#19 6.732 Get:361 http://deb.debian.org/debian trixie/main amd64 node-diff all 5.0.0~dfsg+~5.0.1-4 [69.7 kB]
#19 6.732 Get:362 http://deb.debian.org/debian trixie/main amd64 node-err-code all 2.0.3+dfsg-3 [4884 B]
#19 6.732 Get:363 http://deb.debian.org/debian trixie/main amd64 node-time-stamp all 2.2.0-2 [6016 B]
#19 6.732 Get:364 http://deb.debian.org/debian trixie/main amd64 node-fancy-log all 1.3.3+~cs1.3.1-2 [7940 B]
#19 6.733 Get:365 http://deb.debian.org/debian trixie/main amd64 node-fetch all 3.3.2+~cs11.4.11-3 [213 kB]
#19 6.736 Get:366 http://deb.debian.org/debian trixie/main amd64 node-has-unicode all 2.0.1-5 [3992 B]
#19 6.736 Get:367 http://deb.debian.org/debian trixie/main amd64 node-wide-align all 1.1.3-4 [4244 B]
#19 6.737 Get:368 http://deb.debian.org/debian trixie/main amd64 node-gauge all 4.0.4-2 [19.7 kB]
#19 6.738 Get:369 http://deb.debian.org/debian trixie/main amd64 node-lowercase-keys all 2.0.0-2 [3768 B]
#19 6.738 Get:370 http://deb.debian.org/debian trixie/main amd64 node-json-buffer all 3.0.1+~3.0.0-1 [4536 B]
#19 6.739 Get:371 http://deb.debian.org/debian trixie/main amd64 node-p-cancelable all 2.1.1-1 [7272 B]
#19 6.741 Get:372 http://deb.debian.org/debian trixie/main amd64 node-got all 11.8.5+~cs58.13.36-5 [121 kB]
#19 6.743 Get:373 http://deb.debian.org/debian trixie/main amd64 node-https-proxy-agent all 7.0.4~0~2024040606-6+deb13u1 [13.7 kB]
#19 6.743 Get:374 http://deb.debian.org/debian trixie/main amd64 node-set-blocking all 2.0.0-2 [4248 B]
#19 6.743 Get:375 http://deb.debian.org/debian trixie/main amd64 node-npmlog all 7.0.1+~4.1.4-1 [11.4 kB]
#19 6.743 Get:376 http://deb.debian.org/debian trixie/main amd64 node-osenv all 0.1.5+~0.1.1-1 [5884 B]
#19 6.743 Get:377 http://deb.debian.org/debian trixie/main amd64 node-tar all 6.2.1+~cs7.0.8-1+deb13u1 [52.7 kB]
#19 6.744 Get:378 http://deb.debian.org/debian trixie/main amd64 node-gyp all 11.1.0+~5.0.0-1 [67.6 kB]
#19 6.746 Get:379 http://deb.debian.org/debian trixie/main amd64 node-http-proxy-agent all 7.0.2~0~2024040606-6+deb13u1 [10.8 kB]
#19 6.746 Get:380 http://deb.debian.org/debian trixie/main amd64 node-ieee754 all 1.2.1-3 [5268 B]
#19 6.748 Get:381 http://deb.debian.org/debian trixie/main amd64 node-ini all 3.0.1-2 [6928 B]
#19 6.748 Get:382 http://deb.debian.org/debian trixie/main amd64 node-ip all 2.0.1+~1.1.3-3 [8616 B]
#19 6.748 Get:383 http://deb.debian.org/debian trixie/main amd64 node-ip-regex all 4.3.0+~4.1.1-1 [5188 B]
#19 6.748 Get:384 http://deb.debian.org/debian trixie/main amd64 node-mute-stream all 0.0.8+~0.0.1-3 [6232 B]
#19 6.748 Get:385 http://deb.debian.org/debian trixie/main amd64 node-negotiator all 0.6.3+~0.6.1-1 [10.8 kB]
#19 6.750 Get:386 http://deb.debian.org/debian trixie/main amd64 node-read-package-json all 5.0.2+~2.0.0-2 [11.6 kB]
#19 6.750 Get:387 http://deb.debian.org/debian trixie/main amd64 node-npm-bundled all 2.0.1-2 [6408 B]
#19 6.750 Get:388 http://deb.debian.org/debian trixie/main amd64 node-validate-npm-package-name all 5.0.0+~4.0.0-1 [7444 B]
#19 6.751 Get:389 http://deb.debian.org/debian trixie/main amd64 node-npm-package-arg all 10.0.0+~3.0.0-2 [11.4 kB]
#19 6.751 Get:390 http://deb.debian.org/debian trixie/main amd64 node-retry all 0.13.1.+~cs2.19.16-1 [14.2 kB]
#19 6.753 Get:391 http://deb.debian.org/debian trixie/main amd64 node-promise-retry all 2.0.1-4 [5016 B]
#19 6.753 Get:392 http://deb.debian.org/debian trixie/main amd64 node-read all 1.0.7-5 [5388 B]
#19 6.753 Get:393 http://deb.debian.org/debian trixie/main amd64 node-promzard all 0.3.0-2 [6788 B]
#19 6.753 Get:394 http://deb.debian.org/debian trixie/main amd64 node-text-table all 0.2.0-4 [4736 B]
#19 6.755 Get:395 http://deb.debian.org/debian trixie/main amd64 npm all 9.2.0~ds1-3 [669 kB]
#19 7.065 debconf: unable to initialize frontend: Dialog
#19 7.065 debconf: (TERM is not set, so the dialog frontend is not usable.)
#19 7.065 debconf: falling back to frontend: Readline
#19 7.065 debconf: unable to initialize frontend: Readline
#19 7.065 debconf: (Can't locate Term/ReadLine.pm in @INC (you may need to install the Term::ReadLine module) (@INC entries checked: /etc/perl /usr/local/lib/x86_64-linux-gnu/perl/5.40.1 /usr/local/share/perl/5.40.1 /usr/lib/x86_64-linux-gnu/perl5/5.40 /usr/share/perl5 /usr/lib/x86_64-linux-gnu/perl-base /usr/lib/x86_64-linux-gnu/perl/5.40 /usr/share/perl/5.40 /usr/local/lib/site_perl) at /usr/share/perl5/Debconf/FrontEnd/Readline.pm line 8, <STDIN> line 395.)
#19 7.065 debconf: falling back to frontend: Teletype
#19 7.081 debconf: unable to initialize frontend: Teletype
#19 7.081 debconf: (This frontend requires a controlling tty.)
#19 7.081 debconf: falling back to frontend: Noninteractive
#19 ...

#25 [homepage v9_react  5/24] RUN npm ci
#25 4.861 
#25 4.861 > esbuild@0.21.5 postinstall
#25 4.861 > node install.js
#25 4.861 
#25 4.978 
#25 4.978 added 63 packages, and audited 64 packages in 4s
#25 4.979 
#25 4.979 7 packages are looking for funding
#25 4.979   run `npm fund` for details
#25 5.019 
#25 5.019 4 vulnerabilities (1 low, 1 moderate, 2 high)
#25 5.019 
#25 5.019 To address issues that do not require attention, run:
#25 5.019   npm audit fix
#25 5.019 
#25 5.019 To address all issues (including breaking changes), run:
#25 5.019   npm audit fix --force
#25 5.019 
#25 5.019 Run `npm audit` for details.
#25 DONE 5.2s

#26 [trading-chart v9_react  6/24] WORKDIR /build
#26 DONE 0.2s

#27 [homepage v9_react  7/24] COPY [scripts/checkpoint-build-assert.mjs, ./checkpoint-tools/checkpoint-build-assert.mjs]
#27 DONE 0.1s

#28 [trading-chart v9_react  8/24] COPY [scripts/lib/checkpoint-provenance.mjs, ./checkpoint-tools/lib/checkpoint-provenance.mjs]
#28 DONE 0.1s

#29 [homepage v9_react  9/24] COPY [scripts/lib/homepage-forwarding-contracts.mjs, ./checkpoint-tools/lib/homepage-forwarding-contracts.mjs]
#29 DONE 0.1s

#30 [trading-chart v9_react 10/24] COPY [scripts/lib/homepage-forwarding-contracts.mjs, /scripts/lib/homepage-forwarding-contracts.mjs]
#30 DONE 0.1s

#31 [homepage v9_react 11/24] COPY [scripts/module-contract-preflight.mjs, /scripts/module-contract-preflight.mjs]
#31 DONE 0.1s

#32 [trading-chart v9_react 12/24] COPY [scripts/module-contracts.json, /scripts/module-contracts.json]
#32 DONE 0.1s

#33 [trading-chart v9_react 13/24] COPY [scripts/lib/m19-e-hotpath-console-exemptions.mjs, /scripts/lib/m19-e-hotpath-console-exemptions.mjs]
#33 DONE 0.1s

#34 [homepage v9_react 14/24] COPY [chart v 1.4/talaria-design, ./talaria-design/]
#34 DONE 0.2s

#35 [homepage v9_react 15/24] COPY [chart v 1.4/chart, ./chart/]
#35 DONE 0.4s

#36 [trading-chart v9_react 16/24] COPY [homepage/public/chart/modules/m20-q6-replay-lifecycle-binding.test.mjs, /homepage/public/chart/modules/m20-q6-replay-lifecycle-binding.test.mjs]
#36 DONE 0.1s

#37 [homepage v9_react 17/24] COPY [homepage/public/chart/modules/module-presence-runtime.js, /contract-root/homepage/public/chart/modules/module-presence-runtime.js]
#37 DONE 0.1s

#38 [trading-chart v9_react 18/24] COPY [homepage/public/chart/modules/indicator-performance.js, /contract-root/homepage/public/chart/modules/indicator-performance.js]
#38 DONE 0.1s

#39 [homepage chart_assets  8/24] COPY [scripts/lib/checkpoint-provenance.mjs, ./checkpoint-tools/lib/checkpoint-provenance.mjs]
#39 CACHED

#40 [homepage chart_assets  9/24] COPY [scripts/lib/homepage-forwarding-contracts.mjs, ./checkpoint-tools/lib/homepage-forwarding-contracts.mjs]
#40 CACHED

#41 [homepage chart_assets  3/24] COPY [chart v 1.4/talaria-design/package.json, chart v 1.4/talaria-design/package-lock.json, ./talaria-design/]
#41 CACHED

#42 [homepage chart_assets 16/24] COPY [homepage/public/chart/modules/m20-q6-replay-lifecycle-binding.test.mjs, /homepage/public/chart/modules/m20-q6-replay-lifecycle-binding.test.mjs]
#42 CACHED

#43 [homepage chart_assets  4/24] WORKDIR /build/talaria-design
#43 CACHED

#44 [homepage chart_assets  5/24] RUN npm ci
#44 CACHED

#45 [homepage chart_assets 12/24] COPY [scripts/module-contracts.json, /scripts/module-contracts.json]
#45 CACHED

#46 [homepage chart_assets  6/24] WORKDIR /build
#46 CACHED

#47 [homepage chart_assets 11/24] COPY [scripts/module-contract-preflight.mjs, /scripts/module-contract-preflight.mjs]
#47 CACHED

#48 [homepage chart_assets 13/24] COPY [scripts/lib/m19-e-hotpath-console-exemptions.mjs, /scripts/lib/m19-e-hotpath-console-exemptions.mjs]
#48 CACHED

#49 [homepage chart_assets 18/24] COPY [homepage/public/chart/modules/indicator-performance.js, /contract-root/homepage/public/chart/modules/indicator-performance.js]
#49 CACHED

#50 [homepage chart_assets 15/24] COPY [chart v 1.4/chart, ./chart/]
#50 CACHED

#51 [homepage chart_assets 10/24] COPY [scripts/lib/homepage-forwarding-contracts.mjs, /scripts/lib/homepage-forwarding-contracts.mjs]
#51 CACHED

#52 [homepage chart_assets 14/24] COPY [chart v 1.4/talaria-design, ./talaria-design/]
#52 CACHED

#53 [homepage chart_assets  7/24] COPY [scripts/checkpoint-build-assert.mjs, ./checkpoint-tools/checkpoint-build-assert.mjs]
#53 CACHED

#17 [homepage v9_react  2/24] WORKDIR /build
#17 CACHED

#54 [homepage chart_assets 17/24] COPY [homepage/public/chart/modules/module-presence-runtime.js, /contract-root/homepage/public/chart/modules/module-presence-runtime.js]
#54 CACHED

#55 [homepage chart_assets 19/24] COPY [homepage/public/chart/dist-v9, /contract-root/homepage/public/chart/dist-v9]
#55 ...

#56 [trading-chart v9_react 19/24] COPY [homepage/public/chart/dist-v9, /contract-root/homepage/public/chart/dist-v9]
#56 DONE 0.2s

#55 [homepage chart_assets 19/24] COPY [homepage/public/chart/dist-v9, /contract-root/homepage/public/chart/dist-v9]
#55 DONE 0.2s

#57 [homepage chart_assets 20/24] COPY [homepage/public/chart/multichart-prod, /contract-root/homepage/public/chart/multichart-prod]
#57 ...

#58 [trading-chart v9_react 20/24] COPY [homepage/public/chart/multichart-prod, /contract-root/homepage/public/chart/multichart-prod]
#58 DONE 0.3s

#57 [homepage chart_assets 20/24] COPY [homepage/public/chart/multichart-prod, /contract-root/homepage/public/chart/multichart-prod]
#57 DONE 0.3s

#59 [trading-chart v9_react 21/24] COPY [homepage/public/chart/multichart/chart-host.html, /contract-root/homepage/public/chart/multichart/chart-host.html]
#59 DONE 0.1s

#60 [homepage chart_assets 21/24] COPY [homepage/public/chart/multichart/chart-host.html, /contract-root/homepage/public/chart/multichart/chart-host.html]
#60 DONE 0.2s

#61 [homepage chart_assets 22/24] RUN mkdir -p "/contract-root/chart v 1.4"   && ln -sfn /build/chart "/contract-root/chart v 1.4/chart"   && ln -sfn /build/talaria-design "/contract-root/chart v 1.4/talaria-design"   && rm -rf /build/chart/dist-v9   && cp -a /contract-root/homepage/public/chart/dist-v9 /build/chart/dist-v9
#61 DONE 0.4s

#62 [trading-chart v9_react 22/24] RUN mkdir -p "/contract-root/chart v 1.4"   && ln -sfn /build/chart "/contract-root/chart v 1.4/chart"   && ln -sfn /build/talaria-design "/contract-root/chart v 1.4/talaria-design"   && rm -rf /build/chart/dist-v9   && cp -a /contract-root/homepage/public/chart/dist-v9 /build/chart/dist-v9
#62 DONE 0.6s

#63 [homepage chart_assets 23/24] WORKDIR /build/talaria-design
#63 DONE 0.1s

#64 [trading-chart v9_react 23/24] WORKDIR /build/talaria-design
#64 DONE 0.1s

#65 [trading-chart v9_react 24/24] RUN if [ "1" = "1" ]; then       node /build/checkpoint-tools/checkpoint-build-assert.mjs inputs         --strict="1"         --build-id="20260730b109"         --source-sha="53b3b6b7bc4082d8b6bf93541a6ab4988558d9fa";     elif [ -n "20260730b109" ]; then       echo "CHART_BUILD_ID requires CHECKPOINT_BUILD=1" >&2; exit 1;     fi     && if [ "1" = "1" ]; then       node /build/chart/modules/m19-progressive-session-soak.test.mjs;     fi     && if [ "1" = "1" ]; then       BUILD_ID="20260730b109" node /build/chart/scripts/bump-chart-engine-build.mjs;     fi     && npm run build:live:chart     && if [ "1" = "1" ]; then       node /build/checkpoint-tools/checkpoint-build-assert.mjs layout         --build-id="20260730b109"         --source-sha="53b3b6b7bc4082d8b6bf93541a6ab4988558d9fa"         --chart-root=/build/chart         --live-root=/build/talaria-design/live         --homepage-chart-root=/homepage/public/chart;     fi
#65 0.567 {"signature":"TALARIA_CHECKPOINT_BUILD_INPUTS_V1","ok":true,"buildId":"20260730b109","sourceSha":"53b3b6b7bc4082d8b6bf93541a6ab4988558d9fa"}
#65 ...

#19 [trading-chart stage-1  3/22] RUN apt-get update && apt-get install -y --no-install-recommends     curl     nodejs     npm     && rm -rf /var/lib/apt/lists/*
#19 18.27 Fetched 49.9 MB in 1s (62.6 MB/s)
#19 18.30 Selecting previously unselected package libexpat1:amd64.
#19 18.30 (Reading database ... (Reading database ... 5%(Reading database ... 10%(Reading database ... 15%(Reading database ... 20%(Reading database ... 25%(Reading database ... 30%(Reading database ... 35%(Reading database ... 40%(Reading database ... 45%(Reading database ... 50%(Reading database ... 55%(Reading database ... 60%(Reading database ... 65%(Reading database ... 70%(Reading database ... 75%(Reading database ... 80%(Reading database ... 85%(Reading database ... 90%(Reading database ... 95%(Reading database ... 100%(Reading database ... 5645 files and directories currently installed.)
#19 18.31 Preparing to unpack .../libexpat1_2.8.2-1~deb13u1_amd64.deb ...
#19 18.32 Unpacking libexpat1:amd64 (2.8.2-1~deb13u1) ...
#19 18.39 Selecting previously unselected package libpython3.13-minimal:amd64.
#19 18.40 Preparing to unpack .../libpython3.13-minimal_3.13.5-2+deb13u4_amd64.deb ...
#19 18.40 Unpacking libpython3.13-minimal:amd64 (3.13.5-2+deb13u4) ...
#19 18.56 Selecting previously unselected package python3.13-minimal.
#19 18.56 Preparing to unpack .../python3.13-minimal_3.13.5-2+deb13u4_amd64.deb ...
#19 18.58 Unpacking python3.13-minimal (3.13.5-2+deb13u4) ...
#19 18.73 Setting up libpython3.13-minimal:amd64 (3.13.5-2+deb13u4) ...
#19 18.75 Setting up libexpat1:amd64 (2.8.2-1~deb13u1) ...
#19 18.77 Setting up python3.13-minimal (3.13.5-2+deb13u4) ...
#19 19.57 Selecting previously unselected package python3-minimal.
#19 19.57 (Reading database ... (Reading database ... 5%(Reading database ... 10%(Reading database ... 15%(Reading database ... 20%(Reading database ... 25%(Reading database ... 30%(Reading database ... 35%(Reading database ... 40%(Reading database ... 45%(Reading database ... 50%(Reading database ... 55%(Reading database ... 60%(Reading database ... 65%(Reading database ... 70%(Reading database ... 75%(Reading database ... 80%(Reading database ... 85%(Reading database ... 90%(Reading database ... 95%(Reading database ... 100%(Reading database ... 5979 files and directories currently installed.)
#19 19.58 Preparing to unpack .../python3-minimal_3.13.5-1_amd64.deb ...
#19 19.59 Unpacking python3-minimal (3.13.5-1) ...
#19 19.62 Selecting previously unselected package media-types.
#19 19.62 Preparing to unpack .../media-types_13.0.0_all.deb ...
#19 19.63 Unpacking media-types (13.0.0) ...
#19 19.69 Selecting previously unselected package libpython3.13-stdlib:amd64.
#19 19.69 Preparing to unpack .../libpython3.13-stdlib_3.13.5-2+deb13u4_amd64.deb ...
#19 19.70 Unpacking libpython3.13-stdlib:amd64 (3.13.5-2+deb13u4) ...
#19 19.91 Selecting previously unselected package python3.13.
#19 19.91 Preparing to unpack .../python3.13_3.13.5-2+deb13u4_amd64.deb ...
#19 19.91 Unpacking python3.13 (3.13.5-2+deb13u4) ...
#19 19.97 Selecting previously unselected package libpython3-stdlib:amd64.
#19 19.97 Preparing to unpack .../libpython3-stdlib_3.13.5-1_amd64.deb ...
#19 19.98 Unpacking libpython3-stdlib:amd64 (3.13.5-1) ...
#19 20.03 Setting up python3-minimal (3.13.5-1) ...
#19 20.27 Selecting previously unselected package python3.
#19 20.27 (Reading database ... (Reading database ... 5%(Reading database ... 10%(Reading database ... 15%(Reading database ... 20%(Reading database ... 25%(Reading database ... 30%(Reading database ... 35%(Reading database ... 40%(Reading database ... 45%(Reading database ... 50%(Reading database ... 55%(Reading database ... 60%(Reading database ... 65%(Reading database ... 70%(Reading database ... 75%(Reading database ... 80%(Reading database ... 85%(Reading database ... 90%(Reading database ... 95%(Reading database ... 100%(Reading database ... 6433 files and directories currently installed.)
#19 20.28 Preparing to unpack .../000-python3_3.13.5-1_amd64.deb ...
#19 20.30 Unpacking python3 (3.13.5-1) ...
#19 20.35 Selecting previously unselected package libbrotli1:amd64.
#19 20.35 Preparing to unpack .../001-libbrotli1_1.1.0-2+b7_amd64.deb ...
#19 20.35 Unpacking libbrotli1:amd64 (1.1.0-2+b7) ...
#19 20.42 Selecting previously unselected package libkrb5support0:amd64.
#19 20.42 Preparing to unpack .../002-libkrb5support0_1.21.3-5+deb13u1_amd64.deb ...
#19 20.43 Unpacking libkrb5support0:amd64 (1.21.3-5+deb13u1) ...
#19 20.48 Selecting previously unselected package libcom-err2:amd64.
#19 20.48 Preparing to unpack .../003-libcom-err2_1.47.2-3+b11_amd64.deb ...
#19 20.49 Unpacking libcom-err2:amd64 (1.47.2-3+b11) ...
#19 20.54 Selecting previously unselected package libk5crypto3:amd64.
#19 20.54 Preparing to unpack .../004-libk5crypto3_1.21.3-5+deb13u1_amd64.deb ...
#19 20.55 Unpacking libk5crypto3:amd64 (1.21.3-5+deb13u1) ...
#19 20.61 Selecting previously unselected package libkeyutils1:amd64.
#19 20.61 Preparing to unpack .../005-libkeyutils1_1.6.3-6_amd64.deb ...
#19 20.62 Unpacking libkeyutils1:amd64 (1.6.3-6) ...
#19 20.69 Selecting previously unselected package libkrb5-3:amd64.
#19 20.69 Preparing to unpack .../006-libkrb5-3_1.21.3-5+deb13u1_amd64.deb ...
#19 20.69 Unpacking libkrb5-3:amd64 (1.21.3-5+deb13u1) ...
#19 20.77 Selecting previously unselected package libgssapi-krb5-2:amd64.
#19 20.77 Preparing to unpack .../007-libgssapi-krb5-2_1.21.3-5+deb13u1_amd64.deb ...
#19 20.77 Unpacking libgssapi-krb5-2:amd64 (1.21.3-5+deb13u1) ...
#19 20.84 Selecting previously unselected package libunistring5:amd64.
#19 20.84 Preparing to unpack .../008-libunistring5_1.3-2_amd64.deb ...
#19 20.85 Unpacking libunistring5:amd64 (1.3-2) ...
#19 20.93 Selecting previously unselected package libidn2-0:amd64.
#19 20.93 Preparing to unpack .../009-libidn2-0_2.3.8-2_amd64.deb ...
#19 20.93 Unpacking libidn2-0:amd64 (2.3.8-2) ...
#19 21.00 Selecting previously unselected package libsasl2-modules-db:amd64.
#19 21.00 Preparing to unpack .../010-libsasl2-modules-db_2.1.28+dfsg1-9_amd64.deb ...
#19 21.01 Unpacking libsasl2-modules-db:amd64 (2.1.28+dfsg1-9) ...
#19 21.05 Selecting previously unselected package libsasl2-2:amd64.
#19 21.05 Preparing to unpack .../011-libsasl2-2_2.1.28+dfsg1-9_amd64.deb ...
#19 21.06 Unpacking libsasl2-2:amd64 (2.1.28+dfsg1-9) ...
#19 21.12 Selecting previously unselected package libldap2:amd64.
#19 21.12 Preparing to unpack .../012-libldap2_2.6.10+dfsg-1_amd64.deb ...
#19 21.12 Unpacking libldap2:amd64 (2.6.10+dfsg-1) ...
#19 21.19 Selecting previously unselected package libnghttp2-14:amd64.
#19 21.19 Preparing to unpack .../013-libnghttp2-14_1.64.0-1.1+deb13u1_amd64.deb ...
#19 21.19 Unpacking libnghttp2-14:amd64 (1.64.0-1.1+deb13u1) ...
#19 21.26 Selecting previously unselected package libnghttp3-9:amd64.
#19 21.26 Preparing to unpack .../014-libnghttp3-9_1.8.0-1_amd64.deb ...
#19 21.27 Unpacking libnghttp3-9:amd64 (1.8.0-1) ...
#19 21.36 Selecting previously unselected package libpsl5t64:amd64.
#19 21.36 Preparing to unpack .../015-libpsl5t64_0.21.2-1.1+b1_amd64.deb ...
#19 21.37 Unpacking libpsl5t64:amd64 (0.21.2-1.1+b1) ...
#19 21.44 Selecting previously unselected package libp11-kit0:amd64.
#19 21.44 Preparing to unpack .../016-libp11-kit0_0.25.5-3_amd64.deb ...
#19 21.45 Unpacking libp11-kit0:amd64 (0.25.5-3) ...
#19 21.55 Selecting previously unselected package libtasn1-6:amd64.
#19 21.55 Preparing to unpack .../017-libtasn1-6_4.20.0-2+deb13u1_amd64.deb ...
#19 21.55 Unpacking libtasn1-6:amd64 (4.20.0-2+deb13u1) ...
#19 21.65 Selecting previously unselected package libgnutls30t64:amd64.
#19 21.65 Preparing to unpack .../018-libgnutls30t64_3.8.9-3+deb13u4_amd64.deb ...
#19 21.65 Unpacking libgnutls30t64:amd64 (3.8.9-3+deb13u4) ...
#19 21.78 Selecting previously unselected package librtmp1:amd64.
#19 21.78 Preparing to unpack .../019-librtmp1_2.4+20151223.gitfa8646d.1-2+b5_amd64.deb ...
#19 21.78 Unpacking librtmp1:amd64 (2.4+20151223.gitfa8646d.1-2+b5) ...
#19 21.86 Selecting previously unselected package libssh2-1t64:amd64.
#19 21.86 Preparing to unpack .../020-libssh2-1t64_1.11.1-1+deb13u1_amd64.deb ...
#19 21.86 Unpacking libssh2-1t64:amd64 (1.11.1-1+deb13u1) ...
#19 21.92 Selecting previously unselected package libcurl4t64:amd64.
#19 ...

#66 [homepage chart_assets 24/24] RUN if [ "1" = "1" ]; then       node /build/checkpoint-tools/checkpoint-build-assert.mjs inputs         --strict="1"         --build-id="20260730b109"         --source-sha="53b3b6b7bc4082d8b6bf93541a6ab4988558d9fa";     elif [ -n "20260730b109" ]; then       echo "CHART_BUILD_ID requires CHECKPOINT_BUILD=1" >&2; exit 1;     fi     && if [ "1" = "1" ]; then       node /build/chart/modules/m19-progressive-session-soak.test.mjs;     fi     && if [ "1" = "1" ]; then       BUILD_ID="20260730b109" node /build/chart/scripts/bump-chart-engine-build.mjs;     fi     && npm run build:live:chart     && if [ "1" = "1" ]; then       node /build/checkpoint-tools/checkpoint-build-assert.mjs layout         --build-id="20260730b109"         --source-sha="53b3b6b7bc4082d8b6bf93541a6ab4988558d9fa"         --chart-root=/build/chart         --live-root=/build/talaria-design/live         --homepage-chart-root=/homepage/public/chart;     fi
#66 0.403 {"signature":"TALARIA_CHECKPOINT_BUILD_INPUTS_V1","ok":true,"buildId":"20260730b109","sourceSha":"53b3b6b7bc4082d8b6bf93541a6ab4988558d9fa"}
#66 6.721 {
#66 6.721   "verdict": "M19-GREEN",
#66 6.721   "detail": "A–E held; hot session ≤ 524288; open excursion ≤ 256; panel rebuilds 0; D/E cleared",
#66 6.721   "fixAAllPass": true,
#66 6.721   "fixBAllPass": true,
#66 6.721   "fixCAllPass": true,
#66 6.721   "fixDAllPass": true,
#66 6.721   "fixEAllPass": true,
#66 6.721   "negativeSelfTest": {
#66 6.721     "pass": true,
#66 6.721     "results": [
#66 6.721       {
#66 6.721         "name": "abc-green-d-absent",
#66 6.721         "pass": true,
#66 6.721         "verdict": "M19-FAIL",
#66 6.721         "detail": "A/B/C green but D/E failing: fixDAllPass=false; fixEAllPass=true; d={\"integrated\":false,\"kill\":false,\"d_markerFullScan\":false,\"journalRowsVisited\":0,\"visitsOnMax\":80,\"pass\":false}; e={\"integrated\":true,\"kill\":false,\"e_hotpathConsole\":false,\"consoleCalls\":0,\"pass\":true}"
#66 6.721       },
#66 6.721       {
#66 6.721         "name": "abc-green-e-failing",
#66 6.721         "pass": true,
#66 6.721         "verdict": "M19-FAIL",
#66 6.721         "detail": "A/B/C green but D/E failing: fixDAllPass=true; fixEAllPass=false; d={\"integrated\":true,\"kill\":false,\"d_markerFullScan\":false,\"journalRowsVisited\":50,\"visitsOnMax\":80,\"pass\":true}; e={\"integrated\":true,\"kill\":false,\"e_hotpathConsole\":true,\"consoleCalls\":100,\"pass\":false}"
#66 6.721       }
#66 6.721     ]
#66 6.721   },
#66 6.721   "panelKill": false,
#66 6.721   "excursionKill": false,
#66 6.721   "persistKill": false,
#66 6.721   "markerKill": false,
#66 6.721   "hotpathKill": false,
#66 6.721   "baselineBeforeFixA": {
#66 6.721     "panelRebuilds": 5500,
#66 6.721     "ratio": [
#66 6.721       5.159,
#66 6.721       5.371,
#66 6.721       5.44
#66 6.721     ],
#66 6.721     "slopeFrac": [
#66 6.721       0.884,
#66 6.721       0.988,
#66 6.721       0.999
#66 6.721     ],
#66 6.721     "endRuntimeBytes": 706962,
#66 6.721     "endSessionBytes": 1752034
#66 6.721   },
#66 6.721   "elapsedMs": 6038,
#66 6.721   "headSha": null,
#66 6.721   "fileHashes": {
#66 6.721     "order-manager.js": "891c4a793f4bb1a2df150e521728cb6085709509d7e851d6724a0b5221777fad",
#66 6.721     "replay-system.js": "3092e11d4d93ecd4ddf6622173fc1582e0776ff414ed1cb2740b4eeb66685b38",
#66 6.721     "chart.js": "fa11f19449c0bcd080d14e31485eb44c40a8b57c3ac8d6953b5de9578504832a"
#66 6.721   },
#66 6.721   "persistedFormatHash": "66a27cd803731306aedbd79e7db6de9b7801b8daf3d63d3adf65e1ca05fc4e10",
#66 6.721   "evidence": "/docs/plan3/evidence/L2-M19-AE-20260723b04-on.json",
#66 6.721   "report": "/docs/plan3/worker-reports/L2-M19-AE-20260723b04-ON.md",
#66 6.721   "canonical": [
#66 6.721     {
#66 6.721       "label": "canonical-playing-single#1",
#66 6.721       "ratio": 0.3472036273408834,
#66 6.721       "slopeFracOfFirst": -0.1420732251552655,
#66 6.721       "frameSlopeFail": false,
#66 6.721       "persistFail": false,
#66 6.721       "endRuntimeBytes": 1879,
#66 6.721       "endSessionBytes": 64623,
#66 6.721       "allFivePaths": true,
#66 6.721       "journalCount": 50,
#66 6.721       "panelRebuilds": 0,
#66 6.721       "maxOpenExcursion": 256,
#66 6.721       "fixB": {
#66 6.721         "excursionKill": false,
#66 6.721         "maxOpenExcursion": 256,
#66 6.721         "tailMax": 256,
#66 6.721         "arraysBounded": true,
#66 6.721         "arraysUnbounded": false,
#66 6.721         "pass": true
#66 6.721       },
#66 6.721       "fixA": {
#66 6.721         "panelKill": false,
#66 6.721         "panelRebuilds": 0,
#66 6.721         "runtimePanelSchedules": 5500,
#66 6.721         "runtimePanelLite": 5500,
#66 6.721         "dockStructuralRenders": 0,
#66 6.721         "dockInnerHtmlWritesDuringLite": 0,
#66 6.721         "dockLiteClean": true,
#66 6.721         "panelBoundedByStructural": true,
#66 6.721         "panelReconstructsPerTick": false,
#66 6.721         "frameSlopePass": true,
#66 6.721         "absFlat": true,
#66 6.721         "pass": true
#66 6.721       },
#66 6.721       "fixC": {
#66 6.721         "persistKill": false,
#66 6.721         "sessionAbsMax": 524288,
#66 6.721         "endSessionBytes": 64623,
#66 6.721         "sessionBounded": true,
#66 6.721         "sessionUnbounded": false,
#66 6.721         "hotJournalHasScreenshots": false,
#66 6.721         "inMemoryJournalHasScreenshots": true,
#66 6.721         "pass": true
#66 6.721       },
#66 6.721       "fixD": {
#66 6.721         "integrated": true,
#66 6.721         "kill": false,
#66 6.721         "d_markerFullScan": false,
#66 6.721         "journalRowsVisited": 50,
#66 6.721         "journalRowsVisitedMeasured": 50,
#66 6.721         "visitsOnMax": 80,
#66 6.721         "pass": true
#66 6.721       },
#66 6.721       "fixE": {
#66 6.721         "integrated": true,
#66 6.721         "kill": false,
#66 6.721         "e_hotpathConsole": false,
#66 6.721         "consoleCalls": 0,
#66 6.721         "pass": true
#66 6.721       }
#66 6.721     },
#66 6.721     {
#66 6.721       "label": "canonical-playing-single#2",
#66 6.721       "ratio": 0.6701792534164861,
#66 6.721       "slopeFracOfFirst": -0.0781076635720808,
#66 6.721       "frameSlopeFail": false,
#66 6.721       "persistFail": false,
#66 6.721       "endRuntimeBytes": 1879,
#66 6.721       "endSessionBytes": 64623,
#66 6.721       "allFivePaths": true,
#66 6.721       "journalCount": 50,
#66 6.721       "panelRebuilds": 0,
#66 6.721       "maxOpenExcursion": 256,
#66 6.721       "fixB": {
#66 6.721         "excursionKill": false,
#66 6.721         "maxOpenExcursion": 256,
#66 6.721         "tailMax": 256,
#66 6.721         "arraysBounded": true,
#66 6.721         "arraysUnbounded": false,
#66 6.721         "pass": true
#66 6.721       },
#66 6.721       "fixA": {
#66 6.721         "panelKill": false,
#66 6.721         "panelRebuilds": 0,
#66 6.721         "runtimePanelSchedules": 5500,
#66 6.721         "runtimePanelLite": 5500,
#66 6.721         "dockStructuralRenders": 0,
#66 6.721         "dockInnerHtmlWritesDuringLite": 0,
#66 6.721         "dockLiteClean": true,
#66 6.721         "panelBoundedByStructural": true,
#66 6.721         "panelReconstructsPerTick": false,
#66 6.721         "frameSlopePass": true,
#66 6.721         "absFlat": true,
#66 6.721         "pass": true
#66 6.721       },
#66 6.721       "fixC": {
#66 6.721         "persistKill": false,
#66 6.721         "sessionAbsMax": 524288,
#66 6.721         "endSessionBytes": 64623,
#66 6.721         "sessionBounded": true,
#66 6.721         "sessionUnbounded": false,
#66 6.721         "hotJournalHasScreenshots": false,
#66 6.721         "inMemoryJournalHasScreenshots": true,
#66 6.721         "pass": true
#66 6.721       },
#66 6.721       "fixD": {
#66 6.721         "integrated": true,
#66 6.721         "kill": false,
#66 6.721         "d_markerFullScan": false,
#66 6.721         "journalRowsVisited": 50,
#66 6.721         "journalRowsVisitedMeasured": 50,
#66 6.721         "visitsOnMax": 80,
#66 6.721         "pass": true
#66 6.721       },
#66 6.721       "fixE": {
#66 6.721         "integrated": true,
#66 6.721         "kill": false,
#66 6.721         "e_hotpathConsole": false,
#66 6.721         "consoleCalls": 0,
#66 6.721         "pass": true
#66 6.721       }
#66 6.721     },
#66 6.721     {
#66 6.721       "label": "canonical-playing-single#3",
#66 6.721       "ratio": 1.1055143159721088,
#66 6.721       "slopeFracOfFirst": 0.032767762456052736,
#66 6.721       "frameSlopeFail": false,
#66 6.721       "persistFail": false,
#66 6.721       "endRuntimeBytes": 1879,
#66 6.721       "endSessionBytes": 64623,
#66 6.721       "allFivePaths": true,
#66 6.721       "journalCount": 50,
#66 6.721       "panelRebuilds": 0,
#66 6.721       "maxOpenExcursion": 256,
#66 6.721       "fixB": {
#66 6.721         "excursionKill": false,
#66 6.721         "maxOpenExcursion": 256,
#66 6.721         "tailMax": 256,
#66 6.721         "arraysBounded": true,
#66 6.721         "arraysUnbounded": false,
#66 6.721         "pass": true
#66 6.721       },
#66 6.721       "fixA": {
#66 6.721         "panelKill": false,
#66 6.721         "panelRebuilds": 0,
#66 6.721         "runtimePanelSchedules": 5500,
#66 6.721         "runtimePanelLite": 5500,
#66 6.721         "dockStructuralRenders": 0,
#66 6.721         "dockInnerHtmlWritesDuringLite": 0,
#66 6.721         "dockLiteClean": true,
#66 6.721         "panelBoundedByStructural": true,
#66 6.721         "panelReconstructsPerTick": false,
#66 6.721         "frameSlopePass": true,
#66 6.721         "absFlat": true,
#66 6.721         "pass": true
#66 6.721       },
#66 6.721       "fixC": {
#66 6.721         "persistKill": false,
#66 6.721         "sessionAbsMax": 524288,
#66 6.721         "endSessionBytes": 64623,
#66 6.721         "sessionBounded": true,
#66 6.721         "sessionUnbounded": false,
#66 6.721         "hotJournalHasScreenshots": false,
#66 6.721         "inMemoryJournalHasScreenshots": true,
#66 6.721         "pass": true
#66 6.721       },
#66 6.721       "fixD": {
#66 6.721         "integrated": true,
#66 6.721         "kill": false,
#66 6.721         "d_markerFullScan": false,
#66 6.721         "journalRowsVisited": 50,
#66 6.721         "journalRowsVisitedMeasured": 50,
#66 6.721         "visitsOnMax": 80,
#66 6.721         "pass": true
#66 6.721       },
#66 6.721       "fixE": {
#66 6.721         "integrated": true,
#66 6.721         "kill": false,
#66 6.721         "e_hotpathConsole": false,
#66 6.721         "consoleCalls": 0,
#66 6.721         "pass": true
#66 6.721       }
#66 6.721     }
#66 6.721   ]
#66 6.721 }
#66 8.312 [bump-chart-engine-build] CHART_ENGINE_BUILD: 20260724b61 → 20260730b109
#66 8.316 [bump-chart-engine-build] package.json version: 1.4.31 → 1.4.32
#66 8.631 
#66 8.631 > talaria@0.0.2 build:live:chart
#66 8.631 > npm run preflight:module-contracts && node scripts/bump-dist-v9-cache.mjs --live && vite build --config vite.config.live.js && node scripts/bump-dist-v9-cache.mjs --dist && node scripts/sync-v9-to-homepage.mjs
#66 8.631 
#66 8.914 
#66 8.914 > talaria@0.0.2 preflight:module-contracts
#66 8.914 > node ../../scripts/module-contract-preflight.mjs
#66 8.914 
#66 9.057 {
#66 9.057   "signature": "TALARIA_MODULE_CONTRACT_PREFLIGHT_V1",
#66 9.057   "ok": true,
#66 9.057   "checked": [
#66 9.057     {
#66 9.057       "surface": "source-host",
#66 9.057       "module": "ModulePresenceRuntime",
#66 9.057       "index": 38
#66 9.057     },
#66 9.057     {
#66 9.057       "surface": "source-host",
#66 9.057       "module": "IndicatorPerf",
#66 9.057       "index": 54
#66 9.057     },
#66 9.057     {
#66 9.057       "surface": "chart-host",
#66 9.057       "module": "ModulePresenceRuntime",
#66 9.057       "index": 38
#66 9.057     },
#66 9.057     {
#66 9.057       "surface": "chart-host",
#66 9.057       "module": "IndicatorPerf",
#66 9.057       "index": 54
#66 9.057     },
#66 9.057     {
#66 9.057       "surface": "public-host",
#66 9.057       "module": "ModulePresenceRuntime",
#66 9.057       "index": 38
#66 9.057     },
#66 9.057     {
#66 9.057       "surface": "public-host",
#66 9.057       "module": "IndicatorPerf",
#66 9.057       "index": 54
#66 9.057     },
#66 9.057     {
#66 9.057       "surface": "chart-panel",
#66 9.057       "module": "ModulePresenceRuntime",
#66 9.057       "index": 36
#66 9.057     },
#66 9.057     {
#66 9.057       "surface": "chart-panel",
#66 9.057       "module": "IndicatorPerf",
#66 9.057       "index": 44
#66 9.057     },
#66 9.057     {
#66 9.057       "surface": "public-panel",
#66 9.057       "module": "ModulePresenceRuntime",
#66 9.057       "index": 36
#66 9.057     },
#66 9.057     {
#66 9.057       "surface": "public-panel",
#66 9.057       "module": "IndicatorPerf",
#66 9.057       "index": 44
#66 9.057     },
#66 9.057     {
#66 9.057       "surface": "multichart-panel-shell-source",
#66 9.057       "module": "ModulePresenceRuntime",
#66 9.057       "index": 1
#66 9.057     },
#66 9.057     {
#66 9.057       "surface": "multichart-panel-shell-source",
#66 9.057       "module": "IndicatorPerf",
#66 9.057       "index": 3
#66 9.057     },
#66 9.057     {
#66 9.057       "surface": "multichart-panel-shell-public",
#66 9.057       "module": "ModulePresenceRuntime",
#66 9.057       "index": 1
#66 9.057     },
#66 9.057     {
#66 9.057       "surface": "multichart-panel-shell-public",
#66 9.057       "module": "IndicatorPerf",
#66 9.057       "index": 3
#66 9.057     }
#66 9.057   ]
#66 9.057 }
#66 9.196 [bump-dist-v9-cache] Set ?v=20260730b109 on chart assets in /build/talaria-design/live/index.html
#66 9.199 [bump-dist-v9-cache] Set SW_VERSION=20260730b109 in /build/talaria-design/live/public/sw.js
#66 9.200 [bump-dist-v9-cache] Set SW_VERSION=20260730b109 in /build/chart/sw.js
#66 9.203 [bump-dist-v9-cache] Set SW_VERSION=20260730b109 in /build/chart/dist-v9/sw.js
#66 9.203 [bump-dist-v9-cache] Active build id: 20260728b82
#66 9.677 vite v5.4.21 building for production...
#66 9.952 <script src="/chart/modules/chart-window-limit.js?v=20260730b109"> in "/index.html" can't be bundled without type="module" attribute
#66 9.952 <script src="/chart/vendor/d3.min.js?v=20260730b109"> in "/index.html" can't be bundled without type="module" attribute
#66 9.952 <script src="/chart/vendor/lz-string.min.js?v=20260730b109"> in "/index.html" can't be bundled without type="module" attribute
#66 9.952 <script src="/chart/modules/server-write-failure-ledger.js?v=20260730b109"> in "/index.html" can't be bundled without type="module" attribute
#66 9.952 <script src="/chart/modules/preferences-sync.js?v=20260730b109"> in "/index.html" can't be bundled without type="module" attribute
#66 9.952 <script src="/chart/modules/preferences-init.js?v=20260730b109"> in "/index.html" can't be bundled without type="module" attribute
#66 9.952 <script src="/chart/modules/market-calculations.js?v=20260730b109"> in "/index.html" can't be bundled without type="module" attribute
#66 9.952 <script src="/chart/modules/chart-env.defaults.js?v=20260730b109"> in "/index.html" can't be bundled without type="module" attribute
#66 9.952 <script src="/chart/modules/chart-env.generated.js?v=20260730b109"> in "/index.html" can't be bundled without type="module" attribute
#66 9.952 <script src="/chart/modules/drawing-tools-base.js?v=20260730b109"> in "/index.html" can't be bundled without type="module" attribute
#66 9.952 <script src="/chart/modules/drawing-tools-lines.js?v=20260730b109"> in "/index.html" can't be bundled without type="module" attribute
#66 9.952 <script src="/chart/modules/drawing-tools-shapes.js?v=20260730b109"> in "/index.html" can't be bundled without type="module" attribute
#66 9.952 <script src="/chart/modules/drawing-tools-fibonacci.js?v=20260730b109"> in "/index.html" can't be bundled without type="module" attribute
#66 9.952 <script src="/chart/modules/drawing-tools-text.js?v=20260730b109"> in "/index.html" can't be bundled without type="module" attribute
#66 9.952 <script src="/chart/modules/drawing-tools-emoji.js?v=20260730b109"> in "/index.html" can't be bundled without type="module" attribute
#66 9.952 <script src="/chart/modules/drawing-tools-image.js?v=20260730b109"> in "/index.html" can't be bundled without type="module" attribute
#66 9.952 <script src="/chart/modules/emoji-picker.js?v=20260730b109"> in "/index.html" can't be bundled without type="module" attribute
#66 9.952 <script src="/chart/modules/emoji-picker-simple.js?v=20260730b109"> in "/index.html" can't be bundled without type="module" attribute
#66 9.952 <script src="/chart/modules/drawing-tools-advanced-volume.js?v=20260730b109"> in "/index.html" can't be bundled without type="module" attribute
#66 9.952 <script src="/chart/modules/drawing-tools-advanced.js?v=20260730b109"> in "/index.html" can't be bundled without type="module" attribute
#66 9.952 <script src="/chart/modules/drawing-tools-extended.js?v=20260730b109"> in "/index.html" can't be bundled without type="module" attribute
#66 9.952 <script src="/chart/modules/drawing-tools-patterns.js?v=20260730b109"> in "/index.html" can't be bundled without type="module" attribute
#66 9.952 <script src="/chart/modules/drawing-tools-fib-gann.js?v=20260730b109"> in "/index.html" can't be bundled without type="module" attribute
#66 9.952 <script src="/chart/modules/drawing-tools-channels.js?v=20260730b109"> in "/index.html" can't be bundled without type="module" attribute
#66 9.952 <script src="/chart/modules/drawing-tools-ui.js?v=20260730b109"> in "/index.html" can't be bundled without type="module" attribute
#66 9.952 <script src="/chart/modules/color-picker.js?v=20260730b109"> in "/index.html" can't be bundled without type="module" attribute
#66 9.952 <script src="/chart/modules/drawing-toolbar.js?v=20260730b109"> in "/index.html" can't be bundled without type="module" attribute
#66 9.952 <script src="/chart/modules/undo-redo-manager.js?v=20260730b109"> in "/index.html" can't be bundled without type="module" attribute
#66 9.952 <script src="/chart/modules/tool-lifecycle-store.js?v=20260730b109"> in "/index.html" can't be bundled without type="module" attribute
#66 9.952 <script src="/chart/modules/drawing-tools-manager.js?v=20260730b109"> in "/index.html" can't be bundled without type="module" attribute
#66 9.952 <script src="/chart/modules/chart-regression-cases.js?v=20260730b109"> in "/index.html" can't be bundled without type="module" attribute
#66 9.952 <script src="/chart/modules/chart-regression-smoke.js?v=20260730b109"> in "/index.html" can't be bundled without type="module" attribute
#66 9.952 <script src="/chart/modules/favorites-manager.js?v=20260730b109"> in "/index.html" can't be bundled without type="module" attribute
#66 9.952 <script src="/chart/modules/keyboard-shortcuts.js?v=20260730b109"> in "/index.html" can't be bundled without type="module" attribute
#66 9.952 <script src="/chart/modules/timezone-manager.js?v=20260730b109"> in "/index.html" can't be bundled without type="module" attribute
#66 9.952 <script src="/chart/modules/viewport-data-manager.js?v=20260730b109"> in "/index.html" can't be bundled without type="module" attribute
#66 9.952 <script src="/chart/modules/chart-data-pipeline.js?v=20260730b109"> in "/index.html" can't be bundled without type="module" attribute
#66 9.952 <script src="/chart/modules/talaria-toast-stack.js?v=20260730b109"> in "/index.html" can't be bundled without type="module" attribute
#66 9.952 <script src="/chart/modules/module-presence-runtime.js?v=20260730b109"> in "/index.html" can't be bundled without type="module" attribute
#66 9.952 <script src="/chart/chart.js?v=20260730b109"> in "/index.html" can't be bundled without type="module" attribute
#66 9.952 <script src="/chart/modules/v9-theme-bridge.js?v=20260730b109"> in "/index.html" can't be bundled without type="module" attribute
#66 9.952 <script src="/chart/modules/replay-system.js?v=20260730b109"> in "/index.html" can't be bundled without type="module" attribute
#66 9.952 <script src="/chart/modules/replay-dashboard-sync.js?v=20260730b109"> in "/index.html" can't be bundled without type="module" attribute
#66 9.952 <script src="/chart/modules/order-event-bus.js?v=20260730b109"> in "/index.html" can't be bundled without type="module" attribute
#66 9.952 <script src="/chart/modules/order-service.js?v=20260730b109"> in "/index.html" can't be bundled without type="module" attribute
#66 9.952 <script src="/chart/modules/order-manager.js?v=20260730b109"> in "/index.html" can't be bundled without type="module" attribute
#66 9.952 <script src="/chart/modules/indicator-persist-rehydrate.js?v=20260730b109"> in "/index.html" can't be bundled without type="module" attribute
#66 9.952 <script src="/chart/modules/indicator-settings-apply.js?v=20260730b109"> in "/index.html" can't be bundled without type="module" attribute
#66 9.952 <script src="/chart/modules/indicator-visibility.js?v=20260730b109"> in "/index.html" can't be bundled without type="module" attribute
#66 9.952 <script src="/chart/modules/indicator-lifecycle-store.js?v=20260730b109"> in "/index.html" can't be bundled without type="module" attribute
#66 9.952 <script src="/chart/modules/talaria-fvg-indicator.js?v=20260730b109"> in "/index.html" can't be bundled without type="module" attribute
#66 9.952 <script src="/chart/modules/talaria-ratio-gap-indicator.js?v=20260730b109"> in "/index.html" can't be bundled without type="module" attribute
#66 9.952 <script src="/chart/modules/talaria-weekly-map-indicator.js?v=20260730b109"> in "/index.html" can't be bundled without type="module" attribute
#66 9.952 <script src="/chart/modules/talaria-simple-smc-indicator.js?v=20260730b109"> in "/index.html" can't be bundled without type="module" attribute
#66 9.952 <script src="/chart/modules/indicator-performance.js?v=20260730b109"> in "/index.html" can't be bundled without type="module" attribute
#66 9.952 <script src="/chart/modules/chart-indicators-full.js?v=20260730b109"> in "/index.html" can't be bundled without type="module" attribute
#66 9.952 <script src="/chart/modules/indicator-ui.js?v=20260730b109"> in "/index.html" can't be bundled without type="module" attribute
#66 9.952 <script src="/chart/modules/economic-news-sidebar.js?v=20260730b109"> in "/index.html" can't be bundled without type="module" attribute
#66 9.958 <script src="/chart/pwa-install.js?v=20260730b109"> in "/index.html" can't be bundled without type="module" attribute
#66 9.993 
#66 9.993 /chart/fonts/talaria-fonts.css?v=20260730b109 doesn't exist at build time, it will remain unchanged to be resolved at runtime
#66 10.00 transforming...
#66 ...

#19 [trading-chart stage-1  3/22] RUN apt-get update && apt-get install -y --no-install-recommends     curl     nodejs     npm     && rm -rf /var/lib/apt/lists/*
#19 21.93 Preparing to unpack .../021-libcurl4t64_8.14.1-2+deb13u4_amd64.deb ...
#19 21.93 Unpacking libcurl4t64:amd64 (8.14.1-2+deb13u4) ...
#19 22.01 Selecting previously unselected package curl.
#19 22.01 Preparing to unpack .../022-curl_8.14.1-2+deb13u4_amd64.deb ...
#19 22.02 Unpacking curl (8.14.1-2+deb13u4) ...
#19 22.09 Selecting previously unselected package node-fast-deep-equal.
#19 22.10 Preparing to unpack .../023-node-fast-deep-equal_3.1.3-3_all.deb ...
#19 22.10 Unpacking node-fast-deep-equal (3.1.3-3) ...
#19 22.15 Selecting previously unselected package node-json-schema-traverse.
#19 22.15 Preparing to unpack .../024-node-json-schema-traverse_1.0.0-3_all.deb ...
#19 22.16 Unpacking node-json-schema-traverse (1.0.0-3) ...
#19 22.22 Selecting previously unselected package node-jsonify.
#19 22.22 Preparing to unpack .../025-node-jsonify_0.0.1-1_all.deb ...
#19 22.23 Unpacking node-jsonify (0.0.1-1) ...
#19 22.29 Selecting previously unselected package node-json-stable-stringify.
#19 22.29 Preparing to unpack .../026-node-json-stable-stringify_1.0.2+repack1+~cs1.0.34-2_all.deb ...
#19 22.29 Unpacking node-json-stable-stringify (1.0.2+repack1+~cs1.0.34-2) ...
#19 22.33 Selecting previously unselected package node-punycode.
#19 22.33 Preparing to unpack .../027-node-punycode_2.3.1+~2.1.4-1_all.deb ...
#19 22.34 Unpacking node-punycode (2.3.1+~2.1.4-1) ...
#19 22.41 Selecting previously unselected package node-uri-js.
#19 22.42 Preparing to unpack .../028-node-uri-js_4.4.0+dfsg-8_all.deb ...
#19 22.42 Unpacking node-uri-js (4.4.0+dfsg-8) ...
#19 22.52 Selecting previously unselected package libcares2:amd64.
#19 22.53 Preparing to unpack .../029-libcares2_1.34.5-1+deb13u1_amd64.deb ...
#19 22.54 Unpacking libcares2:amd64 (1.34.5-1+deb13u1) ...
#19 22.63 Selecting previously unselected package libicu76:amd64.
#19 22.63 Preparing to unpack .../030-libicu76_76.1-4_amd64.deb ...
#19 22.64 Unpacking libicu76:amd64 (76.1-4) ...
#19 23.32 Selecting previously unselected package libuv1t64:amd64.
#19 23.32 Preparing to unpack .../031-libuv1t64_1.50.0-2_amd64.deb ...
#19 23.33 Unpacking libuv1t64:amd64 (1.50.0-2) ...
#19 23.39 Selecting previously unselected package node-xtend.
#19 23.39 Preparing to unpack .../032-node-xtend_4.0.2-3_all.deb ...
#19 23.41 Unpacking node-xtend (4.0.2-3) ...
#19 23.47 Selecting previously unselected package node-acorn.
#19 23.47 Preparing to unpack .../033-node-acorn_8.8.1+ds+~cs25.17.7-2_all.deb ...
#19 23.48 Unpacking node-acorn (8.8.1+ds+~cs25.17.7-2) ...
#19 23.60 Selecting previously unselected package node-cjs-module-lexer.
#19 23.60 Preparing to unpack .../034-node-cjs-module-lexer_1.2.3+dfsg-1_all.deb ...
#19 23.62 Unpacking node-cjs-module-lexer (1.2.3+dfsg-1) ...
#19 23.69 Selecting previously unselected package node-balanced-match.
#19 23.69 Preparing to unpack .../035-node-balanced-match_2.0.0-1_all.deb ...
#19 23.69 Unpacking node-balanced-match (2.0.0-1) ...
#19 23.77 Selecting previously unselected package node-brace-expansion.
#19 23.77 Preparing to unpack .../036-node-brace-expansion_2.0.1+~1.1.0-2_all.deb ...
#19 23.77 Unpacking node-brace-expansion (2.0.1+~1.1.0-2) ...
#19 23.83 Selecting previously unselected package node-minimatch.
#19 23.84 Preparing to unpack .../037-node-minimatch_9.0.3-6_all.deb ...
#19 23.85 Unpacking node-minimatch (9.0.3-6) ...
#19 23.92 Selecting previously unselected package node-undici.
#19 23.93 Preparing to unpack .../038-node-undici_7.3.0+dfsg1+~cs24.12.11-1_all.deb ...
#19 23.94 Unpacking node-undici (7.3.0+dfsg1+~cs24.12.11-1) ...
#19 24.13 Selecting previously unselected package libnode115:amd64.
#19 24.14 Preparing to unpack .../039-libnode115_20.19.2+dfsg-1+deb13u2_amd64.deb ...
#19 24.15 Unpacking libnode115:amd64 (20.19.2+dfsg-1+deb13u2) ...
#19 24.96 Selecting previously unselected package node-corepack.
#19 24.96 Preparing to unpack .../040-node-corepack_0.24.0-5_all.deb ...
#19 24.97 Unpacking node-corepack (0.24.0-5) ...
#19 25.10 Selecting previously unselected package nodejs.
#19 25.11 Preparing to unpack .../041-nodejs_20.19.2+dfsg-1+deb13u2_amd64.deb ...
#19 25.11 Unpacking nodejs (20.19.2+dfsg-1+deb13u2) ...
#19 25.23 Selecting previously unselected package node-ajv.
#19 25.23 Preparing to unpack .../042-node-ajv_8.12.0~ds+~2.1.1-5_all.deb ...
#19 25.24 Unpacking node-ajv (8.12.0~ds+~2.1.1-5) ...
#19 25.46 Selecting previously unselected package libjs-inherits.
#19 25.47 Preparing to unpack .../043-libjs-inherits_2.0.4-6_all.deb ...
#19 25.47 Unpacking libjs-inherits (2.0.4-6) ...
#19 25.53 Selecting previously unselected package node-inherits.
#19 25.54 Preparing to unpack .../044-node-inherits_2.0.4-6_all.deb ...
#19 25.55 Unpacking node-inherits (2.0.4-6) ...
#19 25.60 Selecting previously unselected package node-core-util-is.
#19 25.60 Preparing to unpack .../045-node-core-util-is_1.0.3-1_all.deb ...
#19 25.60 Unpacking node-core-util-is (1.0.3-1) ...
#19 25.68 Selecting previously unselected package node-safe-buffer.
#19 25.68 Preparing to unpack .../046-node-safe-buffer_5.2.1+~cs2.1.2-3_all.deb ...
#19 25.69 Unpacking node-safe-buffer (5.2.1+~cs2.1.2-3) ...
#19 25.76 Selecting previously unselected package node-string-decoder.
#19 25.77 Preparing to unpack .../047-node-string-decoder_1.3.0-6_all.deb ...
#19 25.78 Unpacking node-string-decoder (1.3.0-6) ...
#19 25.84 Selecting previously unselected package node-process-nextick-args.
#19 25.84 Preparing to unpack .../048-node-process-nextick-args_2.0.1-3_all.deb ...
#19 25.85 Unpacking node-process-nextick-args (2.0.1-3) ...
#19 25.91 Selecting previously unselected package node-util-deprecate.
#19 25.92 Preparing to unpack .../049-node-util-deprecate_1.0.2-3_all.deb ...
#19 25.93 Unpacking node-util-deprecate (1.0.2-3) ...
#19 25.99 Selecting previously unselected package node-isarray.
#19 25.99 Preparing to unpack .../050-node-isarray_2.0.5-4_all.deb ...
#19 25.99 Unpacking node-isarray (2.0.5-4) ...
#19 26.05 Selecting previously unselected package node-readable-stream.
#19 26.06 Preparing to unpack .../051-node-readable-stream_3.6.0+~cs3.0.0-4_all.deb ...
#19 26.06 Unpacking node-readable-stream (3.6.0+~cs3.0.0-4) ...
#19 26.13 Selecting previously unselected package node-typedarray.
#19 26.14 Preparing to unpack .../052-node-typedarray_0.0.7-1_all.deb ...
#19 26.14 Unpacking node-typedarray (0.0.7-1) ...
#19 26.20 Selecting previously unselected package node-concat-stream.
#19 26.21 Preparing to unpack .../053-node-concat-stream_2.0.0+~2.0.0-2_all.deb ...
#19 26.21 Unpacking node-concat-stream (2.0.0+~2.0.0-2) ...
#19 26.27 Selecting previously unselected package node-ms.
#19 26.28 Preparing to unpack .../054-node-ms_2.1.3+~cs0.7.31-3_all.deb ...
#19 26.28 Unpacking node-ms (2.1.3+~cs0.7.31-3) ...
#19 26.36 Selecting previously unselected package node-debug.
#19 26.37 Preparing to unpack .../055-node-debug_4.3.4+~cs4.1.7-1_all.deb ...
#19 26.37 Unpacking node-debug (4.3.4+~cs4.1.7-1) ...
#19 26.44 Selecting previously unselected package node-esutils.
#19 26.45 Preparing to unpack .../056-node-esutils_2.0.3+~2.0.0-1_all.deb ...
#19 26.45 Unpacking node-esutils (2.0.3+~2.0.0-1) ...
#19 26.51 Selecting previously unselected package node-doctrine.
#19 26.51 Preparing to unpack .../057-node-doctrine_3.0.0-4_all.deb ...
#19 26.52 Unpacking node-doctrine (3.0.0-4) ...
#19 26.60 Selecting previously unselected package node-eslint-visitor-keys.
#19 26.61 Preparing to unpack .../058-node-eslint-visitor-keys_3.3.0+~1.0.0-1_all.deb ...
#19 26.62 Unpacking node-eslint-visitor-keys (3.3.0+~1.0.0-1) ...
#19 26.70 Selecting previously unselected package node-estraverse.
#19 26.71 Preparing to unpack .../059-node-estraverse_5.3.0+ds+~5.1.1-1_all.deb ...
#19 26.71 Unpacking node-estraverse (5.3.0+ds+~5.1.1-1) ...
#19 26.80 Selecting previously unselected package node-object-assign.
#19 26.81 Preparing to unpack .../060-node-object-assign_4.1.1-7_all.deb ...
#19 26.81 Unpacking node-object-assign (4.1.1-7) ...
#19 26.88 Selecting previously unselected package node-esrecurse.
#19 26.90 Preparing to unpack .../061-node-esrecurse_4.3.0-2_all.deb ...
#19 26.91 Unpacking node-esrecurse (4.3.0-2) ...
#19 26.96 Selecting previously unselected package node-eslint-scope.
#19 26.96 Preparing to unpack .../062-node-eslint-scope_7.1.1+~3.7.4-1_all.deb ...
#19 26.97 Unpacking node-eslint-scope (7.1.1+~3.7.4-1) ...
#19 27.02 Selecting previously unselected package node-espree.
#19 27.02 Preparing to unpack .../063-node-espree_9.4.1~dfsg-2_all.deb ...
#19 27.02 Unpacking node-espree (9.4.1~dfsg-2) ...
#19 27.08 Selecting previously unselected package node-esquery.
#19 27.08 Preparing to unpack .../064-node-esquery_1.4.2~ds-1_all.deb ...
#19 27.08 Unpacking node-esquery (1.4.2~ds-1) ...
#19 27.12 Selecting previously unselected package node-eslint-utils.
#19 27.12 Preparing to unpack .../065-node-eslint-utils_3.0.0-3_all.deb ...
#19 27.13 Unpacking node-eslint-utils (3.0.0-3) ...
#19 27.20 Selecting previously unselected package node-flatted.
#19 27.21 Preparing to unpack .../066-node-flatted_3.2.7~ds-1+deb13u1_all.deb ...
#19 27.21 Unpacking node-flatted (3.2.7~ds-1+deb13u1) ...
#19 27.27 Selecting previously unselected package node-fs.realpath.
#19 27.27 Preparing to unpack .../067-node-fs.realpath_1.0.0-3_all.deb ...
#19 27.28 Unpacking node-fs.realpath (1.0.0-3) ...
#19 27.34 Selecting previously unselected package node-wrappy.
#19 27.34 Preparing to unpack .../068-node-wrappy_1.0.2-3_all.deb ...
#19 27.35 Unpacking node-wrappy (1.0.2-3) ...
#19 27.40 Selecting previously unselected package node-once.
#19 27.41 Preparing to unpack .../069-node-once_1.4.1-1_all.deb ...
#19 27.42 Unpacking node-once (1.4.1-1) ...
#19 27.49 Selecting previously unselected package node-inflight.
#19 27.49 Preparing to unpack .../070-node-inflight_1.0.6-2_all.deb ...
#19 27.50 Unpacking node-inflight (1.0.6-2) ...
#19 27.57 Selecting previously unselected package node-glob.
#19 27.58 Preparing to unpack .../071-node-glob_8.1.0+~cs8.5.15-1_all.deb ...
#19 27.58 Unpacking node-glob (8.1.0+~cs8.5.15-1) ...
#19 27.66 Selecting previously unselected package node-rimraf.
#19 27.66 Preparing to unpack .../072-node-rimraf_3.0.2-2_all.deb ...
#19 27.66 Unpacking node-rimraf (3.0.2-2) ...
#19 27.73 Selecting previously unselected package node-write.
#19 27.74 Preparing to unpack .../073-node-write_2.0.0~6.0.1+~3.0.4+~2.0.0+~1.0.0+~2.0.1-1_all.deb ...
#19 27.75 Unpacking node-write (2.0.0~6.0.1+~3.0.4+~2.0.0+~1.0.0+~2.0.1-1) ...
#19 27.84 Selecting previously unselected package node-flat-cache.
#19 27.84 Preparing to unpack .../074-node-flat-cache_3.0.4~6.0.1+~3.0.4+~2.0.0+~1.0.0+~2.0.1-1_all.deb ...
#19 27.85 Unpacking node-flat-cache (3.0.4~6.0.1+~3.0.4+~2.0.0+~1.0.0+~2.0.1-1) ...
#19 27.92 Selecting previously unselected package node-file-entry-cache.
#19 27.92 Preparing to unpack .../075-node-file-entry-cache_6.0.1+~3.0.4+~2.0.0+~1.0.0+~2.0.1-1_all.deb ...
#19 27.94 Unpacking node-file-entry-cache (6.0.1+~3.0.4+~2.0.0+~1.0.0+~2.0.1-1) ...
#19 28.00 Selecting previously unselected package node-functional-red-black-tree.
#19 28.01 Preparing to unpack .../076-node-functional-red-black-tree_1.0.1+20181105-7_all.deb ...
#19 28.02 Unpacking node-functional-red-black-tree (1.0.1+20181105-7) ...
#19 28.09 Selecting previously unselected package node-is-extglob.
#19 28.10 Preparing to unpack .../077-node-is-extglob_2.1.1-5_all.deb ...
#19 28.10 Unpacking node-is-extglob (2.1.1-5) ...
#19 28.16 Selecting previously unselected package node-is-glob.
#19 28.16 Preparing to unpack .../078-node-is-glob_4.0.3-2_all.deb ...
#19 28.17 Unpacking node-is-glob (4.0.3-2) ...
#19 28.23 Selecting previously unselected package node-path-dirname.
#19 28.23 Preparing to unpack .../079-node-path-dirname_1.0.2-2_all.deb ...
#19 28.24 Unpacking node-path-dirname (1.0.2-2) ...
#19 28.29 Selecting previously unselected package node-glob-parent.
#19 28.30 Preparing to unpack .../080-node-glob-parent_6.0.2+~5.1.1-2_all.deb ...
#19 28.30 Unpacking node-glob-parent (6.0.2+~5.1.1-2) ...
#19 28.35 Selecting previously unselected package node-globals.
#19 28.35 Preparing to unpack .../081-node-globals_13.23.0-1_all.deb ...
#19 28.36 Unpacking node-globals (13.23.0-1) ...
#19 28.41 Selecting previously unselected package node-resolve-from.
#19 28.41 Preparing to unpack .../082-node-resolve-from_5.0.0+~3.1.0+~3.3.0+~2.0.0-1_all.deb ...
#19 28.41 Unpacking node-resolve-from (5.0.0+~3.1.0+~3.3.0+~2.0.0-1) ...
#19 28.46 Selecting previously unselected package node-imurmurhash.
#19 28.46 Preparing to unpack .../083-node-imurmurhash_0.1.4+dfsg+~0.1.1-2_all.deb ...
#19 28.47 Unpacking node-imurmurhash (0.1.4+dfsg+~0.1.1-2) ...
#19 28.57 Selecting previously unselected package node-ignore.
#19 28.57 Preparing to unpack .../084-node-ignore_5.2.1-1_all.deb ...
#19 28.58 Unpacking node-ignore (5.2.1-1) ...
#19 28.67 Selecting previously unselected package node-prelude-ls.
#19 28.67 Preparing to unpack .../085-node-prelude-ls_1.2.1+dfsg-3_all.deb ...
#19 28.68 Unpacking node-prelude-ls (1.2.1+dfsg-3) ...
#19 28.75 Selecting previously unselected package node-type-check.
#19 28.75 Preparing to unpack .../086-node-type-check_0.4.0+dfsg-3_all.deb ...
#19 28.76 Unpacking node-type-check (0.4.0+dfsg-3) ...
#19 28.81 Selecting previously unselected package node-levn.
#19 ...

#65 [trading-chart v9_react 24/24] RUN if [ "1" = "1" ]; then       node /build/checkpoint-tools/checkpoint-build-assert.mjs inputs         --strict="1"         --build-id="20260730b109"         --source-sha="53b3b6b7bc4082d8b6bf93541a6ab4988558d9fa";     elif [ -n "20260730b109" ]; then       echo "CHART_BUILD_ID requires CHECKPOINT_BUILD=1" >&2; exit 1;     fi     && if [ "1" = "1" ]; then       node /build/chart/modules/m19-progressive-session-soak.test.mjs;     fi     && if [ "1" = "1" ]; then       BUILD_ID="20260730b109" node /build/chart/scripts/bump-chart-engine-build.mjs;     fi     && npm run build:live:chart     && if [ "1" = "1" ]; then       node /build/checkpoint-tools/checkpoint-build-assert.mjs layout         --build-id="20260730b109"         --source-sha="53b3b6b7bc4082d8b6bf93541a6ab4988558d9fa"         --chart-root=/build/chart         --live-root=/build/talaria-design/live         --homepage-chart-root=/homepage/public/chart;     fi
#65 6.899 {
#65 6.899   "verdict": "M19-GREEN",
#65 6.899   "detail": "A–E held; hot session ≤ 524288; open excursion ≤ 256; panel rebuilds 0; D/E cleared",
#65 6.899   "fixAAllPass": true,
#65 6.899   "fixBAllPass": true,
#65 6.899   "fixCAllPass": true,
#65 6.899   "fixDAllPass": true,
#65 6.899   "fixEAllPass": true,
#65 6.899   "negativeSelfTest": {
#65 6.899     "pass": true,
#65 6.899     "results": [
#65 6.899       {
#65 6.899         "name": "abc-green-d-absent",
#65 6.899         "pass": true,
#65 6.899         "verdict": "M19-FAIL",
#65 6.899         "detail": "A/B/C green but D/E failing: fixDAllPass=false; fixEAllPass=true; d={\"integrated\":false,\"kill\":false,\"d_markerFullScan\":false,\"journalRowsVisited\":0,\"visitsOnMax\":80,\"pass\":false}; e={\"integrated\":true,\"kill\":false,\"e_hotpathConsole\":false,\"consoleCalls\":0,\"pass\":true}"
#65 6.899       },
#65 6.899       {
#65 6.899         "name": "abc-green-e-failing",
#65 6.899         "pass": true,
#65 6.899         "verdict": "M19-FAIL",
#65 6.899         "detail": "A/B/C green but D/E failing: fixDAllPass=true; fixEAllPass=false; d={\"integrated\":true,\"kill\":false,\"d_markerFullScan\":false,\"journalRowsVisited\":50,\"visitsOnMax\":80,\"pass\":true}; e={\"integrated\":true,\"kill\":false,\"e_hotpathConsole\":true,\"consoleCalls\":100,\"pass\":false}"
#65 6.899       }
#65 6.899     ]
#65 6.899   },
#65 6.899   "panelKill": false,
#65 6.899   "excursionKill": false,
#65 6.899   "persistKill": false,
#65 6.899   "markerKill": false,
#65 6.899   "hotpathKill": false,
#65 6.899   "baselineBeforeFixA": {
#65 6.899     "panelRebuilds": 5500,
#65 6.899     "ratio": [
#65 6.899       5.159,
#65 6.899       5.371,
#65 6.899       5.44
#65 6.899     ],
#65 6.899     "slopeFrac": [
#65 6.899       0.884,
#65 6.899       0.988,
#65 6.899       0.999
#65 6.899     ],
#65 6.899     "endRuntimeBytes": 706962,
#65 6.899     "endSessionBytes": 1752034
#65 6.899   },
#65 6.899   "elapsedMs": 5953,
#65 6.899   "headSha": null,
#65 6.899   "fileHashes": {
#65 6.899     "order-manager.js": "891c4a793f4bb1a2df150e521728cb6085709509d7e851d6724a0b5221777fad",
#65 6.899     "replay-system.js": "3092e11d4d93ecd4ddf6622173fc1582e0776ff414ed1cb2740b4eeb66685b38",
#65 6.899     "chart.js": "fa11f19449c0bcd080d14e31485eb44c40a8b57c3ac8d6953b5de9578504832a"
#65 6.899   },
#65 6.899   "persistedFormatHash": "66a27cd803731306aedbd79e7db6de9b7801b8daf3d63d3adf65e1ca05fc4e10",
#65 6.899   "evidence": "/docs/plan3/evidence/L2-M19-AE-20260723b04-on.json",
#65 6.899   "report": "/docs/plan3/worker-reports/L2-M19-AE-20260723b04-ON.md",
#65 6.899   "canonical": [
#65 6.899     {
#65 6.899       "label": "canonical-playing-single#1",
#65 6.899       "ratio": 0.31099121419966413,
#65 6.899       "slopeFracOfFirst": -0.15970920471378358,
#65 6.899       "frameSlopeFail": false,
#65 6.899       "persistFail": false,
#65 6.899       "endRuntimeBytes": 1879,
#65 6.899       "endSessionBytes": 64623,
#65 6.899       "allFivePaths": true,
#65 6.899       "journalCount": 50,
#65 6.899       "panelRebuilds": 0,
#65 6.899       "maxOpenExcursion": 256,
#65 6.899       "fixB": {
#65 6.899         "excursionKill": false,
#65 6.899         "maxOpenExcursion": 256,
#65 6.899         "tailMax": 256,
#65 6.899         "arraysBounded": true,
#65 6.899         "arraysUnbounded": false,
#65 6.899         "pass": true
#65 6.899       },
#65 6.899       "fixA": {
#65 6.899         "panelKill": false,
#65 6.899         "panelRebuilds": 0,
#65 6.899         "runtimePanelSchedules": 5500,
#65 6.899         "runtimePanelLite": 5500,
#65 6.899         "dockStructuralRenders": 0,
#65 6.899         "dockInnerHtmlWritesDuringLite": 0,
#65 6.899         "dockLiteClean": true,
#65 6.899         "panelBoundedByStructural": true,
#65 6.899         "panelReconstructsPerTick": false,
#65 6.899         "frameSlopePass": true,
#65 6.899         "absFlat": true,
#65 6.899         "pass": true
#65 6.899       },
#65 6.899       "fixC": {
#65 6.899         "persistKill": false,
#65 6.899         "sessionAbsMax": 524288,
#65 6.899         "endSessionBytes": 64623,
#65 6.899         "sessionBounded": true,
#65 6.899         "sessionUnbounded": false,
#65 6.899         "hotJournalHasScreenshots": false,
#65 6.899         "inMemoryJournalHasScreenshots": true,
#65 6.899         "pass": true
#65 6.899       },
#65 6.899       "fixD": {
#65 6.899         "integrated": true,
#65 6.899         "kill": false,
#65 6.899         "d_markerFullScan": false,
#65 6.899         "journalRowsVisited": 50,
#65 6.899         "journalRowsVisitedMeasured": 50,
#65 6.899         "visitsOnMax": 80,
#65 6.899         "pass": true
#65 6.899       },
#65 6.899       "fixE": {
#65 6.899         "integrated": true,
#65 6.899         "kill": false,
#65 6.899         "e_hotpathConsole": false,
#65 6.899         "consoleCalls": 0,
#65 6.899         "pass": true
#65 6.899       }
#65 6.899     },
#65 6.899     {
#65 6.899       "label": "canonical-playing-single#2",
#65 6.899       "ratio": 0.6879768815490804,
#65 6.899       "slopeFracOfFirst": -0.06438692996153157,
#65 6.899       "frameSlopeFail": false,
#65 6.899       "persistFail": false,
#65 6.899       "endRuntimeBytes": 1879,
#65 6.899       "endSessionBytes": 64623,
#65 6.899       "allFivePaths": true,
#65 6.899       "journalCount": 50,
#65 6.899       "panelRebuilds": 0,
#65 6.899       "maxOpenExcursion": 256,
#65 6.899       "fixB": {
#65 6.899         "excursionKill": false,
#65 6.899         "maxOpenExcursion": 256,
#65 6.899         "tailMax": 256,
#65 6.899         "arraysBounded": true,
#65 6.899         "arraysUnbounded": false,
#65 6.899         "pass": true
#65 6.899       },
#65 6.899       "fixA": {
#65 6.899         "panelKill": false,
#65 6.899         "panelRebuilds": 0,
#65 6.899         "runtimePanelSchedules": 5500,
#65 6.899         "runtimePanelLite": 5500,
#65 6.899         "dockStructuralRenders": 0,
#65 6.899         "dockInnerHtmlWritesDuringLite": 0,
#65 6.899         "dockLiteClean": true,
#65 6.899         "panelBoundedByStructural": true,
#65 6.899         "panelReconstructsPerTick": false,
#65 6.899         "frameSlopePass": true,
#65 6.899         "absFlat": true,
#65 6.899         "pass": true
#65 6.899       },
#65 6.899       "fixC": {
#65 6.899         "persistKill": false,
#65 6.899         "sessionAbsMax": 524288,
#65 6.899         "endSessionBytes": 64623,
#65 6.899         "sessionBounded": true,
#65 6.899         "sessionUnbounded": false,
#65 6.899         "hotJournalHasScreenshots": false,
#65 6.899         "inMemoryJournalHasScreenshots": true,
#65 6.899         "pass": true
#65 6.899       },
#65 6.899       "fixD": {
#65 6.899         "integrated": true,
#65 6.899         "kill": false,
#65 6.899         "d_markerFullScan": false,
#65 6.899         "journalRowsVisited": 50,
#65 6.899         "journalRowsVisitedMeasured": 50,
#65 6.899         "visitsOnMax": 80,
#65 6.899         "pass": true
#65 6.899       },
#65 6.899       "fixE": {
#65 6.899         "integrated": true,
#65 6.899         "kill": false,
#65 6.899         "e_hotpathConsole": false,
#65 6.899         "consoleCalls": 0,
#65 6.899         "pass": true
#65 6.899       }
#65 6.899     },
#65 6.899     {
#65 6.899       "label": "canonical-playing-single#3",
#65 6.899       "ratio": 0.9210462931909227,
#65 6.899       "slopeFracOfFirst": -0.07717134737361012,
#65 6.899       "frameSlopeFail": false,
#65 6.899       "persistFail": false,
#65 6.899       "endRuntimeBytes": 1879,
#65 6.899       "endSessionBytes": 64623,
#65 6.899       "allFivePaths": true,
#65 6.899       "journalCount": 50,
#65 6.899       "panelRebuilds": 0,
#65 6.899       "maxOpenExcursion": 256,
#65 6.899       "fixB": {
#65 6.899         "excursionKill": false,
#65 6.899         "maxOpenExcursion": 256,
#65 6.899         "tailMax": 256,
#65 6.899         "arraysBounded": true,
#65 6.899         "arraysUnbounded": false,
#65 6.899         "pass": true
#65 6.899       },
#65 6.899       "fixA": {
#65 6.899         "panelKill": false,
#65 6.899         "panelRebuilds": 0,
#65 6.899         "runtimePanelSchedules": 5500,
#65 6.899         "runtimePanelLite": 5500,
#65 6.899         "dockStructuralRenders": 0,
#65 6.899         "dockInnerHtmlWritesDuringLite": 0,
#65 6.899         "dockLiteClean": true,
#65 6.899         "panelBoundedByStructural": true,
#65 6.899         "panelReconstructsPerTick": false,
#65 6.899         "frameSlopePass": true,
#65 6.899         "absFlat": true,
#65 6.899         "pass": true
#65 6.899       },
#65 6.899       "fixC": {
#65 6.899         "persistKill": false,
#65 6.899         "sessionAbsMax": 524288,
#65 6.899         "endSessionBytes": 64623,
#65 6.899         "sessionBounded": true,
#65 6.899         "sessionUnbounded": false,
#65 6.899         "hotJournalHasScreenshots": false,
#65 6.899         "inMemoryJournalHasScreenshots": true,
#65 6.899         "pass": true
#65 6.899       },
#65 6.899       "fixD": {
#65 6.899         "integrated": true,
#65 6.899         "kill": false,
#65 6.899         "d_markerFullScan": false,
#65 6.899         "journalRowsVisited": 50,
#65 6.899         "journalRowsVisitedMeasured": 50,
#65 6.899         "visitsOnMax": 80,
#65 6.899         "pass": true
#65 6.899       },
#65 6.899       "fixE": {
#65 6.899         "integrated": true,
#65 6.899         "kill": false,
#65 6.899         "e_hotpathConsole": false,
#65 6.899         "consoleCalls": 0,
#65 6.899         "pass": true
#65 6.899       }
#65 6.899     }
#65 6.899   ]
#65 6.899 }
#65 8.526 [bump-chart-engine-build] CHART_ENGINE_BUILD: 20260724b61 → 20260730b109
#65 8.531 [bump-chart-engine-build] package.json version: 1.4.31 → 1.4.32
#65 8.842 
#65 8.842 > talaria@0.0.2 build:live:chart
#65 8.842 > npm run preflight:module-contracts && node scripts/bump-dist-v9-cache.mjs --live && vite build --config vite.config.live.js && node scripts/bump-dist-v9-cache.mjs --dist && node scripts/sync-v9-to-homepage.mjs
#65 8.842 
#65 9.085 
#65 9.085 > talaria@0.0.2 preflight:module-contracts
#65 9.085 > node ../../scripts/module-contract-preflight.mjs
#65 9.085 
#65 9.201 {
#65 9.201   "signature": "TALARIA_MODULE_CONTRACT_PREFLIGHT_V1",
#65 9.201   "ok": true,
#65 9.201   "checked": [
#65 9.201     {
#65 9.201       "surface": "source-host",
#65 9.201       "module": "ModulePresenceRuntime",
#65 9.201       "index": 38
#65 9.201     },
#65 9.201     {
#65 9.201       "surface": "source-host",
#65 9.201       "module": "IndicatorPerf",
#65 9.201       "index": 54
#65 9.201     },
#65 9.201     {
#65 9.201       "surface": "chart-host",
#65 9.201       "module": "ModulePresenceRuntime",
#65 9.201       "index": 38
#65 9.201     },
#65 9.201     {
#65 9.201       "surface": "chart-host",
#65 9.201       "module": "IndicatorPerf",
#65 9.201       "index": 54
#65 9.201     },
#65 9.201     {
#65 9.201       "surface": "public-host",
#65 9.201       "module": "ModulePresenceRuntime",
#65 9.201       "index": 38
#65 9.201     },
#65 9.201     {
#65 9.201       "surface": "public-host",
#65 9.201       "module": "IndicatorPerf",
#65 9.201       "index": 54
#65 9.201     },
#65 9.201     {
#65 9.201       "surface": "chart-panel",
#65 9.201       "module": "ModulePresenceRuntime",
#65 9.201       "index": 36
#65 9.201     },
#65 9.201     {
#65 9.201       "surface": "chart-panel",
#65 9.201       "module": "IndicatorPerf",
#65 9.201       "index": 44
#65 9.201     },
#65 9.201     {
#65 9.201       "surface": "public-panel",
#65 9.201       "module": "ModulePresenceRuntime",
#65 9.201       "index": 36
#65 9.201     },
#65 9.201     {
#65 9.201       "surface": "public-panel",
#65 9.201       "module": "IndicatorPerf",
#65 9.201       "index": 44
#65 9.201     },
#65 9.201     {
#65 9.201       "surface": "multichart-panel-shell-source",
#65 9.201       "module": "ModulePresenceRuntime",
#65 9.201       "index": 1
#65 9.201     },
#65 9.201     {
#65 9.201       "surface": "multichart-panel-shell-source",
#65 9.201       "module": "IndicatorPerf",
#65 9.201       "index": 3
#65 9.201     },
#65 9.201     {
#65 9.201       "surface": "multichart-panel-shell-public",
#65 9.201       "module": "ModulePresenceRuntime",
#65 9.201       "index": 1
#65 9.201     },
#65 9.201     {
#65 9.201       "surface": "multichart-panel-shell-public",
#65 9.201       "module": "IndicatorPerf",
#65 9.201       "index": 3
#65 9.201     }
#65 9.201   ]
#65 9.201 }
#65 9.329 [bump-dist-v9-cache] Set ?v=20260730b109 on chart assets in /build/talaria-design/live/index.html
#65 9.335 [bump-dist-v9-cache] Set SW_VERSION=20260730b109 in /build/talaria-design/live/public/sw.js
#65 9.335 [bump-dist-v9-cache] Set SW_VERSION=20260730b109 in /build/chart/sw.js
#65 9.337 [bump-dist-v9-cache] Set SW_VERSION=20260730b109 in /build/chart/dist-v9/sw.js
#65 9.337 [bump-dist-v9-cache] Active build id: 20260728b82
#65 9.737 vite v5.4.21 building for production...
#65 9.923 <script src="/chart/modules/chart-window-limit.js?v=20260730b109"> in "/index.html" can't be bundled without type="module" attribute
#65 9.924 <script src="/chart/vendor/d3.min.js?v=20260730b109"> in "/index.html" can't be bundled without type="module" attribute
#65 9.924 <script src="/chart/vendor/lz-string.min.js?v=20260730b109"> in "/index.html" can't be bundled without type="module" attribute
#65 9.924 <script src="/chart/modules/server-write-failure-ledger.js?v=20260730b109"> in "/index.html" can't be bundled without type="module" attribute
#65 9.925 <script src="/chart/modules/preferences-sync.js?v=20260730b109"> in "/index.html" can't be bundled without type="module" attribute
#65 9.925 <script src="/chart/modules/preferences-init.js?v=20260730b109"> in "/index.html" can't be bundled without type="module" attribute
#65 9.925 <script src="/chart/modules/market-calculations.js?v=20260730b109"> in "/index.html" can't be bundled without type="module" attribute
#65 9.927 <script src="/chart/modules/chart-env.defaults.js?v=20260730b109"> in "/index.html" can't be bundled without type="module" attribute
#65 9.927 <script src="/chart/modules/chart-env.generated.js?v=20260730b109"> in "/index.html" can't be bundled without type="module" attribute
#65 9.927 <script src="/chart/modules/drawing-tools-base.js?v=20260730b109"> in "/index.html" can't be bundled without type="module" attribute
#65 9.927 <script src="/chart/modules/drawing-tools-lines.js?v=20260730b109"> in "/index.html" can't be bundled without type="module" attribute
#65 9.927 <script src="/chart/modules/drawing-tools-shapes.js?v=20260730b109"> in "/index.html" can't be bundled without type="module" attribute
#65 9.927 <script src="/chart/modules/drawing-tools-fibonacci.js?v=20260730b109"> in "/index.html" can't be bundled without type="module" attribute
#65 9.927 <script src="/chart/modules/drawing-tools-text.js?v=20260730b109"> in "/index.html" can't be bundled without type="module" attribute
#65 9.927 <script src="/chart/modules/drawing-tools-emoji.js?v=20260730b109"> in "/index.html" can't be bundled without type="module" attribute
#65 9.930 <script src="/chart/modules/drawing-tools-image.js?v=20260730b109"> in "/index.html" can't be bundled without type="module" attribute
#65 9.930 <script src="/chart/modules/emoji-picker.js?v=20260730b109"> in "/index.html" can't be bundled without type="module" attribute
#65 9.930 <script src="/chart/modules/emoji-picker-simple.js?v=20260730b109"> in "/index.html" can't be bundled without type="module" attribute
#65 9.930 <script src="/chart/modules/drawing-tools-advanced-volume.js?v=20260730b109"> in "/index.html" can't be bundled without type="module" attribute
#65 9.930 <script src="/chart/modules/drawing-tools-advanced.js?v=20260730b109"> in "/index.html" can't be bundled without type="module" attribute
#65 9.930 <script src="/chart/modules/drawing-tools-extended.js?v=20260730b109"> in "/index.html" can't be bundled without type="module" attribute
#65 9.930 <script src="/chart/modules/drawing-tools-patterns.js?v=20260730b109"> in "/index.html" can't be bundled without type="module" attribute
#65 9.930 <script src="/chart/modules/drawing-tools-fib-gann.js?v=20260730b109"> in "/index.html" can't be bundled without type="module" attribute
#65 9.930 <script src="/chart/modules/drawing-tools-channels.js?v=20260730b109"> in "/index.html" can't be bundled without type="module" attribute
#65 9.930 <script src="/chart/modules/drawing-tools-ui.js?v=20260730b109"> in "/index.html" can't be bundled without type="module" attribute
#65 9.930 <script src="/chart/modules/color-picker.js?v=20260730b109"> in "/index.html" can't be bundled without type="module" attribute
#65 9.930 <script src="/chart/modules/drawing-toolbar.js?v=20260730b109"> in "/index.html" can't be bundled without type="module" attribute
#65 9.930 <script src="/chart/modules/undo-redo-manager.js?v=20260730b109"> in "/index.html" can't be bundled without type="module" attribute
#65 9.930 <script src="/chart/modules/tool-lifecycle-store.js?v=20260730b109"> in "/index.html" can't be bundled without type="module" attribute
#65 9.930 <script src="/chart/modules/drawing-tools-manager.js?v=20260730b109"> in "/index.html" can't be bundled without type="module" attribute
#65 9.930 <script src="/chart/modules/chart-regression-cases.js?v=20260730b109"> in "/index.html" can't be bundled without type="module" attribute
#65 9.930 <script src="/chart/modules/chart-regression-smoke.js?v=20260730b109"> in "/index.html" can't be bundled without type="module" attribute
#65 9.930 <script src="/chart/modules/favorites-manager.js?v=20260730b109"> in "/index.html" can't be bundled without type="module" attribute
#65 9.930 <script src="/chart/modules/keyboard-shortcuts.js?v=20260730b109"> in "/index.html" can't be bundled without type="module" attribute
#65 9.930 <script src="/chart/modules/timezone-manager.js?v=20260730b109"> in "/index.html" can't be bundled without type="module" attribute
#65 9.930 <script src="/chart/modules/viewport-data-manager.js?v=20260730b109"> in "/index.html" can't be bundled without type="module" attribute
#65 9.930 <script src="/chart/modules/chart-data-pipeline.js?v=20260730b109"> in "/index.html" can't be bundled without type="module" attribute
#65 9.930 <script src="/chart/modules/talaria-toast-stack.js?v=20260730b109"> in "/index.html" can't be bundled without type="module" attribute
#65 9.930 <script src="/chart/modules/module-presence-runtime.js?v=20260730b109"> in "/index.html" can't be bundled without type="module" attribute
#65 9.930 <script src="/chart/chart.js?v=20260730b109"> in "/index.html" can't be bundled without type="module" attribute
#65 9.930 <script src="/chart/modules/v9-theme-bridge.js?v=20260730b109"> in "/index.html" can't be bundled without type="module" attribute
#65 9.930 <script src="/chart/modules/replay-system.js?v=20260730b109"> in "/index.html" can't be bundled without type="module" attribute
#65 9.930 <script src="/chart/modules/replay-dashboard-sync.js?v=20260730b109"> in "/index.html" can't be bundled without type="module" attribute
#65 9.930 <script src="/chart/modules/order-event-bus.js?v=20260730b109"> in "/index.html" can't be bundled without type="module" attribute
#65 9.930 <script src="/chart/modules/order-service.js?v=20260730b109"> in "/index.html" can't be bundled without type="module" attribute
#65 9.930 <script src="/chart/modules/order-manager.js?v=20260730b109"> in "/index.html" can't be bundled without type="module" attribute
#65 9.930 <script src="/chart/modules/indicator-persist-rehydrate.js?v=20260730b109"> in "/index.html" can't be bundled without type="module" attribute
#65 9.930 <script src="/chart/modules/indicator-settings-apply.js?v=20260730b109"> in "/index.html" can't be bundled without type="module" attribute
#65 9.930 <script src="/chart/modules/indicator-visibility.js?v=20260730b109"> in "/index.html" can't be bundled without type="module" attribute
#65 9.930 <script src="/chart/modules/indicator-lifecycle-store.js?v=20260730b109"> in "/index.html" can't be bundled without type="module" attribute
#65 9.930 <script src="/chart/modules/talaria-fvg-indicator.js?v=20260730b109"> in "/index.html" can't be bundled without type="module" attribute
#65 9.930 <script src="/chart/modules/talaria-ratio-gap-indicator.js?v=20260730b109"> in "/index.html" can't be bundled without type="module" attribute
#65 9.930 <script src="/chart/modules/talaria-weekly-map-indicator.js?v=20260730b109"> in "/index.html" can't be bundled without type="module" attribute
#65 9.930 <script src="/chart/modules/talaria-simple-smc-indicator.js?v=20260730b109"> in "/index.html" can't be bundled without type="module" attribute
#65 9.930 <script src="/chart/modules/indicator-performance.js?v=20260730b109"> in "/index.html" can't be bundled without type="module" attribute
#65 9.930 <script src="/chart/modules/chart-indicators-full.js?v=20260730b109"> in "/index.html" can't be bundled without type="module" attribute
#65 9.930 <script src="/chart/modules/indicator-ui.js?v=20260730b109"> in "/index.html" can't be bundled without type="module" attribute
#65 9.930 <script src="/chart/modules/economic-news-sidebar.js?v=20260730b109"> in "/index.html" can't be bundled without type="module" attribute
#65 9.935 <script src="/chart/pwa-install.js?v=20260730b109"> in "/index.html" can't be bundled without type="module" attribute
#65 9.990 transforming...
#65 9.990 
#65 9.990 /chart/fonts/talaria-fonts.css?v=20260730b109 doesn't exist at build time, it will remain unchanged to be resolved at runtime
#65 ...

#19 [trading-chart stage-1  3/22] RUN apt-get update && apt-get install -y --no-install-recommends     curl     nodejs     npm     && rm -rf /var/lib/apt/lists/*
#19 28.82 Preparing to unpack .../087-node-levn_0.4.1+dfsg-2_all.deb ...
#19 28.82 Unpacking node-levn (0.4.1+dfsg-2) ...
#19 28.88 Selecting previously unselected package node-lodash.
#19 28.88 Preparing to unpack .../088-node-lodash_4.17.21+dfsg+~cs8.31.198.20210220-9_all.deb ...
#19 28.89 Unpacking node-lodash (4.17.21+dfsg+~cs8.31.198.20210220-9) ...
#19 29.53 Selecting previously unselected package node-memfs.
#19 29.53 Preparing to unpack .../089-node-memfs_3.4.12+~cs1.0.3-1_all.deb ...
#19 29.54 Unpacking node-memfs (3.4.12+~cs1.0.3-1) ...
#19 29.62 Selecting previously unselected package node-mkdirp.
#19 29.63 Preparing to unpack .../090-node-mkdirp_2.1.6+~cs5.2.1-2_all.deb ...
#19 29.63 Unpacking node-mkdirp (2.1.6+~cs5.2.1-2) ...
#19 29.73 Selecting previously unselected package node-deep-is.
#19 29.73 Preparing to unpack .../091-node-deep-is_0.1.4-1_all.deb ...
#19 29.74 Unpacking node-deep-is (0.1.4-1) ...
#19 29.81 Selecting previously unselected package node-fast-levenshtein.
#19 29.81 Preparing to unpack .../092-node-fast-levenshtein_2.0.6+ds-3_all.deb ...
#19 29.82 Unpacking node-fast-levenshtein (2.0.6+ds-3) ...
#19 29.88 Selecting previously unselected package node-optionator.
#19 29.88 Preparing to unpack .../093-node-optionator_0.9.1+dfsg+~cs1.2.3-1_all.deb ...
#19 29.88 Unpacking node-optionator (0.9.1+dfsg+~cs1.2.3-1) ...
#19 29.97 Selecting previously unselected package node-progress.
#19 29.97 Preparing to unpack .../094-node-progress_2.0.3-2_all.deb ...
#19 29.97 Unpacking node-progress (2.0.3-2) ...
#19 30.04 Selecting previously unselected package libjs-regenerate.
#19 30.04 Preparing to unpack .../095-libjs-regenerate_1.4.2-3_all.deb ...
#19 30.05 Unpacking libjs-regenerate (1.4.2-3) ...
#19 30.14 Selecting previously unselected package node-regenerate.
#19 30.14 Preparing to unpack .../096-node-regenerate_1.4.2-3_all.deb ...
#19 30.15 Unpacking node-regenerate (1.4.2-3) ...
#19 30.20 Selecting previously unselected package node-regenerate-unicode-properties.
#19 30.20 Preparing to unpack .../097-node-regenerate-unicode-properties_10.1.0+ds-1_all.deb ...
#19 30.20 Unpacking node-regenerate-unicode-properties (10.1.0+ds-1) ...
#19 30.38 Selecting previously unselected package node-regexpp.
#19 30.38 Preparing to unpack .../098-node-regexpp_3.2.0-5_all.deb ...
#19 30.40 Unpacking node-regexpp (3.2.0-5) ...
#19 30.48 Selecting previously unselected package node-lru-cache.
#19 30.49 Preparing to unpack .../099-node-lru-cache_10.0.1-3_all.deb ...
#19 30.49 Unpacking node-lru-cache (10.0.1-3) ...
#19 30.59 Selecting previously unselected package node-semver.
#19 30.60 Preparing to unpack .../100-node-semver_7.6.1+~7.5.8-2_all.deb ...
#19 30.60 Unpacking node-semver (7.6.1+~7.5.8-2) ...
#19 30.74 Selecting previously unselected package node-strip-json-comments.
#19 30.74 Preparing to unpack .../101-node-strip-json-comments_4.0.0-4_all.deb ...
#19 30.75 Unpacking node-strip-json-comments (4.0.0-4) ...
#19 30.81 Selecting previously unselected package node-json-schema.
#19 30.81 Preparing to unpack .../102-node-json-schema_0.4.0+~7.0.11-1_all.deb ...
#19 30.82 Unpacking node-json-schema (0.4.0+~7.0.11-1) ...
#19 30.92 Selecting previously unselected package node-v8-compile-cache.
#19 30.94 Preparing to unpack .../103-node-v8-compile-cache_2.4.0-2_all.deb ...
#19 30.95 Unpacking node-v8-compile-cache (2.4.0-2) ...
#19 31.04 Selecting previously unselected package eslint.
#19 31.05 Preparing to unpack .../104-eslint_6.4.0~dfsg+~6.1.9-12_all.deb ...
#19 31.06 Unpacking eslint (6.4.0~dfsg+~6.1.9-12) ...
#19 31.29 Selecting previously unselected package python3-packaging.
#19 31.30 Preparing to unpack .../105-python3-packaging_25.0-1_all.deb ...
#19 31.31 Unpacking python3-packaging (25.0-1) ...
#19 31.44 Selecting previously unselected package gyp.
#19 31.44 Preparing to unpack .../106-gyp_0.16.2-2_all.deb ...
#19 31.45 Unpacking gyp (0.16.2-2) ...
#19 31.56 Selecting previously unselected package node-neo-async.
#19 31.56 Preparing to unpack .../107-node-neo-async_2.6.2+~cs3.0.0-3_all.deb ...
#19 31.58 Unpacking node-neo-async (2.6.2+~cs3.0.0-3) ...
#19 31.72 Selecting previously unselected package node-arrify.
#19 31.73 Preparing to unpack .../108-node-arrify_2.0.1-3_all.deb ...
#19 31.74 Unpacking node-arrify (2.0.1-3) ...
#19 31.80 Selecting previously unselected package node-is-plain-obj.
#19 31.80 Preparing to unpack .../109-node-is-plain-obj_3.0.0-2_all.deb ...
#19 31.81 Unpacking node-is-plain-obj (3.0.0-2) ...
#19 31.90 Selecting previously unselected package node-is-buffer.
#19 31.91 Preparing to unpack .../110-node-is-buffer_2.0.5-2_all.deb ...
#19 31.93 Unpacking node-is-buffer (2.0.5-2) ...
#19 31.99 Selecting previously unselected package node-kind-of.
#19 31.99 Preparing to unpack .../111-node-kind-of_6.0.3+dfsg-2_all.deb ...
#19 32.00 Unpacking node-kind-of (6.0.3+dfsg-2) ...
#19 32.07 Selecting previously unselected package node-minimist.
#19 32.07 Preparing to unpack .../112-node-minimist_1.2.8+~cs5.3.5-1_all.deb ...
#19 32.08 Unpacking node-minimist (1.2.8+~cs5.3.5-1) ...
#19 32.15 Selecting previously unselected package node-wordwrap.
#19 32.16 Preparing to unpack .../113-node-wordwrap_1.0.0-4_all.deb ...
#19 32.16 Unpacking node-wordwrap (1.0.0-4) ...
#19 32.23 Selecting previously unselected package node-optimist.
#19 32.24 Preparing to unpack .../114-node-optimist_0.6.1+~0.0.30-2_all.deb ...
#19 32.24 Unpacking node-optimist (0.6.1+~0.0.30-2) ...
#19 32.32 Selecting previously unselected package libjs-source-map.
#19 32.33 Preparing to unpack .../115-libjs-source-map_0.7.0++dfsg2+really.0.6.1-15_all.deb ...
#19 32.33 Unpacking libjs-source-map (0.7.0++dfsg2+really.0.6.1-15) ...
#19 32.44 Selecting previously unselected package node-source-map.
#19 32.44 Preparing to unpack .../116-node-source-map_0.7.0++dfsg2+really.0.6.1-15_all.deb ...
#19 32.47 Unpacking node-source-map (0.7.0++dfsg2+really.0.6.1-15) ...
#19 32.56 Selecting previously unselected package handlebars.
#19 32.56 Preparing to unpack .../117-handlebars_3%3a4.7.7+~4.1.0-1_all.deb ...
#19 32.57 Unpacking handlebars (3:4.7.7+~4.1.0-1) ...
#19 32.70 Selecting previously unselected package libjs-events.
#19 32.70 Preparing to unpack .../118-libjs-events_3.3.0+~3.0.0-3_all.deb ...
#19 32.71 Unpacking libjs-events (3.3.0+~3.0.0-3) ...
#19 32.81 Selecting previously unselected package libjs-is-typedarray.
#19 32.81 Preparing to unpack .../119-libjs-is-typedarray_1.0.0-4_all.deb ...
#19 32.82 Unpacking libjs-is-typedarray (1.0.0-4) ...
#19 32.88 Selecting previously unselected package libjs-prettify.
#19 32.88 Preparing to unpack .../120-libjs-prettify_2015.12.04+dfsg-1.1_all.deb ...
#19 32.89 Unpacking libjs-prettify (2015.12.04+dfsg-1.1) ...
#19 32.96 Selecting previously unselected package libjs-sprintf-js.
#19 32.97 Preparing to unpack .../121-libjs-sprintf-js_1.1.2+ds1+~1.1.2-1_all.deb ...
#19 32.97 Unpacking libjs-sprintf-js (1.1.2+ds1+~1.1.2-1) ...
#19 33.06 Selecting previously unselected package libjs-typedarray-to-buffer.
#19 33.06 Preparing to unpack .../122-libjs-typedarray-to-buffer_4.0.0-2_all.deb ...
#19 33.07 Unpacking libjs-typedarray-to-buffer (4.0.0-2) ...
#19 33.15 Selecting previously unselected package node-lodash-packages.
#19 33.16 Preparing to unpack .../123-node-lodash-packages_4.17.21+dfsg+~cs8.31.198.20210220-9_all.deb ...
#19 33.17 Unpacking node-lodash-packages (4.17.21+dfsg+~cs8.31.198.20210220-9) ...
#19 33.91 Selecting previously unselected package node-function-bind.
#19 ...

#66 [homepage chart_assets 24/24] RUN if [ "1" = "1" ]; then       node /build/checkpoint-tools/checkpoint-build-assert.mjs inputs         --strict="1"         --build-id="20260730b109"         --source-sha="53b3b6b7bc4082d8b6bf93541a6ab4988558d9fa";     elif [ -n "20260730b109" ]; then       echo "CHART_BUILD_ID requires CHECKPOINT_BUILD=1" >&2; exit 1;     fi     && if [ "1" = "1" ]; then       node /build/chart/modules/m19-progressive-session-soak.test.mjs;     fi     && if [ "1" = "1" ]; then       BUILD_ID="20260730b109" node /build/chart/scripts/bump-chart-engine-build.mjs;     fi     && npm run build:live:chart     && if [ "1" = "1" ]; then       node /build/checkpoint-tools/checkpoint-build-assert.mjs layout         --build-id="20260730b109"         --source-sha="53b3b6b7bc4082d8b6bf93541a6ab4988558d9fa"         --chart-root=/build/chart         --live-root=/build/talaria-design/live         --homepage-chart-root=/homepage/public/chart;     fi
#66 18.43 ✓ 47 modules transformed.
#66 19.88 rendering chunks...
#66 19.91 computing gzip size...
#66 20.04 
#66 20.04 (!) Some chunks are larger than 500 kB after minification. Consider:
#66 20.04 - Using dynamic import() to code-split the application
#66 20.04 - Use build.rollupOptions.output.manualChunks to improve chunking: https://rollupjs.org/configuration-options/#output-manualchunks
#66 20.04 - Adjust chunk size limit for this warning via build.chunkSizeWarningLimit.
#66 20.04 ../../chart/dist-v9/index.html                    91.50 kB │ gzip:  18.19 kB
#66 20.04 ../../chart/dist-v9/assets/talaria-v9-live.js  1,718.23 kB │ gzip: 405.80 kB
#66 20.04 ✓ built in 10.30s
#66 20.29 [bump-dist-v9-cache] Set ?v=20260730b109 on chart assets in /build/chart/dist-v9/index.html
#66 20.29 [bump-dist-v9-cache] No /chart/ asset references matched in /build/talaria-design/live/index.html
#66 20.36 [bump-dist-v9-cache] Set ?v=20260730b109 on legacy-index scripts in /build/chart/legacy-index.html
#66 20.37 [bump-dist-v9-cache] Set embed default ?v=20260730b109 in /build/chart/multichart-prod/chart-embed.html
#66 20.38 [bump-dist-v9-cache] Set harness serve.mjs buildId=20260730b109 in /build/chart/multichart-prod/harness/serve.mjs
#66 20.39 [bump-dist-v9-cache] Set stub __TALARIA_CHART_BUILD_ID=20260730b109 in /build/chart/index.html
#66 20.39 [bump-dist-v9-cache] Active build id: 20260730b109
#66 20.59 [sync-v9-to-homepage] Copied /build/chart/dist-v9 → /homepage/public/chart/dist-v9
#66 20.61 [sync-v9-to-homepage] Copied chart/vendor /build/chart/vendor → /homepage/public/chart/vendor
#66 20.63 [sync-v9-to-homepage] Copied chart/fonts /build/chart/fonts → /homepage/public/chart/fonts
#66 20.64 [sync-v9-to-homepage] Copied chart engine /build/chart/chart.js → /homepage/public/chart/chart.js
#66 20.64 [sync-v9-to-homepage] Copied compare-overlay /build/chart/modules/compare-overlay.js → /homepage/public/chart/modules/compare-overlay.js
#66 20.79 [sync-v9-to-homepage] Copied chart/modules /build/chart/modules → /homepage/public/chart/modules
#66 20.79 [sync-v9-to-homepage] Copied chart/workers /build/chart/workers → /homepage/public/chart/workers
#66 20.97 [sync-v9-to-homepage] Copied multichart-prod /build/chart/multichart-prod → /homepage/public/chart/multichart-prod
#66 20.98 [sync-v9-to-homepage] Copied legacy-index /build/chart/legacy-index.html → /homepage/public/chart/legacy-index.html
#66 21.00 [sync-v9-to-homepage] Copied PWA assets → /build/chart
#66 21.00 [sync-v9-to-homepage] Copied PWA assets → /homepage/public/chart
#66 21.07 [bump-dist-v9-cache] No /chart/ asset references matched in /build/chart/dist-v9/index.html
#66 21.08 [bump-dist-v9-cache] No /chart/ asset references matched in /build/talaria-design/live/index.html
#66 21.08 [bump-dist-v9-cache] No /chart/ asset references matched in /homepage/public/chart/dist-v9/index.html
#66 21.18 [bump-dist-v9-cache] No changes needed (already bumped)
#66 21.18 [bump-dist-v9-cache] Active build id: 20260730b109
#66 21.65 {
#66 21.65   "signature": "TALARIA_CHECKPOINT_UNIFORMITY_V2",
#66 21.65   "expectedBuildId": "20260730b109",
#66 21.65   "sourceSha": "53b3b6b7bc4082d8b6bf93541a6ab4988558d9fa",
#66 21.65   "forwardingMirrors": [
#66 21.65     {
#66 21.65       "path": "modules/m20-q6-replay-lifecycle-binding.test.mjs",
#66 21.65       "contractId": "q6-canonical-harness/homepage-forwarding-wrapper-v1",
#66 21.65       "importTarget": "../../../../chart v 1.4/chart/modules/m20-q6-replay-lifecycle-binding.test.mjs",
#66 21.65       "canonicalHash": "20dc8e49a58186e59a54c418dcfd684c1c3ec73642a7d3954bd47058672d685d",
#66 21.65       "wrapperHash": "5c360a8c7878ab031daf9177fca77c4978e6e4fe43aa2d38edf1fcf66e5e773a",
#66 21.65       "effectiveCanonicalTargetHash": "20dc8e49a58186e59a54c418dcfd684c1c3ec73642a7d3954bd47058672d685d"
#66 21.65     }
#66 21.65   ],
#66 21.65   "ok": true,
#66 21.65   "checks": [
#66 21.65     {
#66 21.65       "name": "canonical dist window build",
#66 21.65       "actual": "20260730b109",
#66 21.65       "expected": "20260730b109",
#66 21.65       "ok": true
#66 21.65     },
#66 21.65     {
#66 21.65       "name": "canonical dist drawing module query",
#66 21.65       "actual": "20260730b109",
#66 21.65       "expected": "20260730b109",
#66 21.65       "ok": true
#66 21.65     },
#66 21.65     {
#66 21.65       "name": "canonical dist cache ids",
#66 21.65       "actual": "20260730b109",
#66 21.65       "expected": "20260730b109",
#66 21.65       "ok": true
#66 21.65     },
#66 21.65     {
#66 21.65       "name": "homepage dist window build",
#66 21.65       "actual": "20260730b109",
#66 21.65       "expected": "20260730b109",
#66 21.65       "ok": true
#66 21.65     },
#66 21.65     {
#66 21.65       "name": "homepage dist drawing module query",
#66 21.65       "actual": "20260730b109",
#66 21.65       "expected": "20260730b109",
#66 21.65       "ok": true
#66 21.65     },
#66 21.65     {
#66 21.65       "name": "homepage dist cache ids",
#66 21.65       "actual": "20260730b109",
#66 21.65       "expected": "20260730b109",
#66 21.65       "ok": true
#66 21.65     },
#66 21.65     {
#66 21.65       "name": "live source window build",
#66 21.65       "actual": "20260730b109",
#66 21.65       "expected": "20260730b109",
#66 21.65       "ok": true
#66 21.65     },
#66 21.65     {
#66 21.65       "name": "live source drawing module query",
#66 21.65       "actual": "20260730b109",
#66 21.65       "expected": "20260730b109",
#66 21.65       "ok": true
#66 21.65     },
#66 21.65     {
#66 21.65       "name": "live source cache ids",
#66 21.65       "actual": "20260730b109",
#66 21.65       "expected": "20260730b109",
#66 21.65       "ok": true
#66 21.65     },
#66 21.65     {
#66 21.65       "name": "chart index stub window build",
#66 21.65       "actual": "20260730b109",
#66 21.65       "expected": "20260730b109",
#66 21.65       "ok": true
#66 21.65     },
#66 21.65     {
#66 21.65       "name": "canonical engine",
#66 21.65       "actual": "20260730b109",
#66 21.65       "expected": "20260730b109",
#66 21.65       "ok": true
#66 21.65     },
#66 21.65     {
#66 21.65       "name": "homepage engine",
#66 21.65       "actual": "20260730b109",
#66 21.65       "expected": "20260730b109",
#66 21.65       "ok": true
#66 21.65     },
#66 21.65     {
#66 21.65       "name": "canonical embed default",
#66 21.65       "actual": "20260730b109",
#66 21.65       "expected": "20260730b109",
#66 21.65       "ok": true
#66 21.65     },
#66 21.65     {
#66 21.65       "name": "canonical embed cache ids",
#66 21.65       "actual": "20260730b109",
#66 21.65       "expected": "20260730b109",
#66 21.65       "ok": true
#66 21.65     },
#66 21.65     {
#66 21.65       "name": "homepage embed default",
#66 21.65       "actual": "20260730b109",
#66 21.65       "expected": "20260730b109",
#66 21.65       "ok": true
#66 21.65     },
#66 21.65     {
#66 21.65       "name": "homepage embed cache ids",
#66 21.65       "actual": "20260730b109",
#66 21.65       "expected": "20260730b109",
#66 21.65       "ok": true
#66 21.65     },
#66 21.65     {
#66 21.65       "name": "canonical harness",
#66 21.65       "actual": "20260730b109",
#66 21.65       "expected": "20260730b109",
#66 21.65       "ok": true
#66 21.65     },
#66 21.65     {
#66 21.65       "name": "homepage harness",
#66 21.65       "actual": "20260730b109",
#66 21.65       "expected": "20260730b109",
#66 21.65       "ok": true
#66 21.65     },
#66 21.65     {
#66 21.65       "name": "canonical SW",
#66 21.65       "actual": "20260730b109",
#66 21.65       "expected": "20260730b109",
#66 21.65       "ok": true
#66 21.65     },
#66 21.65     {
#66 21.65       "name": "canonical dist SW",
#66 21.65       "actual": "20260730b109",
#66 21.65       "expected": "20260730b109",
#66 21.65       "ok": true
#66 21.65     },
#66 21.65     {
#66 21.65       "name": "homepage SW",
#66 21.65       "actual": "20260730b109",
#66 21.65       "expected": "20260730b109",
#66 21.65       "ok": true
#66 21.65     },
#66 21.65     {
#66 21.65       "name": "homepage dist SW",
#66 21.65       "actual": "20260730b109",
#66 21.65       "expected": "20260730b109",
#66 21.65       "ok": true
#66 21.65     },
#66 21.65     {
#66 21.65       "name": "live SW",
#66 21.65       "actual": "20260730b109",
#66 21.65       "expected": "20260730b109",
#66 21.65       "ok": true
#66 21.65     },
#66 21.65     {
#66 21.65       "name": "canonical legacy window build",
#66 21.65       "actual": "20260730b109",
#66 21.65       "expected": "20260730b109",
#66 21.65       "ok": true
#66 21.65     },
#66 21.65     {
#66 21.65       "name": "canonical legacy cache ids",
#66 21.65       "actual": "20260730b109",
#66 21.65       "expected": "20260730b109",
#66 21.65       "ok": true
#66 21.65     },
#66 21.65     {
#66 21.65       "name": "homepage legacy window build",
#66 21.65       "actual": "20260730b109",
#66 21.65       "expected": "20260730b109",
#66 21.65       "ok": true
#66 21.65     },
#66 21.65     {
#66 21.65       "name": "homepage legacy cache ids",
#66 21.65       "actual": "20260730b109",
#66 21.65       "expected": "20260730b109",
#66 21.65       "ok": true
#66 21.65     },
#66 21.65     {
#66 21.65       "name": "I8 dist-v9 (8 files)",
#66 21.65       "actual": "20260730b109",
#66 21.65       "expected": "20260730b109",
#66 21.65       "ok": true
#66 21.65     },
#66 21.65     {
#66 21.65       "name": "I8 modules/m20-q6-replay-lifecycle-binding.test.mjs forwarding-contract",
#66 21.65       "mode": "contract-bound-forwarding-mirror",
#66 21.65       "contractId": "q6-canonical-harness/homepage-forwarding-wrapper-v1",
#66 21.65       "canonicalHash": "20dc8e49a58186e59a54c418dcfd684c1c3ec73642a7d3954bd47058672d685d",
#66 21.65       "wrapperHash": "5c360a8c7878ab031daf9177fca77c4978e6e4fe43aa2d38edf1fcf66e5e773a",
#66 21.65       "ok": true
#66 21.65     },
#66 21.65     {
#66 21.65       "name": "I8 modules (252 files)",
#66 21.65       "actual": "20260730b109",
#66 21.65       "expected": "20260730b109",
#66 21.65       "ok": true
#66 21.65     },
#66 21.65     {
#66 21.65       "name": "I8 workers (3 files)",
#66 21.65       "actual": "20260730b109",
#66 21.65       "expected": "20260730b109",
#66 21.65       "ok": true
#66 21.65     },
#66 21.65     {
#66 21.65       "name": "I8 vendor (2 files)",
#66 21.65       "actual": "20260730b109",
#66 21.65       "expected": "20260730b109",
#66 21.65       "ok": true
#66 21.65     },
#66 21.65     {
#66 21.65       "name": "I8 fonts (41 files)",
#66 21.65       "actual": "20260730b109",
#66 21.65       "expected": "20260730b109",
#66 21.65       "ok": true
#66 21.65     },
#66 21.65     {
#66 21.65       "name": "I8 multichart-prod (73 files)",
#66 21.65       "actual": "20260730b109",
#66 21.65       "expected": "20260730b109",
#66 21.65       "ok": true
#66 21.65     },
#66 21.65     {
#66 21.65       "name": "I8 chart.js",
#66 21.65       "actual": "20260730b109",
#66 21.65       "expected": "20260730b109",
#66 21.65       "ok": true
#66 21.65     },
#66 21.65     {
#66 21.65       "name": "I8 sw.js",
#66 21.65       "actual": "20260730b109",
#66 21.65       "expected": "20260730b109",
#66 21.65       "ok": true
#66 21.65     }
#66 21.65   ],
#66 21.65   "failures": []
#66 21.65 }
#66 DONE 22.1s

#19 [trading-chart stage-1  3/22] RUN apt-get update && apt-get install -y --no-install-recommends     curl     nodejs     npm     && rm -rf /var/lib/apt/lists/*
#19 33.92 Preparing to unpack .../124-node-function-bind_1.1.2+~cs2.1.14-1_all.deb ...
#19 33.93 Unpacking node-function-bind (1.1.2+~cs2.1.14-1) ...
#19 34.01 Selecting previously unselected package node-object-inspect.
#19 34.01 Preparing to unpack .../125-node-object-inspect_1.12.2+~cs1.8.1-1_all.deb ...
#19 34.01 Unpacking node-object-inspect (1.12.2+~cs1.8.1-1) ...
#19 ...

#67 [homepage builder  7/22] COPY --from=chart_assets /build/chart/dist-v9 ./public/chart/dist-v9
#67 DONE 0.2s

#65 [trading-chart v9_react 24/24] RUN if [ "1" = "1" ]; then       node /build/checkpoint-tools/checkpoint-build-assert.mjs inputs         --strict="1"         --build-id="20260730b109"         --source-sha="53b3b6b7bc4082d8b6bf93541a6ab4988558d9fa";     elif [ -n "20260730b109" ]; then       echo "CHART_BUILD_ID requires CHECKPOINT_BUILD=1" >&2; exit 1;     fi     && if [ "1" = "1" ]; then       node /build/chart/modules/m19-progressive-session-soak.test.mjs;     fi     && if [ "1" = "1" ]; then       BUILD_ID="20260730b109" node /build/chart/scripts/bump-chart-engine-build.mjs;     fi     && npm run build:live:chart     && if [ "1" = "1" ]; then       node /build/checkpoint-tools/checkpoint-build-assert.mjs layout         --build-id="20260730b109"         --source-sha="53b3b6b7bc4082d8b6bf93541a6ab4988558d9fa"         --chart-root=/build/chart         --live-root=/build/talaria-design/live         --homepage-chart-root=/homepage/public/chart;     fi
#65 18.94 ✓ 47 modules transformed.
#65 20.63 rendering chunks...
#65 20.66 computing gzip size...
#65 20.76 
#65 20.76 (!) Some chunks are larger than 500 kB after minification. Consider:
#65 20.76 - Using dynamic import() to code-split the application
#65 20.76 - Use build.rollupOptions.output.manualChunks to improve chunking: https://rollupjs.org/configuration-options/#output-manualchunks
#65 20.76 - Adjust chunk size limit for this warning via build.chunkSizeWarningLimit.
#65 20.76 ../../chart/dist-v9/index.html                    91.50 kB │ gzip:  18.19 kB
#65 20.76 ../../chart/dist-v9/assets/talaria-v9-live.js  1,718.23 kB │ gzip: 405.80 kB
#65 20.76 ✓ built in 10.98s
#65 20.96 [bump-dist-v9-cache] Set ?v=20260730b109 on chart assets in /build/chart/dist-v9/index.html
#65 20.97 [bump-dist-v9-cache] No /chart/ asset references matched in /build/talaria-design/live/index.html
#65 21.04 [bump-dist-v9-cache] Set ?v=20260730b109 on legacy-index scripts in /build/chart/legacy-index.html
#65 21.05 [bump-dist-v9-cache] Set embed default ?v=20260730b109 in /build/chart/multichart-prod/chart-embed.html
#65 21.06 [bump-dist-v9-cache] Set harness serve.mjs buildId=20260730b109 in /build/chart/multichart-prod/harness/serve.mjs
#65 21.07 [bump-dist-v9-cache] Set stub __TALARIA_CHART_BUILD_ID=20260730b109 in /build/chart/index.html
#65 21.07 [bump-dist-v9-cache] Active build id: 20260730b109
#65 21.25 [sync-v9-to-homepage] Copied /build/chart/dist-v9 → /homepage/public/chart/dist-v9
#65 21.26 [sync-v9-to-homepage] Copied chart/vendor /build/chart/vendor → /homepage/public/chart/vendor
#65 21.29 [sync-v9-to-homepage] Copied chart/fonts /build/chart/fonts → /homepage/public/chart/fonts
#65 21.29 [sync-v9-to-homepage] Copied chart engine /build/chart/chart.js → /homepage/public/chart/chart.js
#65 21.30 [sync-v9-to-homepage] Copied compare-overlay /build/chart/modules/compare-overlay.js → /homepage/public/chart/modules/compare-overlay.js
#65 21.41 [sync-v9-to-homepage] Copied chart/modules /build/chart/modules → /homepage/public/chart/modules
#65 21.41 [sync-v9-to-homepage] Copied chart/workers /build/chart/workers → /homepage/public/chart/workers
#65 21.54 [sync-v9-to-homepage] Copied multichart-prod /build/chart/multichart-prod → /homepage/public/chart/multichart-prod
#65 21.55 [sync-v9-to-homepage] Copied legacy-index /build/chart/legacy-index.html → /homepage/public/chart/legacy-index.html
#65 21.59 [sync-v9-to-homepage] Copied PWA assets → /build/chart
#65 21.59 [sync-v9-to-homepage] Copied PWA assets → /homepage/public/chart
#65 21.76 [bump-dist-v9-cache] No /chart/ asset references matched in /build/chart/dist-v9/index.html
#65 21.76 [bump-dist-v9-cache] No /chart/ asset references matched in /build/talaria-design/live/index.html
#65 21.76 [bump-dist-v9-cache] No /chart/ asset references matched in /homepage/public/chart/dist-v9/index.html
#65 21.88 [bump-dist-v9-cache] No changes needed (already bumped)
#65 21.88 [bump-dist-v9-cache] Active build id: 20260730b109
#65 22.36 {
#65 22.36   "signature": "TALARIA_CHECKPOINT_UNIFORMITY_V2",
#65 22.36   "expectedBuildId": "20260730b109",
#65 22.36   "sourceSha": "53b3b6b7bc4082d8b6bf93541a6ab4988558d9fa",
#65 22.36   "forwardingMirrors": [
#65 22.36     {
#65 22.36       "path": "modules/m20-q6-replay-lifecycle-binding.test.mjs",
#65 22.36       "contractId": "q6-canonical-harness/homepage-forwarding-wrapper-v1",
#65 22.36       "importTarget": "../../../../chart v 1.4/chart/modules/m20-q6-replay-lifecycle-binding.test.mjs",
#65 22.36       "canonicalHash": "20dc8e49a58186e59a54c418dcfd684c1c3ec73642a7d3954bd47058672d685d",
#65 22.36       "wrapperHash": "5c360a8c7878ab031daf9177fca77c4978e6e4fe43aa2d38edf1fcf66e5e773a",
#65 22.36       "effectiveCanonicalTargetHash": "20dc8e49a58186e59a54c418dcfd684c1c3ec73642a7d3954bd47058672d685d"
#65 22.36     }
#65 22.36   ],
#65 22.36   "ok": true,
#65 22.36   "checks": [
#65 22.36     {
#65 22.36       "name": "canonical dist window build",
#65 22.36       "actual": "20260730b109",
#65 22.36       "expected": "20260730b109",
#65 22.36       "ok": true
#65 22.36     },
#65 22.36     {
#65 22.36       "name": "canonical dist drawing module query",
#65 22.36       "actual": "20260730b109",
#65 22.36       "expected": "20260730b109",
#65 22.36       "ok": true
#65 22.36     },
#65 22.36     {
#65 22.36       "name": "canonical dist cache ids",
#65 22.36       "actual": "20260730b109",
#65 22.36       "expected": "20260730b109",
#65 22.36       "ok": true
#65 22.36     },
#65 22.36     {
#65 22.36       "name": "homepage dist window build",
#65 22.36       "actual": "20260730b109",
#65 22.36       "expected": "20260730b109",
#65 22.36       "ok": true
#65 22.36     },
#65 22.36     {
#65 22.36       "name": "homepage dist drawing module query",
#65 22.36       "actual": "20260730b109",
#65 22.36       "expected": "20260730b109",
#65 22.36       "ok": true
#65 22.36     },
#65 22.36     {
#65 22.36       "name": "homepage dist cache ids",
#65 22.36       "actual": "20260730b109",
#65 22.36       "expected": "20260730b109",
#65 22.36       "ok": true
#65 22.36     },
#65 22.36     {
#65 22.36       "name": "live source window build",
#65 22.36       "actual": "20260730b109",
#65 22.36       "expected": "20260730b109",
#65 22.36       "ok": true
#65 22.36     },
#65 22.36     {
#65 22.36       "name": "live source drawing module query",
#65 22.36       "actual": "20260730b109",
#65 22.36       "expected": "20260730b109",
#65 22.36       "ok": true
#65 22.36     },
#65 22.36     {
#65 22.36       "name": "live source cache ids",
#65 22.36       "actual": "20260730b109",
#65 22.36       "expected": "20260730b109",
#65 22.36       "ok": true
#65 22.36     },
#65 22.36     {
#65 22.36       "name": "chart index stub window build",
#65 22.36       "actual": "20260730b109",
#65 22.36       "expected": "20260730b109",
#65 22.36       "ok": true
#65 22.36     },
#65 22.36     {
#65 22.36       "name": "canonical engine",
#65 22.36       "actual": "20260730b109",
#65 22.36       "expected": "20260730b109",
#65 22.36       "ok": true
#65 22.36     },
#65 22.36     {
#65 22.36       "name": "homepage engine",
#65 22.36       "actual": "20260730b109",
#65 22.36       "expected": "20260730b109",
#65 22.36       "ok": true
#65 22.36     },
#65 22.36     {
#65 22.36       "name": "canonical embed default",
#65 22.36       "actual": "20260730b109",
#65 22.36       "expected": "20260730b109",
#65 22.36       "ok": true
#65 22.36     },
#65 22.36     {
#65 22.36       "name": "canonical embed cache ids",
#65 22.36       "actual": "20260730b109",
#65 22.36       "expected": "20260730b109",
#65 22.36       "ok": true
#65 22.36     },
#65 22.36     {
#65 22.36       "name": "homepage embed default",
#65 22.36       "actual": "20260730b109",
#65 22.36       "expected": "20260730b109",
#65 22.36       "ok": true
#65 22.36     },
#65 22.36     {
#65 22.36       "name": "homepage embed cache ids",
#65 22.36       "actual": "20260730b109",
#65 22.36       "expected": "20260730b109",
#65 22.36       "ok": true
#65 22.36     },
#65 22.36     {
#65 22.36       "name": "canonical harness",
#65 22.36       "actual": "20260730b109",
#65 22.36       "expected": "20260730b109",
#65 22.36       "ok": true
#65 22.36     },
#65 22.36     {
#65 22.36       "name": "homepage harness",
#65 22.36       "actual": "20260730b109",
#65 22.36       "expected": "20260730b109",
#65 22.36       "ok": true
#65 22.36     },
#65 22.36     {
#65 22.36       "name": "canonical SW",
#65 22.36       "actual": "20260730b109",
#65 22.36       "expected": "20260730b109",
#65 22.36       "ok": true
#65 22.36     },
#65 22.36     {
#65 22.36       "name": "canonical dist SW",
#65 22.36       "actual": "20260730b109",
#65 22.36       "expected": "20260730b109",
#65 22.36       "ok": true
#65 22.36     },
#65 22.36     {
#65 22.36       "name": "homepage SW",
#65 22.36       "actual": "20260730b109",
#65 22.36       "expected": "20260730b109",
#65 22.36       "ok": true
#65 22.36     },
#65 22.36     {
#65 22.36       "name": "homepage dist SW",
#65 22.36       "actual": "20260730b109",
#65 22.36       "expected": "20260730b109",
#65 22.36       "ok": true
#65 22.36     },
#65 22.36     {
#65 22.36       "name": "live SW",
#65 22.36       "actual": "20260730b109",
#65 22.36       "expected": "20260730b109",
#65 22.36       "ok": true
#65 22.36     },
#65 22.36     {
#65 22.36       "name": "canonical legacy window build",
#65 22.36       "actual": "20260730b109",
#65 22.36       "expected": "20260730b109",
#65 22.36       "ok": true
#65 22.36     },
#65 22.36     {
#65 22.36       "name": "canonical legacy cache ids",
#65 22.36       "actual": "20260730b109",
#65 22.36       "expected": "20260730b109",
#65 22.36       "ok": true
#65 22.36     },
#65 22.36     {
#65 22.36       "name": "homepage legacy window build",
#65 22.36       "actual": "20260730b109",
#65 22.36       "expected": "20260730b109",
#65 22.36       "ok": true
#65 22.36     },
#65 22.36     {
#65 22.36       "name": "homepage legacy cache ids",
#65 22.36       "actual": "20260730b109",
#65 22.36       "expected": "20260730b109",
#65 22.36       "ok": true
#65 22.36     },
#65 22.36     {
#65 22.36       "name": "I8 dist-v9 (8 files)",
#65 22.36       "actual": "20260730b109",
#65 22.36       "expected": "20260730b109",
#65 22.36       "ok": true
#65 22.36     },
#65 22.36     {
#65 22.36       "name": "I8 modules/m20-q6-replay-lifecycle-binding.test.mjs forwarding-contract",
#65 22.36       "mode": "contract-bound-forwarding-mirror",
#65 22.36       "contractId": "q6-canonical-harness/homepage-forwarding-wrapper-v1",
#65 22.36       "canonicalHash": "20dc8e49a58186e59a54c418dcfd684c1c3ec73642a7d3954bd47058672d685d",
#65 22.36       "wrapperHash": "5c360a8c7878ab031daf9177fca77c4978e6e4fe43aa2d38edf1fcf66e5e773a",
#65 22.36       "ok": true
#65 22.36     },
#65 22.36     {
#65 22.36       "name": "I8 modules (252 files)",
#65 22.36       "actual": "20260730b109",
#65 22.36       "expected": "20260730b109",
#65 22.36       "ok": true
#65 22.36     },
#65 22.36     {
#65 22.36       "name": "I8 workers (3 files)",
#65 22.36       "actual": "20260730b109",
#65 22.36       "expected": "20260730b109",
#65 22.36       "ok": true
#65 22.36     },
#65 22.36     {
#65 22.36       "name": "I8 vendor (2 files)",
#65 22.36       "actual": "20260730b109",
#65 22.36       "expected": "20260730b109",
#65 22.36       "ok": true
#65 22.36     },
#65 22.36     {
#65 22.36       "name": "I8 fonts (41 files)",
#65 22.36       "actual": "20260730b109",
#65 22.36       "expected": "20260730b109",
#65 22.36       "ok": true
#65 22.36     },
#65 22.36     {
#65 22.36       "name": "I8 multichart-prod (73 files)",
#65 22.36       "actual": "20260730b109",
#65 22.36       "expected": "20260730b109",
#65 22.36       "ok": true
#65 22.36     },
#65 22.36     {
#65 22.36       "name": "I8 chart.js",
#65 22.36       "actual": "20260730b109",
#65 22.36       "expected": "20260730b109",
#65 22.36       "ok": true
#65 22.36     },
#65 22.36     {
#65 22.36       "name": "I8 sw.js",
#65 22.36       "actual": "20260730b109",
#65 22.36       "expected": "20260730b109",
#65 22.36       "ok": true
#65 22.36     }
#65 22.36   ],
#65 22.36   "failures": []
#65 22.36 }
#65 DONE 22.5s

#19 [trading-chart stage-1  3/22] RUN apt-get update && apt-get install -y --no-install-recommends     curl     nodejs     npm     && rm -rf /var/lib/apt/lists/*
#19 34.09 Selecting previously unselected package node-es-abstract.
#19 34.10 Preparing to unpack .../126-node-es-abstract_1.20.4+~cs26.27.47-2_all.deb ...
#19 34.10 Unpacking node-es-abstract (1.20.4+~cs26.27.47-2) ...
#19 34.64 Selecting previously unselected package node-resolve.
#19 34.64 Preparing to unpack .../127-node-resolve_1.22.8+~cs5.34.15-2_all.deb ...
#19 34.65 Unpacking node-resolve (1.22.8+~cs5.34.15-2) ...
#19 34.71 Selecting previously unselected package node-define-properties.
#19 34.72 Preparing to unpack .../128-node-define-properties_1.2.1+~cs2.2.3-1_all.deb ...
#19 34.72 Unpacking node-define-properties (1.2.1+~cs2.2.3-1) ...
#19 34.79 Selecting previously unselected package node-debbundle-es-to-primitive.
#19 ...

#68 [homepage builder  8/22] COPY --from=chart_assets /build/chart/modules ./public/chart/modules
#68 DONE 0.4s

#19 [trading-chart stage-1  3/22] RUN apt-get update && apt-get install -y --no-install-recommends     curl     nodejs     npm     && rm -rf /var/lib/apt/lists/*
#19 34.80 Preparing to unpack .../129-node-debbundle-es-to-primitive_1.2.1+~cs9.7.25-2_all.deb ...
#19 34.80 Unpacking node-debbundle-es-to-primitive (1.2.1+~cs9.7.25-2) ...
#19 34.88 Selecting previously unselected package node-isobject.
#19 34.88 Preparing to unpack .../130-node-isobject_4.0.0-2_all.deb ...
#19 34.89 Unpacking node-isobject (4.0.0-2) ...
#19 34.95 Selecting previously unselected package node-is-descriptor.
#19 34.95 Preparing to unpack .../131-node-is-descriptor_3.0.0-2_all.deb ...
#19 34.95 Unpacking node-is-descriptor (3.0.0-2) ...
#19 35.01 Selecting previously unselected package node-define-property.
#19 35.02 Preparing to unpack .../132-node-define-property_2.0.2+really+2.0.2-3_all.deb ...
#19 35.02 Unpacking node-define-property (2.0.2+really+2.0.2-3) ...
#19 35.06 Selecting previously unselected package node-defined.
#19 35.07 Preparing to unpack .../133-node-defined_1.0.1+~1.0.0-1_all.deb ...
#19 35.08 Unpacking node-defined (1.0.1+~1.0.0-1) ...
#19 35.13 Selecting previously unselected package node-abbrev.
#19 35.13 Preparing to unpack .../134-node-abbrev_1.1.1+~1.1.2-1_all.deb ...
#19 35.13 Unpacking node-abbrev (1.1.1+~1.1.2-1) ...
#19 35.20 Selecting previously unselected package node-archy.
#19 35.20 Preparing to unpack .../135-node-archy_1.0.0-6_all.deb ...
#19 35.20 Unpacking node-archy (1.0.0-6) ...
#19 35.28 Selecting previously unselected package node-async.
#19 35.28 Preparing to unpack .../136-node-async_3.2.6+dfsg-2_all.deb ...
#19 35.28 Unpacking node-async (3.2.6+dfsg-2) ...
#19 35.39 Selecting previously unselected package node-convert-source-map.
#19 35.39 Preparing to unpack .../137-node-convert-source-map_1.9.0+~1.5.2-1_all.deb ...
#19 35.39 Unpacking node-convert-source-map (1.9.0+~1.5.2-1) ...
#19 35.46 Selecting previously unselected package node-decamelize.
#19 35.46 Preparing to unpack .../138-node-decamelize_4.0.0-2_all.deb ...
#19 35.47 Unpacking node-decamelize (4.0.0-2) ...
#19 35.57 Selecting previously unselected package node-es6-error.
#19 35.58 Preparing to unpack .../139-node-es6-error_4.1.1-5_all.deb ...
#19 35.59 Unpacking node-es6-error (4.1.1-5) ...
#19 35.68 Selecting previously unselected package node-esprima.
#19 35.68 Preparing to unpack .../140-node-esprima_4.0.1+ds+~4.0.3-2_all.deb ...
#19 35.71 Unpacking node-esprima (4.0.1+ds+~4.0.3-2) ...
#19 35.79 Selecting previously unselected package node-escodegen.
#19 ...

#69 [homepage builder  9/22] COPY --from=chart_assets /build/chart/chart.js ./public/chart/chart.js
#69 DONE 1.0s

#19 [trading-chart stage-1  3/22] RUN apt-get update && apt-get install -y --no-install-recommends     curl     nodejs     npm     && rm -rf /var/lib/apt/lists/*
#19 35.80 Preparing to unpack .../141-node-escodegen_2.1.0+dfsg+~0.0.8-1_all.deb ...
#19 35.80 Unpacking node-escodegen (2.1.0+dfsg+~0.0.8-1) ...
#19 35.88 Selecting previously unselected package node-commondir.
#19 35.88 Preparing to unpack .../142-node-commondir_1.0.1+~1.0.0-1_all.deb ...
#19 35.90 Unpacking node-commondir (1.0.1+~1.0.0-1) ...
#19 35.98 Selecting previously unselected package node-is-number.
#19 35.99 Preparing to unpack .../143-node-is-number_7.0.0-4_all.deb ...
#19 35.99 Unpacking node-is-number (7.0.0-4) ...
#19 36.07 Selecting previously unselected package node-repeat-string.
#19 36.07 Preparing to unpack .../144-node-repeat-string_1.6.1+repack-1_all.deb ...
#19 36.07 Unpacking node-repeat-string (1.6.1+repack-1) ...
#19 36.12 Selecting previously unselected package node-to-regex-range.
#19 36.12 Preparing to unpack .../145-node-to-regex-range_5.0.1-4_all.deb ...
#19 36.13 Unpacking node-to-regex-range (5.0.1-4) ...
#19 36.21 Selecting previously unselected package node-fill-range.
#19 36.21 Preparing to unpack .../146-node-fill-range_7.1.1+~7.0.3-1_all.deb ...
#19 36.22 Unpacking node-fill-range (7.1.1+~7.0.3-1) ...
#19 36.30 Selecting previously unselected package node-braces.
#19 36.30 Preparing to unpack .../147-node-braces_3.0.3+~3.0.5-1_all.deb ...
#19 36.31 Unpacking node-braces (3.0.3+~3.0.5-1) ...
#19 36.40 Selecting previously unselected package node-normalize-path.
#19 36.40 Preparing to unpack .../148-node-normalize-path_3.0.0+~3.0.0-1_all.deb ...
#19 36.42 Unpacking node-normalize-path (3.0.0+~3.0.0-1) ...
#19 36.51 Selecting previously unselected package node-anymatch.
#19 36.52 Preparing to unpack .../149-node-anymatch_3.1.3+~cs4.6.1-2_all.deb ...
#19 ...

#70 [homepage builder 10/22] COPY --from=chart_assets /build/chart/multichart-prod ./public/chart/multichart-prod
#70 DONE 0.4s

#19 [trading-chart stage-1  3/22] RUN apt-get update && apt-get install -y --no-install-recommends     curl     nodejs     npm     && rm -rf /var/lib/apt/lists/*
#19 36.54 Unpacking node-anymatch (3.1.3+~cs4.6.1-2) ...
#19 36.61 Selecting previously unselected package node-micromatch.
#19 36.62 Preparing to unpack .../150-node-micromatch_4.0.7+~4.0.9-1_all.deb ...
#19 36.63 Unpacking node-micromatch (4.0.7+~4.0.9-1) ...
#19 ...

#71 [homepage builder 11/22] COPY --from=chart_assets /build/chart/workers ./public/chart/workers
#71 DONE 0.1s

#19 [trading-chart stage-1  3/22] RUN apt-get update && apt-get install -y --no-install-recommends     curl     nodejs     npm     && rm -rf /var/lib/apt/lists/*
#19 36.70 Selecting previously unselected package node-pify.
#19 36.70 Preparing to unpack .../151-node-pify_5.0.0+~cs5.0.1-1_all.deb ...
#19 36.71 Unpacking node-pify (5.0.0+~cs5.0.1-1) ...
#19 36.75 Selecting previously unselected package node-path-type.
#19 ...

#72 [homepage builder 12/22] COPY --from=chart_assets /build/chart/vendor ./public/chart/vendor
#72 DONE 0.1s

#19 [trading-chart stage-1  3/22] RUN apt-get update && apt-get install -y --no-install-recommends     curl     nodejs     npm     && rm -rf /var/lib/apt/lists/*
#19 36.76 Preparing to unpack .../152-node-path-type_4.0.0-3_all.deb ...
#19 36.76 Unpacking node-path-type (4.0.0-3) ...
#19 36.82 Selecting previously unselected package node-n3.
#19 36.83 Preparing to unpack .../153-node-n3_1.16.3+~1.2.3+~1.10.4-1_all.deb ...
#19 36.83 Unpacking node-n3 (1.16.3+~1.2.3+~1.10.4-1) ...
#19 36.91 Selecting previously unselected package node-slash.
#19 36.91 Preparing to unpack .../154-node-slash_4.0.0-3_all.deb ...
#19 ...

#73 [homepage builder 13/22] COPY --from=chart_assets /build/chart/fonts ./public/chart/fonts
#73 DONE 0.2s

#19 [trading-chart stage-1  3/22] RUN apt-get update && apt-get install -y --no-install-recommends     curl     nodejs     npm     && rm -rf /var/lib/apt/lists/*
#19 36.91 Unpacking node-slash (4.0.0-3) ...
#19 36.98 Selecting previously unselected package node-globby.
#19 36.98 Preparing to unpack .../155-node-globby_13.1.3+~cs16.25.40-3_all.deb ...
#19 36.99 Unpacking node-globby (13.1.3+~cs16.25.40-3) ...
#19 ...

#74 [homepage builder 14/22] COPY --from=chart_assets /build/chart/sw.js ./public/chart/sw.js
#74 DONE 0.1s

#19 [trading-chart stage-1  3/22] RUN apt-get update && apt-get install -y --no-install-recommends     curl     nodejs     npm     && rm -rf /var/lib/apt/lists/*
#19 37.06 Selecting previously unselected package node-graceful-fs.
#19 37.06 Preparing to unpack .../156-node-graceful-fs_4.2.10-1_all.deb ...
#19 37.07 Unpacking node-graceful-fs (4.2.10-1) ...
#19 37.12 Selecting previously unselected package node-is-path-cwd.
#19 ...

#75 [homepage builder 15/22] COPY --from=chart_assets /build/talaria-design/live ./public/chart/talaria-design/live
#75 DONE 0.1s

#19 [trading-chart stage-1  3/22] RUN apt-get update && apt-get install -y --no-install-recommends     curl     nodejs     npm     && rm -rf /var/lib/apt/lists/*
#19 37.12 Preparing to unpack .../157-node-is-path-cwd_2.2.0-2_all.deb ...
#19 37.13 Unpacking node-is-path-cwd (2.2.0-2) ...
#19 37.17 Selecting previously unselected package node-path-is-inside.
#19 37.17 Preparing to unpack .../158-node-path-is-inside_1.0.2+~1.0.0-1_all.deb ...
#19 37.18 Unpacking node-path-is-inside (1.0.2+~1.0.0-1) ...
#19 37.22 Selecting previously unselected package node-is-path-inside.
#19 ...

#76 [homepage builder 16/22] COPY [Sources Handoff/TalariaV16.jsx, /app/Sources Handoff/TalariaV16.jsx]
#76 DONE 0.1s

#19 [trading-chart stage-1  3/22] RUN apt-get update && apt-get install -y --no-install-recommends     curl     nodejs     npm     && rm -rf /var/lib/apt/lists/*
#19 37.23 Preparing to unpack .../159-node-is-path-inside_3.0.3-2_all.deb ...
#19 37.23 Unpacking node-is-path-inside (3.0.3-2) ...
#19 37.27 Selecting previously unselected package node-escape-string-regexp.
#19 37.28 Preparing to unpack .../160-node-escape-string-regexp_4.0.0-2_all.deb ...
#19 37.28 Unpacking node-escape-string-regexp (4.0.0-2) ...
#19 37.32 Selecting previously unselected package node-indent-string.
#19 ...

#77 [homepage builder 17/22] COPY [Sources Handoff/scoreEngine.js, /app/Sources Handoff/scoreEngine.js]
#77 DONE 0.1s

#19 [trading-chart stage-1  3/22] RUN apt-get update && apt-get install -y --no-install-recommends     curl     nodejs     npm     && rm -rf /var/lib/apt/lists/*
#19 37.33 Preparing to unpack .../161-node-indent-string_4.0.0-2_all.deb ...
#19 37.33 Unpacking node-indent-string (4.0.0-2) ...
#19 37.38 Selecting previously unselected package node-p-map.
#19 37.38 Preparing to unpack .../162-node-p-map_4.0.0+~3.1.0+~3.0.1-2_all.deb ...
#19 37.38 Unpacking node-p-map (4.0.0+~3.1.0+~3.0.1-2) ...
#19 37.43 Selecting previously unselected package node-del.
#19 ...

#78 [homepage builder 18/22] COPY [Sources Handoff/metrics/index.js, /app/Sources Handoff/metrics/index.js]
#78 DONE 0.1s

#79 [homepage builder 19/22] COPY [Sources Handoff/v16AppliedSourceStorage.js, /app/Sources Handoff/v16AppliedSourceStorage.js]
#79 DONE 0.1s

#19 [trading-chart stage-1  3/22] RUN apt-get update && apt-get install -y --no-install-recommends     curl     nodejs     npm     && rm -rf /var/lib/apt/lists/*
#19 37.44 Preparing to unpack .../163-node-del_7.1.0-1_all.deb ...
#19 37.44 Unpacking node-del (7.1.0-1) ...
#19 37.51 Selecting previously unselected package node-make-dir.
#19 37.51 Preparing to unpack .../164-node-make-dir_3.1.0-3_all.deb ...
#19 37.51 Unpacking node-make-dir (3.1.0-3) ...

#19 ...

#80 [homepage builder 20/22] COPY [chart v 1.4/talaria-design/src/v9ChartTemplatesStorage.js, /app/Sources Handoff/v9ChartTemplatesStorage.js]
#80 DONE 0.1s

#19 [trading-chart stage-1  3/22] RUN apt-get update && apt-get install -y --no-install-recommends     curl     nodejs     npm     && rm -rf /var/lib/apt/lists/*
#19 37.57 Selecting previously unselected package node-p-limit.
#19 37.57 Preparing to unpack .../165-node-p-limit_4.0.0+~cs4.0.0-5_all.deb ...
#19 37.58 Unpacking node-p-limit (4.0.0+~cs4.0.0-5) ...
#19 37.64 Selecting previously unselected package node-p-locate.
#19 37.65 Preparing to unpack .../166-node-p-locate_6.0.0-12_all.deb ...#19 ...

#81 [homepage builder 21/22] COPY [chart v 1.4/talaria-design/src/v9UiSettingsStorage.js, /app/Sources Handoff/v9UiSettingsStorage.js]
#81 DONE 0.1s

#19 [trading-chart stage-1  3/22] RUN apt-get update && apt-get install -y --no-install-recommends     curl     nodejs     npm     && rm -rf /var/lib/apt/lists/*
#19 37.65 Preparing to unpack .../166-node-p-locate_6.0.0-12_all.deb ...
#19 37.66 Unpacking node-p-locate (6.0.0-12) ...
#19 37.70 Selecting previously unselected package node-locate-path.
#19 37.71 Preparing to unpack .../167-node-locate-path_7.1.1-2_all.deb ...
#19 37.75 Unpacking node-locate-path (7.1.1-2) ...
#19 37.81 Selecting previously unselected package node-path-exists.
#19 37.81 Preparing to unpack .../168-node-path-exists_5.0.0-8_all.deb ...
#19 37.82 Unpacking node-path-exists (5.0.0-8) ...
#19 37.88 Selecting previously unselected package node-find-up.
#19 37.88 Preparing to unpack .../169-node-find-up_6.3.0-7_all.deb ...
#19 37.88 Unpacking node-find-up (6.3.0-7) ...
#19 37.94 Selecting previously unselected package node-pkg-dir.
#19 37.94 Preparing to unpack .../170-node-pkg-dir_5.0.0-2_all.deb ...
#19 37.95 Unpacking node-pkg-dir (5.0.0-2) ...
#19 38.01 Selecting previously unselected package node-find-cache-dir.
#19 38.01 Preparing to unpack .../171-node-find-cache-dir_3.3.2+~3.2.1-1_all.deb ...
#19 38.02 Unpacking node-find-cache-dir (3.3.2+~3.2.1-1) ...
#19 38.07 Selecting previously unselected package node-signal-exit.
#19 38.08 Preparing to unpack .../172-node-signal-exit_4.1.0-7_all.deb ...
#19 38.09 Unpacking node-signal-exit (4.1.0-7) ...
#19 38.15 Selecting previously unselected package node-foreground-child.
#19 38.16 Preparing to unpack .../173-node-foreground-child_3.1.1-2_all.deb ...
#19 38.17 Unpacking node-foreground-child (3.1.1-2) ...
#19 38.26 Selecting previously unselected package node-is-stream.
#19 38.26 Preparing to unpack .../174-node-is-stream_3.0.0-4_all.deb ...
#19 38.28 Unpacking node-is-stream (3.0.0-4) ...
#19 38.35 Selecting previously unselected package node-is-windows.
#19 38.35 Preparing to unpack .../175-node-is-windows_1.0.2+~cs1.0.0-1_all.deb ...
#19 38.36 Unpacking node-is-windows (1.0.2+~cs1.0.0-1) ...
#19 38.41 Selecting previously unselected package node-ampproject-remapping.
#19 38.41 Preparing to unpack .../176-node-ampproject-remapping_2.2.0+~cs5.15.37-1_all.deb ...
#19 38.42 Unpacking node-ampproject-remapping (2.2.0+~cs5.15.37-1) ...
#19 38.52 Selecting previously unselected package node-sprintf-js.
#19 38.53 Preparing to unpack .../177-node-sprintf-js_1.1.2+ds1+~1.1.2-1_all.deb ...
#19 38.55 Unpacking node-sprintf-js (1.1.2+ds1+~1.1.2-1) ...
#19 38.60 Selecting previously unselected package node-argparse.
#19 38.61 Preparing to unpack .../178-node-argparse_2.0.1-2_all.deb ...
#19 38.62 Unpacking node-argparse (2.0.1-2) ...
#19 38.67 Selecting previously unselected package node-js-yaml.
#19 38.68 Preparing to unpack .../179-node-js-yaml_4.1.0+dfsg+~4.0.5-7_all.deb ...
#19 38.69 Unpacking node-js-yaml (4.1.0+dfsg+~4.0.5-7) ...
#19 38.76 Selecting previously unselected package node-nopt.
#19 38.77 Preparing to unpack .../180-node-nopt_5.0.0-4_all.deb ...
#19 38.78 Unpacking node-nopt (5.0.0-4) ...
#19 38.87 Selecting previously unselected package node-npm-run-path.
#19 38.88 Preparing to unpack .../181-node-npm-run-path_5.1.0+~4.0.0-8_all.deb ...
#19 38.88 Unpacking node-npm-run-path (5.1.0+~4.0.0-8) ...
#19 38.94 Selecting previously unselected package node-shebang-regex.
#19 38.95 Preparing to unpack .../182-node-shebang-regex_3.0.0-2_all.deb ...
#19 38.95 Unpacking node-shebang-regex (3.0.0-2) ...
#19 39.04 Selecting previously unselected package node-shebang-command.
#19 39.04 Preparing to unpack .../183-node-shebang-command_2.0.0-1_all.deb ...
#19 39.05 Unpacking node-shebang-command (2.0.0-1) ...
#19 39.12 Selecting previously unselected package node-strip-bom.
#19 39.13 Preparing to unpack .../184-node-strip-bom_4.0.0-2_all.deb ...
#19 39.13 Unpacking node-strip-bom (4.0.0-2) ...
#19 39.23 Selecting previously unselected package node-has-flag.
#19 39.23 Preparing to unpack .../185-node-has-flag_5.0.1-1_all.deb ...
#19 39.24 Unpacking node-has-flag (5.0.1-1) ...
#19 39.32 Selecting previously unselected package node-supports-color.
#19 39.33 Preparing to unpack .../186-node-supports-color_8.1.1+~8.1.1-1_all.deb ...
#19 39.33 Unpacking node-supports-color (8.1.1+~8.1.1-1) ...
#19 39.42 Selecting previously unselected package node-util.
#19 39.42 Preparing to unpack .../187-node-util_0.12.5+~1.0.10-1_all.deb ...
#19 39.44 Unpacking node-util (0.12.5+~1.0.10-1) ...
#19 39.54 Selecting previously unselected package node-assert.
#19 39.54 Preparing to unpack .../188-node-assert_2.0.0+~cs3.9.8-2_all.deb ...
#19 39.55 Unpacking node-assert (2.0.0+~cs3.9.8-2) ...
#19 39.63 Selecting previously unselected package node-babel-plugin-add-module-exports.
#19 39.64 Preparing to unpack .../189-node-babel-plugin-add-module-exports_1.0.4+dfsg1~cs5.8.0-4_all.deb ...
#19 39.65 Unpacking node-babel-plugin-add-module-exports (1.0.4+dfsg1~cs5.8.0-4) ...
#19 39.72 Selecting previously unselected package node-regenerator-runtime.
#19 39.72 Preparing to unpack .../190-node-regenerator-runtime_0.15.2+~0.10.8-1_all.deb ...
#19 39.73 Unpacking node-regenerator-runtime (0.15.2+~0.10.8-1) ...
#19 39.80 Selecting previously unselected package node-babel7-runtime.
#19 39.81 Preparing to unpack .../191-node-babel7-runtime_7.20.15+ds1+~cs214.269.168-8_all.deb ...
#19 39.82 Unpacking node-babel7-runtime (7.20.15+ds1+~cs214.269.168-8) ...
#19 39.95 Selecting previously unselected package node-babel-helper-define-polyfill-provider.
#19 39.95 Preparing to unpack .../192-node-babel-helper-define-polyfill-provider_0.3.3~0~20220913+ds1-1_all.deb ...
#19 39.95 Unpacking node-babel-helper-define-polyfill-provider (0.3.3~0~20220913+ds1-1) ...
#19 40.04 Selecting previously unselected package node-babel-plugin-polyfill-corejs2.
#19 40.04 Preparing to unpack .../193-node-babel-plugin-polyfill-corejs2_0.3.3~0~20220913+ds1-1_all.deb ...
#19 40.04 Unpacking node-babel-plugin-polyfill-corejs2 (0.3.3~0~20220913+ds1-1) ...
#19 40.11 Selecting previously unselected package node-caniuse-lite.
#19 40.12 Preparing to unpack .../194-node-caniuse-lite_1.0.30001723+dfsg+~1.0.5-1_all.deb ...
#19 40.13 Unpacking node-caniuse-lite (1.0.30001723+dfsg+~1.0.5-1) ...
#19 40.36 Selecting previously unselected package node-electron-to-chromium.
#19 40.36 Preparing to unpack .../195-node-electron-to-chromium_1.5.166-1_all.deb ...
#19 40.37 Unpacking node-electron-to-chromium (1.5.166-1) ...
#19 40.42 Selecting previously unselected package node-picocolors.
#19 40.43 Preparing to unpack .../196-node-picocolors_1.0.0-4_all.deb ...
#19 40.43 Unpacking node-picocolors (1.0.0-4) ...
#19 40.49 Selecting previously unselected package node-browserslist.
#19 40.50 Preparing to unpack .../197-node-browserslist_4.25.0+~cs6.3.22-1_all.deb ...
#19 40.50 Unpacking node-browserslist (4.25.0+~cs6.3.22-1) ...
#19 40.59 Selecting previously unselected package node-core-js-compat.
#19 40.59 Preparing to unpack .../198-node-core-js-compat_3.33.2-1_all.deb ...
#19 40.60 Unpacking node-core-js-compat (3.33.2-1) ...
#19 40.68 Selecting previously unselected package node-babel-plugin-polyfill-corejs3.
#19 40.68 Preparing to unpack .../199-node-babel-plugin-polyfill-corejs3_0.6.0~0~20220913+ds1-1_all.deb ...
#19 40.69 Unpacking node-babel-plugin-polyfill-corejs3 (0.6.0~0~20220913+ds1-1) ...
#19 40.78 Selecting previously unselected package node-babel-plugin-polyfill-regenerator.
#19 40.78 Preparing to unpack .../200-node-babel-plugin-polyfill-regenerator_0.4.1~0~20220913+ds1-1_all.deb ...
#19 40.80 Unpacking node-babel-plugin-polyfill-regenerator (0.4.1~0~20220913+ds1-1) ...
#19 40.87 Selecting previously unselected package node-color-name.
#19 40.87 Preparing to unpack .../201-node-color-name_1.1.4+~1.1.1-2_all.deb ...
#19 40.87 Unpacking node-color-name (1.1.4+~1.1.1-2) ...
#19 40.94 Selecting previously unselected package node-color-convert.
#19 40.94 Preparing to unpack .../202-node-color-convert_2.0.1+~cs2.0.0-2_all.deb ...
#19 40.95 Unpacking node-color-convert (2.0.1+~cs2.0.0-2) ...
#19 41.01 Selecting previously unselected package node-ansi-styles.
#19 41.01 Preparing to unpack .../203-node-ansi-styles_6.2.1-3_all.deb ...
#19 41.02 Unpacking node-ansi-styles (6.2.1-3) ...
#19 41.07 Selecting previously unselected package node-chalk.
#19 41.08 Preparing to unpack .../204-node-chalk_5.3.0-1_all.deb ...
#19 41.08 Unpacking node-chalk (5.3.0-1) ...
#19 41.14 Selecting previously unselected package node-for-in.
#19 41.15 Preparing to unpack .../205-node-for-in_1.0.2-4_all.deb ...
#19 41.15 Unpacking node-for-in (1.0.2-4) ...
#19 41.23 Selecting previously unselected package node-for-own.
#19 41.23 Preparing to unpack .../206-node-for-own_1.0.0-3_all.deb ...
#19 41.23 Unpacking node-for-own (1.0.0-3) ...
#19 41.30 Selecting previously unselected package node-is-plain-object.
#19 41.31 Preparing to unpack .../207-node-is-plain-object_5.0.0-7_all.deb ...
#19 41.31 Unpacking node-is-plain-object (5.0.0-7) ...
#19 41.36 Selecting previously unselected package node-is-extendable.
#19 41.36 Preparing to unpack .../208-node-is-extendable_1.0.1-3_all.deb ...
#19 41.36 Unpacking node-is-extendable (1.0.1-3) ...
#19 41.42 Selecting previously unselected package node-clone-deep.
#19 41.43 Preparing to unpack .../209-node-clone-deep_4.0.1+~cs7.0.2-1_all.deb ...
#19 41.43 Unpacking node-clone-deep (4.0.1+~cs7.0.2-1) ...
#19 41.50 Selecting previously unselected package node-commander.
#19 41.50 Preparing to unpack .../210-node-commander_9.4.1-1_all.deb ...
#19 41.51 Unpacking node-commander (9.4.1-1) ...
#19 41.59 Selecting previously unselected package node-core-js.
#19 41.60 Preparing to unpack .../211-node-core-js_3.33.2-1_all.deb ...
#19 41.61 Unpacking node-core-js (3.33.2-1) ...
#19 42.50 Selecting previously unselected package node-core-js-pure.
#19 42.51 Preparing to unpack .../212-node-core-js-pure_3.33.2-1_all.deb ...
#19 42.52 Unpacking node-core-js-pure (3.33.2-1) ...
#19 43.33 Selecting previously unselected package node-fs-readdir-recursive.
#19 43.34 Preparing to unpack .../213-node-fs-readdir-recursive_1.1.0+~1.1.0-1_all.deb ...
#19 43.35 Unpacking node-fs-readdir-recursive (1.1.0+~1.1.0-1) ...
#19 43.41 Selecting previously unselected package node-js-tokens.
#19 43.41 Preparing to unpack .../214-node-js-tokens_8.0.0-2_all.deb ...
#19 43.41 Unpacking node-js-tokens (8.0.0-2) ...
#19 43.47 Selecting previously unselected package node-jsesc.
#19 43.48 Preparing to unpack .../215-node-jsesc_3.0.2+~3.0.1-1_all.deb ...
#19 43.48 Unpacking node-jsesc (3.0.2+~3.0.1-1) ...
#19 43.53 Selecting previously unselected package node-json5.
#19 43.54 Preparing to unpack .../216-node-json5_2.2.3+dfsg-1_all.deb ...
#19 43.54 Unpacking node-json5 (2.2.3+dfsg-1) ...
#19 43.60 Selecting previously unselected package node-quick-lru.
#19 43.61 Preparing to unpack .../217-node-quick-lru_6.1.1-4_all.deb ...
#19 43.62 Unpacking node-quick-lru (6.1.1-4) ...
#19 43.69 Selecting previously unselected package node-regenerator-transform.
#19 43.69 Preparing to unpack .../218-node-regenerator-transform_0.15.2+~0.10.8-1_all.deb ...
#19 43.70 Unpacking node-regenerator-transform (0.15.2+~0.10.8-1) ...
#19 43.77 Selecting previously unselected package node-regjsgen.
#19 43.78 Preparing to unpack .../219-node-regjsgen_0.7.1+ds-1_all.deb ...
#19 43.78 Unpacking node-regjsgen (0.7.1+ds-1) ...
#19 43.85 Selecting previously unselected package node-regjsparser.
#19 43.85 Preparing to unpack .../220-node-regjsparser_0.9.1+ds-2_all.deb ...
#19 43.86 Unpacking node-regjsparser (0.9.1+ds-2) ...
#19 43.92 Selecting previously unselected package node-unicode-canonical-property-names-ecmascript.
#19 43.93 Preparing to unpack .../221-node-unicode-canonical-property-names-ecmascript_2.0.0-2_all.deb ...
#19 43.93 Unpacking node-unicode-canonical-property-names-ecmascript (2.0.0-2) ...
#19 44.03 Selecting previously unselected package node-unicode-property-aliases-ecmascript.
#19 44.04 Preparing to unpack .../222-node-unicode-property-aliases-ecmascript_2.1.0+ds-1_all.deb ...
#19 44.04 Unpacking node-unicode-property-aliases-ecmascript (2.1.0+ds-1) ...
#19 44.11 Selecting previously unselected package node-unicode-match-property-ecmascript.
#19 44.12 Preparing to unpack .../223-node-unicode-match-property-ecmascript_2.0.0-2_all.deb ...
#19 44.12 Unpacking node-unicode-match-property-ecmascript (2.0.0-2) ...
#19 44.19 Selecting previously unselected package node-unicode-match-property-value-ecmascript.
#19 44.21 Preparing to unpack .../224-node-unicode-match-property-value-ecmascript_2.1.0+ds-1_all.deb ...
#19 44.21 Unpacking node-unicode-match-property-value-ecmascript (2.1.0+ds-1) ...
#19 44.28 Selecting previously unselected package node-regexpu-core.
#19 44.30 Preparing to unpack .../225-node-regexpu-core_5.2.2-3_all.deb ...
#19 44.30 Unpacking node-regexpu-core (5.2.2-3) ...
#19 44.37 Selecting previously unselected package node-source-map-support.
#19 44.38 Preparing to unpack .../226-node-source-map-support_0.5.21+ds+~0.5.10-1_all.deb ...
#19 44.39 Unpacking node-source-map-support (0.5.21+ds+~0.5.10-1) ...
#19 44.45 Selecting previously unselected package node-to-fast-properties.
#19 44.46 Preparing to unpack .../227-node-to-fast-properties_3.0.1-3_all.deb ...
#19 44.47 Unpacking node-to-fast-properties (3.0.1-3) ...
#19 44.55 Selecting previously unselected package node-v8flags.
#19 44.55 Preparing to unpack .../228-node-v8flags_3.2.0+~3.1.1-1_all.deb ...
#19 44.56 Unpacking node-v8flags (3.2.0+~3.1.1-1) ...
#19 44.64 Selecting previously unselected package node-babel7.
#19 44.64 Preparing to unpack .../229-node-babel7_7.20.15+ds1+~cs214.269.168-8_all.deb ...
#19 44.65 Unpacking node-babel7 (7.20.15+ds1+~cs214.269.168-8) ...
#19 45.22 Selecting previously unselected package node-is-arrayish.
#19 45.23 Preparing to unpack .../230-node-is-arrayish_0.3.2-3_all.deb ...
#19 45.24 Unpacking node-is-arrayish (0.3.2-3) ...
#19 45.29 Selecting previously unselected package node-error-ex.
#19 45.30 Preparing to unpack .../231-node-error-ex_1.3.2-4_all.deb ...
#19 45.31 Unpacking node-error-ex (1.3.2-4) ...
#19 45.36 Selecting previously unselected package node-json-parse-better-errors.
#19 45.37 Preparing to unpack .../232-node-json-parse-better-errors_1.0.2+~cs3.3.1-3_all.deb ...
#19 45.38 Unpacking node-json-parse-better-errors (1.0.2+~cs3.3.1-3) ...
#19 45.45 Selecting previously unselected package node-parse-json.
#19 45.46 Preparing to unpack .../233-node-parse-json_5.2.0+~cs5.1.7-2_all.deb ...
#19 45.47 Unpacking node-parse-json (5.2.0+~cs5.1.7-2) ...
#19 45.54 Selecting previously unselected package node-hosted-git-info.
#19 45.55 Preparing to unpack .../234-node-hosted-git-info_6.1.1-2_all.deb ...
#19 45.56 Unpacking node-hosted-git-info (6.1.1-2) ...
#19 45.62 Selecting previously unselected package node-spdx-license-ids.
#19 45.63 Preparing to unpack .../235-node-spdx-license-ids_3.0.12-1_all.deb ...
#19 45.63 Unpacking node-spdx-license-ids (3.0.12-1) ...
#19 45.71 Selecting previously unselected package node-spdx-exceptions.
#19 45.71 Preparing to unpack .../236-node-spdx-exceptions_2.3.0-2_all.deb ...
#19 45.72 Unpacking node-spdx-exceptions (2.3.0-2) ...
#19 45.79 Selecting previously unselected package node-spdx-expression-parse.
#19 45.79 Preparing to unpack .../237-node-spdx-expression-parse_3.0.1+~3.0.1-1_all.deb ...
#19 45.80 Unpacking node-spdx-expression-parse (3.0.1+~3.0.1-1) ...
#19 45.86 Selecting previously unselected package node-spdx-correct.
#19 45.86 Preparing to unpack .../238-node-spdx-correct_3.1.1-2_all.deb ...
#19 45.87 Unpacking node-spdx-correct (3.1.1-2) ...
#19 45.93 Selecting previously unselected package node-validate-npm-package-license.
#19 45.94 Preparing to unpack .../239-node-validate-npm-package-license_3.0.4-2_all.deb ...
#19 45.95 Unpacking node-validate-npm-package-license (3.0.4-2) ...
#19 46.02 Selecting previously unselected package node-normalize-package-data.
#19 46.03 Preparing to unpack .../240-node-normalize-package-data_4.0.1+~2.4.1-1_all.deb ...
#19 46.03 Unpacking node-normalize-package-data (4.0.1+~2.4.1-1) ...
#19 46.11 Selecting previously unselected package node-read-pkg.
#19 46.11 Preparing to unpack .../241-node-read-pkg_5.2.0-2_all.deb ...
#19 46.12 Unpacking node-read-pkg (5.2.0-2) ...
#19 46.19 Selecting previously unselected package node-uuid.
#19 46.21 Preparing to unpack .../242-node-uuid_8.3.2+~8.3.4-1_all.deb ...
#19 46.22 Unpacking node-uuid (8.3.2+~8.3.4-1) ...
#19 46.31 Selecting previously unselected package node-isexe.
#19 46.32 Preparing to unpack .../243-node-isexe_2.0.0+~2.0.1-5_all.deb ...
#19 46.32 Unpacking node-isexe (2.0.0+~2.0.1-5) ...
#19 46.38 Selecting previously unselected package node-which.
#19 46.39 Preparing to unpack .../244-node-which_2.0.2+~cs1.3.2-3_all.deb ...
#19 46.39 Unpacking node-which (2.0.2+~cs1.3.2-3) ...
#19 46.44 Selecting previously unselected package node-is-typedarray.
#19 46.45 Preparing to unpack .../245-node-is-typedarray_1.0.0-4_all.deb ...
#19 46.45 Unpacking node-is-typedarray (1.0.0-4) ...
#19 46.51 Selecting previously unselected package node-typedarray-to-buffer.
#19 46.52 Preparing to unpack .../246-node-typedarray-to-buffer_4.0.0-2_all.deb ...
#19 46.52 Unpacking node-typedarray-to-buffer (4.0.0-2) ...
#19 46.61 Selecting previously unselected package node-write-file-atomic.
#19 46.61 Preparing to unpack .../247-node-write-file-atomic_4.0.2+~4.0.0-2_all.deb ...
#19 46.62 Unpacking node-write-file-atomic (4.0.2+~4.0.0-2) ...
#19 46.70 Selecting previously unselected package node-slice-ansi.
#19 46.70 Preparing to unpack .../248-node-slice-ansi_5.0.0+~cs9.0.0-5_all.deb ...
#19 46.70 Unpacking node-slice-ansi (5.0.0+~cs9.0.0-5) ...
#19 46.77 Selecting previously unselected package node-ansi-regex.
#19 46.77 Preparing to unpack .../249-node-ansi-regex_5.0.1-1_all.deb ...
#19 46.78 Unpacking node-ansi-regex (5.0.1-1) ...
#19 46.85 Selecting previously unselected package node-strip-ansi.
#19 46.86 Preparing to unpack .../250-node-strip-ansi_6.0.1-2_all.deb ...
#19 46.86 Unpacking node-strip-ansi (6.0.1-2) ...
#19 46.94 Selecting previously unselected package node-clone.
#19 46.95 Preparing to unpack .../251-node-clone_2.1.2+~2.1.2-1_all.deb ...
#19 46.95 Unpacking node-clone (2.1.2+~2.1.2-1) ...
#19 46.98 Selecting previously unselected package node-defaults.
#19 46.99 Preparing to unpack .../252-node-defaults_1.0.4+~1.0.3-1_all.deb ...
#19 46.99 Unpacking node-defaults (1.0.4+~1.0.3-1) ...
#19 47.05 Selecting previously unselected package node-wcwidth.js.
#19 47.06 Preparing to unpack .../253-node-wcwidth.js_1.0.2-2_all.deb ...
#19 47.06 Unpacking node-wcwidth.js (1.0.2-2) ...
#19 47.14 Selecting previously unselected package node-string-width.
#19 47.14 Preparing to unpack .../254-node-string-width_4.2.3+~cs13.2.3-1_all.deb ...
#19 47.14 Unpacking node-string-width (4.2.3+~cs13.2.3-1) ...
#19 47.21 Selecting previously unselected package node-wrap-ansi.
#19 47.21 Preparing to unpack .../255-node-wrap-ansi_8.0.1+~8.0.1-3_all.deb ...
#19 47.22 Unpacking node-wrap-ansi (8.0.1+~8.0.1-3) ...
#19 47.29 Selecting previously unselected package node-cliui.
#19 47.30 Preparing to unpack .../256-node-cliui_7.0.4+repack+1+~cs1.4.2-2_all.deb ...
#19 47.30 Unpacking node-cliui (7.0.4+repack+1+~cs1.4.2-2) ...
#19 47.36 Selecting previously unselected package node-get-caller-file.
#19 47.36 Preparing to unpack .../257-node-get-caller-file_2.0.5+~cs1.1.1-4_all.deb ...
#19 47.37 Unpacking node-get-caller-file (2.0.5+~cs1.1.1-4) ...
#19 47.43 Selecting previously unselected package node-require-directory.
#19 47.43 Preparing to unpack .../258-node-require-directory_2.1.1+~2.1.2-1_all.deb ...
#19 47.44 Unpacking node-require-directory (2.1.1+~2.1.2-1) ...
#19 47.50 Selecting previously unselected package node-y18n.
#19 47.50 Preparing to unpack .../259-node-y18n_5.0.8+~5.0.0-3_all.deb ...
#19 47.50 Unpacking node-y18n (5.0.8+~5.0.0-3) ...
#19 47.57 Selecting previously unselected package node-camelcase.
#19 47.58 Preparing to unpack .../260-node-camelcase_7.0.0-3_all.deb ...
#19 47.58 Unpacking node-camelcase (7.0.0-3) ...
#19 47.64 Selecting previously unselected package node-yargs-parser.
#19 47.64 Preparing to unpack .../261-node-yargs-parser_21.1.1+~21.0.0-4_all.deb ...
#19 47.64 Unpacking node-yargs-parser (21.1.1+~21.0.0-4) ...
#19 47.71 Selecting previously unselected package node-yargs.
#19 47.71 Preparing to unpack .../262-node-yargs_16.2.0+~16.0.4-7_all.deb ...
#19 47.72 Unpacking node-yargs (16.2.0+~16.0.4-7) ...
#19 47.78 Selecting previously unselected package node-istanbul.
#19 ...

#82 [homepage builder 22/22] RUN npm run build
#82 0.778 
#82 0.778 > talaria-homepage@0.1.0 build
#82 0.778 > next build
#82 0.778 
#82 2.269  ⚠ Specified "rewrites" will not automatically work with "output: export". See more info here: https://nextjs.org/docs/messages/export-no-custom-routes
#82 2.271  ⚠ Specified "redirects" will not automatically work with "output: export". See more info here: https://nextjs.org/docs/messages/export-no-custom-routes
#82 2.285 ⚠ No build cache found. Please configure build caching for faster rebuilds. Read more: https://nextjs.org/docs/messages/no-cache
#82 2.425    ▲ Next.js 15.5.18
#82 2.425 
#82 2.566    Creating an optimized production build ...
#82 ...

#19 [trading-chart stage-1  3/22] RUN apt-get update && apt-get install -y --no-install-recommends     curl     nodejs     npm     && rm -rf /var/lib/apt/lists/*
#19 47.79 Preparing to unpack .../263-node-istanbul_0.4.5+repack10+~cs98.25.59-3_all.deb ...
#19 47.79 Unpacking node-istanbul (0.4.5+repack10+~cs98.25.59-3) ...
#19 47.91 Selecting previously unselected package node-through.
#19 47.91 Preparing to unpack .../264-node-through_2.3.8+~cs0.0.30-1_all.deb ...
#19 47.91 Unpacking node-through (2.3.8+~cs0.0.30-1) ...
#19 47.99 Selecting previously unselected package node-resumer.
#19 48.00 Preparing to unpack .../265-node-resumer_0.0.0-6_all.deb ...
#19 48.00 Unpacking node-resumer (0.0.0-6) ...
#19 48.07 Selecting previously unselected package node-tape.
#19 48.07 Preparing to unpack .../266-node-tape_5.6.1+~cs8.20.19-3_all.deb ...
#19 48.08 Unpacking node-tape (5.6.1+~cs8.20.19-3) ...
#19 48.15 Selecting previously unselected package node-deep-equal.
#19 48.16 Preparing to unpack .../267-node-deep-equal_2.2.3+~cs43.15.94-1_all.deb ...
#19 48.16 Unpacking node-deep-equal (2.2.3+~cs43.15.94-1) ...
#19 48.27 Selecting previously unselected package libjs-util.
#19 48.27 Preparing to unpack .../268-libjs-util_0.12.5+~1.0.10-1_all.deb ...
#19 48.27 Unpacking libjs-util (0.12.5+~1.0.10-1) ...
#19 48.33 Selecting previously unselected package libssl-dev:amd64.
#19 48.34 Preparing to unpack .../269-libssl-dev_3.5.6-1~deb13u2_amd64.deb ...
#19 48.35 Unpacking libssl-dev:amd64 (3.5.6-1~deb13u2) ...
#19 48.61 Selecting previously unselected package libuv1-dev:amd64.
#19 48.62 Preparing to unpack .../270-libuv1-dev_1.50.0-2_amd64.deb ...
#19 48.63 Unpacking libuv1-dev:amd64 (1.50.0-2) ...
#19 48.74 Selecting previously unselected package libnode-dev.
#19 48.75 Preparing to unpack .../271-libnode-dev_20.19.2+dfsg-1+deb13u2_amd64.deb ...
#19 48.75 Unpacking libnode-dev (20.19.2+dfsg-1+deb13u2) ...
#19 48.98 Selecting previously unselected package node-agent-base.
#19 48.99 Preparing to unpack .../272-node-agent-base_7.1.1~0~2024040606-6+deb13u1_all.deb ...
#19 48.99 Unpacking node-agent-base (7.1.1~0~2024040606-6+deb13u1) ...
#19 49.05 Selecting previously unselected package node-ajv-keywords.
#19 49.06 Preparing to unpack .../273-node-ajv-keywords_5.1.0-4_all.deb ...
#19 49.07 Unpacking node-ajv-keywords (5.1.0-4) ...
#19 49.15 Selecting previously unselected package node-ansi-escapes.
#19 49.16 Preparing to unpack .../274-node-ansi-escapes_5.0.0+really.4.3.1-1_all.deb ...
#19 49.16 Unpacking node-ansi-escapes (5.0.0+really.4.3.1-1) ...
#19 49.23 Selecting previously unselected package node-aproba.
#19 49.24 Preparing to unpack .../275-node-aproba_2.0.0-3_all.deb ...
#19 49.25 Unpacking node-aproba (2.0.0-3) ...
#19 49.30 Selecting previously unselected package node-delegates.
#19 49.31 Preparing to unpack .../276-node-delegates_1.0.0-3_all.deb ...
#19 49.31 Unpacking node-delegates (1.0.0-3) ...
#19 49.37 Selecting previously unselected package node-are-we-there-yet.
#19 49.38 Preparing to unpack .../277-node-are-we-there-yet_3.0.1+~1.1.0-1_all.deb ...
#19 49.38 Unpacking node-are-we-there-yet (3.0.1+~1.1.0-1) ...
#19 49.45 Selecting previously unselected package node-async-each.
#19 49.45 Preparing to unpack .../278-node-async-each_1.0.3-3_all.deb ...
#19 49.46 Unpacking node-async-each (1.0.3-3) ...
#19 49.51 Selecting previously unselected package node-babel-plugin-lodash.
#19 49.52 Preparing to unpack .../279-node-babel-plugin-lodash_3.3.4+~cs2.0.1-7_all.deb ...
#19 49.52 Unpacking node-babel-plugin-lodash (3.3.4+~cs2.0.1-7) ...
#19 49.58 Selecting previously unselected package node-base64-js.
#19 49.59 Preparing to unpack .../280-node-base64-js_1.5.1+dfsg+~1.3.0-2_all.deb ...
#19 49.59 Unpacking node-base64-js (1.5.1+dfsg+~1.3.0-2) ...
#19 49.64 Selecting previously unselected package node-binary-extensions.
#19 49.65 Preparing to unpack .../281-node-binary-extensions_2.2.0-2_all.deb ...
#19 49.65 Unpacking node-binary-extensions (2.2.0-2) ...
#19 49.71 Selecting previously unselected package node-builtins.
#19 49.71 Preparing to unpack .../282-node-builtins_5.0.1-1_all.deb ...
#19 49.72 Unpacking node-builtins (5.0.1-1) ...
#19 49.77 Selecting previously unselected package node-chownr.
#19 49.77 Preparing to unpack .../283-node-chownr_2.0.0-3_all.deb ...
#19 49.77 Unpacking node-chownr (2.0.0-3) ...
#19 49.83 Selecting previously unselected package node-iconv-lite.
#19 49.83 Preparing to unpack .../284-node-iconv-lite_0.6.3-3_all.deb ...
#19 49.84 Unpacking node-iconv-lite (0.6.3-3) ...
#19 49.91 Selecting previously unselected package node-encoding.
#19 49.91 Preparing to unpack .../285-node-encoding_0.1.13-2_all.deb ...
#19 49.92 Unpacking node-encoding (0.1.13-2) ...
#19 49.98 Selecting previously unselected package node-jsonparse.
#19 49.98 Preparing to unpack .../286-node-jsonparse_1.3.1-10_all.deb ...
#19 49.99 Unpacking node-jsonparse (1.3.1-10) ...
#19 50.05 Selecting previously unselected package node-yallist.
#19 50.05 Preparing to unpack .../287-node-yallist_4.0.0+~4.0.1-1_all.deb ...
#19 50.06 Unpacking node-yallist (4.0.0+~4.0.1-1) ...
#19 50.12 Selecting previously unselected package node-minipass.
#19 50.12 Preparing to unpack .../288-node-minipass_5.0.0+~cs10.3.21-3_all.deb ...
#19 50.12 Unpacking node-minipass (5.0.0+~cs10.3.21-3) ...
#19 50.19 Selecting previously unselected package node-iferr.
#19 50.20 Preparing to unpack .../289-node-iferr_1.0.2+~1.0.2-1_all.deb ...
#19 50.20 Unpacking node-iferr (1.0.2+~1.0.2-1) ...
#19 50.26 Selecting previously unselected package node-fs-write-stream-atomic.
#19 50.27 Preparing to unpack .../290-node-fs-write-stream-atomic_1.0.10-6_all.deb ...
#19 50.28 Unpacking node-fs-write-stream-atomic (1.0.10-6) ...
#19 50.32 Selecting previously unselected package node-run-queue.
#19 50.33 Preparing to unpack .../291-node-run-queue_2.0.0-3_all.deb ...
#19 50.33 Unpacking node-run-queue (2.0.0-3) ...
#19 50.37 Selecting previously unselected package node-copy-concurrently.
#19 50.37 Preparing to unpack .../292-node-copy-concurrently_1.0.5-9_all.deb ...
#19 50.38 Unpacking node-copy-concurrently (1.0.5-9) ...
#19 50.42 Selecting previously unselected package node-move-concurrently.
#19 50.43 Preparing to unpack .../293-node-move-concurrently_1.0.1-5_all.deb ...
#19 50.43 Unpacking node-move-concurrently (1.0.1-5) ...
#19 50.49 Selecting previously unselected package node-promise-inflight.
#19 50.50 Preparing to unpack .../294-node-promise-inflight_1.0.1+~1.0.0-1_all.deb ...
#19 50.50 Unpacking node-promise-inflight (1.0.1+~1.0.0-1) ...
#19 50.60 Selecting previously unselected package node-ssri.
#19 50.60 Preparing to unpack .../295-node-ssri_9.0.1-3_all.deb ...
#19 50.62 Unpacking node-ssri (9.0.1-3) ...
#19 50.74 Selecting previously unselected package node-unique-filename.
#19 50.75 Preparing to unpack .../296-node-unique-filename_1.1.1+ds-2_all.deb ...
#19 50.77 Unpacking node-unique-filename (1.1.1+ds-2) ...
#19 50.91 Selecting previously unselected package node-cacache.
#19 50.92 Preparing to unpack .../297-node-cacache_17.0.3+~cs10.3.7-2_all.deb ...
#19 50.94 Unpacking node-cacache (17.0.3+~cs10.3.7-2) ...
#19 51.09 Selecting previously unselected package node-is-binary-path.
#19 51.09 Preparing to unpack .../298-node-is-binary-path_2.1.0-5_all.deb ...
#19 51.11 Unpacking node-is-binary-path (2.1.0-5) ...
#19 51.24 Selecting previously unselected package node-path-is-absolute.
#19 51.25 Preparing to unpack .../299-node-path-is-absolute_2.0.0-2_all.deb ...
#19 51.28 Unpacking node-path-is-absolute (2.0.0-2) ...
#19 51.39 Selecting previously unselected package node-set-immediate-shim.
#19 51.40 Preparing to unpack .../300-node-set-immediate-shim_2.0.0-2_all.deb ...
#19 51.42 Unpacking node-set-immediate-shim (2.0.0-2) ...
#19 51.51 Selecting previously unselected package node-readdirp.
#19 51.52 Preparing to unpack .../301-node-readdirp_3.6.0-1_all.deb ...
#19 51.54 Unpacking node-readdirp (3.6.0-1) ...
#19 51.66 Selecting previously unselected package node-chokidar.
#19 51.67 Preparing to unpack .../302-node-chokidar_3.6.0-3_all.deb ...
#19 51.69 Unpacking node-chokidar (3.6.0-3) ...
#19 51.83 Selecting previously unselected package node-tslib.
#19 51.84 Preparing to unpack .../303-node-tslib_2.4.1-1_all.deb ...
#19 51.88 Unpacking node-tslib (2.4.1-1) ...
#19 52.01 Selecting previously unselected package node-chrome-trace-event.
#19 52.01 Preparing to unpack .../304-node-chrome-trace-event_1.0.3-2_all.deb ...
#19 52.03 Unpacking node-chrome-trace-event (1.0.3-2) ...
#19 52.20 Selecting previously unselected package node-ci-info.
#19 52.21 Preparing to unpack .../305-node-ci-info_4.0.0+~cs1.1.0-1_all.deb ...
#19 52.23 Unpacking node-ci-info (4.0.0+~cs1.1.0-1) ...
#19 52.46 Selecting previously unselected package node-colors.
#19 52.47 Preparing to unpack .../306-node-colors_1.4.0-4_all.deb ...
#19 52.54 Unpacking node-colors (1.4.0-4) ...
#19 52.85 Selecting previously unselected package node-cli-table.
#19 52.87 Preparing to unpack .../307-node-cli-table_0.3.11+~cs0.13.4-3_all.deb ...
#19 52.90 Unpacking node-cli-table (0.3.11+~cs0.13.4-3) ...
#19 53.23 Selecting previously unselected package node-columnify.
#19 53.23 Preparing to unpack .../308-node-columnify_1.6.0+~1.5.1-1_all.deb ...
#19 53.28 Unpacking node-columnify (1.6.0+~1.5.1-1) ...
#19 53.44 Selecting previously unselected package node-console-control-strings.
#19 53.46 Preparing to unpack .../309-node-console-control-strings_1.1.0-3_all.deb ...
#19 53.49 Unpacking node-console-control-strings (1.1.0-3) ...
#19 53.61 Selecting previously unselected package node-css-selector-tokenizer.
#19 53.61 Preparing to unpack .../310-node-css-selector-tokenizer_0.8.0+~cs4.8.3-1_all.deb ...
#19 53.63 Unpacking node-css-selector-tokenizer (0.8.0+~cs4.8.3-1) ...
#19 53.71 Selecting previously unselected package node-postcss.
#19 53.72 Preparing to unpack .../311-node-postcss_8.4.49+~cs9.2.32-1_all.deb ...
#19 53.72 Unpacking node-postcss (8.4.49+~cs9.2.32-1) ...
#19 53.87 Selecting previously unselected package node-icss-utils.
#19 53.87 Preparing to unpack .../312-node-icss-utils_5.1.0+~5.1.0-1_all.deb ...
#19 53.88 Unpacking node-icss-utils (5.1.0+~5.1.0-1) ...
#19 54.00 Selecting previously unselected package node-postcss-modules-extract-imports.
#19 54.01 Preparing to unpack .../313-node-postcss-modules-extract-imports_3.0.0-2_all.deb ...
#19 54.03 Unpacking node-postcss-modules-extract-imports (3.0.0-2) ...
#19 54.11 Selecting previously unselected package node-postcss-modules-values.
#19 54.12 Preparing to unpack .../314-node-postcss-modules-values_4.0.0+~4.0.0-1_all.deb ...
#19 54.13 Unpacking node-postcss-modules-values (4.0.0+~4.0.0-1) ...
#19 54.23 Selecting previously unselected package node-postcss-value-parser.
#19 54.24 Preparing to unpack .../315-node-postcss-value-parser_4.2.0-1_all.deb ...
#19 54.24 Unpacking node-postcss-value-parser (4.2.0-1) ...
#19 54.35 Selecting previously unselected package node-prr.
#19 54.36 Preparing to unpack .../316-node-prr_1.0.1-3_all.deb ...
#19 54.38 Unpacking node-prr (1.0.1-3) ...
#19 54.51 Selecting previously unselected package node-errno.
#19 54.52 Preparing to unpack .../317-node-errno_1.0.0-3_all.deb ...
#19 54.54 Unpacking node-errno (1.0.0-3) ...
#19 54.64 Selecting previously unselected package node-memory-fs.
#19 54.65 Preparing to unpack .../318-node-memory-fs_0.5.0+~0.3.3-2_all.deb ...
#19 54.66 Unpacking node-memory-fs (0.5.0+~0.3.3-2) ...
#19 54.79 Selecting previously unselected package node-tapable.
#19 54.80 Preparing to unpack .../319-node-tapable_2.2.1-3_all.deb ...
#19 54.82 Unpacking node-tapable (2.2.1-3) ...
#19 54.94 Selecting previously unselected package node-enhanced-resolve.
#19 54.95 Preparing to unpack .../320-node-enhanced-resolve_5.15.0-1_all.deb ...
#19 54.96 Unpacking node-enhanced-resolve (5.15.0-1) ...
#19 55.04 Selecting previously unselected package node-es-module-lexer.
#19 55.05 Preparing to unpack .../321-node-es-module-lexer_1.1.0+dfsg-3_all.deb ...
#19 55.06 Unpacking node-es-module-lexer (1.1.0+dfsg-3) ...
#19 55.14 Selecting previously unselected package node-events.
#19 55.15 Preparing to unpack .../322-node-events_3.3.0+~3.0.0-3_all.deb ...
#19 55.16 Unpacking node-events (3.3.0+~3.0.0-3) ...
#19 55.26 Selecting previously unselected package node-resolve-cwd.
#19 55.27 Preparing to unpack .../323-node-resolve-cwd_3.0.0-2_all.deb ...
#19 55.29 Unpacking node-resolve-cwd (3.0.0-2) ...
#19 55.41 Selecting previously unselected package node-jest-debbundle.
#19 55.42 Preparing to unpack .../324-node-jest-debbundle_29.6.2~ds1+~cs73.45.28-5_all.deb ...
#19 55.44 Unpacking node-jest-debbundle (29.6.2~ds1+~cs73.45.28-5) ...
#19 55.60 Selecting previously unselected package node-interpret.
#19 55.60 Preparing to unpack .../325-node-interpret_2.2.0-3_all.deb ...
#19 55.60 Unpacking node-interpret (2.2.0-3) ...
#19 55.69 Selecting previously unselected package node-merge-stream.
#19 55.69 Preparing to unpack .../326-node-merge-stream_2.0.0+~1.1.2-2_all.deb ...
#19 55.70 Unpacking node-merge-stream (2.0.0+~1.1.2-2) ...
#19 55.75 Selecting previously unselected package node-jest-worker.
#19 55.76 Preparing to unpack .../327-node-jest-worker_29.6.2~ds1+~cs73.45.28-5_all.deb ...
#19 55.76 Unpacking node-jest-worker (29.6.2~ds1+~cs73.45.28-5) ...
#19 55.89 Selecting previously unselected package node-loader-runner.
#19 55.89 Preparing to unpack .../328-node-loader-runner_4.3.0-1_all.deb ...
#19 55.90 Unpacking node-loader-runner (4.3.0-1) ...
#19 56.02 Selecting previously unselected package node-mime.
#19 56.02 Preparing to unpack .../329-node-mime_3.0.0+dfsg+~cs6.97.2-2_all.deb ...
#19 56.05 Unpacking node-mime (3.0.0+dfsg+~cs6.97.2-2) ...
#19 56.15 Selecting previously unselected package node-mime-types.
#19 56.15 Preparing to unpack .../330-node-mime-types_2.1.35-2_all.deb ...
#19 56.16 Unpacking node-mime-types (2.1.35-2) ...
#19 56.24 Selecting previously unselected package node-rechoir.
#19 56.24 Preparing to unpack .../331-node-rechoir_0.8.0+~0.6.1-2_all.deb ...
#19 56.25 Unpacking node-rechoir (0.8.0+~0.6.1-2) ...
#19 56.33 Selecting previously unselected package node-schema-utils.
#19 56.34 Preparing to unpack .../332-node-schema-utils_4.2.0~ds-3_all.deb ...
#19 56.34 Unpacking node-schema-utils (4.2.0~ds-3) ...
#19 56.42 Selecting previously unselected package node-randombytes.
#19 56.44 Preparing to unpack .../333-node-randombytes_2.1.0+~2.0.0-2_all.deb ...
#19 56.45 Unpacking node-randombytes (2.1.0+~2.0.0-2) ...
#19 56.53 Selecting previously unselected package node-serialize-javascript.
#19 56.54 Preparing to unpack .../334-node-serialize-javascript_6.0.2-1_all.deb ...
#19 56.55 Unpacking node-serialize-javascript (6.0.2-1) ...
#19 56.64 Selecting previously unselected package node-watchpack.
#19 56.66 Preparing to unpack .../335-node-watchpack_2.4.0+~cs2.8.1-1_all.deb ...
#19 56.66 Unpacking node-watchpack (2.4.0+~cs2.8.1-1) ...
#19 56.73 Selecting previously unselected package node-webassemblyjs.
#19 56.74 Preparing to unpack .../336-node-webassemblyjs_1.11.4+dfsg+~cs10.11.17-2_all.deb ...
#19 56.75 Unpacking node-webassemblyjs (1.11.4+dfsg+~cs10.11.17-2) ...
#19 56.93 Selecting previously unselected package node-source-list-map.
#19 56.95 Preparing to unpack .../337-node-source-list-map_2.0.1+dfsg+~0.1.2-1_all.deb ...
#19 56.96 Unpacking node-source-list-map (2.0.1+dfsg+~0.1.2-1) ...
#19 57.03 Selecting previously unselected package node-webpack-sources.
#19 57.04 Preparing to unpack .../338-node-webpack-sources_3.2.3+~3.2.0-2_all.deb ...
#19 57.05 Unpacking node-webpack-sources (3.2.3+~3.2.0-2) ...
#19 57.12 Selecting previously unselected package node-terser.
#19 57.14 Preparing to unpack .../339-node-terser_5.38.0-1_all.deb ...
#19 57.14 Unpacking node-terser (5.38.0-1) ...
#19 57.26 Selecting previously unselected package terser.
#19 57.27 Preparing to unpack .../340-terser_5.38.0-1_all.deb ...
#19 57.27 Unpacking terser (5.38.0-1) ...
#19 57.37 Selecting previously unselected package node-get-stream.
#19 57.37 Preparing to unpack .../341-node-get-stream_8.0.1-11_all.deb ...
#19 57.37 Unpacking node-get-stream (8.0.1-11) ...
#19 57.44 Selecting previously unselected package node-mimic-fn.
#19 57.45 Preparing to unpack .../342-node-mimic-fn_4.0.0-5_all.deb ...
#19 57.45 Unpacking node-mimic-fn (4.0.0-5) ...
#19 57.54 Selecting previously unselected package node-strip-eof.
#19 57.54 Preparing to unpack .../343-node-strip-eof_3.0.0-5_all.deb ...
#19 57.55 Unpacking node-strip-eof (3.0.0-5) ...
#19 57.63 Selecting previously unselected package node-execa.
#19 57.63 Preparing to unpack .../344-node-execa_8.0.1+dfsg1+~cs12.0.0-1_all.deb ...
#19 57.64 Unpacking node-execa (8.0.1+dfsg1+~cs12.0.0-1) ...
#19 57.71 Selecting previously unselected package node-envinfo.
#19 57.72 Preparing to unpack .../345-node-envinfo_7.11.0+~cs14.3.0-3_all.deb ...
#19 57.72 Unpacking node-envinfo (7.11.0+~cs14.3.0-3) ...
#19 57.81 Selecting previously unselected package webpack.
#19 57.81 Preparing to unpack .../346-webpack_5.97.1+dfsg1+~cs11.18.27-3_all.deb ...
#19 57.82 Unpacking webpack (5.97.1+dfsg1+~cs11.18.27-3) ...
#19 58.15 Selecting previously unselected package node-css-loader.
#19 58.16 Preparing to unpack .../347-node-css-loader_6.8.1+~cs14.0.17-1_all.deb ...
#19 58.16 Unpacking node-css-loader (6.8.1+~cs14.0.17-1) ...
#19 58.24 Selecting previously unselected package node-data-uri-to-buffer.
#19 58.24 Preparing to unpack .../348-node-data-uri-to-buffer_6.0.2~0~2024040606-6+deb13u1_all.deb ...
#19 58.25 Unpacking node-data-uri-to-buffer (6.0.2~0~2024040606-6+deb13u1) ...
#19 58.31 Selecting previously unselected package node-mimic-response.
#19 58.32 Preparing to unpack .../349-node-mimic-response_3.1.0-9_all.deb ...
#19 58.33 Unpacking node-mimic-response (3.1.0-9) ...
#19 58.38 Selecting previously unselected package node-decompress-response.
#19 58.38 Preparing to unpack .../350-node-decompress-response_6.0.0-3_all.deb ...
#19 58.39 Unpacking node-decompress-response (6.0.0-3) ...
#19 58.45 Selecting previously unselected package node-depd.
#19 58.45 Preparing to unpack .../351-node-depd_2.0.0-2_all.deb ...
#19 58.46 Unpacking node-depd (2.0.0-2) ...
#19 58.55 Selecting previously unselected package node-diff.
#19 58.56 Preparing to unpack .../352-node-diff_5.0.0~dfsg+~5.0.1-4_all.deb ...
#19 58.56 Unpacking node-diff (5.0.0~dfsg+~5.0.1-4) ...
#19 58.66 Selecting previously unselected package node-err-code.
#19 58.66 Preparing to unpack .../353-node-err-code_2.0.3+dfsg-3_all.deb ...
#19 58.67 Unpacking node-err-code (2.0.3+dfsg-3) ...
#19 58.74 Selecting previously unselected package node-time-stamp.
#19 58.75 Preparing to unpack .../354-node-time-stamp_2.2.0-2_all.deb ...
#19 58.75 Unpacking node-time-stamp (2.2.0-2) ...
#19 58.82 Selecting previously unselected package node-fancy-log.
#19 58.82 Preparing to unpack .../355-node-fancy-log_1.3.3+~cs1.3.1-2_all.deb ...
#19 58.83 Unpacking node-fancy-log (1.3.3+~cs1.3.1-2) ...
#19 58.91 Selecting previously unselected package node-fetch.
#19 58.91 Preparing to unpack .../356-node-fetch_3.3.2+~cs11.4.11-3_all.deb ...
#19 58.92 Unpacking node-fetch (3.3.2+~cs11.4.11-3) ...
#19 59.05 Selecting previously unselected package node-has-unicode.
#19 59.06 Preparing to unpack .../357-node-has-unicode_2.0.1-5_all.deb ...
#19 59.07 Unpacking node-has-unicode (2.0.1-5) ...
#19 59.13 Selecting previously unselected package node-wide-align.
#19 59.13 Preparing to unpack .../358-node-wide-align_1.1.3-4_all.deb ...
#19 59.14 Unpacking node-wide-align (1.1.3-4) ...
#19 59.19 Selecting previously unselected package node-gauge.
#19 59.20 Preparing to unpack .../359-node-gauge_4.0.4-2_all.deb ...
#19 59.20 Unpacking node-gauge (4.0.4-2) ...
#19 59.27 Selecting previously unselected package node-lowercase-keys.
#19 59.28 Preparing to unpack .../360-node-lowercase-keys_2.0.0-2_all.deb ...
#19 59.29 Unpacking node-lowercase-keys (2.0.0-2) ...
#19 59.35 Selecting previously unselected package node-json-buffer.
#19 59.36 Preparing to unpack .../361-node-json-buffer_3.0.1+~3.0.0-1_all.deb ...
#19 59.36 Unpacking node-json-buffer (3.0.1+~3.0.0-1) ...
#19 59.44 Selecting previously unselected package node-p-cancelable.
#19 59.45 Preparing to unpack .../362-node-p-cancelable_2.1.1-1_all.deb ...
#19 59.45 Unpacking node-p-cancelable (2.1.1-1) ...
#19 59.50 Selecting previously unselected package node-got.
#19 59.51 Preparing to unpack .../363-node-got_11.8.5+~cs58.13.36-5_all.deb ...
#19 59.51 Unpacking node-got (11.8.5+~cs58.13.36-5) ...
#19 59.59 Selecting previously unselected package node-https-proxy-agent.
#19 59.60 Preparing to unpack .../364-node-https-proxy-agent_7.0.4~0~2024040606-6+deb13u1_all.deb ...
#19 59.61 Unpacking node-https-proxy-agent (7.0.4~0~2024040606-6+deb13u1) ...
#19 59.70 Selecting previously unselected package node-set-blocking.
#19 59.71 Preparing to unpack .../365-node-set-blocking_2.0.0-2_all.deb ...
#19 59.72 Unpacking node-set-blocking (2.0.0-2) ...
#19 59.80 Selecting previously unselected package node-npmlog.
#19 59.81 Preparing to unpack .../366-node-npmlog_7.0.1+~4.1.4-1_all.deb ...
#19 59.82 Unpacking node-npmlog (7.0.1+~4.1.4-1) ...
#19 59.92 Selecting previously unselected package node-osenv.
#19 59.92 Preparing to unpack .../367-node-osenv_0.1.5+~0.1.1-1_all.deb ...
#19 59.93 Unpacking node-osenv (0.1.5+~0.1.1-1) ...
#19 60.01 Selecting previously unselected package node-tar.
#19 60.02 Preparing to unpack .../368-node-tar_6.2.1+~cs7.0.8-1+deb13u1_all.deb ...
#19 60.04 Unpacking node-tar (6.2.1+~cs7.0.8-1+deb13u1) ...
#19 60.11 Selecting previously unselected package node-gyp.
#19 60.12 Preparing to unpack .../369-node-gyp_11.1.0+~5.0.0-1_all.deb ...
#19 60.12 Unpacking node-gyp (11.1.0+~5.0.0-1) ...
#19 60.19 Selecting previously unselected package node-http-proxy-agent.
#19 60.20 Preparing to unpack .../370-node-http-proxy-agent_7.0.2~0~2024040606-6+deb13u1_all.deb ...
#19 60.20 Unpacking node-http-proxy-agent (7.0.2~0~2024040606-6+deb13u1) ...
#19 60.25 Selecting previously unselected package node-ieee754.
#19 60.26 Preparing to unpack .../371-node-ieee754_1.2.1-3_all.deb ...
#19 60.26 Unpacking node-ieee754 (1.2.1-3) ...
#19 60.31 Selecting previously unselected package node-ini.
#19 60.32 Preparing to unpack .../372-node-ini_3.0.1-2_all.deb ...
#19 60.33 Unpacking node-ini (3.0.1-2) ...
#19 60.37 Selecting previously unselected package node-ip.
#19 60.38 Preparing to unpack .../373-node-ip_2.0.1+~1.1.3-3_all.deb ...
#19 60.39 Unpacking node-ip (2.0.1+~1.1.3-3) ...
#19 60.45 Selecting previously unselected package node-ip-regex.
#19 60.46 Preparing to unpack .../374-node-ip-regex_4.3.0+~4.1.1-1_all.deb ...
#19 60.46 Unpacking node-ip-regex (4.3.0+~4.1.1-1) ...
#19 60.55 Selecting previously unselected package node-mute-stream.
#19 60.55 Preparing to unpack .../375-node-mute-stream_0.0.8+~0.0.1-3_all.deb ...
#19 60.57 Unpacking node-mute-stream (0.0.8+~0.0.1-3) ...
#19 60.65 Selecting previously unselected package node-negotiator.
#19 60.66 Preparing to unpack .../376-node-negotiator_0.6.3+~0.6.1-1_all.deb ...
#19 60.67 Unpacking node-negotiator (0.6.3+~0.6.1-1) ...
#19 60.74 Selecting previously unselected package node-read-package-json.
#19 60.74 Preparing to unpack .../377-node-read-package-json_5.0.2+~2.0.0-2_all.deb ...
#19 60.75 Unpacking node-read-package-json (5.0.2+~2.0.0-2) ...
#19 60.81 Selecting previously unselected package node-npm-bundled.
#19 60.82 Preparing to unpack .../378-node-npm-bundled_2.0.1-2_all.deb ...
#19 60.82 Unpacking node-npm-bundled (2.0.1-2) ...
#19 60.90 Selecting previously unselected package node-validate-npm-package-name.
#19 60.91 Preparing to unpack .../379-node-validate-npm-package-name_5.0.0+~4.0.0-1_all.deb ...
#19 60.92 Unpacking node-validate-npm-package-name (5.0.0+~4.0.0-1) ...
#19 60.99 Selecting previously unselected package node-npm-package-arg.
#19 60.99 Preparing to unpack .../380-node-npm-package-arg_10.0.0+~3.0.0-2_all.deb ...
#19 61.00 Unpacking node-npm-package-arg (10.0.0+~3.0.0-2) ...
#19 61.06 Selecting previously unselected package node-retry.
#19 61.06 Preparing to unpack .../381-node-retry_0.13.1.+~cs2.19.16-1_all.deb ...
#19 61.07 Unpacking node-retry (0.13.1.+~cs2.19.16-1) ...
#19 61.14 Selecting previously unselected package node-promise-retry.
#19 61.14 Preparing to unpack .../382-node-promise-retry_2.0.1-4_all.deb ...
#19 61.16 Unpacking node-promise-retry (2.0.1-4) ...
#19 61.25 Selecting previously unselected package node-read.
#19 61.26 Preparing to unpack .../383-node-read_1.0.7-5_all.deb ...
#19 61.27 Unpacking node-read (1.0.7-5) ...
#19 61.35 Selecting previously unselected package node-promzard.
#19 61.35 Preparing to unpack .../384-node-promzard_0.3.0-2_all.deb ...
#19 61.36 Unpacking node-promzard (0.3.0-2) ...
#19 61.42 Selecting previously unselected package node-text-table.
#19 61.43 Preparing to unpack .../385-node-text-table_0.2.0-4_all.deb ...
#19 61.43 Unpacking node-text-table (0.2.0-4) ...
#19 61.51 Selecting previously unselected package npm.
#19 61.52 Preparing to unpack .../386-npm_9.2.0~ds1-3_all.deb ...
#19 61.56 Unpacking npm (9.2.0~ds1-3) ...
#19 61.85 Setting up media-types (13.0.0) ...
#19 61.86 Setting up node-colors (1.4.0-4) ...
#19 61.87 Setting up node-fs.realpath (1.0.0-3) ...
#19 61.88 Setting up node-ampproject-remapping (2.2.0+~cs5.15.37-1) ...
#19 61.90 Setting up node-diff (5.0.0~dfsg+~5.0.1-4) ...
#19 61.91 Setting up node-lru-cache (10.0.1-3) ...
#19 61.92 Setting up libkeyutils1:amd64 (1.6.3-6) ...
#19 61.92 Setting up node-abbrev (1.1.1+~1.1.2-1) ...
#19 61.93 Setting up node-path-is-inside (1.0.2+~1.0.0-1) ...
#19 61.94 Setting up libjs-sprintf-js (1.1.2+ds1+~1.1.2-1) ...
#19 61.96 Setting up node-pify (5.0.0+~cs5.0.1-1) ...
#19 61.97 Setting up node-p-limit (4.0.0+~cs4.0.0-5) ...
#19 61.98 Setting up node-yallist (4.0.0+~4.0.1-1) ...
#19 62.00 Setting up libjs-inherits (2.0.4-6) ...
#19 62.01 Setting up node-p-cancelable (2.1.1-1) ...
#19 62.02 Setting up node-is-windows (1.0.2+~cs1.0.0-1) ...
#19 62.03 Setting up node-ansi-regex (5.0.1-1) ...
#19 62.05 Setting up node-loader-runner (4.3.0-1) ...
#19 62.06 Setting up node-object-inspect (1.12.2+~cs1.8.1-1) ...
#19 62.08 Setting up node-slash (4.0.0-3) ...
#19 62.09 Setting up node-util-deprecate (1.0.2-3) ...
#19 62.10 Setting up node-ieee754 (1.2.1-3) ...
#19 62.11 Setting up node-fs-readdir-recursive (1.1.0+~1.1.0-1) ...
#19 62.12 Setting up node-v8flags (3.2.0+~3.1.1-1) ...
#19 62.14 Setting up node-retry (0.13.1.+~cs2.19.16-1) ...
#19 62.15 Setting up node-get-caller-file (2.0.5+~cs1.1.1-4) ...
#19 62.15 Setting up node-arrify (2.0.1-3) ...
#19 62.16 Setting up node-eslint-visitor-keys (3.3.0+~1.0.0-1) ...
#19 62.17 Setting up node-caniuse-lite (1.0.30001723+dfsg+~1.0.5-1) ...
#19 62.18 Setting up node-isobject (4.0.0-2) ...
#19 62.19 Setting up node-delegates (1.0.0-3) ...
#19 62.20 Setting up node-depd (2.0.0-2) ...
#19 62.20 Setting up node-isexe (2.0.0+~2.0.1-5) ...
#19 62.22 Setting up libbrotli1:amd64 (1.1.0-2+b7) ...
#19 62.23 Setting up node-resolve (1.22.8+~cs5.34.15-2) ...
#19 62.23 Setting up node-jsonparse (1.3.1-10) ...
#19 62.25 Setting up node-core-js-pure (3.33.2-1) ...
#19 62.26 Setting up node-es-module-lexer (1.1.0+dfsg-3) ...
#19 62.26 Setting up node-path-exists (5.0.0-8) ...
#19 62.27 Setting up libuv1t64:amd64 (1.50.0-2) ...
#19 62.28 Setting up node-unicode-match-property-value-ecmascript (2.1.0+ds-1) ...
#19 62.29 Setting up node-escape-string-regexp (4.0.0-2) ...
#19 62.30 Setting up node-through (2.3.8+~cs0.0.30-1) ...
#19 62.31 Setting up libjs-source-map (0.7.0++dfsg2+really.0.6.1-15) ...
#19 62.32 Setting up node-p-locate (6.0.0-12) ...
#19 62.33 Setting up node-negotiator (0.6.3+~0.6.1-1) ...
#19 62.34 Setting up node-tslib (2.4.1-1) ...
#19 62.35 Setting up libnghttp2-14:amd64 (1.64.0-1.1+deb13u1) ...
#19 62.36 Setting up node-strip-bom (4.0.0-2) ...
#19 62.37 Setting up node-ci-info (4.0.0+~cs1.1.0-1) ...
#19 62.38 Setting up node-color-name (1.1.4+~1.1.1-2) ...
#19 62.39 Setting up node-chrome-trace-event (1.0.3-2) ...
#19 62.41 Setting up node-json-buffer (3.0.1+~3.0.0-1) ...
#19 62.41 Setting up node-electron-to-chromium (1.5.166-1) ...
#19 62.42 Setting up node-cjs-module-lexer (1.2.3+dfsg-1) ...
#19 62.44 Setting up node-console-control-strings (1.1.0-3) ...
#19 62.45 Setting up node-source-list-map (2.0.1+dfsg+~0.1.2-1) ...
#19 62.46 Setting up libcom-err2:amd64 (1.47.2-3+b11) ...
#19 62.47 Setting up node-camelcase (7.0.0-3) ...
#19 62.47 Setting up node-resumer (0.0.0-6) ...
#19 62.48 Setting up node-uuid (8.3.2+~8.3.4-1) ...
#19 62.50 Setting up node-terser (5.38.0-1) ...
#19 62.51 Setting up node-path-type (4.0.0-3) ...
#19 62.52 Setting up node-indent-string (4.0.0-2) ...
#19 62.53 Setting up node-typedarray (0.0.7-1) ...
#19 62.54 Setting up node-function-bind (1.1.2+~cs2.1.14-1) ...
#19 62.55 Setting up node-clone (2.1.2+~2.1.2-1) ...
#19 62.57 Setting up node-p-map (4.0.0+~3.1.0+~3.0.1-2) ...
#19 62.58 Setting up node-iferr (1.0.2+~1.0.2-1) ...
#19 62.60 Setting up libkrb5support0:amd64 (1.21.3-5+deb13u1) ...
#19 62.60 Setting up node-chownr (2.0.0-3) ...
#19 62.62 Setting up node-has-flag (5.0.1-1) ...
#19 62.63 Setting up node-estraverse (5.3.0+ds+~5.1.1-1) ...
#19 62.64 Setting up libsasl2-modules-db:amd64 (2.1.28+dfsg1-9) ...
#19 62.66 Setting up node-regjsgen (0.7.1+ds-1) ...
#19 62.68 Setting up node-lodash-packages (4.17.21+dfsg+~cs8.31.198.20210220-9) ...
#19 62.69 Setting up node-json-schema-traverse (1.0.0-3) ...
#19 62.71 Setting up node-inherits (2.0.4-6) ...
#19 62.72 Setting up node-path-is-absolute (2.0.0-2) ...
#19 62.73 Setting up node-locate-path (7.1.1-2) ...
#19 62.74 Setting up node-ini (3.0.1-2) ...
#19 62.76 Setting up node-postcss-value-parser (4.2.0-1) ...
#19 62.78 Setting up node-is-descriptor (3.0.0-2) ...
#19 62.79 Setting up node-safe-buffer (5.2.1+~cs2.1.2-3) ...
#19 62.82 Setting up node-promise-inflight (1.0.1+~1.0.0-1) ...
#19 62.84 Setting up node-rechoir (0.8.0+~0.6.1-2) ...
#19 62.85 Setting up node-json-parse-better-errors (1.0.2+~cs3.3.1-3) ...
#19 62.86 Setting up node-unicode-canonical-property-names-ecmascript (2.0.0-2) ...
#19 62.87 Setting up node-sprintf-js (1.1.2+ds1+~1.1.2-1) ...
#19 62.91 Setting up node-flatted (3.2.7~ds-1+deb13u1) ...
#19 62.92 Setting up node-y18n (5.0.8+~5.0.0-3) ...
#19 62.93 Setting up node-fast-deep-equal (3.1.3-3) ...
#19 62.94 Setting up node-shebang-regex (3.0.0-2) ...
#19 62.96 Setting up node-err-code (2.0.3+dfsg-3) ...
#19 62.98 Setting up node-resolve-from (5.0.0+~3.1.0+~3.3.0+~2.0.0-1) ...
#19 62.99 Setting up node-balanced-match (2.0.0-1) ...
#19 63.00 Setting up node-convert-source-map (1.9.0+~1.5.2-1) ...
#19 63.01 Setting up node-brace-expansion (2.0.1+~1.1.0-2) ...
#19 63.02 Setting up node-is-stream (3.0.0-4) ...
#19 63.04 Setting up node-spdx-exceptions (2.3.0-2) ...
#19 63.06 Setting up node-get-stream (8.0.1-11) ...
#19 63.07 Setting up libp11-kit0:amd64 (0.25.5-3) ...
#19 63.09 Setting up node-js-tokens (8.0.0-2) ...
#19 63.10 Setting up node-core-js (3.33.2-1) ...
#19 63.12 Setting up node-interpret (2.2.0-3) ...
#19 63.14 Setting up node-set-blocking (2.0.0-2) ...
#19 63.15 Setting up libunistring5:amd64 (1.3-2) ...
#19 63.17 Setting up node-prr (1.0.1-3) ...
#19 63.19 Setting up libssl-dev:amd64 (3.5.6-1~deb13u2) ...
#19 63.21 Setting up libcares2:amd64 (1.34.5-1+deb13u1) ...
#19 63.23 Setting up node-repeat-string (1.6.1+repack-1) ...
#19 63.24 Setting up node-globals (13.23.0-1) ...
#19 63.25 Setting up node-deep-is (0.1.4-1) ...
#19 63.27 Setting up node-async (3.2.6+dfsg-2) ...
#19 63.28 Setting up node-signal-exit (4.1.0-7) ...
#19 63.29 Setting up node-randombytes (2.1.0+~2.0.0-2) ...
#19 63.31 Setting up libk5crypto3:amd64 (1.21.3-5+deb13u1) ...
#19 63.32 Setting up node-source-map (0.7.0++dfsg2+really.0.6.1-15) ...
#19 63.34 Setting up node-wrappy (1.0.2-3) ...
#19 63.35 Setting up node-text-table (0.2.0-4) ...
#19 63.35 Setting up libsasl2-2:amd64 (2.1.28+dfsg1-9) ...
#19 63.37 Setting up libnghttp3-9:amd64 (1.8.0-1) ...
#19 63.38 Setting up node-require-directory (2.1.1+~2.1.2-1) ...
#19 63.39 Setting up node-ip (2.0.1+~1.1.3-3) ...
#19 63.39 Setting up node-quick-lru (6.1.1-4) ...
#19 63.40 Setting up node-regenerator-runtime (0.15.2+~0.10.8-1) ...
#19 63.41 Setting up node-punycode (2.3.1+~2.1.4-1) ...
#19 63.42 Setting up node-to-fast-properties (3.0.1-3) ...
#19 63.43 Setting up node-defaults (1.0.4+~1.0.3-1) ...
#19 63.43 Setting up node-mute-stream (0.0.8+~0.0.1-3) ...
#19 63.44 Setting up node-memfs (3.4.12+~cs1.0.3-1) ...
#19 63.45 Setting up node-mimic-response (3.1.0-9) ...
#19 63.45 Setting up node-commander (9.4.1-1) ...
#19 63.46 Setting up node-undici (7.3.0+dfsg1+~cs24.12.11-1) ...
#19 63.48 Setting up libjs-typedarray-to-buffer (4.0.0-2) ...
#19 63.48 Setting up node-graceful-fs (4.2.10-1) ...
#19 63.49 Setting up node-merge-stream (2.0.0+~1.1.2-2) ...
#19 63.50 Setting up node-is-path-cwd (2.2.0-2) ...
#19 63.51 Setting up node-jsonify (0.0.1-1) ...
#19 63.51 Setting up node-json-stable-stringify (1.0.2+repack1+~cs1.0.34-2) ...
#19 63.52 Setting up node-fast-levenshtein (2.0.6+ds-3) ...
#19 63.53 Setting up libjs-regenerate (1.4.2-3) ...
#19 63.53 Setting up node-hosted-git-info (6.1.1-2) ...
#19 63.54 Setting up node-aproba (2.0.0-3) ...
#19 63.55 Setting up node-unicode-property-aliases-ecmascript (2.1.0+ds-1) ...
#19 63.55 Setting up node-binary-extensions (2.2.0-2) ...
#19 63.56 Setting up node-is-plain-object (5.0.0-7) ...
#19 63.57 Setting up node-eslint-utils (3.0.0-3) ...
#19 63.57 Setting up libtasn1-6:amd64 (4.20.0-2+deb13u1) ...
#19 63.59 Setting up node-mimic-fn (4.0.0-5) ...
#19 63.60 Setting up node-path-dirname (1.0.2-2) ...
#19 63.61 Setting up node-ip-regex (4.3.0+~4.1.1-1) ...
#19 63.62 Setting up node-spdx-license-ids (3.0.12-1) ...
#19 63.63 Setting up node-string-decoder (1.3.0-6) ...
#19 63.64 Setting up node-esutils (2.0.3+~2.0.0-1) ...
#19 63.64 Setting up node-time-stamp (2.2.0-2) ...
#19 63.65 Setting up node-commondir (1.0.1+~1.0.0-1) ...
#19 63.67 Setting up libjs-prettify (2015.12.04+dfsg-1.1) ...
#19 63.69 Setting up libjs-events (3.3.0+~3.0.0-3) ...
#19 63.70 Setting up node-run-queue (2.0.0-3) ...
#19 63.73 Setting up libkrb5-3:amd64 (1.21.3-5+deb13u1) ...
#19 63.74 Setting up node-core-util-is (1.0.3-1) ...
#19 63.76 Setting up node-json-schema (0.4.0+~7.0.11-1) ...
#19 63.78 Setting up node-uri-js (4.4.0+dfsg-8) ...
#19 63.81 Setting up node-prelude-ls (1.2.1+dfsg-3) ...
#19 63.82 Setting up libicu76:amd64 (76.1-4) ...
#19 63.84 Setting up node-minimatch (9.0.3-6) ...
#19 63.86 Setting up libssh2-1t64:amd64 (1.11.1-1+deb13u1) ...
#19 63.87 Setting up node-imurmurhash (0.1.4+dfsg+~0.1.1-2) ...
#19 63.89 Setting up node-xtend (4.0.2-3) ...
#19 63.89 Setting up node-set-immediate-shim (2.0.0-2) ...
#19 63.90 Setting up node-foreground-child (3.1.1-2) ...
#19 63.91 Setting up node-wordwrap (1.0.0-4) ...
#19 63.92 Setting up node-read (1.0.7-5) ...
#19 63.93 Setting up node-regexpp (3.2.0-5) ...
#19 63.95 Setting up node-is-arrayish (0.3.2-3) ...
#19 63.97 Setting up node-base64-js (1.5.1+dfsg+~1.3.0-2) ...
#19 63.98 Setting up node-esquery (1.4.2~ds-1) ...
#19 64.00 Setting up libpython3.13-stdlib:amd64 (3.13.5-2+deb13u4) ...
#19 64.01 Setting up node-npm-run-path (5.1.0+~4.0.0-8) ...
#19 64.02 Setting up node-is-buffer (2.0.5-2) ...
#19 64.03 Setting up node-color-convert (2.0.1+~cs2.0.0-2) ...
#19 64.04 Setting up libldap2:amd64 (2.6.10+dfsg-1) ...
#19 64.06 Setting up node-data-uri-to-buffer (6.0.2~0~2024040606-6+deb13u1) ...
#19 64.07 Setting up node-async-each (1.0.3-3) ...
#19 64.09 Setting up node-isarray (2.0.5-4) ...
#19 64.11 Setting up node-osenv (0.1.5+~0.1.1-1) ...
#19 64.12 Setting up node-is-plain-obj (3.0.0-2) ...
#19 64.13 Setting up node-is-extglob (2.1.1-5) ...
#19 64.14 Setting up libpython3-stdlib:amd64 (3.13.5-1) ...
#19 64.15 Setting up node-tapable (2.2.1-3) ...
#19 64.15 Setting up node-shebang-command (2.0.0-1) ...
#19 64.16 Setting up libjs-is-typedarray (1.0.0-4) ...
#19 64.16 Setting up node-lowercase-keys (2.0.0-2) ...
#19 64.17 Setting up node-babel-plugin-add-module-exports (1.0.4+dfsg1~cs5.8.0-4) ...
#19 64.18 Setting up node-decompress-response (6.0.0-3) ...
#19 64.18 Setting up node-strip-eof (3.0.0-5) ...
#19 64.19 Setting up node-process-nextick-args (2.0.1-3) ...
#19 64.20 Setting up node-has-unicode (2.0.1-5) ...
#19 64.20 Setting up libuv1-dev:amd64 (1.50.0-2) ...
#19 64.22 Setting up node-readable-stream (3.6.0+~cs3.0.0-4) ...
#19 64.23 Setting up node-promise-retry (2.0.1-4) ...
#19 64.25 Setting up node-supports-color (8.1.1+~8.1.1-1) ...
#19 64.25 Setting up node-error-ex (1.3.2-4) ...
#19 64.26 Setting up node-once (1.4.1-1) ...
#19 64.27 Setting up node-webpack-sources (3.2.3+~3.2.0-2) ...
#19 64.29 Setting up node-n3 (1.16.3+~1.2.3+~1.10.4-1) ...
#19 64.31 Setting up python3.13 (3.13.5-2+deb13u4) ...
#19 65.45 Setting up node-serialize-javascript (6.0.2-1) ...
#19 65.48 Setting up node-are-we-there-yet (3.0.1+~1.1.0-1) ...
#19 65.49 Setting up node-find-up (6.3.0-7) ...
#19 65.51 Setting up node-kind-of (6.0.3+dfsg-2) ...
#19 65.53 Setting up python3 (3.13.5-1) ...
#19 65.55 running python rtupdate hooks for python3.13...
#19 65.55 running python post-rtupdate hooks for python3.13...
#19 65.67 Setting up libidn2-0:amd64 (2.3.8-2) ...
#19 65.69 Setting up node-is-binary-path (2.1.0-5) ...
#19 65.70 Setting up node-events (3.3.0+~3.0.0-3) ...
#19 65.72 Setting up node-minimist (1.2.8+~cs5.3.5-1) ...
#19 65.74 Setting up node-fancy-log (1.3.3+~cs1.3.1-2) ...
#19 65.75 Setting up node-define-property (2.0.2+really+2.0.2-3) ...
#19 65.77 Setting up node-promzard (0.3.0-2) ...
#19 65.78 Setting up node-wcwidth.js (1.0.2-2) ...
#19 65.81 Setting up node-resolve-cwd (3.0.0-2) ...
#19 65.82 Setting up node-fetch (3.3.2+~cs11.4.11-3) ...
#19 65.82 Setting up node-babel7-runtime (7.20.15+ds1+~cs214.269.168-8) ...
#19 65.85 Setting up node-iconv-lite (0.6.3-3) ...
#19 65.85 Setting up node-type-check (0.4.0+dfsg-3) ...
#19 65.87 Setting up python3-packaging (25.0-1) ...
#19 66.10 Setting up node-ansi-styles (6.2.1-3) ...
#19 66.11 Setting up node-pkg-dir (5.0.0-2) ...
#19 66.13 Setting up node-got (11.8.5+~cs58.13.36-5) ...
#19 66.15 Setting up libgssapi-krb5-2:amd64 (1.21.3-5+deb13u1) ...
#19 66.18 Setting up node-optimist (0.6.1+~0.0.30-2) ...
#19 66.22 Setting up node-spdx-expression-parse (3.0.1+~3.0.1-1) ...
#19 66.23 Setting up node-concat-stream (2.0.0+~2.0.0-2) ...
#19 66.25 Setting up node-is-typedarray (1.0.0-4) ...
#19 66.29 Setting up node-inflight (1.0.6-2) ...
#19 66.32 Setting up node-encoding (0.1.13-2) ...
#19 66.34 Setting up node-slice-ansi (5.0.0+~cs9.0.0-5) ...
#19 66.36 Setting up node-fs-write-stream-atomic (1.0.10-6) ...
#19 66.38 Setting up gyp (0.16.2-2) ...
#19 66.73 Setting up libgnutls30t64:amd64 (3.8.9-3+deb13u4) ...
#19 66.75 Setting up node-regenerator-transform (0.15.2+~0.10.8-1) ...
#19 66.76 Setting up libpsl5t64:amd64 (0.21.2-1.1+b1) ...
#19 66.77 Setting up node-levn (0.4.1+dfsg-2) ...
#19 66.78 Setting up node-spdx-correct (3.1.1-2) ...
#19 66.80 Setting up node-glob (8.1.0+~cs8.5.15-1) ...
#19 66.83 Setting up librtmp1:amd64 (2.4+20151223.gitfa8646d.1-2+b5) ...
#19 66.84 Setting up node-typedarray-to-buffer (4.0.0-2) ...
#19 66.85 Setting up node-minipass (5.0.0+~cs10.3.21-3) ...
#19 66.85 Setting up node-validate-npm-package-license (3.0.4-2) ...
#19 66.87 Setting up node-optionator (0.9.1+dfsg+~cs1.2.3-1) ...
#19 66.91 Setting up node-ssri (9.0.1-3) ...
#19 66.92 Setting up node-write-file-atomic (4.0.2+~4.0.0-2) ...
#19 66.93 Setting up libcurl4t64:amd64 (8.14.1-2+deb13u4) ...
#19 66.94 Setting up curl (8.14.1-2+deb13u4) ...
#19 66.96 Setting up node-corepack (0.24.0-5) ...
#19 66.97 Setting up node-define-properties (1.2.1+~cs2.2.3-1) ...
#19 66.99 Setting up node-acorn (8.8.1+ds+~cs25.17.7-2) ...
#19 67.01 Setting up node-espree (9.4.1~dfsg-2) ...
#19 67.02 Setting up node-debbundle-es-to-primitive (1.2.1+~cs9.7.25-2) ...
#19 67.05 Setting up libnode115:amd64 (20.19.2+dfsg-1+deb13u2) ...
#19 67.06 Setting up libnode-dev (20.19.2+dfsg-1+deb13u2) ...
#19 67.06 Setting up nodejs (20.19.2+dfsg-1+deb13u2) ...
#19 67.08 update-alternatives: using /usr/bin/nodejs to provide /usr/bin/js (js) in auto mode
#19 67.08 update-alternatives: warning: skip creation of /usr/share/man/man1/js.1.gz because associated file /usr/share/man/man1/nodejs.1.gz (of link group js) doesn't exist
#19 67.09 Setting up node-argparse (2.0.1-2) ...
#19 67.11 Setting up terser (5.38.0-1) ...
#19 67.11 Setting up node-mime (3.0.0+dfsg+~cs6.97.2-2) ...
#19 67.13 Setting up node-source-map-support (0.5.21+ds+~0.5.10-1) ...
#19 67.14 Setting up node-unique-filename (1.1.1+ds-2) ...
#19 67.15 Setting up node-unicode-match-property-ecmascript (2.0.0-2) ...
#19 67.16 Setting up node-defined (1.0.1+~1.0.0-1) ...
#19 67.16 Setting up node-mime-types (2.1.35-2) ...
#19 67.17 Setting up node-ansi-escapes (5.0.0+really.4.3.1-1) ...
#19 67.18 Setting up node-strip-ansi (6.0.1-2) ...
#19 67.18 Setting up node-write (2.0.0~6.0.1+~3.0.4+~2.0.0+~1.0.0+~2.0.1-1) ...
#19 67.19 Setting up node-ignore (5.2.1-1) ...
#19 67.20 Setting up node-chalk (5.3.0-1) ...
#19 67.21 Setting up node-which (2.0.2+~cs1.3.2-3) ...
#19 67.22 Setting up node-css-selector-tokenizer (0.8.0+~cs4.8.3-1) ...
#19 67.23 Setting up node-esprima (4.0.1+ds+~4.0.3-2) ...
#19 67.26 Setting up node-is-path-inside (3.0.3-2) ...
#19 67.27 Setting up node-neo-async (2.6.2+~cs3.0.0-3) ...
#19 67.28 Setting up node-mkdirp (2.1.6+~cs5.2.1-2) ...
#19 67.28 Setting up node-es6-error (4.1.1-5) ...
#19 67.29 Setting up node-archy (1.0.0-6) ...
#19 67.30 Setting up node-js-yaml (4.1.0+dfsg+~4.0.5-7) ...
#19 67.30 Setting up node-nopt (5.0.0-4) ...
#19 67.31 Setting up node-lodash (4.17.21+dfsg+~cs8.31.198.20210220-9) ...
#19 67.32 Setting up node-progress (2.0.3-2) ...
#19 67.33 Setting up node-json5 (2.2.3+dfsg-1) ...
#19 67.33 Setting up node-ms (2.1.3+~cs0.7.31-3) ...
#19 67.34 Setting up node-rimraf (3.0.2-2) ...
#19 67.35 Setting up node-string-width (4.2.3+~cs13.2.3-1) ...
#19 67.36 Setting up node-regenerate (1.4.2-3) ...
#19 67.37 Setting up node-semver (7.6.1+~7.5.8-2) ...
#19 67.38 Setting up node-picocolors (1.0.0-4) ...
#19 67.40 Setting up node-es-abstract (1.20.4+~cs26.27.47-2) ...
#19 67.42 Setting up node-builtins (5.0.1-1) ...
#19 67.42 Setting up handlebars (3:4.7.7+~4.1.0-1) ...
#19 67.43 Setting up node-object-assign (4.1.1-7) ...
#19 67.44 Setting up node-is-glob (4.0.3-2) ...
#19 67.45 Setting up node-v8-compile-cache (2.4.0-2) ...
#19 67.46 Setting up node-flat-cache (3.0.4~6.0.1+~3.0.4+~2.0.0+~1.0.0+~2.0.1-1) ...
#19 67.48 Setting up node-is-number (7.0.0-4) ...
#19 67.49 Setting up node-babel-plugin-polyfill-corejs2 (0.3.3~0~20220913+ds1-1) ...
#19 67.50 Setting up node-for-in (1.0.2-4) ...
#19 67.51 Setting up node-webassemblyjs (1.11.4+dfsg+~cs10.11.17-2) ...
#19 67.53 Setting up node-execa (8.0.1+dfsg1+~cs12.0.0-1) ...
#19 67.54 Setting up node-strip-json-comments (4.0.0-4) ...
#19 67.55 Setting up node-is-extendable (1.0.1-3) ...
#19 67.55 Setting up node-columnify (1.6.0+~1.5.1-1) ...
#19 67.56 Setting up node-doctrine (3.0.0-4) ...
#19 67.57 Setting up node-copy-concurrently (1.0.5-9) ...
#19 67.58 Setting up node-ajv (8.12.0~ds+~2.1.1-5) ...
#19 67.59 Setting up node-jsesc (3.0.2+~3.0.1-1) ...
#19 67.60 Setting up node-regjsparser (0.9.1+ds-2) ...
#19 67.61 Setting up node-errno (1.0.0-3) ...
#19 67.62 Setting up node-decamelize (4.0.0-2) ...
#19 67.63 Setting up node-move-concurrently (1.0.1-5) ...
#19 67.64 Setting up node-normalize-path (3.0.0+~3.0.0-1) ...
#19 67.64 Setting up node-functional-red-black-tree (1.0.1+20181105-7) ...
#19 67.65 Setting up node-debug (4.3.4+~cs4.1.7-1) ...
#19 67.66 Setting up node-agent-base (7.1.1~0~2024040606-6+deb13u1) ...
#19 67.67 Setting up node-browserslist (4.25.0+~cs6.3.22-1) ...
#19 67.68 Setting up node-yargs-parser (21.1.1+~21.0.0-4) ...
#19 67.69 Setting up node-make-dir (3.1.0-3) ...
#19 67.70 Setting up node-validate-npm-package-name (5.0.0+~4.0.0-1) ...
#19 67.70 Setting up node-esrecurse (4.3.0-2) ...
#19 67.71 Setting up node-file-entry-cache (6.0.1+~3.0.4+~2.0.0+~1.0.0+~2.0.1-1) ...
#19 67.72 Setting up node-wrap-ansi (8.0.1+~8.0.1-3) ...
#19 67.73 Setting up node-normalize-package-data (4.0.1+~2.4.1-1) ...
#19 67.74 Setting up node-for-own (1.0.0-3) ...
#19 67.75 Setting up node-eslint-scope (7.1.1+~3.7.4-1) ...
#19 67.77 Setting up node-escodegen (2.1.0+dfsg+~0.0.8-1) ...
#19 67.79 Setting up node-memory-fs (0.5.0+~0.3.3-2) ...
#19 67.81 Setting up node-babel-helper-define-polyfill-provider (0.3.3~0~20220913+ds1-1) ...
#19 67.84 Setting up node-cli-table (0.3.11+~cs0.13.4-3) ...
#19 67.85 Setting up node-tar (6.2.1+~cs7.0.8-1+deb13u1) ...
#19 67.86 Setting up node-regenerate-unicode-properties (10.1.0+ds-1) ...
#19 67.88 Setting up node-glob-parent (6.0.2+~5.1.1-2) ...
#19 67.89 Setting up node-enhanced-resolve (5.15.0-1) ...
#19 67.91 Setting up node-postcss (8.4.49+~cs9.2.32-1) ...
#19 67.92 Setting up node-wide-align (1.1.3-4) ...
#19 67.94 Setting up node-npm-package-arg (10.0.0+~3.0.0-2) ...
#19 67.95 Setting up node-anymatch (3.1.3+~cs4.6.1-2) ...
#19 67.96 Setting up node-postcss-modules-extract-imports (3.0.0-2) ...
#19 67.98 Setting up node-read-pkg (5.2.0-2) ...
#19 67.99 Setting up node-https-proxy-agent (7.0.4~0~2024040606-6+deb13u1) ...
#19 68.01 Setting up node-cliui (7.0.4+repack+1+~cs1.4.2-2) ...
#19 68.03 Setting up node-regexpu-core (5.2.2-3) ...
#19 68.04 Setting up node-yargs (16.2.0+~16.0.4-7) ...
#19 68.05 Setting up node-to-regex-range (5.0.1-4) ...
#19 68.06 Setting up node-cacache (17.0.3+~cs10.3.7-2) ...
#19 68.08 Setting up node-envinfo (7.11.0+~cs14.3.0-3) ...
#19 68.09 Setting up node-ajv-keywords (5.1.0-4) ...
#19 68.10 Setting up node-read-package-json (5.0.2+~2.0.0-2) ...
#19 68.11 Setting up node-core-js-compat (3.33.2-1) ...
#19 68.12 Setting up node-http-proxy-agent (7.0.2~0~2024040606-6+deb13u1) ...
#19 68.14 Setting up node-clone-deep (4.0.1+~cs7.0.2-1) ...
#19 68.15 Setting up eslint (6.4.0~dfsg+~6.1.9-12) ...
#19 68.16 Setting up node-babel-plugin-polyfill-regenerator (0.4.1~0~20220913+ds1-1) ...
#19 68.18 Setting up node-gauge (4.0.4-2) ...
#19 68.19 Setting up node-readdirp (3.6.0-1) ...
#19 68.20 Setting up node-icss-utils (5.1.0+~5.1.0-1) ...
#19 68.21 Setting up node-npm-bundled (2.0.1-2) ...
#19 68.22 Setting up node-schema-utils (4.2.0~ds-3) ...
#19 68.23 Setting up node-jest-worker (29.6.2~ds1+~cs73.45.28-5) ...
#19 68.25 Setting up node-npmlog (7.0.1+~4.1.4-1) ...
#19 68.28 Setting up node-babel-plugin-polyfill-corejs3 (0.6.0~0~20220913+ds1-1) ...
#19 68.30 Setting up node-postcss-modules-values (4.0.0+~4.0.0-1) ...
#19 68.32 Setting up node-fill-range (7.1.1+~7.0.3-1) ...
#19 68.34 Setting up node-gyp (11.1.0+~5.0.0-1) ...
#19 68.37 Setting up node-braces (3.0.3+~3.0.5-1) ...
#19 68.38 Setting up node-chokidar (3.6.0-3) ...
#19 68.41 Setting up node-watchpack (2.4.0+~cs2.8.1-1) ...
#19 68.43 Setting up node-micromatch (4.0.7+~4.0.9-1) ...
#19 68.46 Setting up node-globby (13.1.3+~cs16.25.40-3) ...
#19 68.48 Setting up node-del (7.1.0-1) ...
#19 68.50 Setting up node-find-cache-dir (3.3.2+~3.2.1-1) ...
#19 68.53 Setting up node-istanbul (0.4.5+repack10+~cs98.25.59-3) ...
#19 68.54 Setting up node-tape (5.6.1+~cs8.20.19-3) ...
#19 68.56 Setting up node-babel7 (7.20.15+ds1+~cs214.269.168-8) ...
#19 68.57 update-alternatives: using /usr/bin/babeljs-7 to provide /usr/bin/babeljs (babeljs) in auto mode
#19 68.58 update-alternatives: using /usr/bin/babeljs-7-external-helpers to provide /usr/bin/babeljs-external-helpers (babeljs-external-helpers) in auto mode
#19 68.59 update-alternatives: using /usr/bin/babeljs-7-node to provide /usr/bin/babeljs-node (babeljs-node) in auto mode
#19 68.59 update-alternatives: using /usr/bin/babeljs-7-parser to provide /usr/bin/babeljs-parser (babeljs-parser) in auto mode
#19 68.61 Setting up node-deep-equal (2.2.3+~cs43.15.94-1) ...
#19 68.62 Setting up libjs-util (0.12.5+~1.0.10-1) ...
#19 68.63 Setting up node-babel-plugin-lodash (3.3.4+~cs2.0.1-7) ...
#19 68.64 Setting up node-jest-debbundle (29.6.2~ds1+~cs73.45.28-5) ...
#19 68.66 Setting up node-util (0.12.5+~1.0.10-1) ...
#19 68.67 Setting up webpack (5.97.1+dfsg1+~cs11.18.27-3) ...
#19 68.68 Setting up node-assert (2.0.0+~cs3.9.8-2) ...
#19 68.71 Setting up node-css-loader (6.8.1+~cs14.0.17-1) ...
#19 68.72 Setting up node-parse-json (5.2.0+~cs5.1.7-2) ...
#19 68.73 Setting up npm (9.2.0~ds1-3) ...
#19 68.76 Processing triggers for libc-bin (2.41-12+deb13u3) ...
#19 DONE 69.8s

#82 [homepage builder 22/22] RUN npm run build
#82 ...

#83 [trading-chart stage-1  4/22] COPY [chart v 1.4/chart/requirements.txt, ./requirements.txt]
#83 DONE 0.4s

#82 [homepage builder 22/22] RUN npm run build
#82 ...

#84 [trading-chart stage-1  5/22] RUN pip install --no-cache-dir -r requirements.txt
#84 2.534 Collecting fastapi==0.104.1 (from -r requirements.txt (line 1))
#84 2.561   Downloading fastapi-0.104.1-py3-none-any.whl.metadata (24 kB)
#84 2.615 Collecting uvicorn==0.24.0 (from uvicorn[standard]==0.24.0->-r requirements.txt (line 2))
#84 2.619   Downloading uvicorn-0.24.0-py3-none-any.whl.metadata (6.4 kB)
#84 2.656 Collecting gunicorn==21.2.0 (from -r requirements.txt (line 3))
#84 2.660   Downloading gunicorn-21.2.0-py3-none-any.whl.metadata (4.1 kB)
#84 2.681 Collecting python-multipart==0.0.6 (from -r requirements.txt (line 4))
#84 2.691   Downloading python_multipart-0.0.6-py3-none-any.whl.metadata (2.5 kB)
#84 3.114 Collecting sqlalchemy==2.0.23 (from -r requirements.txt (line 5))
#84 3.120   Downloading SQLAlchemy-2.0.23-cp311-cp311-manylinux_2_17_x86_64.manylinux2014_x86_64.whl.metadata (9.6 kB)
#84 3.207 Collecting psycopg2-binary==2.9.9 (from -r requirements.txt (line 6))
#84 3.219   Downloading psycopg2_binary-2.9.9-cp311-cp311-manylinux_2_17_x86_64.manylinux2014_x86_64.whl.metadata (4.4 kB)
#84 3.258 Collecting werkzeug==3.0.1 (from -r requirements.txt (line 7))
#84 3.264   Downloading werkzeug-3.0.1-py3-none-any.whl.metadata (4.1 kB)
#84 3.284 Collecting passlib==1.7.4 (from passlib[bcrypt]==1.7.4->-r requirements.txt (line 8))
#84 3.286   Downloading passlib-1.7.4-py2.py3-none-any.whl.metadata (1.7 kB)
#84 3.342 Collecting bcrypt==3.2.2 (from -r requirements.txt (line 9))
#84 3.354   Downloading bcrypt-3.2.2-cp36-abi3-manylinux_2_17_x86_64.manylinux2014_x86_64.manylinux_2_24_x86_64.whl.metadata (8.3 kB)
#84 3.442 Collecting google-api-python-client==2.114.0 (from -r requirements.txt (line 10))
#84 3.447   Downloading google_api_python_client-2.114.0-py2.py3-none-any.whl.metadata (6.6 kB)
#84 3.528 Collecting google-auth==2.25.2 (from -r requirements.txt (line 11))
#84 3.536   Downloading google_auth-2.25.2-py2.py3-none-any.whl.metadata (4.7 kB)
#84 3.557 Collecting google-auth-httplib2==0.2.0 (from -r requirements.txt (line 12))
#84 3.561   Downloading google_auth_httplib2-0.2.0-py2.py3-none-any.whl.metadata (2.2 kB)
#84 3.691 Collecting msgpack==1.0.7 (from -r requirements.txt (line 13))
#84 3.695   Downloading msgpack-1.0.7-cp311-cp311-manylinux_2_17_x86_64.manylinux2014_x86_64.whl.metadata (9.1 kB)
#84 3.828 Collecting stripe (from -r requirements.txt (line 14))
#84 3.837   Downloading stripe-15.4.0-py3-none-any.whl.metadata (18 kB)
#84 3.963 Collecting pytest (from -r requirements.txt (line 15))
#84 3.969   Downloading pytest-9.1.1-py3-none-any.whl.metadata (7.6 kB)
#84 4.072 Collecting binance-historical-data==0.1.14 (from -r requirements.txt (line 16))
#84 4.085   Downloading binance_historical_data-0.1.14-py3-none-any.whl.metadata (8.3 kB)
#84 4.120 Collecting yfinance==0.2.55 (from -r requirements.txt (line 17))
#84 4.126   Downloading yfinance-0.2.55-py2.py3-none-any.whl.metadata (5.8 kB)
#84 4.234 Collecting psutil==6.1.0 (from -r requirements.txt (line 18))
#84 4.240   Downloading psutil-6.1.0-cp36-abi3-manylinux_2_12_x86_64.manylinux2010_x86_64.manylinux_2_17_x86_64.manylinux2014_x86_64.whl.metadata (22 kB)
#84 4.485 Collecting numpy==1.26.4 (from -r requirements.txt (line 19))
#84 4.489   Downloading numpy-1.26.4-cp311-cp311-manylinux_2_17_x86_64.manylinux2014_x86_64.whl.metadata (61 kB)
#84 4.494      ━━━━━━━━━━━━━━━━━━━━━━━━━━━━━━━━━━━━━━━ 61.0/61.0 kB 254.1 MB/s eta 0:00:00
#84 4.566 Collecting redis==5.0.8 (from -r requirements.txt (line 20))
#84 4.573   Downloading redis-5.0.8-py3-none-any.whl.metadata (9.2 kB)
#84 4.630 Collecting fakeredis==2.23.3 (from -r requirements.txt (line 21))
#84 4.640   Downloading fakeredis-2.23.3-py3-none-any.whl.metadata (3.6 kB)
#84 4.668 Collecting PyJWT==2.10.1 (from -r requirements.txt (line 22))
#84 4.675   Downloading PyJWT-2.10.1-py3-none-any.whl.metadata (4.0 kB)
#84 4.863 Collecting sentry-sdk==2.63.0 (from -r requirements.txt (line 23))
#84 4.865   Downloading sentry_sdk-2.63.0-py3-none-any.whl.metadata (10 kB)
#84 4.920 Collecting anyio<4.0.0,>=3.7.1 (from fastapi==0.104.1->-r requirements.txt (line 1))
#84 4.925   Downloading anyio-3.7.1-py3-none-any.whl.metadata (4.7 kB)
#84 5.107 Collecting pydantic!=1.8,!=1.8.1,!=2.0.0,!=2.0.1,!=2.1.0,<3.0.0,>=1.7.4 (from fastapi==0.104.1->-r requirements.txt (line 1))
#84 5.110   Downloading pydantic-2.13.4-py3-none-any.whl.metadata (109 kB)
#84 5.122      ━━━━━━━━━━━━━━━━━━━━━━━━━━━━━━━━━━━━━ 109.4/109.4 kB 333.7 MB/s eta 0:00:00
#84 5.176 Collecting starlette<0.28.0,>=0.27.0 (from fastapi==0.104.1->-r requirements.txt (line 1))
#84 5.189   Downloading starlette-0.27.0-py3-none-any.whl.metadata (5.8 kB)
#84 5.220 Collecting typing-extensions>=4.8.0 (from fastapi==0.104.1->-r requirements.txt (line 1))
#84 5.220   Downloading typing_extensions-4.16.0-py3-none-any.whl.metadata (3.3 kB)
#84 5.264 Collecting click>=7.0 (from uvicorn==0.24.0->uvicorn[standard]==0.24.0->-r requirements.txt (line 2))
#84 5.271   Downloading click-8.4.2-py3-none-any.whl.metadata (2.6 kB)
#84 5.289 Collecting h11>=0.8 (from uvicorn==0.24.0->uvicorn[standard]==0.24.0->-r requirements.txt (line 2))
#84 5.291   Downloading h11-0.16.0-py3-none-any.whl.metadata (8.3 kB)
#84 5.302 Requirement already satisfied: packaging in /usr/local/lib/python3.11/site-packages (from gunicorn==21.2.0->-r requirements.txt (line 3)) (26.2)
#84 5.569 Collecting greenlet!=0.4.17 (from sqlalchemy==2.0.23->-r requirements.txt (line 5))
#84 5.576   Downloading greenlet-3.5.4-cp311-cp311-manylinux_2_24_x86_64.manylinux_2_28_x86_64.whl.metadata (3.8 kB)
#84 5.750 Collecting MarkupSafe>=2.1.1 (from werkzeug==3.0.1->-r requirements.txt (line 7))
#84 5.759   Downloading markupsafe-3.0.3-cp311-cp311-manylinux2014_x86_64.manylinux_2_17_x86_64.manylinux_2_28_x86_64.whl.metadata (2.7 kB)
#84 5.897 Collecting cffi>=1.1 (from bcrypt==3.2.2->-r requirements.txt (line 9))
#84 5.914   Downloading cffi-2.1.0-cp311-cp311-manylinux2014_x86_64.manylinux_2_17_x86_64.whl.metadata (2.5 kB)
#84 5.944 Collecting httplib2<1.dev0,>=0.15.0 (from google-api-python-client==2.114.0->-r requirements.txt (line 10))
#84 5.950   Downloading httplib2-0.32.0-py3-none-any.whl.metadata (2.2 kB)
#84 6.053 Collecting google-api-core!=2.0.*,!=2.1.*,!=2.2.*,!=2.3.0,<3.0.0.dev0,>=1.31.5 (from google-api-python-client==2.114.0->-r requirements.txt (line 10))
#84 6.064   Downloading google_api_core-2.33.0-py3-none-any.whl.metadata (3.2 kB)
#84 6.079 Collecting uritemplate<5,>=3.0.1 (from google-api-python-client==2.114.0->-r requirements.txt (line 10))
#84 6.096   Downloading uritemplate-4.2.0-py3-none-any.whl.metadata (2.6 kB)
#84 6.126 Collecting cachetools<6.0,>=2.0.0 (from google-auth==2.25.2->-r requirements.txt (line 11))
#84 6.135   Downloading cachetools-5.5.2-py3-none-any.whl.metadata (5.4 kB)
#84 6.172 Collecting pyasn1-modules>=0.2.1 (from google-auth==2.25.2->-r requirements.txt (line 11))
#84 6.178   Downloading pyasn1_modules-0.4.2-py3-none-any.whl.metadata (3.5 kB)
#84 6.198 Collecting rsa<5,>=3.1.4 (from google-auth==2.25.2->-r requirements.txt (line 11))
#84 6.215   Downloading rsa-4.9.1-py3-none-any.whl.metadata (5.6 kB)
#84 6.327 Collecting char<0.2.0,>=0.1.2 (from binance-historical-data==0.1.14->-r requirements.txt (line 16))
#84 6.332   Downloading char-0.1.2-py2.py3-none-any.whl.metadata (8.5 kB)
#84 6.390 Collecting ipywidgets<8.0.0,>=7.6.5 (from binance-historical-data==0.1.14->-r requirements.txt (line 16))
#84 6.395   Downloading ipywidgets-7.8.5-py2.py3-none-any.whl.metadata (1.9 kB)
#84 6.420 Collecting mpire<3.0.0,>=2.3.3 (from binance-historical-data==0.1.14->-r requirements.txt (line 16))
#84 6.425   Downloading mpire-2.10.2-py3-none-any.whl.metadata (14 kB)
#84 6.484 Collecting tqdm<5.0.0,>=4.62.3 (from binance-historical-data==0.1.14->-r requirements.txt (line 16))
#84 6.492   Downloading tqdm-4.70.0-py3-none-any.whl.metadata (57 kB)
#84 6.492      ━━━━━━━━━━━━━━━━━━━━━━━━━━━━━━━━━━━━━━━ 57.3/57.3 kB 253.4 MB/s eta 0:00:00
#84 6.667 Collecting pandas>=1.3.0 (from yfinance==0.2.55->-r requirements.txt (line 17))
#84 6.676   Downloading pandas-3.0.5-cp311-cp311-manylinux_2_24_x86_64.manylinux_2_28_x86_64.whl.metadata (79 kB)
#84 6.680      ━━━━━━━━━━━━━━━━━━━━━━━━━━━━━━━━━━━━━━━ 79.5/79.5 kB 269.2 MB/s eta 0:00:00
#84 6.765 Collecting requests>=2.31 (from yfinance==0.2.55->-r requirements.txt (line 17))
#84 6.769   Downloading requests-2.34.2-py3-none-any.whl.metadata (4.8 kB)
#84 6.790 Collecting multitasking>=0.0.7 (from yfinance==0.2.55->-r requirements.txt (line 17))
#84 6.790   Downloading multitasking-0.0.13-py3-none-any.whl.metadata (16 kB)
#84 6.823 Collecting platformdirs>=2.0.0 (from yfinance==0.2.55->-r requirements.txt (line 17))
#84 6.835   Downloading platformdirs-4.11.0-py3-none-any.whl.metadata (5.5 kB)
#84 7.053 Collecting pytz>=2022.5 (from yfinance==0.2.55->-r requirements.txt (line 17))
#84 7.059   Downloading pytz-2026.3.post1-py2.py3-none-any.whl.metadata (22 kB)
#84 7.121 Collecting frozendict>=2.3.4 (from yfinance==0.2.55->-r requirements.txt (line 17))
#84 7.126   Downloading frozendict-2.4.7-py3-none-any.whl.metadata (23 kB)
#84 7.165 Collecting peewee>=3.16.2 (from yfinance==0.2.55->-r requirements.txt (line 17))
#84 7.184   Downloading peewee-4.2.6-py3-none-any.whl.metadata (10 kB)
#84 7.207 Collecting beautifulsoup4>=4.11.1 (from yfinance==0.2.55->-r requirements.txt (line 17))
#84 7.210   Downloading beautifulsoup4-4.15.0-py3-none-any.whl.metadata (3.8 kB)
#84 7.291 Collecting sortedcontainers<3,>=2 (from fakeredis==2.23.3->-r requirements.txt (line 21))
#84 7.295   Downloading sortedcontainers-2.4.0-py2.py3-none-any.whl.metadata (10 kB)
#84 7.392 Collecting urllib3>=1.26.11 (from sentry-sdk==2.63.0->-r requirements.txt (line 23))
#84 7.396   Downloading urllib3-2.7.0-py3-none-any.whl.metadata (6.9 kB)
#84 7.421 Collecting certifi (from sentry-sdk==2.63.0->-r requirements.txt (line 23))
#84 7.426   Downloading certifi-2026.7.22-py3-none-any.whl.metadata (2.5 kB)
#84 7.503 Collecting httptools>=0.5.0 (from uvicorn[standard]==0.24.0->-r requirements.txt (line 2))
#84 7.509   Downloading httptools-0.8.0-cp311-cp311-manylinux1_x86_64.manylinux_2_28_x86_64.manylinux_2_5_x86_64.whl.metadata (3.5 kB)
#84 7.534 Collecting python-dotenv>=0.13 (from uvicorn[standard]==0.24.0->-r requirements.txt (line 2))
#84 7.536   Downloading python_dotenv-1.2.2-py3-none-any.whl.metadata (27 kB)
#84 7.604 Collecting pyyaml>=5.1 (from uvicorn[standard]==0.24.0->-r requirements.txt (line 2))
#84 7.607   Downloading pyyaml-6.0.3-cp311-cp311-manylinux2014_x86_64.manylinux_2_17_x86_64.manylinux_2_28_x86_64.whl.metadata (2.4 kB)
#84 7.662 Collecting uvloop!=0.15.0,!=0.15.1,>=0.14.0 (from uvicorn[standard]==0.24.0->-r requirements.txt (line 2))
#84 7.668   Downloading uvloop-0.22.1-cp311-cp311-manylinux2014_x86_64.manylinux_2_17_x86_64.manylinux_2_28_x86_64.whl.metadata (4.9 kB)
#84 7.833 Collecting watchfiles>=0.13 (from uvicorn[standard]==0.24.0->-r requirements.txt (line 2))
#84 7.840   Downloading watchfiles-1.2.0-cp311-cp311-manylinux_2_17_x86_64.manylinux2014_x86_64.whl.metadata (4.9 kB)
#84 7.961 Collecting websockets>=10.4 (from uvicorn[standard]==0.24.0->-r requirements.txt (line 2))
#84 7.967   Downloading websockets-17.0-cp311-cp311-manylinux1_x86_64.manylinux_2_28_x86_64.manylinux_2_5_x86_64.whl.metadata (6.3 kB)
#84 8.010 Collecting iniconfig>=1.0.1 (from pytest->-r requirements.txt (line 15))
#84 8.013   Downloading iniconfig-2.3.0-py3-none-any.whl.metadata (2.5 kB)
#84 8.036 Collecting pluggy<2,>=1.5 (from pytest->-r requirements.txt (line 15))
#84 8.046   Downloading pluggy-1.6.0-py3-none-any.whl.metadata (4.8 kB)
#84 8.072 Collecting pygments>=2.7.2 (from pytest->-r requirements.txt (line 15))
#84 8.086   Downloading pygments-2.20.0-py3-none-any.whl.metadata (2.5 kB)
#84 8.112 Collecting idna>=2.8 (from anyio<4.0.0,>=3.7.1->fastapi==0.104.1->-r requirements.txt (line 1))
#84 8.117   Downloading idna-3.18-py3-none-any.whl.metadata (6.1 kB)
#84 8.133 Collecting sniffio>=1.1 (from anyio<4.0.0,>=3.7.1->fastapi==0.104.1->-r requirements.txt (line 1))
#84 8.147   Downloading sniffio-1.3.1-py3-none-any.whl.metadata (3.9 kB)
#84 8.177 Collecting soupsieve>=1.6.1 (from beautifulsoup4>=4.11.1->yfinance==0.2.55->-r requirements.txt (line 17))
#84 8.183   Downloading soupsieve-2.9.1-py3-none-any.whl.metadata (4.6 kB)
#84 8.223 Collecting pycparser (from cffi>=1.1->bcrypt==3.2.2->-r requirements.txt (line 9))
#84 8.225   Downloading pycparser-3.0-py3-none-any.whl.metadata (8.2 kB)
#84 8.297 Collecting googleapis-common-protos<2.0.0,>=1.63.2 (from google-api-core!=2.0.*,!=2.1.*,!=2.2.*,!=2.3.0,<3.0.0.dev0,>=1.31.5->google-api-python-client==2.114.0->-r requirements.txt (line 10))
#84 8.305   Downloading googleapis_common_protos-1.75.0-py3-none-any.whl.metadata (8.6 kB)
#84 8.683 Collecting protobuf<8.0.0,>=5.29.6 (from google-api-core!=2.0.*,!=2.1.*,!=2.2.*,!=2.3.0,<3.0.0.dev0,>=1.31.5->google-api-python-client==2.114.0->-r requirements.txt (line 10))
#84 8.692   Downloading protobuf-7.35.1-cp310-abi3-manylinux2014_x86_64.whl.metadata (595 bytes)
#84 8.728 Collecting proto-plus<2.0.0,>=1.24.0 (from google-api-core!=2.0.*,!=2.1.*,!=2.2.*,!=2.3.0,<3.0.0.dev0,>=1.31.5->google-api-python-client==2.114.0->-r requirements.txt (line 10))
#84 8.728   Downloading proto_plus-1.28.2-py3-none-any.whl.metadata (2.2 kB)
#84 8.817 Collecting pyparsing<4,>=3.1 (from httplib2<1.dev0,>=0.15.0->google-api-python-client==2.114.0->-r requirements.txt (line 10))
#84 8.823   Downloading pyparsing-3.3.2-py3-none-any.whl.metadata (5.8 kB)
#84 8.867 Collecting comm>=0.1.3 (from ipywidgets<8.0.0,>=7.6.5->binance-historical-data==0.1.14->-r requirements.txt (line 16))
#84 8.873   Downloading comm-0.2.3-py3-none-any.whl.metadata (3.7 kB)
#84 8.888 Collecting ipython-genutils~=0.2.0 (from ipywidgets<8.0.0,>=7.6.5->binance-historical-data==0.1.14->-r requirements.txt (line 16))
#84 8.896   Downloading ipython_genutils-0.2.0-py2.py3-none-any.whl.metadata (755 bytes)
#84 8.924 Collecting traitlets>=4.3.1 (from ipywidgets<8.0.0,>=7.6.5->binance-historical-data==0.1.14->-r requirements.txt (line 16))
#84 8.931   Downloading traitlets-5.15.1-py3-none-any.whl.metadata (10 kB)
#84 8.964 Collecting widgetsnbextension~=3.6.10 (from ipywidgets<8.0.0,>=7.6.5->binance-historical-data==0.1.14->-r requirements.txt (line 16))
#84 8.968   Downloading widgetsnbextension-3.6.10-py2.py3-none-any.whl.metadata (1.3 kB)
#84 9.057 Collecting ipython>=4.0.0 (from ipywidgets<8.0.0,>=7.6.5->binance-historical-data==0.1.14->-r requirements.txt (line 16))
#84 9.057   Downloading ipython-9.15.0-py3-none-any.whl.metadata (4.7 kB)
#84 9.093 Collecting jupyterlab-widgets<3,>=1.0.0 (from ipywidgets<8.0.0,>=7.6.5->binance-historical-data==0.1.14->-r requirements.txt (line 16))
#84 9.098   Downloading jupyterlab_widgets-1.1.11-py3-none-any.whl.metadata (3.7 kB)
#84 9.227 Collecting python-dateutil>=2.8.2 (from pandas>=1.3.0->yfinance==0.2.55->-r requirements.txt (line 17))
#84 9.231   Downloading python_dateutil-2.9.0.post0-py2.py3-none-any.whl.metadata (8.4 kB)
#84 9.291 Collecting pyasn1<0.7.0,>=0.6.1 (from pyasn1-modules>=0.2.1->google-auth==2.25.2->-r requirements.txt (line 11))
#84 9.302   Downloading pyasn1-0.6.4-py3-none-any.whl.metadata (8.4 kB)
#84 9.335 Collecting annotated-types>=0.6.0 (from pydantic!=1.8,!=1.8.1,!=2.0.0,!=2.0.1,!=2.1.0,<3.0.0,>=1.7.4->fastapi==0.104.1->-r requirements.txt (line 1))
#84 9.339   Downloading annotated_types-0.8.0-py3-none-any.whl.metadata (15 kB)
#84 10.30 Collecting pydantic-core==2.46.4 (from pydantic!=1.8,!=1.8.1,!=2.0.0,!=2.0.1,!=2.1.0,<3.0.0,>=1.7.4->fastapi==0.104.1->-r requirements.txt (line 1))
#84 10.31   Downloading pydantic_core-2.46.4-cp311-cp311-manylinux_2_17_x86_64.manylinux2014_x86_64.whl.metadata (6.6 kB)
#84 10.32 Collecting typing-inspection>=0.4.2 (from pydantic!=1.8,!=1.8.1,!=2.0.0,!=2.0.1,!=2.1.0,<3.0.0,>=1.7.4->fastapi==0.104.1->-r requirements.txt (line 1))
#84 10.34   Downloading typing_inspection-0.4.2-py3-none-any.whl.metadata (2.6 kB)
#84 10.57 Collecting charset_normalizer<4,>=2 (from requests>=2.31->yfinance==0.2.55->-r requirements.txt (line 17))
#84 10.57   Downloading charset_normalizer-3.4.9-cp311-cp311-manylinux2014_x86_64.manylinux_2_17_x86_64.manylinux_2_28_x86_64.whl.metadata (41 kB)
#84 10.57      ━━━━━━━━━━━━━━━━━━━━━━━━━━━━━━━━━━━━━━━ 41.7/41.7 kB 201.5 MB/s eta 0:00:00
#84 10.91 Collecting decorator>=5.1.0 (from ipython>=4.0.0->ipywidgets<8.0.0,>=7.6.5->binance-historical-data==0.1.14->-r requirements.txt (line 16))
#84 10.91   Downloading decorator-5.3.1-py3-none-any.whl.metadata (3.9 kB)
#84 10.92 Collecting ipython-pygments-lexers>=1.0.0 (from ipython>=4.0.0->ipywidgets<8.0.0,>=7.6.5->binance-historical-data==0.1.14->-r requirements.txt (line 16))
#84 10.93   Downloading ipython_pygments_lexers-1.1.1-py3-none-any.whl.metadata (1.1 kB)
#84 10.97 Collecting jedi>=0.18.2 (from ipython>=4.0.0->ipywidgets<8.0.0,>=7.6.5->binance-historical-data==0.1.14->-r requirements.txt (line 16))
#84 10.98   Downloading jedi-0.20.0-py2.py3-none-any.whl.metadata (23 kB)
#84 11.00 Collecting matplotlib-inline>=0.1.6 (from ipython>=4.0.0->ipywidgets<8.0.0,>=7.6.5->binance-historical-data==0.1.14->-r requirements.txt (line 16))
#84 11.01   Downloading matplotlib_inline-0.2.2-py3-none-any.whl.metadata (2.4 kB)
#84 11.03 Collecting pexpect>4.6 (from ipython>=4.0.0->ipywidgets<8.0.0,>=7.6.5->binance-historical-data==0.1.14->-r requirements.txt (line 16))
#84 11.04   Downloading pexpect-4.9.0-py2.py3-none-any.whl.metadata (2.5 kB)
#84 11.11 Collecting prompt_toolkit<3.1.0,>=3.0.41 (from ipython>=4.0.0->ipywidgets<8.0.0,>=7.6.5->binance-historical-data==0.1.14->-r requirements.txt (line 16))
#84 11.11   Downloading prompt_toolkit-3.0.53-py3-none-any.whl.metadata (6.4 kB)
#84 11.12 INFO: pip is looking at multiple versions of ipython to determine which version is compatible with other requirements. This could take a while.
#84 11.13 Collecting ipython>=4.0.0 (from ipywidgets<8.0.0,>=7.6.5->binance-historical-data==0.1.14->-r requirements.txt (line 16))
#84 11.14   Downloading ipython-9.14.1-py3-none-any.whl.metadata (4.7 kB)
#84 11.19   Downloading ipython-9.14.0-py3-none-any.whl.metadata (4.7 kB)
#84 11.24   Downloading ipython-9.13.0-py3-none-any.whl.metadata (4.6 kB)
#84 11.28   Downloading ipython-9.10.1-py3-none-any.whl.metadata (4.6 kB)
#84 11.34 Collecting stack_data>=0.6.0 (from ipython>=4.0.0->ipywidgets<8.0.0,>=7.6.5->binance-historical-data==0.1.14->-r requirements.txt (line 16))
#84 11.35   Downloading stack_data-0.6.3-py3-none-any.whl.metadata (18 kB)
#84 11.44 Collecting six>=1.5 (from python-dateutil>=2.8.2->pandas>=1.3.0->yfinance==0.2.55->-r requirements.txt (line 17))
#84 11.45   Downloading six-1.17.0-py2.py3-none-any.whl.metadata (1.7 kB)
#84 11.57 Collecting notebook>=4.4.1 (from widgetsnbextension~=3.6.10->ipywidgets<8.0.0,>=7.6.5->binance-historical-data==0.1.14->-r requirements.txt (line 16))
#84 11.57   Downloading notebook-7.6.1-py3-none-any.whl.metadata (10 kB)
#84 11.66 Collecting parso<0.9.0,>=0.8.6 (from jedi>=0.18.2->ipython>=4.0.0->ipywidgets<8.0.0,>=7.6.5->binance-historical-data==0.1.14->-r requirements.txt (line 16))
#84 11.66   Downloading parso-0.8.7-py2.py3-none-any.whl.metadata (8.2 kB)
#84 11.72 Collecting jupyter-builder<2,>=1.0.2 (from notebook>=4.4.1->widgetsnbextension~=3.6.10->ipywidgets<8.0.0,>=7.6.5->binance-historical-data==0.1.14->-r requirements.txt (line 16))
#84 11.73   Downloading jupyter_builder-1.2.0-py3-none-any.whl.metadata (7.7 kB)
#84 11.78 Collecting jupyter-server<3,>=2.19.0 (from notebook>=4.4.1->widgetsnbextension~=3.6.10->ipywidgets<8.0.0,>=7.6.5->binance-historical-data==0.1.14->-r requirements.txt (line 16))
#84 11.78   Downloading jupyter_server-2.20.0-py3-none-any.whl.metadata (8.5 kB)
#84 11.83 Collecting jupyterlab-server<3,>=2.28.0 (from notebook>=4.4.1->widgetsnbextension~=3.6.10->ipywidgets<8.0.0,>=7.6.5->binance-historical-data==0.1.14->-r requirements.txt (line 16))
#84 11.84   Downloading jupyterlab_server-2.28.0-py3-none-any.whl.metadata (5.9 kB)
#84 12.00 Collecting jupyterlab<4.7,>=4.6.2 (from notebook>=4.4.1->widgetsnbextension~=3.6.10->ipywidgets<8.0.0,>=7.6.5->binance-historical-data==0.1.14->-r requirements.txt (line 16))
#84 12.00   Downloading jupyterlab-4.6.2-py3-none-any.whl.metadata (16 kB)
#84 12.02 Collecting notebook-shim<0.3,>=0.2 (from notebook>=4.4.1->widgetsnbextension~=3.6.10->ipywidgets<8.0.0,>=7.6.5->binance-historical-data==0.1.14->-r requirements.txt (line 16))
#84 12.03   Downloading notebook_shim-0.2.4-py3-none-any.whl.metadata (4.0 kB)
#84 12.08 Collecting tornado>=6.2.0 (from notebook>=4.4.1->widgetsnbextension~=3.6.10->ipywidgets<8.0.0,>=7.6.5->binance-historical-data==0.1.14->-r requirements.txt (line 16))
#84 12.10   Downloading tornado-6.5.7-cp39-abi3-manylinux1_x86_64.manylinux_2_28_x86_64.manylinux_2_5_x86_64.whl.metadata (2.8 kB)
#84 12.12 Collecting ptyprocess>=0.5 (from pexpect>4.6->ipython>=4.0.0->ipywidgets<8.0.0,>=7.6.5->binance-historical-data==0.1.14->-r requirements.txt (line 16))
#84 12.12   Downloading ptyprocess-0.7.0-py2.py3-none-any.whl.metadata (1.3 kB)
#84 12.16 Collecting wcwidth>=0.1.4 (from prompt_toolkit<3.1.0,>=3.0.41->ipython>=4.0.0->ipywidgets<8.0.0,>=7.6.5->binance-historical-data==0.1.14->-r requirements.txt (line 16))
#84 12.17   Downloading wcwidth-0.8.2-py3-none-any.whl.metadata (43 kB)
#84 12.17      ━━━━━━━━━━━━━━━━━━━━━━━━━━━━━━━━━━━━━━━ 43.3/43.3 kB 326.6 MB/s eta 0:00:00
#84 12.22 Collecting executing>=1.2.0 (from stack_data>=0.6.0->ipython>=4.0.0->ipywidgets<8.0.0,>=7.6.5->binance-historical-data==0.1.14->-r requirements.txt (line 16))
#84 12.22   Downloading executing-2.2.1-py2.py3-none-any.whl.metadata (8.9 kB)
#84 12.24 Collecting asttokens>=2.1.0 (from stack_data>=0.6.0->ipython>=4.0.0->ipywidgets<8.0.0,>=7.6.5->binance-historical-data==0.1.14->-r requirements.txt (line 16))
#84 12.25   Downloading asttokens-3.0.2-py3-none-any.whl.metadata (5.7 kB)
#84 12.26 Collecting pure-eval (from stack_data>=0.6.0->ipython>=4.0.0->ipywidgets<8.0.0,>=7.6.5->binance-historical-data==0.1.14->-r requirements.txt (line 16))
#84 12.27   Downloading pure_eval-0.2.3-py3-none-any.whl.metadata (6.3 kB)
#84 12.35 Collecting jupyter-core (from jupyter-builder<2,>=1.0.2->notebook>=4.4.1->widgetsnbextension~=3.6.10->ipywidgets<8.0.0,>=7.6.5->binance-historical-data==0.1.14->-r requirements.txt (line 16))
#84 12.35   Downloading jupyter_core-5.9.1-py3-none-any.whl.metadata (1.5 kB)
#84 12.42 Collecting argon2-cffi>=21.1 (from jupyter-server<3,>=2.19.0->notebook>=4.4.1->widgetsnbextension~=3.6.10->ipywidgets<8.0.0,>=7.6.5->binance-historical-data==0.1.14->-r requirements.txt (line 16))
#84 12.43   Downloading argon2_cffi-25.1.0-py3-none-any.whl.metadata (4.1 kB)
#84 12.45 Collecting jinja2>=3.0.3 (from jupyter-server<3,>=2.19.0->notebook>=4.4.1->widgetsnbextension~=3.6.10->ipywidgets<8.0.0,>=7.6.5->binance-historical-data==0.1.14->-r requirements.txt (line 16))
#84 12.45   Downloading jinja2-3.1.6-py3-none-any.whl.metadata (2.9 kB)
#84 12.49 Collecting jupyter-client>=7.4.4 (from jupyter-server<3,>=2.19.0->notebook>=4.4.1->widgetsnbextension~=3.6.10->ipywidgets<8.0.0,>=7.6.5->binance-historical-data==0.1.14->-r requirements.txt (line 16))
#84 12.49   Downloading jupyter_client-8.9.1-py3-none-any.whl.metadata (8.5 kB)
#84 12.53 Collecting jupyter-events>=0.11.0 (from jupyter-server<3,>=2.19.0->notebook>=4.4.1->widgetsnbextension~=3.6.10->ipywidgets<8.0.0,>=7.6.5->binance-historical-data==0.1.14->-r requirements.txt (line 16))
#84 12.53   Downloading jupyter_events-0.12.1-py3-none-any.whl.metadata (5.8 kB)
#84 12.56 Collecting jupyter-server-terminals>=0.4.4 (from jupyter-server<3,>=2.19.0->notebook>=4.4.1->widgetsnbextension~=3.6.10->ipywidgets<8.0.0,>=7.6.5->binance-historical-data==0.1.14->-r requirements.txt (line 16))
#84 12.57   Downloading jupyter_server_terminals-0.5.4-py3-none-any.whl.metadata (5.9 kB)
#84 12.61 Collecting nbconvert>=6.4.4 (from jupyter-server<3,>=2.19.0->notebook>=4.4.1->widgetsnbextension~=3.6.10->ipywidgets<8.0.0,>=7.6.5->binance-historical-data==0.1.14->-r requirements.txt (line 16))
#84 12.61   Downloading nbconvert-7.17.1-py3-none-any.whl.metadata (8.4 kB)
#84 12.64 Collecting nbformat>=5.3.0 (from jupyter-server<3,>=2.19.0->notebook>=4.4.1->widgetsnbextension~=3.6.10->ipywidgets<8.0.0,>=7.6.5->binance-historical-data==0.1.14->-r requirements.txt (line 16))
#84 12.65   Downloading nbformat-5.10.4-py3-none-any.whl.metadata (3.6 kB)
#84 12.67 Collecting overrides>=5.0 (from jupyter-server<3,>=2.19.0->notebook>=4.4.1->widgetsnbextension~=3.6.10->ipywidgets<8.0.0,>=7.6.5->binance-historical-data==0.1.14->-r requirements.txt (line 16))
#84 12.68   Downloading overrides-7.7.0-py3-none-any.whl.metadata (5.8 kB)
#84 12.71 Collecting prometheus-client>=0.9 (from jupyter-server<3,>=2.19.0->notebook>=4.4.1->widgetsnbextension~=3.6.10->ipywidgets<8.0.0,>=7.6.5->binance-historical-data==0.1.14->-r requirements.txt (line 16))
#84 12.72   Downloading prometheus_client-0.26.0-py3-none-any.whl.metadata (2.1 kB)
#84 13.25 Collecting pyzmq>=24 (from jupyter-server<3,>=2.19.0->notebook>=4.4.1->widgetsnbextension~=3.6.10->ipywidgets<8.0.0,>=7.6.5->binance-historical-data==0.1.14->-r requirements.txt (line 16))
#84 13.26   Downloading pyzmq-27.1.0-cp311-cp311-manylinux_2_26_x86_64.manylinux_2_28_x86_64.whl.metadata (6.0 kB)
#84 13.28 Collecting send2trash>=1.8.2 (from jupyter-server<3,>=2.19.0->notebook>=4.4.1->widgetsnbextension~=3.6.10->ipywidgets<8.0.0,>=7.6.5->binance-historical-data==0.1.14->-r requirements.txt (line 16))
#84 13.29   Downloading send2trash-2.1.0-py3-none-any.whl.metadata (4.1 kB)
#84 13.32 Collecting terminado>=0.8.3 (from jupyter-server<3,>=2.19.0->notebook>=4.4.1->widgetsnbextension~=3.6.10->ipywidgets<8.0.0,>=7.6.5->binance-historical-data==0.1.14->-r requirements.txt (line 16))
#84 13.33   Downloading terminado-0.18.1-py3-none-any.whl.metadata (5.8 kB)
#84 13.37 Collecting websocket-client>=1.7 (from jupyter-server<3,>=2.19.0->notebook>=4.4.1->widgetsnbextension~=3.6.10->ipywidgets<8.0.0,>=7.6.5->binance-historical-data==0.1.14->-r requirements.txt (line 16))
#84 13.37   Downloading websocket_client-1.9.0-py3-none-any.whl.metadata (8.3 kB)
#84 13.44 Collecting async-lru>=1.0.0 (from jupyterlab<4.7,>=4.6.2->notebook>=4.4.1->widgetsnbextension~=3.6.10->ipywidgets<8.0.0,>=7.6.5->binance-historical-data==0.1.14->-r requirements.txt (line 16))
#84 13.44   Downloading async_lru-2.3.0-py3-none-any.whl.metadata (7.6 kB)
#84 13.47 Collecting httpx<1,>=0.25.0 (from jupyterlab<4.7,>=4.6.2->notebook>=4.4.1->widgetsnbextension~=3.6.10->ipywidgets<8.0.0,>=7.6.5->binance-historical-data==0.1.14->-r requirements.txt (line 16))
#84 13.47   Downloading httpx-0.28.1-py3-none-any.whl.metadata (7.1 kB)
#84 13.53 Collecting ipykernel!=6.30.0,>=6.5.0 (from jupyterlab<4.7,>=4.6.2->notebook>=4.4.1->widgetsnbextension~=3.6.10->ipywidgets<8.0.0,>=7.6.5->binance-historical-data==0.1.14->-r requirements.txt (line 16))
#84 13.54   Downloading ipykernel-7.3.0-py3-none-any.whl.metadata (4.5 kB)
#84 13.56 Collecting jupyter-lsp>=2.0.0 (from jupyterlab<4.7,>=4.6.2->notebook>=4.4.1->widgetsnbextension~=3.6.10->ipywidgets<8.0.0,>=7.6.5->binance-historical-data==0.1.14->-r requirements.txt (line 16))
#84 13.56   Downloading jupyter_lsp-2.3.1-py3-none-any.whl.metadata (1.8 kB)
#84 13.63 Collecting babel>=2.10 (from jupyterlab-server<3,>=2.28.0->notebook>=4.4.1->widgetsnbextension~=3.6.10->ipywidgets<8.0.0,>=7.6.5->binance-historical-data==0.1.14->-r requirements.txt (line 16))
#84 13.64   Downloading babel-2.18.0-py3-none-any.whl.metadata (2.2 kB)
#84 13.66 Collecting json5>=0.9.0 (from jupyterlab-server<3,>=2.28.0->notebook>=4.4.1->widgetsnbextension~=3.6.10->ipywidgets<8.0.0,>=7.6.5->binance-historical-data==0.1.14->-r requirements.txt (line 16))
#84 13.67   Downloading json5-0.15.0-py3-none-any.whl.metadata (37 kB)
#84 13.71 Collecting jsonschema>=4.18.0 (from jupyterlab-server<3,>=2.28.0->notebook>=4.4.1->widgetsnbextension~=3.6.10->ipywidgets<8.0.0,>=7.6.5->binance-historical-data==0.1.14->-r requirements.txt (line 16))
#84 13.72   Downloading jsonschema-4.26.0-py3-none-any.whl.metadata (7.6 kB)
#84 13.88 Collecting argon2-cffi-bindings (from argon2-cffi>=21.1->jupyter-server<3,>=2.19.0->notebook>=4.4.1->widgetsnbextension~=3.6.10->ipywidgets<8.0.0,>=7.6.5->binance-historical-data==0.1.14->-r requirements.txt (line 16))
#84 13.89   Downloading argon2_cffi_bindings-25.1.0-cp39-abi3-manylinux_2_26_x86_64.manylinux_2_28_x86_64.whl.metadata (7.4 kB)
#84 13.99 Collecting httpcore==1.* (from httpx<1,>=0.25.0->jupyterlab<4.7,>=4.6.2->notebook>=4.4.1->widgetsnbextension~=3.6.10->ipywidgets<8.0.0,>=7.6.5->binance-historical-data==0.1.14->-r requirements.txt (line 16))
#84 13.99   Downloading httpcore-1.0.9-py3-none-any.whl.metadata (21 kB)
#84 14.20 Collecting debugpy>=1.6.5 (from ipykernel!=6.30.0,>=6.5.0->jupyterlab<4.7,>=4.6.2->notebook>=4.4.1->widgetsnbextension~=3.6.10->ipywidgets<8.0.0,>=7.6.5->binance-historical-data==0.1.14->-r requirements.txt (line 16))
#84 14.21   Downloading debugpy-1.8.21-cp311-cp311-manylinux_2_34_x86_64.whl.metadata (1.4 kB)
#84 14.27 Collecting nest-asyncio2>=1.7.0 (from ipykernel!=6.30.0,>=6.5.0->jupyterlab<4.7,>=4.6.2->notebook>=4.4.1->widgetsnbextension~=3.6.10->ipywidgets<8.0.0,>=7.6.5->binance-historical-data==0.1.14->-r requirements.txt (line 16))
#84 14.27   Downloading nest_asyncio2-1.7.2-py3-none-any.whl.metadata (6.3 kB)
#84 14.38 Collecting attrs>=22.2.0 (from jsonschema>=4.18.0->jupyterlab-server<3,>=2.28.0->notebook>=4.4.1->widgetsnbextension~=3.6.10->ipywidgets<8.0.0,>=7.6.5->binance-historical-data==0.1.14->-r requirements.txt (line 16))
#84 14.39   Downloading attrs-26.1.0-py3-none-any.whl.metadata (8.8 kB)
#84 14.41 Collecting jsonschema-specifications>=2023.03.6 (from jsonschema>=4.18.0->jupyterlab-server<3,>=2.28.0->notebook>=4.4.1->widgetsnbextension~=3.6.10->ipywidgets<8.0.0,>=7.6.5->binance-historical-data==0.1.14->-r requirements.txt (line 16))
#84 14.42   Downloading jsonschema_specifications-2025.9.1-py3-none-any.whl.metadata (2.9 kB)
#84 14.46 Collecting referencing>=0.28.4 (from jsonschema>=4.18.0->jupyterlab-server<3,>=2.28.0->notebook>=4.4.1->widgetsnbextension~=3.6.10->ipywidgets<8.0.0,>=7.6.5->binance-historical-data==0.1.14->-r requirements.txt (line 16))
#84 14.46   Downloading referencing-0.37.0-py3-none-any.whl.metadata (2.8 kB)
#84 14.78 Collecting rpds-py>=0.25.0 (from jsonschema>=4.18.0->jupyterlab-server<3,>=2.28.0->notebook>=4.4.1->widgetsnbextension~=3.6.10->ipywidgets<8.0.0,>=7.6.5->binance-historical-data==0.1.14->-r requirements.txt (line 16))
#84 14.78   Downloading rpds_py-2026.6.3-cp311-cp311-manylinux_2_17_x86_64.manylinux2014_x86_64.whl.metadata (4.1 kB)
#84 14.89 Collecting python-json-logger>=2.0.4 (from jupyter-events>=0.11.0->jupyter-server<3,>=2.19.0->notebook>=4.4.1->widgetsnbextension~=3.6.10->ipywidgets<8.0.0,>=7.6.5->binance-historical-data==0.1.14->-r requirements.txt (line 16))
#84 14.90   Downloading python_json_logger-4.1.0-py3-none-any.whl.metadata (3.7 kB)
#84 14.92 Collecting rfc3339-validator (from jupyter-events>=0.11.0->jupyter-server<3,>=2.19.0->notebook>=4.4.1->widgetsnbextension~=3.6.10->ipywidgets<8.0.0,>=7.6.5->binance-historical-data==0.1.14->-r requirements.txt (line 16))
#84 14.93   Downloading rfc3339_validator-0.1.4-py2.py3-none-any.whl.metadata (1.5 kB)
#84 14.94 Collecting rfc3986-validator>=0.1.1 (from jupyter-events>=0.11.0->jupyter-server<3,>=2.19.0->notebook>=4.4.1->widgetsnbextension~=3.6.10->ipywidgets<8.0.0,>=7.6.5->binance-historical-data==0.1.14->-r requirements.txt (line 16))
#84 14.96   Downloading rfc3986_validator-0.1.1-py2.py3-none-any.whl.metadata (1.7 kB)
#84 15.11 Collecting bleach!=5.0.0 (from bleach[css]!=5.0.0->nbconvert>=6.4.4->jupyter-server<3,>=2.19.0->notebook>=4.4.1->widgetsnbextension~=3.6.10->ipywidgets<8.0.0,>=7.6.5->binance-historical-data==0.1.14->-r requirements.txt (line 16))
#84 15.11   Downloading bleach-6.4.0-py3-none-any.whl.metadata (32 kB)
#84 15.18 Collecting defusedxml (from nbconvert>=6.4.4->jupyter-server<3,>=2.19.0->notebook>=4.4.1->widgetsnbextension~=3.6.10->ipywidgets<8.0.0,>=7.6.5->binance-historical-data==0.1.14->-r requirements.txt (line 16))
#84 15.19   Downloading defusedxml-0.7.1-py2.py3-none-any.whl.metadata (32 kB)
#84 15.22 Collecting jupyterlab-pygments (from nbconvert>=6.4.4->jupyter-server<3,>=2.19.0->notebook>=4.4.1->widgetsnbextension~=3.6.10->ipywidgets<8.0.0,>=7.6.5->binance-historical-data==0.1.14->-r requirements.txt (line 16))
#84 15.23   Downloading jupyterlab_pygments-0.3.0-py3-none-any.whl.metadata (4.4 kB)
#84 15.26 Collecting mistune<4,>=2.0.3 (from nbconvert>=6.4.4->jupyter-server<3,>=2.19.0->notebook>=4.4.1->widgetsnbextension~=3.6.10->ipywidgets<8.0.0,>=7.6.5->binance-historical-data==0.1.14->-r requirements.txt (line 16))
#84 15.26   Downloading mistune-3.3.4-py3-none-any.whl.metadata (1.9 kB)
#84 15.29 Collecting nbclient>=0.5.0 (from nbconvert>=6.4.4->jupyter-server<3,>=2.19.0->notebook>=4.4.1->widgetsnbextension~=3.6.10->ipywidgets<8.0.0,>=7.6.5->binance-historical-data==0.1.14->-r requirements.txt (line 16))
#84 15.30   Downloading nbclient-0.11.0-py3-none-any.whl.metadata (7.3 kB)
#84 15.32 Collecting pandocfilters>=1.4.1 (from nbconvert>=6.4.4->jupyter-server<3,>=2.19.0->notebook>=4.4.1->widgetsnbextension~=3.6.10->ipywidgets<8.0.0,>=7.6.5->binance-historical-data==0.1.14->-r requirements.txt (line 16))
#84 15.33   Downloading pandocfilters-1.5.1-py2.py3-none-any.whl.metadata (9.0 kB)
#84 15.39 Collecting fastjsonschema>=2.15 (from nbformat>=5.3.0->jupyter-server<3,>=2.19.0->notebook>=4.4.1->widgetsnbextension~=3.6.10->ipywidgets<8.0.0,>=7.6.5->binance-historical-data==0.1.14->-r requirements.txt (line 16))
#84 15.39   Downloading fastjsonschema-2.22.1-py3-none-any.whl.metadata (2.1 kB)
#84 15.63 Collecting webencodings (from bleach!=5.0.0->bleach[css]!=5.0.0->nbconvert>=6.4.4->jupyter-server<3,>=2.19.0->notebook>=4.4.1->widgetsnbextension~=3.6.10->ipywidgets<8.0.0,>=7.6.5->binance-historical-data==0.1.14->-r requirements.txt (line 16))
#84 15.63   Downloading webencodings-0.5.1-py2.py3-none-any.whl.metadata (2.1 kB)
#84 15.69 Collecting tinycss2>=1.1.0 (from bleach[css]!=5.0.0->nbconvert>=6.4.4->jupyter-server<3,>=2.19.0->notebook>=4.4.1->widgetsnbextension~=3.6.10->ipywidgets<8.0.0,>=7.6.5->binance-historical-data==0.1.14->-r requirements.txt (line 16))
#84 15.69   Downloading tinycss2-1.5.1-py3-none-any.whl.metadata (3.0 kB)
#84 15.86 Collecting fqdn (from jsonschema[format-nongpl]>=4.18.0->jupyter-events>=0.11.0->jupyter-server<3,>=2.19.0->notebook>=4.4.1->widgetsnbextension~=3.6.10->ipywidgets<8.0.0,>=7.6.5->binance-historical-data==0.1.14->-r requirements.txt (line 16))
#84 15.86   Downloading fqdn-1.5.1-py3-none-any.whl.metadata (1.4 kB)
#84 15.87 Collecting isoduration (from jsonschema[format-nongpl]>=4.18.0->jupyter-events>=0.11.0->jupyter-server<3,>=2.19.0->notebook>=4.4.1->widgetsnbextension~=3.6.10->ipywidgets<8.0.0,>=7.6.5->binance-historical-data==0.1.14->-r requirements.txt (line 16))
#84 15.88   Downloading isoduration-20.11.0-py3-none-any.whl.metadata (5.7 kB)
#84 15.91 Collecting jsonpointer>1.13 (from jsonschema[format-nongpl]>=4.18.0->jupyter-events>=0.11.0->jupyter-server<3,>=2.19.0->notebook>=4.4.1->widgetsnbextension~=3.6.10->ipywidgets<8.0.0,>=7.6.5->binance-historical-data==0.1.14->-r requirements.txt (line 16))
#84 15.91   Downloading jsonpointer-3.1.1-py3-none-any.whl.metadata (2.4 kB)
#84 15.93 Collecting rfc3987-syntax>=1.1.0 (from jsonschema[format-nongpl]>=4.18.0->jupyter-events>=0.11.0->jupyter-server<3,>=2.19.0->notebook>=4.4.1->widgetsnbextension~=3.6.10->ipywidgets<8.0.0,>=7.6.5->binance-historical-data==0.1.14->-r requirements.txt (line 16))
#84 15.94   Downloading rfc3987_syntax-1.1.0-py3-none-any.whl.metadata (7.7 kB)
#84 15.96 Collecting uri-template (from jsonschema[format-nongpl]>=4.18.0->jupyter-events>=0.11.0->jupyter-server<3,>=2.19.0->notebook>=4.4.1->widgetsnbextension~=3.6.10->ipywidgets<8.0.0,>=7.6.5->binance-historical-data==0.1.14->-r requirements.txt (line 16))
#84 15.96   Downloading uri_template-1.3.0-py3-none-any.whl.metadata (8.8 kB)
#84 15.99 Collecting webcolors>=24.6.0 (from jsonschema[format-nongpl]>=4.18.0->jupyter-events>=0.11.0->jupyter-server<3,>=2.19.0->notebook>=4.4.1->widgetsnbextension~=3.6.10->ipywidgets<8.0.0,>=7.6.5->binance-historical-data==0.1.14->-r requirements.txt (line 16))
#84 16.00   Downloading webcolors-25.10.0-py3-none-any.whl.metadata (2.2 kB)
#84 16.38 Collecting lark>=1.2.2 (from rfc3987-syntax>=1.1.0->jsonschema[format-nongpl]>=4.18.0->jupyter-events>=0.11.0->jupyter-server<3,>=2.19.0->notebook>=4.4.1->widgetsnbextension~=3.6.10->ipywidgets<8.0.0,>=7.6.5->binance-historical-data==0.1.14->-r requirements.txt (line 16))
#84 16.38   Downloading lark-1.3.1-py3-none-any.whl.metadata (1.8 kB)
#84 16.54 Collecting arrow>=0.15.0 (from isoduration->jsonschema[format-nongpl]>=4.18.0->jupyter-events>=0.11.0->jupyter-server<3,>=2.19.0->notebook>=4.4.1->widgetsnbextension~=3.6.10->ipywidgets<8.0.0,>=7.6.5->binance-historical-data==0.1.14->-r requirements.txt (line 16))
#84 16.55   Downloading arrow-1.4.0-py3-none-any.whl.metadata (7.7 kB)
#84 16.67 Collecting tzdata (from arrow>=0.15.0->isoduration->jsonschema[format-nongpl]>=4.18.0->jupyter-events>=0.11.0->jupyter-server<3,>=2.19.0->notebook>=4.4.1->widgetsnbextension~=3.6.10->ipywidgets<8.0.0,>=7.6.5->binance-historical-data==0.1.14->-r requirements.txt (line 16))
#84 16.68   Downloading tzdata-2026.3-py2.py3-none-any.whl.metadata (1.4 kB)
#84 16.79 Downloading fastapi-0.104.1-py3-none-any.whl (92 kB)
#84 16.79    ━━━━━━━━━━━━━━━━━━━━━━━━━━━━━━━━━━━━━━━━ 92.9/92.9 kB 256.9 MB/s eta 0:00:00
#84 16.80 Downloading uvicorn-0.24.0-py3-none-any.whl (59 kB)
#84 16.80    ━━━━━━━━━━━━━━━━━━━━━━━━━━━━━━━━━━━━━━━━ 59.6/59.6 kB 213.6 MB/s eta 0:00:00
#84 16.81 Downloading gunicorn-21.2.0-py3-none-any.whl (80 kB)
#84 16.83    ━━━━━━━━━━━━━━━━━━━━━━━━━━━━━━━━━━━━━━━━ 80.2/80.2 kB 184.9 MB/s eta 0:00:00
#84 16.83 Downloading python_multipart-0.0.6-py3-none-any.whl (45 kB)
#84 16.84    ━━━━━━━━━━━━━━━━━━━━━━━━━━━━━━━━━━━━━━━━ 45.7/45.7 kB 206.7 MB/s eta 0:00:00
#84 16.85 Downloading SQLAlchemy-2.0.23-cp311-cp311-manylinux_2_17_x86_64.manylinux2014_x86_64.whl (3.2 MB)
#84 16.87    ━━━━━━━━━━━━━━━━━━━━━━━━━━━━━━━━━━━━━━━━ 3.2/3.2 MB 129.3 MB/s eta 0:00:00
#84 16.89 Downloading psycopg2_binary-2.9.9-cp311-cp311-manylinux_2_17_x86_64.manylinux2014_x86_64.whl (3.0 MB)
#84 16.91    ━━━━━━━━━━━━━━━━━━━━━━━━━━━━━━━━━━━━━━━━ 3.0/3.0 MB 157.8 MB/s eta 0:00:00
#84 16.92 Downloading werkzeug-3.0.1-py3-none-any.whl (226 kB)
#84 16.93    ━━━━━━━━━━━━━━━━━━━━━━━━━━━━━━━━━━━━━━━ 226.7/226.7 kB 375.5 MB/s eta 0:00:00
#84 16.93 Downloading passlib-1.7.4-py2.py3-none-any.whl (525 kB)
#84 16.94    ━━━━━━━━━━━━━━━━━━━━━━━━━━━━━━━━━━━━━━━ 525.6/525.6 kB 378.1 MB/s eta 0:00:00
#84 16.94 Downloading bcrypt-3.2.2-cp36-abi3-manylinux_2_17_x86_64.manylinux2014_x86_64.manylinux_2_24_x86_64.whl (62 kB)
#84 16.95    ━━━━━━━━━━━━━━━━━━━━━━━━━━━━━━━━━━━━━━━━ 62.3/62.3 kB 232.5 MB/s eta 0:00:00
#84 16.95 Downloading google_api_python_client-2.114.0-py2.py3-none-any.whl (12.0 MB)
#84 17.05    ━━━━━━━━━━━━━━━━━━━━━━━━━━━━━━━━━━━━━━━━ 12.0/12.0 MB 131.3 MB/s eta 0:00:00
#84 17.06 Downloading google_auth-2.25.2-py2.py3-none-any.whl (184 kB)
#84 17.06    ━━━━━━━━━━━━━━━━━━━━━━━━━━━━━━━━━━━━━━━ 184.2/184.2 kB 382.0 MB/s eta 0:00:00
#84 17.07 Downloading google_auth_httplib2-0.2.0-py2.py3-none-any.whl (9.3 kB)
#84 17.08 Downloading msgpack-1.0.7-cp311-cp311-manylinux_2_17_x86_64.manylinux2014_x86_64.whl (557 kB)
#84 17.09    ━━━━━━━━━━━━━━━━━━━━━━━━━━━━━━━━━━━━━━━ 558.0/558.0 kB 108.0 MB/s eta 0:00:00
#84 17.09 Downloading binance_historical_data-0.1.14-py3-none-any.whl (12 kB)
#84 17.10 Downloading yfinance-0.2.55-py2.py3-none-any.whl (109 kB)
#84 17.10    ━━━━━━━━━━━━━━━━━━━━━━━━━━━━━━━━━━━━━━━ 109.8/109.8 kB 277.5 MB/s eta 0:00:00
#84 17.11 Downloading psutil-6.1.0-cp36-abi3-manylinux_2_12_x86_64.manylinux2010_x86_64.manylinux_2_17_x86_64.manylinux2014_x86_64.whl (287 kB)
#84 17.11    ━━━━━━━━━━━━━━━━━━━━━━━━━━━━━━━━━━━━━━━ 287.3/287.3 kB 193.2 MB/s eta 0:00:00
#84 17.12 Downloading numpy-1.26.4-cp311-cp311-manylinux_2_17_x86_64.manylinux2014_x86_64.whl (18.3 MB)
#84 17.27    ━━━━━━━━━━━━━━━━━━━━━━━━━━━━━━━━━━━━━━━━ 18.3/18.3 MB 122.9 MB/s eta 0:00:00
#84 17.28 Downloading redis-5.0.8-py3-none-any.whl (255 kB)
#84 17.28    ━━━━━━━━━━━━━━━━━━━━━━━━━━━━━━━━━━━━━━━ 255.6/255.6 kB 119.4 MB/s eta 0:00:00
#84 17.29 Downloading fakeredis-2.23.3-py3-none-any.whl (87 kB)
#84 17.29    ━━━━━━━━━━━━━━━━━━━━━━━━━━━━━━━━━━━━━━━━ 87.9/87.9 kB 183.6 MB/s eta 0:00:00
#84 17.31 Downloading PyJWT-2.10.1-py3-none-any.whl (22 kB)
#84 17.32 Downloading sentry_sdk-2.63.0-py3-none-any.whl (495 kB)
#84 17.33    ━━━━━━━━━━━━━━━━━━━━━━━━━━━━━━━━━━━━━━━ 495.9/495.9 kB 105.9 MB/s eta 0:00:00
#84 17.33 Downloading stripe-15.4.0-py3-none-any.whl (2.2 MB)
#84 17.37    ━━━━━━━━━━━━━━━━━━━━━━━━━━━━━━━━━━━━━━━━ 2.2/2.2 MB 66.7 MB/s eta 0:00:00
#84 17.38 Downloading pytest-9.1.1-py3-none-any.whl (386 kB)
#84 17.39    ━━━━━━━━━━━━━━━━━━━━━━━━━━━━━━━━━━━━━━━ 386.5/386.5 kB 139.0 MB/s eta 0:00:00
#84 17.40 Downloading anyio-3.7.1-py3-none-any.whl (80 kB)
#84 17.40    ━━━━━━━━━━━━━━━━━━━━━━━━━━━━━━━━━━━━━━━━ 80.9/80.9 kB 247.6 MB/s eta 0:00:00
#84 17.41 Downloading beautifulsoup4-4.15.0-py3-none-any.whl (109 kB)
#84 17.41    ━━━━━━━━━━━━━━━━━━━━━━━━━━━━━━━━━━━━━━━ 109.9/109.9 kB 270.5 MB/s eta 0:00:00
#84 17.42 Downloading cachetools-5.5.2-py3-none-any.whl (10 kB)
#84 17.43 Downloading cffi-2.1.0-cp311-cp311-manylinux2014_x86_64.manylinux_2_17_x86_64.whl (217 kB)
#84 17.43    ━━━━━━━━━━━━━━━━━━━━━━━━━━━━━━━━━━━━━━━━ 217.9/217.9 kB 82.5 MB/s eta 0:00:00
#84 17.44 Downloading char-0.1.2-py2.py3-none-any.whl (7.0 kB)
#84 17.45 Downloading click-8.4.2-py3-none-any.whl (119 kB)
#84 17.45    ━━━━━━━━━━━━━━━━━━━━━━━━━━━━━━━━━━━━━━━━ 119.2/119.2 kB 60.9 MB/s eta 0:00:00
#84 17.46 Downloading frozendict-2.4.7-py3-none-any.whl (16 kB)
#84 17.47 Downloading google_api_core-2.33.0-py3-none-any.whl (176 kB)
#84 17.47    ━━━━━━━━━━━━━━━━━━━━━━━━━━━━━━━━━━━━━━━ 176.5/176.5 kB 309.5 MB/s eta 0:00:00
#84 17.48 Downloading greenlet-3.5.4-cp311-cp311-manylinux_2_24_x86_64.manylinux_2_28_x86_64.whl (624 kB)
#84 17.49    ━━━━━━━━━━━━━━━━━━━━━━━━━━━━━━━━━━━━━━━ 624.7/624.7 kB 284.9 MB/s eta 0:00:00
#84 17.50 Downloading h11-0.16.0-py3-none-any.whl (37 kB)
#84 17.51 Downloading httplib2-0.32.0-py3-none-any.whl (93 kB)
#84 17.51    ━━━━━━━━━━━━━━━━━━━━━━━━━━━━━━━━━━━━━━━━ 93.1/93.1 kB 268.1 MB/s eta 0:00:00
#84 17.52 Downloading httptools-0.8.0-cp311-cp311-manylinux1_x86_64.manylinux_2_28_x86_64.manylinux_2_5_x86_64.whl (464 kB)
#84 17.52    ━━━━━━━━━━━━━━━━━━━━━━━━━━━━━━━━━━━━━━━ 464.7/464.7 kB 270.8 MB/s eta 0:00:00
#84 17.53 Downloading iniconfig-2.3.0-py3-none-any.whl (7.5 kB)
#84 17.54 Downloading ipywidgets-7.8.5-py2.py3-none-any.whl (124 kB)
#84 17.54    ━━━━━━━━━━━━━━━━━━━━━━━━━━━━━━━━━━━━━━━ 124.1/124.1 kB 252.6 MB/s eta 0:00:00
#84 17.55 Downloading markupsafe-3.0.3-cp311-cp311-manylinux2014_x86_64.manylinux_2_17_x86_64.manylinux_2_28_x86_64.whl (22 kB)
#84 17.55 Downloading mpire-2.10.2-py3-none-any.whl (272 kB)
#84 17.56    ━━━━━━━━━━━━━━━━━━━━━━━━━━━━━━━━━━━━━━━ 272.8/272.8 kB 141.9 MB/s eta 0:00:00
#84 17.57 Downloading multitasking-0.0.13-py3-none-any.whl (16 kB)
#84 17.57 Downloading pandas-3.0.5-cp311-cp311-manylinux_2_24_x86_64.manylinux_2_28_x86_64.whl (11.3 MB)
#84 17.67    ━━━━━━━━━━━━━━━━━━━━━━━━━━━━━━━━━━━━━━━━ 11.3/11.3 MB 127.6 MB/s eta 0:00:00
#84 17.67 Downloading peewee-4.2.6-py3-none-any.whl (173 kB)
#84 17.68    ━━━━━━━━━━━━━━━━━━━━━━━━━━━━━━━━━━━━━━━ 173.8/173.8 kB 281.0 MB/s eta 0:00:00
#84 17.68 Downloading platformdirs-4.11.0-py3-none-any.whl (23 kB)
#84 17.69 Downloading pluggy-1.6.0-py3-none-any.whl (20 kB)
#84 17.70 Downloading pyasn1_modules-0.4.2-py3-none-any.whl (181 kB)
#84 17.70    ━━━━━━━━━━━━━━━━━━━━━━━━━━━━━━━━━━━━━━━ 181.3/181.3 kB 309.4 MB/s eta 0:00:00
#84 17.71 Downloading pydantic-2.13.4-py3-none-any.whl (472 kB)
#84 17.72    ━━━━━━━━━━━━━━━━━━━━━━━━━━━━━━━━━━━━━━━ 472.3/472.3 kB 102.8 MB/s eta 0:00:00
#84 17.73 Downloading pydantic_core-2.46.4-cp311-cp311-manylinux_2_17_x86_64.manylinux2014_x86_64.whl (2.1 MB)
#84 17.75    ━━━━━━━━━━━━━━━━━━━━━━━━━━━━━━━━━━━━━━━━ 2.1/2.1 MB 121.3 MB/s eta 0:00:00
#84 17.76 Downloading pygments-2.20.0-py3-none-any.whl (1.2 MB)
#84 17.77    ━━━━━━━━━━━━━━━━━━━━━━━━━━━━━━━━━━━━━━━━ 1.2/1.2 MB 148.1 MB/s eta 0:00:00
#84 17.78 Downloading python_dotenv-1.2.2-py3-none-any.whl (22 kB)
#84 17.78 Downloading pytz-2026.3.post1-py2.py3-none-any.whl (508 kB)
#84 17.79    ━━━━━━━━━━━━━━━━━━━━━━━━━━━━━━━━━━━━━━━ 508.3/508.3 kB 285.6 MB/s eta 0:00:00
#84 17.79 Downloading pyyaml-6.0.3-cp311-cp311-manylinux2014_x86_64.manylinux_2_17_x86_64.manylinux_2_28_x86_64.whl (806 kB)
#84 17.80    ━━━━━━━━━━━━━━━━━━━━━━━━━━━━━━━━━━━━━━━ 806.6/806.6 kB 182.2 MB/s eta 0:00:00
#84 17.81 Downloading requests-2.34.2-py3-none-any.whl (73 kB)
#84 17.81    ━━━━━━━━━━━━━━━━━━━━━━━━━━━━━━━━━━━━━━━━ 73.1/73.1 kB 186.2 MB/s eta 0:00:00
#84 17.81 Downloading certifi-2026.7.22-py3-none-any.whl (136 kB)
#84 17.82    ━━━━━━━━━━━━━━━━━━━━━━━━━━━━━━━━━━━━━━━ 137.0/137.0 kB 303.8 MB/s eta 0:00:00
#84 17.83 Downloading rsa-4.9.1-py3-none-any.whl (34 kB)
#84 17.83 Downloading sortedcontainers-2.4.0-py2.py3-none-any.whl (29 kB)
#84 17.84 Downloading starlette-0.27.0-py3-none-any.whl (66 kB)
#84 17.84    ━━━━━━━━━━━━━━━━━━━━━━━━━━━━━━━━━━━━━━━━ 67.0/67.0 kB 307.1 MB/s eta 0:00:00
#84 17.85 Downloading tqdm-4.70.0-py3-none-any.whl (80 kB)
#84 17.86    ━━━━━━━━━━━━━━━━━━━━━━━━━━━━━━━━━━━━━━━━ 80.2/80.2 kB 193.7 MB/s eta 0:00:00
#84 17.86 Downloading typing_extensions-4.16.0-py3-none-any.whl (45 kB)
#84 17.87    ━━━━━━━━━━━━━━━━━━━━━━━━━━━━━━━━━━━━━━━━ 45.6/45.6 kB 183.4 MB/s eta 0:00:00
#84 17.88 Downloading uritemplate-4.2.0-py3-none-any.whl (11 kB)
#84 17.88 Downloading urllib3-2.7.0-py3-none-any.whl (131 kB)
#84 17.89    ━━━━━━━━━━━━━━━━━━━━━━━━━━━━━━━━━━━━━━━ 131.1/131.1 kB 207.1 MB/s eta 0:00:00
#84 17.89 Downloading uvloop-0.22.1-cp311-cp311-manylinux2014_x86_64.manylinux_2_17_x86_64.manylinux_2_28_x86_64.whl (3.8 MB)
#84 17.92    ━━━━━━━━━━━━━━━━━━━━━━━━━━━━━━━━━━━━━━━━ 3.8/3.8 MB 127.3 MB/s eta 0:00:00
#84 17.93 Downloading watchfiles-1.2.0-cp311-cp311-manylinux_2_17_x86_64.manylinux2014_x86_64.whl (456 kB)
#84 17.94    ━━━━━━━━━━━━━━━━━━━━━━━━━━━━━━━━━━━━━━━ 456.9/456.9 kB 288.6 MB/s eta 0:00:00
#84 17.95 Downloading websockets-17.0-cp311-cp311-manylinux1_x86_64.manylinux_2_28_x86_64.manylinux_2_5_x86_64.whl (220 kB)
#84 17.95    ━━━━━━━━━━━━━━━━━━━━━━━━━━━━━━━━━━━━━━━ 220.0/220.0 kB 414.6 MB/s eta 0:00:00
#84 17.96 Downloading annotated_types-0.8.0-py3-none-any.whl (13 kB)
#84 17.96 Downloading charset_normalizer-3.4.9-cp311-cp311-manylinux2014_x86_64.manylinux_2_17_x86_64.manylinux_2_28_x86_64.whl (221 kB)
#84 17.97    ━━━━━━━━━━━━━━━━━━━━━━━━━━━━━━━━━━━━━━━ 221.3/221.3 kB 313.6 MB/s eta 0:00:00
#84 17.97 Downloading comm-0.2.3-py3-none-any.whl (7.3 kB)
#84 17.98 Downloading googleapis_common_protos-1.75.0-py3-none-any.whl (300 kB)
#84 17.99    ━━━━━━━━━━━━━━━━━━━━━━━━━━━━━━━━━━━━━━━ 300.6/300.6 kB 302.0 MB/s eta 0:00:00
#84 17.99 Downloading idna-3.18-py3-none-any.whl (65 kB)
#84 18.00    ━━━━━━━━━━━━━━━━━━━━━━━━━━━━━━━━━━━━━━━━ 65.5/65.5 kB 250.8 MB/s eta 0:00:00
#84 18.00 Downloading ipython-9.10.1-py3-none-any.whl (622 kB)
#84 18.01    ━━━━━━━━━━━━━━━━━━━━━━━━━━━━━━━━━━━━━━━ 622.8/622.8 kB 132.7 MB/s eta 0:00:00
#84 18.02 Downloading ipython_genutils-0.2.0-py2.py3-none-any.whl (26 kB)
#84 18.03 Downloading jupyterlab_widgets-1.1.11-py3-none-any.whl (246 kB)
#84 18.03    ━━━━━━━━━━━━━━━━━━━━━━━━━━━━━━━━━━━━━━━ 246.9/246.9 kB 263.1 MB/s eta 0:00:00
#84 18.04 Downloading proto_plus-1.28.2-py3-none-any.whl (50 kB)
#84 18.04    ━━━━━━━━━━━━━━━━━━━━━━━━━━━━━━━━━━━━━━━━ 50.7/50.7 kB 217.0 MB/s eta 0:00:00
#84 18.05 Downloading protobuf-7.35.1-cp310-abi3-manylinux2014_x86_64.whl (327 kB)
#84 18.06    ━━━━━━━━━━━━━━━━━━━━━━━━━━━━━━━━━━━━━━━━ 327.1/327.1 kB 65.1 MB/s eta 0:00:00
#84 18.07 Downloading pyasn1-0.6.4-py3-none-any.whl (84 kB)
#84 18.07    ━━━━━━━━━━━━━━━━━━━━━━━━━━━━━━━━━━━━━━━━ 84.4/84.4 kB 186.4 MB/s eta 0:00:00
#84 18.08 Downloading pyparsing-3.3.2-py3-none-any.whl (122 kB)
#84 18.08    ━━━━━━━━━━━━━━━━━━━━━━━━━━━━━━━━━━━━━━━━ 122.8/122.8 kB 37.3 MB/s eta 0:00:00
#84 18.09 Downloading python_dateutil-2.9.0.post0-py2.py3-none-any.whl (229 kB)
#84 18.09    ━━━━━━━━━━━━━━━━━━━━━━━━━━━━━━━━━━━━━━━ 229.9/229.9 kB 387.9 MB/s eta 0:00:00
#84 18.10 Downloading sniffio-1.3.1-py3-none-any.whl (10 kB)
#84 18.11 Downloading soupsieve-2.9.1-py3-none-any.whl (37 kB)
#84 18.12 Downloading traitlets-5.15.1-py3-none-any.whl (85 kB)
#84 18.12    ━━━━━━━━━━━━━━━━━━━━━━━━━━━━━━━━━━━━━━━━ 85.9/85.9 kB 212.7 MB/s eta 0:00:00
#84 18.13 Downloading typing_inspection-0.4.2-py3-none-any.whl (14 kB)
#84 18.14 Downloading widgetsnbextension-3.6.10-py2.py3-none-any.whl (1.6 MB)
#84 18.16    ━━━━━━━━━━━━━━━━━━━━━━━━━━━━━━━━━━━━━━━━ 1.6/1.6 MB 109.6 MB/s eta 0:00:00
#84 18.17 Downloading pycparser-3.0-py3-none-any.whl (48 kB)
#84 18.17    ━━━━━━━━━━━━━━━━━━━━━━━━━━━━━━━━━━━━━━━━ 48.2/48.2 kB 205.5 MB/s eta 0:00:00
#84 18.18 Downloading decorator-5.3.1-py3-none-any.whl (10 kB)
#84 18.19 Downloading ipython_pygments_lexers-1.1.1-py3-none-any.whl (8.1 kB)
#84 18.19 Downloading jedi-0.20.0-py2.py3-none-any.whl (4.9 MB)
#84 18.24    ━━━━━━━━━━━━━━━━━━━━━━━━━━━━━━━━━━━━━━━━ 4.9/4.9 MB 119.8 MB/s eta 0:00:00
#84 18.24 Downloading matplotlib_inline-0.2.2-py3-none-any.whl (9.5 kB)
#84 18.26 Downloading notebook-7.6.1-py3-none-any.whl (5.5 MB)
#84 18.31    ━━━━━━━━━━━━━━━━━━━━━━━━━━━━━━━━━━━━━━━━ 5.5/5.5 MB 118.3 MB/s eta 0:00:00
#84 18.31 Downloading pexpect-4.9.0-py2.py3-none-any.whl (63 kB)
#84 18.32    ━━━━━━━━━━━━━━━━━━━━━━━━━━━━━━━━━━━━━━━━ 63.8/63.8 kB 45.2 MB/s eta 0:00:00
#84 18.33 Downloading prompt_toolkit-3.0.53-py3-none-any.whl (392 kB)
#84 18.33    ━━━━━━━━━━━━━━━━━━━━━━━━━━━━━━━━━━━━━━━ 392.3/392.3 kB 145.3 MB/s eta 0:00:00
#84 18.34 Downloading six-1.17.0-py2.py3-none-any.whl (11 kB)
#84 18.34 Downloading stack_data-0.6.3-py3-none-any.whl (24 kB)
#84 18.35 Downloading asttokens-3.0.2-py3-none-any.whl (28 kB)
#84 18.35 Downloading executing-2.2.1-py2.py3-none-any.whl (28 kB)
#84 18.36 Downloading jupyter_builder-1.2.0-py3-none-any.whl (914 kB)
#84 18.37    ━━━━━━━━━━━━━━━━━━━━━━━━━━━━━━━━━━━━━━━ 914.5/914.5 kB 198.6 MB/s eta 0:00:00
#84 18.38 Downloading jupyter_server-2.20.0-py3-none-any.whl (393 kB)
#84 18.39    ━━━━━━━━━━━━━━━━━━━━━━━━━━━━━━━━━━━━━━━ 393.1/393.1 kB 152.6 MB/s eta 0:00:00
#84 18.40 Downloading jupyterlab-4.6.2-py3-none-any.whl (17.2 MB)
#84 18.54    ━━━━━━━━━━━━━━━━━━━━━━━━━━━━━━━━━━━━━━━━ 17.2/17.2 MB 125.3 MB/s eta 0:00:00
#84 18.54 Downloading jupyterlab_server-2.28.0-py3-none-any.whl (59 kB)
#84 18.55    ━━━━━━━━━━━━━━━━━━━━━━━━━━━━━━━━━━━━━━━━ 59.8/59.8 kB 256.7 MB/s eta 0:00:00
#84 18.55 Downloading notebook_shim-0.2.4-py3-none-any.whl (13 kB)
#84 18.56 Downloading parso-0.8.7-py2.py3-none-any.whl (107 kB)
#84 18.56    ━━━━━━━━━━━━━━━━━━━━━━━━━━━━━━━━━━━━━━━ 107.0/107.0 kB 297.9 MB/s eta 0:00:00
#84 18.56 Downloading ptyprocess-0.7.0-py2.py3-none-any.whl (13 kB)
#84 18.57 Downloading tornado-6.5.7-cp39-abi3-manylinux1_x86_64.manylinux_2_28_x86_64.manylinux_2_5_x86_64.whl (449 kB)
#84 18.58    ━━━━━━━━━━━━━━━━━━━━━━━━━━━━━━━━━━━━━━━ 449.8/449.8 kB 182.4 MB/s eta 0:00:00
#84 18.58 Downloading wcwidth-0.8.2-py3-none-any.whl (323 kB)
#84 18.59    ━━━━━━━━━━━━━━━━━━━━━━━━━━━━━━━━━━━━━━━ 323.2/323.2 kB 135.8 MB/s eta 0:00:00
#84 18.60 Downloading pure_eval-0.2.3-py3-none-any.whl (11 kB)
#84 18.60 Downloading argon2_cffi-25.1.0-py3-none-any.whl (14 kB)
#84 18.61 Downloading async_lru-2.3.0-py3-none-any.whl (8.4 kB)
#84 18.61 Downloading babel-2.18.0-py3-none-any.whl (10.2 MB)
#84 18.71    ━━━━━━━━━━━━━━━━━━━━━━━━━━━━━━━━━━━━━━━━ 10.2/10.2 MB 113.1 MB/s eta 0:00:00
#84 18.72 Downloading httpx-0.28.1-py3-none-any.whl (73 kB)
#84 18.73    ━━━━━━━━━━━━━━━━━━━━━━━━━━━━━━━━━━━━━━━━ 73.5/73.5 kB 222.3 MB/s eta 0:00:00
#84 18.74 Downloading httpcore-1.0.9-py3-none-any.whl (78 kB)
#84 18.75    ━━━━━━━━━━━━━━━━━━━━━━━━━━━━━━━━━━━━━━━━ 78.8/78.8 kB 57.7 MB/s eta 0:00:00
#84 18.76 Downloading ipykernel-7.3.0-py3-none-any.whl (120 kB)
#84 18.76    ━━━━━━━━━━━━━━━━━━━━━━━━━━━━━━━━━━━━━━━ 120.6/120.6 kB 266.5 MB/s eta 0:00:00
#84 18.77 Downloading jinja2-3.1.6-py3-none-any.whl (134 kB)
#84 18.77    ━━━━━━━━━━━━━━━━━━━━━━━━━━━━━━━━━━━━━━━ 134.9/134.9 kB 257.4 MB/s eta 0:00:00
#84 18.78 Downloading json5-0.15.0-py3-none-any.whl (36 kB)
#84 18.79 Downloading jsonschema-4.26.0-py3-none-any.whl (90 kB)
#84 18.79    ━━━━━━━━━━━━━━━━━━━━━━━━━━━━━━━━━━━━━━━━ 90.6/90.6 kB 226.2 MB/s eta 0:00:00
#84 18.80 Downloading jupyter_client-8.9.1-py3-none-any.whl (109 kB)
#84 18.80    ━━━━━━━━━━━━━━━━━━━━━━━━━━━━━━━━━━━━━━━ 109.8/109.8 kB 266.0 MB/s eta 0:00:00
#84 18.81 Downloading jupyter_core-5.9.1-py3-none-any.whl (29 kB)
#84 18.82 Downloading jupyter_events-0.12.1-py3-none-any.whl (19 kB)
#84 18.82 Downloading jupyter_lsp-2.3.1-py3-none-any.whl (77 kB)
#84 18.83    ━━━━━━━━━━━━━━━━━━━━━━━━━━━━━━━━━━━━━━━━ 77.5/77.5 kB 260.0 MB/s eta 0:00:00
#84 18.84 Downloading jupyter_server_terminals-0.5.4-py3-none-any.whl (13 kB)
#84 18.85 Downloading nbconvert-7.17.1-py3-none-any.whl (261 kB)
#84 18.86    ━━━━━━━━━━━━━━━━━━━━━━━━━━━━━━━━━━━━━━━ 261.9/261.9 kB 238.5 MB/s eta 0:00:00
#84 18.87 Downloading nbformat-5.10.4-py3-none-any.whl (78 kB)
#84 18.87    ━━━━━━━━━━━━━━━━━━━━━━━━━━━━━━━━━━━━━━━━ 78.5/78.5 kB 133.0 MB/s eta 0:00:00
#84 18.88 Downloading overrides-7.7.0-py3-none-any.whl (17 kB)
#84 18.89 Downloading prometheus_client-0.26.0-py3-none-any.whl (64 kB)
#84 18.89    ━━━━━━━━━━━━━━━━━━━━━━━━━━━━━━━━━━━━━━━━ 64.5/64.5 kB 22.4 MB/s eta 0:00:00
#84 18.90 Downloading pyzmq-27.1.0-cp311-cp311-manylinux_2_26_x86_64.manylinux_2_28_x86_64.whl (857 kB)
#84 18.91    ━━━━━━━━━━━━━━━━━━━━━━━━━━━━━━━━━━━━━━━ 857.0/857.0 kB 172.8 MB/s eta 0:00:00
#84 18.92 Downloading send2trash-2.1.0-py3-none-any.whl (17 kB)
#84 18.93 Downloading terminado-0.18.1-py3-none-any.whl (14 kB)
#84 18.94 Downloading websocket_client-1.9.0-py3-none-any.whl (82 kB)
#84 18.94    ━━━━━━━━━━━━━━━━━━━━━━━━━━━━━━━━━━━━━━━━ 82.6/82.6 kB 220.3 MB/s eta 0:00:00
#84 18.95 Downloading attrs-26.1.0-py3-none-any.whl (67 kB)
#84 18.95    ━━━━━━━━━━━━━━━━━━━━━━━━━━━━━━━━━━━━━━━━ 67.5/67.5 kB 153.7 MB/s eta 0:00:00
#84 18.96 Downloading bleach-6.4.0-py3-none-any.whl (165 kB)
#84 18.96    ━━━━━━━━━━━━━━━━━━━━━━━━━━━━━━━━━━━━━━━ 165.1/165.1 kB 199.8 MB/s eta 0:00:00
#84 18.97 Downloading debugpy-1.8.21-cp311-cp311-manylinux_2_34_x86_64.whl (3.1 MB)
#84 19.01    ━━━━━━━━━━━━━━━━━━━━━━━━━━━━━━━━━━━━━━━━ 3.1/3.1 MB 124.6 MB/s eta 0:00:00
#84 19.02 Downloading fastjsonschema-2.22.1-py3-none-any.whl (26 kB)
#84 19.02 Downloading jsonschema_specifications-2025.9.1-py3-none-any.whl (18 kB)
#84 19.03 Downloading mistune-3.3.4-py3-none-any.whl (66 kB)
#84 19.04    ━━━━━━━━━━━━━━━━━━━━━━━━━━━━━━━━━━━━━━━━ 66.9/66.9 kB 177.2 MB/s eta 0:00:00
#84 19.04 Downloading nbclient-0.11.0-py3-none-any.whl (25 kB)
#84 19.05 Downloading nest_asyncio2-1.7.2-py3-none-any.whl (7.8 kB)
#84 19.06 Downloading pandocfilters-1.5.1-py2.py3-none-any.whl (8.7 kB)
#84 19.06 Downloading python_json_logger-4.1.0-py3-none-any.whl (15 kB)
#84 19.07 Downloading referencing-0.37.0-py3-none-any.whl (26 kB)
#84 19.08 Downloading rfc3986_validator-0.1.1-py2.py3-none-any.whl (4.2 kB)
#84 19.08 Downloading rpds_py-2026.6.3-cp311-cp311-manylinux_2_17_x86_64.manylinux2014_x86_64.whl (371 kB)
#84 19.09    ━━━━━━━━━━━━━━━━━━━━━━━━━━━━━━━━━━━━━━━ 371.3/371.3 kB 209.9 MB/s eta 0:00:00
#84 19.09 Downloading argon2_cffi_bindings-25.1.0-cp39-abi3-manylinux_2_26_x86_64.manylinux_2_28_x86_64.whl (87 kB)
#84 19.10    ━━━━━━━━━━━━━━━━━━━━━━━━━━━━━━━━━━━━━━━━ 87.1/87.1 kB 137.2 MB/s eta 0:00:00
#84 19.11 Downloading defusedxml-0.7.1-py2.py3-none-any.whl (25 kB)
#84 19.11 Downloading jupyterlab_pygments-0.3.0-py3-none-any.whl (15 kB)
#84 19.12 Downloading rfc3339_validator-0.1.4-py2.py3-none-any.whl (3.5 kB)
#84 19.13 Downloading jsonpointer-3.1.1-py3-none-any.whl (7.7 kB)
#84 19.13 Downloading rfc3987_syntax-1.1.0-py3-none-any.whl (8.0 kB)
#84 19.14 Downloading tinycss2-1.5.1-py3-none-any.whl (28 kB)
#84 19.15 Downloading webcolors-25.10.0-py3-none-any.whl (14 kB)
#84 19.15 Downloading webencodings-0.5.1-py2.py3-none-any.whl (11 kB)
#84 19.16 Downloading fqdn-1.5.1-py3-none-any.whl (9.1 kB)
#84 19.17 Downloading isoduration-20.11.0-py3-none-any.whl (11 kB)
#84 19.17 Downloading uri_template-1.3.0-py3-none-any.whl (11 kB)
#84 19.18 Downloading arrow-1.4.0-py3-none-any.whl (68 kB)
#84 19.18    ━━━━━━━━━━━━━━━━━━━━━━━━━━━━━━━━━━━━━━━━ 68.8/68.8 kB 247.9 MB/s eta 0:00:00
#84 19.19 Downloading lark-1.3.1-py3-none-any.whl (113 kB)
#84 19.19    ━━━━━━━━━━━━━━━━━━━━━━━━━━━━━━━━━━━━━━━ 113.2/113.2 kB 269.8 MB/s eta 0:00:00
#84 19.19 Downloading tzdata-2026.3-py2.py3-none-any.whl (348 kB)
#84 19.20    ━━━━━━━━━━━━━━━━━━━━━━━━━━━━━━━━━━━━━━━ 348.2/348.2 kB 252.6 MB/s eta 0:00:00
#84 20.56 Installing collected packages: webencodings, sortedcontainers, pytz, pure-eval, ptyprocess, peewee, passlib, multitasking, ipython-genutils, char, websockets, websocket-client, webcolors, wcwidth, uvloop, urllib3, uritemplate, uri-template, tzdata, typing-extensions, traitlets, tqdm, tornado, tinycss2, soupsieve, sniffio, six, send2trash, rpds-py, rfc3986-validator, redis, pyzmq, pyyaml, python-multipart, python-json-logger, python-dotenv, pyparsing, PyJWT, pygments, pycparser, pyasn1, psycopg2-binary, psutil, protobuf, prometheus-client, pluggy, platformdirs, pexpect, parso, pandocfilters, overrides, numpy, nest-asyncio2, msgpack, mistune, MarkupSafe, lark, jupyterlab-widgets, jupyterlab-pygments, jsonpointer, json5, iniconfig, idna, httptools, h11, gunicorn, greenlet, frozendict, fqdn, fastjsonschema, executing, defusedxml, decorator, debugpy, comm, click, charset_normalizer, certifi, cachetools, bleach, babel, attrs, async-lru, asttokens, annotated-types, werkzeug, uvicorn, typing-inspection, terminado, stack_data, sqlalchemy, sentry-sdk, rsa, rfc3987-syntax, rfc3339-validator, requests, referencing, python-dateutil, pytest, pydantic-core, pyasn1-modules, proto-plus, prompt_toolkit, mpire, matplotlib-inline, jupyter-core, jinja2, jedi, ipython-pygments-lexers, httplib2, httpcore, googleapis-common-protos, fakeredis, cffi, beautifulsoup4, anyio, watchfiles, stripe, starlette, pydantic, pandas, jupyter-server-terminals, jupyter-client, jupyter-builder, jsonschema-specifications, ipython, httpx, google-auth, bcrypt, arrow, argon2-cffi-bindings, yfinance, jsonschema, isoduration, ipykernel, google-auth-httplib2, google-api-core, fastapi, argon2-cffi, nbformat, google-api-python-client, nbclient, jupyter-events, nbconvert, jupyter-server, notebook-shim, jupyterlab-server, jupyter-lsp, jupyterlab, notebook, widgetsnbextension, ipywidgets, binance-historical-data
#84 ...

#82 [homepage builder 22/22] RUN npm run build
#82 76.10  ✓ Compiled successfully in 73s
#82 76.11    Linting and checking validity of types ...
#82 ...

#84 [trading-chart stage-1  5/22] RUN pip install --no-cache-dir -r requirements.txt
#84 49.32 Successfully installed MarkupSafe-3.0.3 PyJWT-2.10.1 annotated-types-0.8.0 anyio-3.7.1 argon2-cffi-25.1.0 argon2-cffi-bindings-25.1.0 arrow-1.4.0 asttokens-3.0.2 async-lru-2.3.0 attrs-26.1.0 babel-2.18.0 bcrypt-3.2.2 beautifulsoup4-4.15.0 binance-historical-data-0.1.14 bleach-6.4.0 cachetools-5.5.2 certifi-2026.7.22 cffi-2.1.0 char-0.1.2 charset_normalizer-3.4.9 click-8.4.2 comm-0.2.3 debugpy-1.8.21 decorator-5.3.1 defusedxml-0.7.1 executing-2.2.1 fakeredis-2.23.3 fastapi-0.104.1 fastjsonschema-2.22.1 fqdn-1.5.1 frozendict-2.4.7 google-api-core-2.33.0 google-api-python-client-2.114.0 google-auth-2.25.2 google-auth-httplib2-0.2.0 googleapis-common-protos-1.75.0 greenlet-3.5.4 gunicorn-21.2.0 h11-0.16.0 httpcore-1.0.9 httplib2-0.32.0 httptools-0.8.0 httpx-0.28.1 idna-3.18 iniconfig-2.3.0 ipykernel-7.3.0 ipython-9.10.1 ipython-genutils-0.2.0 ipython-pygments-lexers-1.1.1 ipywidgets-7.8.5 isoduration-20.11.0 jedi-0.20.0 jinja2-3.1.6 json5-0.15.0 jsonpointer-3.1.1 jsonschema-4.26.0 jsonschema-specifications-2025.9.1 jupyter-builder-1.2.0 jupyter-client-8.9.1 jupyter-core-5.9.1 jupyter-events-0.12.1 jupyter-lsp-2.3.1 jupyter-server-2.20.0 jupyter-server-terminals-0.5.4 jupyterlab-4.6.2 jupyterlab-pygments-0.3.0 jupyterlab-server-2.28.0 jupyterlab-widgets-1.1.11 lark-1.3.1 matplotlib-inline-0.2.2 mistune-3.3.4 mpire-2.10.2 msgpack-1.0.7 multitasking-0.0.13 nbclient-0.11.0 nbconvert-7.17.1 nbformat-5.10.4 nest-asyncio2-1.7.2 notebook-7.6.1 notebook-shim-0.2.4 numpy-1.26.4 overrides-7.7.0 pandas-3.0.5 pandocfilters-1.5.1 parso-0.8.7 passlib-1.7.4 peewee-4.2.6 pexpect-4.9.0 platformdirs-4.11.0 pluggy-1.6.0 prometheus-client-0.26.0 prompt_toolkit-3.0.53 proto-plus-1.28.2 protobuf-7.35.1 psutil-6.1.0 psycopg2-binary-2.9.9 ptyprocess-0.7.0 pure-eval-0.2.3 pyasn1-0.6.4 pyasn1-modules-0.4.2 pycparser-3.0 pydantic-2.13.4 pydantic-core-2.46.4 pygments-2.20.0 pyparsing-3.3.2 pytest-9.1.1 python-dateutil-2.9.0.post0 python-dotenv-1.2.2 python-json-logger-4.1.0 python-multipart-0.0.6 pytz-2026.3.post1 pyyaml-6.0.3 pyzmq-27.1.0 redis-5.0.8 referencing-0.37.0 requests-2.34.2 rfc3339-validator-0.1.4 rfc3986-validator-0.1.1 rfc3987-syntax-1.1.0 rpds-py-2026.6.3 rsa-4.9.1 send2trash-2.1.0 sentry-sdk-2.63.0 six-1.17.0 sniffio-1.3.1 sortedcontainers-2.4.0 soupsieve-2.9.1 sqlalchemy-2.0.23 stack_data-0.6.3 starlette-0.27.0 stripe-15.4.0 terminado-0.18.1 tinycss2-1.5.1 tornado-6.5.7 tqdm-4.70.0 traitlets-5.15.1 typing-extensions-4.16.0 typing-inspection-0.4.2 tzdata-2026.3 uri-template-1.3.0 uritemplate-4.2.0 urllib3-2.7.0 uvicorn-0.24.0 uvloop-0.22.1 watchfiles-1.2.0 wcwidth-0.8.2 webcolors-25.10.0 webencodings-0.5.1 websocket-client-1.9.0 websockets-17.0 werkzeug-3.0.1 widgetsnbextension-3.6.10 yfinance-0.2.55
#84 49.32 WARNING: Running pip as the 'root' user can result in broken permissions and conflicting behaviour with the system package manager. It is recommended to use a virtual environment instead: https://pip.pypa.io/warnings/venv
#84 DONE 52.0s

#82 [homepage builder 22/22] RUN npm run build
#82 ...

#85 [trading-chart stage-1  6/22] COPY [securty/python, /opt/talaria_security_lib]
#85 DONE 0.4s

#82 [homepage builder 22/22] RUN npm run build
#82 ...

#86 [trading-chart stage-1  7/22] COPY [chart v 1.4/chart/package.json, chart v 1.4/chart/package-lock.json, ./]
#86 DONE 0.1s

#87 [trading-chart stage-1  8/22] RUN npm ci
#87 3.681 
#87 3.681 added 40 packages, and audited 41 packages in 2s
#87 3.681 
#87 3.681 1 package is looking for funding
#87 3.681   run `npm fund` for details
#87 3.684 
#87 3.684 found 0 vulnerabilities
#87 DONE 3.8s

#82 [homepage builder 22/22] RUN npm run build
#82 ...

#88 [trading-chart stage-1  9/22] COPY [chart v 1.4/chart, ./]
#88 DONE 0.5s

#82 [homepage builder 22/22] RUN npm run build
#82 ...

#89 [trading-chart stage-1 10/22] COPY [shared/entitlements.json, ./shared/entitlements.json]
#89 DONE 0.1s

#90 [trading-chart stage-1 11/22] COPY [homepage/src/app/dashboard/analytics/backend, ./analytics_backend]
#90 DONE 0.1s

#91 [trading-chart stage-1 12/22] RUN test -f ./analytics_backend/backtest_whatif.py     && test -d ./analytics_backend/analytics_core     && python3 -c "import _analytics_bootstrap; p=_analytics_bootstrap.install(); import analytics_core; print('analytics backend:', p)"
#91 0.522 analytics backend: /app/analytics_backend
#91 DONE 0.6s

#92 [trading-chart stage-1 13/22] COPY --from=v9_react /build/chart/dist-v9 ./dist-v9
#92 DONE 0.1s

#82 [homepage builder 22/22] RUN npm run build
#82 ...

#93 [trading-chart stage-1 14/22] COPY --from=v9_react /build/chart/modules ./modules
#93 DONE 0.3s

#82 [homepage builder 22/22] RUN npm run build
#82 ...

#94 [trading-chart stage-1 15/22] COPY --from=v9_react /build/chart/chart.js ./chart.js
#94 DONE 0.1s

#95 [trading-chart stage-1 16/22] COPY --from=v9_react /build/chart/multichart-prod ./multichart-prod
#95 DONE 0.2s

#82 [homepage builder 22/22] RUN npm run build
#82 ...

#96 [trading-chart stage-1 17/22] COPY --from=v9_react /build/chart/workers ./workers
#96 DONE 0.1s

#97 [trading-chart stage-1 18/22] COPY --from=v9_react /build/chart/vendor ./vendor
#97 DONE 0.1s

#98 [trading-chart stage-1 19/22] COPY --from=v9_react /build/chart/fonts ./fonts
#98 DONE 0.1s

#82 [homepage builder 22/22] RUN npm run build
#82 ...

#99 [trading-chart stage-1 20/22] COPY --from=v9_react /build/chart/sw.js ./sw.js
#99 DONE 0.1s

#100 [trading-chart stage-1 21/22] RUN if [ "0" = "1" ]; then         npm run build:chart-client;     else         echo "Skipping build:chart-client — dist-v9 is the canonical served app";     fi
#100 0.370 Skipping build:chart-client — dist-v9 is the canonical served app
#100 DONE 0.4s

#101 [trading-chart stage-1 22/22] RUN mkdir -p uploads/bin uploads/tiles uploads/aggregates data db indicators
#101 DONE 0.4s

#82 [homepage builder 22/22] RUN npm run build
#82 ...

#102 [trading-chart] exporting to image
#102 exporting layers
#102 ...

#82 [homepage builder 22/22] RUN npm run build
#82 100.5    Collecting page data ...
#82 107.2    Generating static pages (0/54) ...
#82 108.8  ⚠ Unsupported metadata themeColor is configured in metadata export in /_not-found. Please move it to viewport export instead.
#82 108.8 Read more: https://nextjs.org/docs/app/api-reference/functions/generate-viewport
#82 108.8  ⚠ Unsupported metadata themeColor is configured in metadata export in /backtest/analytics. Please move it to viewport export instead.
#82 108.8 Read more: https://nextjs.org/docs/app/api-reference/functions/generate-viewport
#82 108.8  ⚠ Unsupported metadata themeColor is configured in metadata export in /backtest/design. Please move it to viewport export instead.
#82 108.8 Read more: https://nextjs.org/docs/app/api-reference/functions/generate-viewport
#82 108.8  ⚠ Unsupported metadata themeColor is configured in metadata export in /backtest. Please move it to viewport export instead.
#82 108.8 Read more: https://nextjs.org/docs/app/api-reference/functions/generate-viewport
#82 108.8  ⚠ Unsupported metadata themeColor is configured in metadata export in /dashboard/journal/analytics/calendar. Please move it to viewport export instead.
#82 108.8 Read more: https://nextjs.org/docs/app/api-reference/functions/generate-viewport
#82 108.9  ⚠ Unsupported metadata themeColor is configured in metadata export in /forbidden. Please move it to viewport export instead.
#82 108.9 Read more: https://nextjs.org/docs/app/api-reference/functions/generate-viewport
#82 109.2  ⚠ Unsupported metadata themeColor is configured in metadata export in /dashboard/journal/analytics/equity. Please move it to viewport export instead.
#82 109.2 Read more: https://nextjs.org/docs/app/api-reference/functions/generate-viewport
#82 109.2  ⚠ Unsupported metadata themeColor is configured in metadata export in /dashboard/journal/analytics/exitanalysis-amelioration. Please move it to viewport export instead.
#82 109.2 Read more: https://nextjs.org/docs/app/api-reference/functions/generate-viewport
#82 109.2  ⚠ Unsupported metadata themeColor is configured in metadata export in /dashboard/journal/analytics/exitanalysis. Please move it to viewport export instead.
#82 109.2 Read more: https://nextjs.org/docs/app/api-reference/functions/generate-viewport
#82 109.2  ⚠ Unsupported metadata themeColor is configured in metadata export in /dashboard/journal/analytics/daily-limit-optimization. Please move it to viewport export instead.
#82 109.2 Read more: https://nextjs.org/docs/app/api-reference/functions/generate-viewport
#82 109.2  ⚠ Unsupported metadata themeColor is configured in metadata export in /dashboard/sessions/[id]/analytics. Please move it to viewport export instead.
#82 109.2 Read more: https://nextjs.org/docs/app/api-reference/functions/generate-viewport
#82 109.3  ⚠ Unsupported metadata themeColor is configured in metadata export in /dashboard/journal/analytics. Please move it to viewport export instead.
#82 109.3 Read more: https://nextjs.org/docs/app/api-reference/functions/generate-viewport
#82 109.5  ⚠ Unsupported metadata themeColor is configured in metadata export in /journal/subscription-status. Please move it to viewport export instead.
#82 109.5 Read more: https://nextjs.org/docs/app/api-reference/functions/generate-viewport
#82 109.5  ⚠ Unsupported metadata themeColor is configured in metadata export in /. Please move it to viewport export instead.
#82 109.5 Read more: https://nextjs.org/docs/app/api-reference/functions/generate-viewport
#82 109.5  ⚠ Unsupported metadata themeColor is configured in metadata export in /dashboard/journal/analytics/performance-analysis. Please move it to viewport export instead.
#82 109.5 Read more: https://nextjs.org/docs/app/api-reference/functions/generate-viewport
#82 109.5  ⚠ Unsupported metadata themeColor is configured in metadata export in /dashboard/journal/analytics/pnl-distribution. Please move it to viewport export instead.
#82 109.5 Read more: https://nextjs.org/docs/app/api-reference/functions/generate-viewport
#82 109.5  ⚠ Unsupported metadata themeColor is configured in metadata export in /dashboard/journal/select-profile. Please move it to viewport export instead.
#82 109.5 Read more: https://nextjs.org/docs/app/api-reference/functions/generate-viewport
#82 109.5  ⚠ Unsupported metadata themeColor is configured in metadata export in /dashboard/journal/settings. Please move it to viewport export instead.
#82 109.5 Read more: https://nextjs.org/docs/app/api-reference/functions/generate-viewport
#82 109.6  ⚠ Unsupported metadata themeColor is configured in metadata export in /dashboard/journal/trades. Please move it to viewport export instead.
#82 109.6 Read more: https://nextjs.org/docs/app/api-reference/functions/generate-viewport
#82 109.6  ⚠ Unsupported metadata themeColor is configured in metadata export in /dashboard/journal. Please move it to viewport export instead.
#82 109.6 Read more: https://nextjs.org/docs/app/api-reference/functions/generate-viewport
#82 109.7  ⚠ Unsupported metadata themeColor is configured in metadata export in /bootcamp. Please move it to viewport export instead.
#82 109.7 Read more: https://nextjs.org/docs/app/api-reference/functions/generate-viewport
#82 109.7  ⚠ Unsupported metadata themeColor is configured in metadata export in /dashboard/backtest/design. Please move it to viewport export instead.
#82 109.7 Read more: https://nextjs.org/docs/app/api-reference/functions/generate-viewport
#82 109.7    Generating static pages (13/54) 
#82 109.7  ⚠ Unsupported metadata themeColor is configured in metadata export in /dashboard/profile. Please move it to viewport export instead.
#82 109.7 Read more: https://nextjs.org/docs/app/api-reference/functions/generate-viewport
#82 109.7  ⚠ Unsupported metadata themeColor is configured in metadata export in /dashboard/sessions/analytics. Please move it to viewport export instead.
#82 109.7 Read more: https://nextjs.org/docs/app/api-reference/functions/generate-viewport
#82 109.9  ⚠ Unsupported metadata themeColor is configured in metadata export in /dashboard. Please move it to viewport export instead.
#82 109.9 Read more: https://nextjs.org/docs/app/api-reference/functions/generate-viewport
#82 110.0  ⚠ Unsupported metadata themeColor is configured in metadata export in /dashboard/admin. Please move it to viewport export instead.
#82 110.0 Read more: https://nextjs.org/docs/app/api-reference/functions/generate-viewport
#82 110.0  ⚠ Unsupported metadata themeColor is configured in metadata export in /dashboard/journal/analytics/symbols. Please move it to viewport export instead.
#82 110.0 Read more: https://nextjs.org/docs/app/api-reference/functions/generate-viewport
#82 110.0  ⚠ Unsupported metadata themeColor is configured in metadata export in /dashboard/journal/analytics/variables. Please move it to viewport export instead.
#82 110.0 Read more: https://nextjs.org/docs/app/api-reference/functions/generate-viewport
#82 110.0  ⚠ Unsupported metadata themeColor is configured in metadata export in /dashboard/journal/analytics/streaks. Please move it to viewport export instead.
#82 110.0 Read more: https://nextjs.org/docs/app/api-reference/functions/generate-viewport
#82 110.0  ⚠ Unsupported metadata themeColor is configured in metadata export in /dashboard/cot. Please move it to viewport export instead.
#82 110.0 Read more: https://nextjs.org/docs/app/api-reference/functions/generate-viewport
#82 110.0  ⚠ Unsupported metadata themeColor is configured in metadata export in /dashboard/design/handoff. Please move it to viewport export instead.
#82 110.0 Read more: https://nextjs.org/docs/app/api-reference/functions/generate-viewport
#82 110.0  ⚠ Unsupported metadata themeColor is configured in metadata export in /dashboard/journal/ai-dashboard. Please move it to viewport export instead.
#82 110.0 Read more: https://nextjs.org/docs/app/api-reference/functions/generate-viewport
#82 110.1  ⚠ Unsupported metadata themeColor is configured in metadata export in /dashboard/journal/analytics/trade-duration. Please move it to viewport export instead.
#82 110.1 Read more: https://nextjs.org/docs/app/api-reference/functions/generate-viewport
#82 110.6    Generating static pages (26/54) 
#82 110.6    Generating static pages (40/54) 
#82 110.6  ⚠ Unsupported metadata themeColor is configured in metadata export in /dashboard/journal/import-trades. Please move it to viewport export instead.
#82 110.6 Read more: https://nextjs.org/docs/app/api-reference/functions/generate-viewport
#82 110.6  ⚠ Unsupported metadata themeColor is configured in metadata export in /dashboard/journal/journal. Please move it to viewport export instead.
#82 110.6 Read more: https://nextjs.org/docs/app/api-reference/functions/generate-viewport
#82 110.6  ⚠ Unsupported metadata themeColor is configured in metadata export in /dashboard/journal/learn. Please move it to viewport export instead.
#82 110.6 Read more: https://nextjs.org/docs/app/api-reference/functions/generate-viewport
#82 110.6  ⚠ Unsupported metadata themeColor is configured in metadata export in /dashboard/journal/notes. Please move it to viewport export instead.
#82 110.6 Read more: https://nextjs.org/docs/app/api-reference/functions/generate-viewport
#82 110.6  ⚠ Unsupported metadata themeColor is configured in metadata export in /dashboard/journal/manage-profiles. Please move it to viewport export instead.
#82 110.6 Read more: https://nextjs.org/docs/app/api-reference/functions/generate-viewport
#82 110.6  ⚠ Unsupported metadata themeColor is configured in metadata export in /dashboard/journal/analytics/all-metrics. Please move it to viewport export instead.
#82 110.6 Read more: https://nextjs.org/docs/app/api-reference/functions/generate-viewport
#82 110.6  ⚠ Unsupported metadata themeColor is configured in metadata export in /journal/pricing. Please move it to viewport export instead.
#82 110.6 Read more: https://nextjs.org/docs/app/api-reference/functions/generate-viewport
#82 110.6  ⚠ Unsupported metadata themeColor is configured in metadata export in /dashboard/support. Please move it to viewport export instead.
#82 110.6 Read more: https://nextjs.org/docs/app/api-reference/functions/generate-viewport
#82 110.6  ⚠ Unsupported metadata themeColor is configured in metadata export in /disclaimer. Please move it to viewport export instead.
#82 110.6 Read more: https://nextjs.org/docs/app/api-reference/functions/generate-viewport
#82 110.6  ⚠ Unsupported metadata themeColor is configured in metadata export in /login. Please move it to viewport export instead.
#82 110.6 Read more: https://nextjs.org/docs/app/api-reference/functions/generate-viewport
#82 110.6  ⚠ Unsupported metadata themeColor is configured in metadata export in /pricing. Please move it to viewport export instead.
#82 110.6 Read more: https://nextjs.org/docs/app/api-reference/functions/generate-viewport
#82 110.6  ⚠ Unsupported metadata themeColor is configured in metadata export in /refunds. Please move it to viewport export instead.
#82 110.6 Read more: https://nextjs.org/docs/app/api-reference/functions/generate-viewport
#82 110.6  ⚠ Unsupported metadata themeColor is configured in metadata export in /ninjatrader. Please move it to viewport export instead.
#82 110.6 Read more: https://nextjs.org/docs/app/api-reference/functions/generate-viewport
#82 110.6  ⚠ Unsupported metadata themeColor is configured in metadata export in /privacy. Please move it to viewport export instead.
#82 110.6 Read more: https://nextjs.org/docs/app/api-reference/functions/generate-viewport
#82 110.6  ⚠ Unsupported metadata themeColor is configured in metadata export in /register. Please move it to viewport export instead.
#82 110.6 Read more: https://nextjs.org/docs/app/api-reference/functions/generate-viewport
#82 110.8  ✓ Generating static pages (54/54)
#82 110.8  ⚠ Unsupported metadata themeColor is configured in metadata export in /pricing/success. Please move it to viewport export instead.
#82 110.8 Read more: https://nextjs.org/docs/app/api-reference/functions/generate-viewport
#82 110.8  ⚠ Unsupported metadata themeColor is configured in metadata export in /terms. Please move it to viewport export instead.
#82 110.8 Read more: https://nextjs.org/docs/app/api-reference/functions/generate-viewport
#82 111.6    Finalizing page optimization ...
#82 111.6    Collecting build traces ...
#82 119.7  ⚠ rewrites, redirects, and headers are not applied when exporting your application, detected (rewrites, redirects). See more info here: https://nextjs.org/docs/messages/export-no-custom-routes
#82 119.9    Exporting (0/2) ...
#82 120.6  ✓ Exporting (2/2)
#82 120.6 
#82 120.6 Route (app)                                                    Size  First Load JS
#82 120.6 ┌ ○ /                                                       11.7 kB         215 kB
#82 120.6 ├ ○ /_not-found                                               159 B         103 kB
#82 120.6 ├ ○ /backtest                                                 600 B         104 kB
#82 120.6 ├ ○ /backtest/analytics                                       591 B         104 kB
#82 120.6 ├ ○ /backtest/design                                          600 B         104 kB
#82 120.6 ├ ○ /bootcamp                                                 459 B         103 kB
#82 120.6 ├ ○ /dashboard                                              28.1 kB         275 kB
#82 120.6 ├ ○ /dashboard/admin                                        13.5 kB         116 kB
#82 120.6 ├ ○ /dashboard/backtest/design                                837 B         104 kB
#82 120.6 ├ ○ /dashboard/cot                                          6.74 kB         110 kB
#82 120.6 ├ ○ /dashboard/design/handoff                                 790 B         104 kB
#82 120.6 ├ ○ /dashboard/journal                                      14.4 kB         205 kB
#82 120.6 ├ ○ /dashboard/journal/ai-dashboard                           703 B         104 kB
#82 120.6 ├ ○ /dashboard/journal/analytics                              703 B         104 kB
#82 120.6 ├ ○ /dashboard/journal/analytics/all-metrics                  703 B         104 kB
#82 120.6 ├ ○ /dashboard/journal/analytics/calendar                     703 B         104 kB
#82 120.6 ├ ○ /dashboard/journal/analytics/daily-limit-optimization     703 B         104 kB
#82 120.6 ├ ○ /dashboard/journal/analytics/equity                       703 B         104 kB
#82 120.6 ├ ○ /dashboard/journal/analytics/exitanalysis                 703 B         104 kB
#82 120.6 ├ ○ /dashboard/journal/analytics/exitanalysis-amelioration    703 B         104 kB
#82 120.6 ├ ○ /dashboard/journal/analytics/performance-analysis         703 B         104 kB
#82 120.6 ├ ○ /dashboard/journal/analytics/pnl-distribution             703 B         104 kB
#82 120.6 ├ ○ /dashboard/journal/analytics/streaks                      703 B         104 kB
#82 120.6 ├ ○ /dashboard/journal/analytics/symbols                      703 B         104 kB
#82 120.6 ├ ○ /dashboard/journal/analytics/trade-duration               703 B         104 kB
#82 120.6 ├ ○ /dashboard/journal/analytics/variables                    703 B         104 kB
#82 120.6 ├ ○ /dashboard/journal/import-trades                          703 B         104 kB
#82 120.6 ├ ○ /dashboard/journal/journal                                703 B         104 kB
#82 120.6 ├ ○ /dashboard/journal/learn                                  703 B         104 kB
#82 120.6 ├ ○ /dashboard/journal/manage-profiles                        703 B         104 kB
#82 120.6 ├ ○ /dashboard/journal/notes                                  703 B         104 kB
#82 120.6 ├ ○ /dashboard/journal/select-profile                         703 B         104 kB
#82 120.6 ├ ○ /dashboard/journal/settings                               703 B         104 kB
#82 120.6 ├ ○ /dashboard/journal/trades                                 703 B         104 kB
#82 120.6 ├ ○ /dashboard/profile                                        986 B         119 kB
#82 120.6 ├ ● /dashboard/sessions/[id]/analytics                        374 B         103 kB
#82 120.6 ├   └ /dashboard/sessions/0/analytics
#82 120.6 ├ ○ /dashboard/sessions/analytics                             526 B         103 kB
#82 120.6 ├ ○ /dashboard/support                                        573 B         104 kB
#82 120.6 ├ ○ /disclaimer                                             4.71 kB         167 kB
#82 120.6 ├ ○ /forbidden                                                174 B         147 kB
#82 120.6 ├ ○ /journal/pricing                                          551 B         103 kB
#82 120.6 ├ ○ /journal/subscription-status                              384 B         103 kB
#82 120.6 ├ ○ /login                                                  12.7 kB         127 kB
#82 120.6 ├ ○ /ninjatrader                                            8.55 kB         212 kB
#82 120.6 ├ ○ /pricing                                                8.98 kB         121 kB
#82 120.6 ├ ○ /pricing/success                                        3.07 kB         109 kB
#82 120.6 ├ ○ /privacy                                                3.46 kB         166 kB
#82 120.6 ├ ○ /refunds                                                3.43 kB         166 kB
#82 120.6 ├ ○ /register                                               17.8 kB         221 kB
#82 120.6 ├ ○ /robots.txt                                               159 B         103 kB
#82 120.6 ├ ○ /sitemap.xml                                              159 B         103 kB
#82 120.6 └ ○ /terms                                                  3.62 kB         166 kB
#82 120.6 + First Load JS shared by all                                103 kB
#82 120.6   ├ chunks/1255-7e99df2b3ee3a393.js                         46.1 kB
#82 120.6   ├ chunks/4bd1b696-100b9d70ed4e49c1.js                     54.2 kB
#82 120.6   └ other shared chunks (total)                             2.62 kB
#82 120.6 
#82 120.6 
#82 120.6 ○  (Static)  prerendered as static content
#82 120.6 ●  (SSG)     prerendered as static HTML (uses generateStaticParams)
#82 120.6 
#82 DONE 121.0s

#102 [trading-chart] exporting to image
#102 ...

#15 [homepage stage-2 1/4] FROM docker.io/library/nginx:alpine@sha256:4a73073bd557c65b759505da037898b61f1be6cbcc3c2c3aeac22d2a470c1752
#15 CACHED

#103 [homepage stage-2 2/4] COPY --from=builder /app/homepage/out /usr/share/nginx/html
#103 DONE 5.2s

#102 [trading-chart] exporting to image
#102 ...

#104 [homepage stage-2 3/4] COPY homepage/nginx.local.conf /etc/nginx/conf.d/default.conf
#104 DONE 0.3s

#102 [trading-chart] exporting to image
#102 ...

#105 [homepage stage-2 4/4] COPY securty/nginx-security-headers.conf /etc/nginx/conf.d/security-headers.conf
#105 DONE 0.2s

#102 [trading-chart] exporting to image
#102 ...

#106 [homepage] exporting to image
#106 exporting layers
#106 exporting layers 3.2s done
#106 exporting manifest sha256:1988981d376cbe46c13148d8b322e7944946908a6ca7e7eb67ce21856e224acf
#106 exporting manifest sha256:1988981d376cbe46c13148d8b322e7944946908a6ca7e7eb67ce21856e224acf 0.0s done
#106 exporting config sha256:619f626774da6de720015e00b451d9b861f28dc7bb8b26964d698c36ff9eb084 0.0s done
#106 exporting attestation manifest sha256:91636f476f0ddd8bfc1ddcf0011b6ccb22836b42a4793a5d18581ab50ff173e2 0.1s done
#106 exporting manifest list sha256:cdde1d6ba37397b9b7436c21a6005080744577391fd5638404add18894554545
#106 exporting manifest list sha256:cdde1d6ba37397b9b7436c21a6005080744577391fd5638404add18894554545 0.0s done
#106 naming to docker.io/library/talaria-homepage:latest done
#106 unpacking to docker.io/library/talaria-homepage:latest
#106 unpacking to docker.io/library/talaria-homepage:latest 0.9s done
#106 DONE 4.5s

#102 [trading-chart] exporting to image
#102 ...

#107 [homepage] resolving provenance for metadata file
#107 DONE 0.1s

#102 [trading-chart] exporting to image
#102 exporting layers 67.1s done
#102 exporting manifest sha256:53a0069bd1c8d0607c0e697247100b2cc30e5aac74dfd0272efdb627a94ee905
#102 exporting manifest sha256:53a0069bd1c8d0607c0e697247100b2cc30e5aac74dfd0272efdb627a94ee905 0.0s done
#102 exporting config sha256:7749bcd0694acd2de2515fb198d5a94582f670ce007ddbde875e44a15ab11b2e 0.0s done
#102 exporting attestation manifest sha256:85e204ee6fef32dc4a69a043cf659158438a3ca10c70469058f8da2d3147d0da 0.0s done
#102 exporting manifest list sha256:0248e6d1f18ea31ceb9ea052636c71272142a1b0f91f4ed6638ee507b757a439 done
#102 naming to docker.io/library/talaria-trading-chart:latest done
#102 unpacking to docker.io/library/talaria-trading-chart:latest
#102 unpacking to docker.io/library/talaria-trading-chart:latest 18.1s done
#102 DONE 85.3s

#108 [trading-chart] resolving provenance for metadata file
#108 DONE 0.0s
 Image talaria-homepage:latest Built 
 Image talaria-trading-chart:latest Built 
BUILD_DONE=2026-07-30T10:38:45Z
tagged_at=2026-07-30T10:39:00Z
chart_build_id=20260730b109
source_commit_sha=53b3b6b7bc4082d8b6bf93541a6ab4988558d9fa
trading_chart_tag=talaria-trading-chart:canary-20260730b109
homepage_tag=talaria-homepage:canary-20260730b109
tar=/root/talaria-restore/images/canary-20260730b109.tar.gz
IMMUTABLE_TAGS_OK tag=canary-20260730b109
 Container talaria-redis-1 Running 
 Container talaria-questdb-1 Running 
 Container talaria-db-1 Running 
 Container talaria-journal-backend-1 Running 
 Container talaria-trading-chart-worker-1 Recreate 
 Container talaria-trading-chart-1 Recreate 
 Container talaria-trading-chart-worker-1 Recreated 
 Container talaria-trading-chart-1 Recreated 
 Container talaria-homepage-1 Recreate 
 Container talaria-homepage-1 Recreated 
 Container talaria-db-1 Waiting 
 Container talaria-db-1 Healthy 
 Container talaria-db-1 Waiting 
 Container talaria-redis-1 Waiting 
 Container talaria-questdb-1 Waiting 
 Container talaria-journal-backend-1 Waiting 
 Container talaria-questdb-1 Waiting 
 Container talaria-journal-backend-1 Waiting 
 Container talaria-db-1 Waiting 
 Container talaria-redis-1 Waiting 
 Container talaria-questdb-1 Healthy 
 Container talaria-redis-1 Healthy 
 Container talaria-journal-backend-1 Healthy 
 Container talaria-redis-1 Healthy 
 Container talaria-journal-backend-1 Healthy 
 Container talaria-db-1 Healthy 
 Container talaria-trading-chart-worker-1 Starting 
 Container talaria-questdb-1 Healthy 
 Container talaria-db-1 Healthy 
 Container talaria-trading-chart-1 Starting 
 Container talaria-trading-chart-1 Started 
 Container talaria-trading-chart-1 Waiting 
 Container talaria-trading-chart-worker-1 Started 
 Container talaria-trading-chart-1 Healthy 
 Container talaria-homepage-1 Starting 
 Container talaria-homepage-1 Started 
UP_DONE=2026-07-30T10:39:16Z
LIVE_PIN_SET=20260730b109
cap=8 floor=4 live=20260730b109 prior=20260730b108
--- decision per build ---
  RETAIN  20260729b85   (in-use-by-container)
  RETAIN  20260729b90   (keep-list)
  RETIRE  20260729b98
  RETAIN  20260729b99   (newest-8)
  RETAIN  20260729b103   (keep-list)
  RETAIN  20260729b104   (keep-list)
  RETAIN  20260730b105   (newest-8)
  RETAIN  20260730b106   (newest-8)
  RETAIN  20260730b107   (newest-8)
  RETAIN  20260730b108   (prior-pin-under-grading)
  RETAIN  20260730b109   (live-pin)
  removed tar   canary-20260729b98.tar.gz
  removed image talaria-trading-chart:canary-20260729b98
  removed image talaria-homepage:canary-20260729b98
--- after ---
/dev/sda1       193G  151G   42G  79% /
tar bytes freed: 321807716 (image layers freed separately; see df above)
=== 4. wait for nginx ===
=== 5. MEAS-01 — stamp from the running page over HTTP ===
LIVE_PIN=20260730b109
shell_http=200
SERVED_STAMP=window.__TALARIA_CHART_BUILD_ID='20260730b109'
homepage_image=talaria-homepage:canary-20260730b109
chart_image=talaria-trading-chart:canary-20260730b109
=== 6. B-0195 payload on the wire, not just in the tree ===
--- M17-DI2 switch read through a realm climb at all four sites
/usr/share/nginx/html/chart/chart.js climb=2 flag=2
/usr/share/nginx/html/chart/modules/replay-system.js climb=17 flag=2
/usr/share/nginx/html/chart/multichart-prod/panel-cmd-bridge.js climb=2 flag=1
--- STASHED-PANEL-HANDLE (A e7616ab06) still present
5
--- server-write-failure ledger present and loaded before preferences-sync
1
1544:    <script defer src="/chart/modules/server-write-failure-ledger.js?v=20260730b109"></script>
=== 9. B-0199 payload: A's CPU cuts + countdown guard on the wire ===
raf_coalesce_switch=2 countdown_guard_switch=2 legend_css_switch=1
=== 8. B-0198 payload: A's XFRAME-REF-RELEASE on the wire ===
xframe_switch=2 xframe_release_fn=2 stash_handles=5 about_blank_absent=1
=== 7. B-0197 payload on the wire: the claim path ===
sendClaim_split=1 retry_via_callback=1 self_referential_retry_left=1
claim_failure_counted=7 deadlock_switch=2 ledger_switch=2 climb=3
--- the served shell still loads the ledger the claim path reports into
1
CANARY_CHECKPOINT_OK build_id=20260730b109 sha=53b3b6b7bc4082d8b6bf93541a6ab4988558d9fa
PO_SHOULD_READ=20260730b109
