=== CANARY KEY-AUTH SHIP === build_id=20260804b127 sha=101fe7e50d6f98fc8fb0ab326ace742753d0b23b
TAR_OK 298M entries=6038
=== -1. freeze guard + measurement interlock ===
deploy-freeze: clear
MEASUREMENT_IN_PROGRESS=no
RUNNING_BEFORE=talaria-homepage:canary-20260803b126
/dev/sda1       193G  146G   48G  76% /
=== 0. DEPLOY-IN-PROGRESS + restore point ===
captured_at=2026-08-04T12:28:37Z
homepage=talaria-homepage:canary-20260803b126
chart=talaria-trading-chart:canary-20260803b126
prior_pin=20260731b120
PRIOR_PIN=20260803b126
ROLLBACK_IMAGE_PRESENT=yes
RESTORE_POINT_OK rp=/root/talaria-restore/canary-20260804b127-20260804T122837Z
=== 1. scp tip tar ===
SCP_OK
=== 2. untar + preflight Package 1 tokens in the build context ===
SYNC_OK sha=101fe7e50d6f98fc8fb0ab326ace742753d0b23b
  PAIR_SWITCH_LOAD_TIMEOUT_MS                engine=3
  serverRewindIsNewer                        engine=2
  _sessionTimeframeRestoreEnabled            engine=3
  _analysisOnlyFileIds                       order-manager=2
  _refuseAnalysisOnlyOrderIfNeeded           order-manager=8
  _warnOverlayOutOfView                      compare-overlay=2
  _overlayFullPriceExtent                    compare-overlay=2
  orderValidation                            bundle=1
  __talariaGestureOwnerV1                    bundle=1
  no .iframe reader survives                 bundle=0 (must be 0)
MIRROR_PARITY_OK
PREFLIGHT_OK
=== 3. CHECKPOINT_BUILD compose (includes dist-v9 rebuild) ===
BUILD_START=2026-08-04T12:29:35Z
 Image talaria-trading-chart:canary-20260803b126 Building 
 Image talaria-homepage:canary-20260803b126 Building 
 Image talaria-journal-backend:latest Building 
#1 [internal] load local bake definitions
#1 reading from stdin 2.34kB done
#1 DONE 0.0s

#2 [trading-chart internal] load build definition from Dockerfile.local
#2 transferring dockerfile: 9.50kB 0.0s done
#2 DONE 0.2s

#3 [trading-chart internal] load metadata for docker.io/library/node:20-alpine
#3 ...

#4 [homepage internal] load build definition from Dockerfile
#4 transferring dockerfile: 11.26kB 0.0s done
#4 DONE 0.2s

#3 [homepage internal] load metadata for docker.io/library/node:20-alpine
#3 ...

#5 [trading-chart internal] load metadata for docker.io/library/python:3.11-slim
#5 DONE 0.5s

#6 [homepage internal] load metadata for docker.io/library/node:18-alpine
#6 DONE 0.5s

#7 [homepage internal] load metadata for docker.io/library/nginx:alpine
#7 DONE 0.5s

#3 [trading-chart internal] load metadata for docker.io/library/node:20-alpine
#3 DONE 0.5s

#8 [homepage internal] load .dockerignore
#8 transferring context:
#8 transferring context: 1.17kB 0.0s done
#8 DONE 0.1s

#9 [homepage stage-2 1/6] FROM docker.io/library/nginx:alpine@sha256:4a73073bd557c65b759505da037898b61f1be6cbcc3c2c3aeac22d2a470c1752
#9 resolve docker.io/library/nginx:alpine@sha256:4a73073bd557c65b759505da037898b61f1be6cbcc3c2c3aeac22d2a470c1752 0.5s done
#9 DONE 0.5s

#10 [homepage builder  1/22] FROM docker.io/library/node:18-alpine@sha256:8d6421d663b4c28fd3ebc498332f249011d118945588d0a35cb9bc4b8ca09d9e
#10 resolve docker.io/library/node:18-alpine@sha256:8d6421d663b4c28fd3ebc498332f249011d118945588d0a35cb9bc4b8ca09d9e 0.5s done
#10 DONE 0.5s

#11 [homepage chart_assets  1/26] FROM docker.io/library/node:20-alpine@sha256:fb4cd12c85ee03686f6af5362a0b0d56d50c58a04632e6c0fb8363f609372293
#11 resolve docker.io/library/node:20-alpine@sha256:fb4cd12c85ee03686f6af5362a0b0d56d50c58a04632e6c0fb8363f609372293 0.5s done
#11 DONE 0.5s

#12 [homepage internal] load build context
#12 DONE 0.0s

#13 [trading-chart stage-1  1/23] FROM docker.io/library/python:3.11-slim@sha256:db3ff2e1800a8581e2c48a27c3995339d47bdf046da21c7627accd3d51053a93
#13 resolve docker.io/library/python:3.11-slim@sha256:db3ff2e1800a8581e2c48a27c3995339d47bdf046da21c7627accd3d51053a93 0.5s done
#13 DONE 0.5s

#14 [trading-chart stage-1  2/23] WORKDIR /app
#14 CACHED

#11 [trading-chart chart_assets  1/26] FROM docker.io/library/node:20-alpine@sha256:fb4cd12c85ee03686f6af5362a0b0d56d50c58a04632e6c0fb8363f609372293
#11 resolve docker.io/library/node:20-alpine@sha256:fb4cd12c85ee03686f6af5362a0b0d56d50c58a04632e6c0fb8363f609372293 0.5s done
#11 DONE 0.5s

#15 [trading-chart stage-1  3/23] RUN apt-get update && apt-get install -y --no-install-recommends     curl     nodejs     npm     && rm -rf /var/lib/apt/lists/*
#15 0.910 Hit:1 http://deb.debian.org/debian trixie InRelease
#15 0.910 Get:2 http://deb.debian.org/debian trixie-updates InRelease [47.3 kB]
#15 0.910 Get:3 http://deb.debian.org/debian-security trixie-security InRelease [43.4 kB]
#15 1.004 Get:4 http://deb.debian.org/debian trixie/main amd64 Packages [9673 kB]
#15 1.170 Get:5 http://deb.debian.org/debian trixie-updates/main amd64 Packages [4412 B]
#15 1.170 Get:6 http://deb.debian.org/debian-security trixie-security/main amd64 Packages [231 kB]
#15 2.076 Fetched 9999 kB in 1s (8360 kB/s)
#15 2.076 Reading package lists...
#15 2.963 Reading package lists...
#15 3.818 Building dependency tree...
#15 4.084 Reading state information...
#15 4.372 The following additional packages will be installed:
#15 4.372   eslint gyp handlebars libbrotli1 libcares2 libcom-err2 libcurl4t64 libexpat1
#15 4.372   libgnutls30t64 libgssapi-krb5-2 libicu76 libidn2-0 libjs-events
#15 4.372   libjs-inherits libjs-is-typedarray libjs-prettify libjs-regenerate
#15 4.372   libjs-source-map libjs-sprintf-js libjs-typedarray-to-buffer libjs-util
#15 4.372   libk5crypto3 libkeyutils1 libkrb5-3 libkrb5support0 libldap2 libnghttp2-14
#15 4.372   libnghttp3-9 libnode-dev libnode115 libp11-kit0 libpsl5t64 libpython3-stdlib
#15 4.372   libpython3.13-minimal libpython3.13-stdlib librtmp1 libsasl2-2
#15 4.372   libsasl2-modules-db libssh2-1t64 libssl-dev libtasn1-6 libunistring5
#15 4.372   libuv1-dev libuv1t64 media-types node-abbrev node-acorn node-agent-base
#15 4.372   node-ajv node-ajv-keywords node-ampproject-remapping node-ansi-escapes
#15 4.372   node-ansi-regex node-ansi-styles node-anymatch node-aproba node-archy
#15 4.372   node-are-we-there-yet node-argparse node-arrify node-assert node-async
#15 4.372   node-async-each node-babel-helper-define-polyfill-provider
#15 4.372   node-babel-plugin-add-module-exports node-babel-plugin-lodash
#15 4.372   node-babel-plugin-polyfill-corejs2 node-babel-plugin-polyfill-corejs3
#15 4.372   node-babel-plugin-polyfill-regenerator node-babel7 node-babel7-runtime
#15 4.372   node-balanced-match node-base64-js node-binary-extensions
#15 4.372   node-brace-expansion node-braces node-browserslist node-builtins
#15 4.372   node-cacache node-camelcase node-caniuse-lite node-chalk node-chokidar
#15 4.372   node-chownr node-chrome-trace-event node-ci-info node-cjs-module-lexer
#15 4.372   node-cli-table node-cliui node-clone node-clone-deep node-color-convert
#15 4.372   node-color-name node-colors node-columnify node-commander node-commondir
#15 4.372   node-concat-stream node-console-control-strings node-convert-source-map
#15 4.372   node-copy-concurrently node-core-js node-core-js-compat node-core-js-pure
#15 4.372   node-core-util-is node-corepack node-css-loader node-css-selector-tokenizer
#15 4.372   node-data-uri-to-buffer node-debbundle-es-to-primitive node-debug
#15 4.372   node-decamelize node-decompress-response node-deep-equal node-deep-is
#15 4.372   node-defaults node-define-properties node-define-property node-defined
#15 4.372   node-del node-delegates node-depd node-diff node-doctrine
#15 4.372   node-electron-to-chromium node-encoding node-enhanced-resolve node-envinfo
#15 4.372   node-err-code node-errno node-error-ex node-es-abstract node-es-module-lexer
#15 4.372   node-es6-error node-escape-string-regexp node-escodegen node-eslint-scope
#15 4.372   node-eslint-utils node-eslint-visitor-keys node-espree node-esprima
#15 4.372   node-esquery node-esrecurse node-estraverse node-esutils node-events
#15 4.372   node-execa node-fancy-log node-fast-deep-equal node-fast-levenshtein
#15 4.372   node-fetch node-file-entry-cache node-fill-range node-find-cache-dir
#15 4.372   node-find-up node-flat-cache node-flatted node-for-in node-for-own
#15 4.372   node-foreground-child node-fs-readdir-recursive node-fs-write-stream-atomic
#15 4.372   node-fs.realpath node-function-bind node-functional-red-black-tree
#15 4.372   node-gauge node-get-caller-file node-get-stream node-glob node-glob-parent
#15 4.372   node-globals node-globby node-got node-graceful-fs node-gyp node-has-flag
#15 4.372   node-has-unicode node-hosted-git-info node-http-proxy-agent
#15 4.372   node-https-proxy-agent node-iconv-lite node-icss-utils node-ieee754
#15 4.372   node-iferr node-ignore node-imurmurhash node-indent-string node-inflight
#15 4.372   node-inherits node-ini node-interpret node-ip node-ip-regex node-is-arrayish
#15 4.372   node-is-binary-path node-is-buffer node-is-descriptor node-is-extendable
#15 4.372   node-is-extglob node-is-glob node-is-number node-is-path-cwd
#15 4.372   node-is-path-inside node-is-plain-obj node-is-plain-object node-is-stream
#15 4.372   node-is-typedarray node-is-windows node-isarray node-isexe node-isobject
#15 4.372   node-istanbul node-jest-debbundle node-jest-worker node-js-tokens
#15 4.372   node-js-yaml node-jsesc node-json-buffer node-json-parse-better-errors
#15 4.372   node-json-schema node-json-schema-traverse node-json-stable-stringify
#15 4.372   node-json5 node-jsonify node-jsonparse node-kind-of node-levn
#15 4.372   node-loader-runner node-locate-path node-lodash node-lodash-packages
#15 4.372   node-lowercase-keys node-lru-cache node-make-dir node-memfs node-memory-fs
#15 4.372   node-merge-stream node-micromatch node-mime node-mime-types node-mimic-fn
#15 4.372   node-mimic-response node-minimatch node-minimist node-minipass node-mkdirp
#15 4.372   node-move-concurrently node-ms node-mute-stream node-n3 node-negotiator
#15 4.372   node-neo-async node-nopt node-normalize-package-data node-normalize-path
#15 4.372   node-npm-bundled node-npm-package-arg node-npm-run-path node-npmlog
#15 4.372   node-object-assign node-object-inspect node-once node-optimist
#15 4.372   node-optionator node-osenv node-p-cancelable node-p-limit node-p-locate
#15 4.372   node-p-map node-parse-json node-path-dirname node-path-exists
#15 4.372   node-path-is-absolute node-path-is-inside node-path-type node-picocolors
#15 4.372   node-pify node-pkg-dir node-postcss node-postcss-modules-extract-imports
#15 4.372   node-postcss-modules-values node-postcss-value-parser node-prelude-ls
#15 4.372   node-process-nextick-args node-progress node-promise-inflight
#15 4.372   node-promise-retry node-promzard node-prr node-punycode node-quick-lru
#15 4.372   node-randombytes node-read node-read-package-json node-read-pkg
#15 4.372   node-readable-stream node-readdirp node-rechoir node-regenerate
#15 4.372   node-regenerate-unicode-properties node-regenerator-runtime
#15 4.372   node-regenerator-transform node-regexpp node-regexpu-core node-regjsgen
#15 4.372   node-regjsparser node-repeat-string node-require-directory node-resolve
#15 4.372   node-resolve-cwd node-resolve-from node-resumer node-retry node-rimraf
#15 4.372   node-run-queue node-safe-buffer node-schema-utils node-semver
#15 4.372   node-serialize-javascript node-set-blocking node-set-immediate-shim
#15 4.372   node-shebang-command node-shebang-regex node-signal-exit node-slash
#15 4.372   node-slice-ansi node-source-list-map node-source-map node-source-map-support
#15 4.372   node-spdx-correct node-spdx-exceptions node-spdx-expression-parse
#15 4.372   node-spdx-license-ids node-sprintf-js node-ssri node-string-decoder
#15 4.372   node-string-width node-strip-ansi node-strip-bom node-strip-eof
#15 4.372   node-strip-json-comments node-supports-color node-tapable node-tape node-tar
#15 4.372   node-terser node-text-table node-through node-time-stamp
#15 4.372   node-to-fast-properties node-to-regex-range node-tslib node-type-check
#15 4.372   node-typedarray node-typedarray-to-buffer node-undici
#15 4.372   node-unicode-canonical-property-names-ecmascript
#15 4.372   node-unicode-match-property-ecmascript
#15 4.372   node-unicode-match-property-value-ecmascript
#15 4.372   node-unicode-property-aliases-ecmascript node-unique-filename node-uri-js
#15 4.372   node-util node-util-deprecate node-uuid node-v8-compile-cache node-v8flags
#15 4.372   node-validate-npm-package-license node-validate-npm-package-name
#15 4.372   node-watchpack node-wcwidth.js node-webassemblyjs node-webpack-sources
#15 4.372   node-which node-wide-align node-wordwrap node-wrap-ansi node-wrappy
#15 4.372   node-write node-write-file-atomic node-xtend node-y18n node-yallist
#15 4.372   node-yargs node-yargs-parser python3 python3-minimal python3-packaging
#15 4.372   python3.13 python3.13-minimal terser webpack
#15 4.372 Suggested packages:
#15 4.372   node-babel-eslint node-esprima-fb node-inquirer gnutls-bin krb5-doc
#15 4.372   krb5-user libjs-angularjs libssl-doc libuv1-doc
#15 4.372   node-babel-plugin-polyfill-es-shims node-babel7-debug javascript-common
#15 4.372   livescript chai node-jest-diff node-opener python3-doc python3-tk
#15 4.372   python3-venv python3.13-venv python3.13-doc binutils binfmt-support
#15 4.372 Recommended packages:
#15 4.372   bash-completion javascript-common krb5-locales libldap-common publicsuffix
#15 4.372   libsasl2-modules node-re2 node-require-from-string build-essential
#15 4.372   nodejs-doc git node-tap
#15 6.358 The following NEW packages will be installed:
#15 6.358   curl eslint gyp handlebars libbrotli1 libcares2 libcom-err2 libcurl4t64
#15 6.361   libexpat1 libgnutls30t64 libgssapi-krb5-2 libicu76 libidn2-0 libjs-events
#15 6.361   libjs-inherits libjs-is-typedarray libjs-prettify libjs-regenerate
#15 6.361   libjs-source-map libjs-sprintf-js libjs-typedarray-to-buffer libjs-util
#15 6.361   libk5crypto3 libkeyutils1 libkrb5-3 libkrb5support0 libldap2 libnghttp2-14
#15 6.361   libnghttp3-9 libnode-dev libnode115 libp11-kit0 libpsl5t64 libpython3-stdlib
#15 6.361   libpython3.13-minimal libpython3.13-stdlib librtmp1 libsasl2-2
#15 6.361   libsasl2-modules-db libssh2-1t64 libssl-dev libtasn1-6 libunistring5
#15 6.361   libuv1-dev libuv1t64 media-types node-abbrev node-acorn node-agent-base
#15 6.361   node-ajv node-ajv-keywords node-ampproject-remapping node-ansi-escapes
#15 6.361   node-ansi-regex node-ansi-styles node-anymatch node-aproba node-archy
#15 6.361   node-are-we-there-yet node-argparse node-arrify node-assert node-async
#15 6.361   node-async-each node-babel-helper-define-polyfill-provider
#15 6.361   node-babel-plugin-add-module-exports node-babel-plugin-lodash
#15 6.361   node-babel-plugin-polyfill-corejs2 node-babel-plugin-polyfill-corejs3
#15 6.361   node-babel-plugin-polyfill-regenerator node-babel7 node-babel7-runtime
#15 6.361   node-balanced-match node-base64-js node-binary-extensions
#15 6.361   node-brace-expansion node-braces node-browserslist node-builtins
#15 6.361   node-cacache node-camelcase node-caniuse-lite node-chalk node-chokidar
#15 6.361   node-chownr node-chrome-trace-event node-ci-info node-cjs-module-lexer
#15 6.361   node-cli-table node-cliui node-clone node-clone-deep node-color-convert
#15 6.361   node-color-name node-colors node-columnify node-commander node-commondir
#15 6.361   node-concat-stream node-console-control-strings node-convert-source-map
#15 6.361   node-copy-concurrently node-core-js node-core-js-compat node-core-js-pure
#15 6.361   node-core-util-is node-corepack node-css-loader node-css-selector-tokenizer
#15 6.361   node-data-uri-to-buffer node-debbundle-es-to-primitive node-debug
#15 6.361   node-decamelize node-decompress-response node-deep-equal node-deep-is
#15 6.361   node-defaults node-define-properties node-define-property node-defined
#15 6.361   node-del node-delegates node-depd node-diff node-doctrine
#15 6.361   node-electron-to-chromium node-encoding node-enhanced-resolve node-envinfo
#15 6.361   node-err-code node-errno node-error-ex node-es-abstract node-es-module-lexer
#15 6.361   node-es6-error node-escape-string-regexp node-escodegen node-eslint-scope
#15 6.361   node-eslint-utils node-eslint-visitor-keys node-espree node-esprima
#15 6.361   node-esquery node-esrecurse node-estraverse node-esutils node-events
#15 6.361   node-execa node-fancy-log node-fast-deep-equal node-fast-levenshtein
#15 6.361   node-fetch node-file-entry-cache node-fill-range node-find-cache-dir
#15 6.361   node-find-up node-flat-cache node-flatted node-for-in node-for-own
#15 6.361   node-foreground-child node-fs-readdir-recursive node-fs-write-stream-atomic
#15 6.361   node-fs.realpath node-function-bind node-functional-red-black-tree
#15 6.361   node-gauge node-get-caller-file node-get-stream node-glob node-glob-parent
#15 6.361   node-globals node-globby node-got node-graceful-fs node-gyp node-has-flag
#15 6.361   node-has-unicode node-hosted-git-info node-http-proxy-agent
#15 6.361   node-https-proxy-agent node-iconv-lite node-icss-utils node-ieee754
#15 6.361   node-iferr node-ignore node-imurmurhash node-indent-string node-inflight
#15 6.361   node-inherits node-ini node-interpret node-ip node-ip-regex node-is-arrayish
#15 6.361   node-is-binary-path node-is-buffer node-is-descriptor node-is-extendable
#15 6.361   node-is-extglob node-is-glob node-is-number node-is-path-cwd
#15 6.361   node-is-path-inside node-is-plain-obj node-is-plain-object node-is-stream
#15 6.361   node-is-typedarray node-is-windows node-isarray node-isexe node-isobject
#15 6.361   node-istanbul node-jest-debbundle node-jest-worker node-js-tokens
#15 6.361   node-js-yaml node-jsesc node-json-buffer node-json-parse-better-errors
#15 6.361   node-json-schema node-json-schema-traverse node-json-stable-stringify
#15 6.361   node-json5 node-jsonify node-jsonparse node-kind-of node-levn
#15 6.361   node-loader-runner node-locate-path node-lodash node-lodash-packages
#15 6.361   node-lowercase-keys node-lru-cache node-make-dir node-memfs node-memory-fs
#15 6.361   node-merge-stream node-micromatch node-mime node-mime-types node-mimic-fn
#15 6.361   node-mimic-response node-minimatch node-minimist node-minipass node-mkdirp
#15 6.361   node-move-concurrently node-ms node-mute-stream node-n3 node-negotiator
#15 6.361   node-neo-async node-nopt node-normalize-package-data node-normalize-path
#15 6.361   node-npm-bundled node-npm-package-arg node-npm-run-path node-npmlog
#15 6.361   node-object-assign node-object-inspect node-once node-optimist
#15 6.361   node-optionator node-osenv node-p-cancelable node-p-limit node-p-locate
#15 6.361   node-p-map node-parse-json node-path-dirname node-path-exists
#15 6.361   node-path-is-absolute node-path-is-inside node-path-type node-picocolors
#15 6.361   node-pify node-pkg-dir node-postcss node-postcss-modules-extract-imports
#15 6.361   node-postcss-modules-values node-postcss-value-parser node-prelude-ls
#15 6.361   node-process-nextick-args node-progress node-promise-inflight
#15 6.361   node-promise-retry node-promzard node-prr node-punycode node-quick-lru
#15 6.361   node-randombytes node-read node-read-package-json node-read-pkg
#15 6.361   node-readable-stream node-readdirp node-rechoir node-regenerate
#15 6.361   node-regenerate-unicode-properties node-regenerator-runtime
#15 6.361   node-regenerator-transform node-regexpp node-regexpu-core node-regjsgen
#15 6.361   node-regjsparser node-repeat-string node-require-directory node-resolve
#15 6.361   node-resolve-cwd node-resolve-from node-resumer node-retry node-rimraf
#15 6.361   node-run-queue node-safe-buffer node-schema-utils node-semver
#15 6.361   node-serialize-javascript node-set-blocking node-set-immediate-shim
#15 6.361   node-shebang-command node-shebang-regex node-signal-exit node-slash
#15 6.361   node-slice-ansi node-source-list-map node-source-map node-source-map-support
#15 6.361   node-spdx-correct node-spdx-exceptions node-spdx-expression-parse
#15 6.361   node-spdx-license-ids node-sprintf-js node-ssri node-string-decoder
#15 6.361   node-string-width node-strip-ansi node-strip-bom node-strip-eof
#15 6.361   node-strip-json-comments node-supports-color node-tapable node-tape node-tar
#15 6.361   node-terser node-text-table node-through node-time-stamp
#15 6.361   node-to-fast-properties node-to-regex-range node-tslib node-type-check
#15 6.361   node-typedarray node-typedarray-to-buffer node-undici
#15 6.361   node-unicode-canonical-property-names-ecmascript
#15 6.361   node-unicode-match-property-ecmascript
#15 6.361   node-unicode-match-property-value-ecmascript
#15 6.361   node-unicode-property-aliases-ecmascript node-unique-filename node-uri-js
#15 6.361   node-util node-util-deprecate node-uuid node-v8-compile-cache node-v8flags
#15 6.361   node-validate-npm-package-license node-validate-npm-package-name
#15 6.361   node-watchpack node-wcwidth.js node-webassemblyjs node-webpack-sources
#15 6.361   node-which node-wide-align node-wordwrap node-wrap-ansi node-wrappy
#15 6.361   node-write node-write-file-atomic node-xtend node-y18n node-yallist
#15 6.361   node-yargs node-yargs-parser nodejs npm python3 python3-minimal
#15 6.361   python3-packaging python3.13 python3.13-minimal terser webpack
#15 6.466 0 upgraded, 395 newly installed, 0 to remove and 0 not upgraded.
#15 6.466 Need to get 49.9 MB of archives.
#15 6.466 After this operation, 259 MB of additional disk space will be used.
#15 6.466 Get:1 http://deb.debian.org/debian-security trixie-security/main amd64 libexpat1 amd64 2.8.2-1~deb13u1 [122 kB]
#15 6.468 Get:2 http://deb.debian.org/debian trixie-updates/main amd64 libpython3.13-minimal amd64 3.13.5-2+deb13u4 [863 kB]
#15 6.480 Get:3 http://deb.debian.org/debian trixie-updates/main amd64 python3.13-minimal amd64 3.13.5-2+deb13u4 [2217 kB]
#15 6.502 Get:4 http://deb.debian.org/debian trixie/main amd64 python3-minimal amd64 3.13.5-1 [27.2 kB]
#15 6.502 Get:5 http://deb.debian.org/debian trixie/main amd64 media-types all 13.0.0 [29.3 kB]
#15 6.506 Get:6 http://deb.debian.org/debian trixie-updates/main amd64 libpython3.13-stdlib amd64 3.13.5-2+deb13u4 [1957 kB]
#15 6.515 Get:7 http://deb.debian.org/debian trixie-updates/main amd64 python3.13 amd64 3.13.5-2+deb13u4 [757 kB]
#15 6.522 Get:8 http://deb.debian.org/debian trixie/main amd64 libpython3-stdlib amd64 3.13.5-1 [10.2 kB]
#15 6.523 Get:9 http://deb.debian.org/debian trixie/main amd64 python3 amd64 3.13.5-1 [28.2 kB]
#15 6.524 Get:10 http://deb.debian.org/debian trixie/main amd64 libbrotli1 amd64 1.1.0-2+b7 [307 kB]
#15 6.530 Get:11 http://deb.debian.org/debian trixie/main amd64 libkrb5support0 amd64 1.21.3-5+deb13u1 [33.1 kB]
#15 6.531 Get:12 http://deb.debian.org/debian trixie/main amd64 libcom-err2 amd64 1.47.2-3+b11 [25.0 kB]
#15 6.533 Get:13 http://deb.debian.org/debian trixie/main amd64 libk5crypto3 amd64 1.21.3-5+deb13u1 [81.2 kB]
#15 6.533 Get:14 http://deb.debian.org/debian trixie/main amd64 libkeyutils1 amd64 1.6.3-6 [9456 B]
#15 6.536 Get:15 http://deb.debian.org/debian trixie/main amd64 libkrb5-3 amd64 1.21.3-5+deb13u1 [326 kB]
#15 6.536 Get:16 http://deb.debian.org/debian trixie/main amd64 libgssapi-krb5-2 amd64 1.21.3-5+deb13u1 [138 kB]
#15 6.538 Get:17 http://deb.debian.org/debian trixie/main amd64 libunistring5 amd64 1.3-2 [477 kB]
#15 6.542 Get:18 http://deb.debian.org/debian trixie/main amd64 libidn2-0 amd64 2.3.8-2 [109 kB]
#15 6.544 Get:19 http://deb.debian.org/debian trixie/main amd64 libsasl2-modules-db amd64 2.1.28+dfsg1-9 [19.8 kB]
#15 6.544 Get:20 http://deb.debian.org/debian trixie/main amd64 libsasl2-2 amd64 2.1.28+dfsg1-9 [57.5 kB]
#15 6.547 Get:21 http://deb.debian.org/debian trixie/main amd64 libldap2 amd64 2.6.10+dfsg-1 [194 kB]
#15 6.550 Get:22 http://deb.debian.org/debian trixie/main amd64 libnghttp2-14 amd64 1.64.0-1.1+deb13u1 [76.2 kB]
#15 6.550 Get:23 http://deb.debian.org/debian trixie/main amd64 libnghttp3-9 amd64 1.8.0-1 [67.7 kB]
#15 6.552 Get:24 http://deb.debian.org/debian trixie/main amd64 libpsl5t64 amd64 0.21.2-1.1+b1 [57.2 kB]
#15 6.552 Get:25 http://deb.debian.org/debian trixie/main amd64 libp11-kit0 amd64 0.25.5-3 [425 kB]
#15 6.557 Get:26 http://deb.debian.org/debian trixie/main amd64 libtasn1-6 amd64 4.20.0-2+deb13u1 [50.1 kB]
#15 6.557 Get:27 http://deb.debian.org/debian trixie/main amd64 libgnutls30t64 amd64 3.8.9-3+deb13u4 [1469 kB]
#15 6.563 Get:28 http://deb.debian.org/debian trixie/main amd64 librtmp1 amd64 2.4+20151223.gitfa8646d.1-2+b5 [58.8 kB]
#15 6.564 Get:29 http://deb.debian.org/debian trixie/main amd64 libssh2-1t64 amd64 1.11.1-1+deb13u1 [245 kB]
#15 6.566 Get:30 http://deb.debian.org/debian trixie/main amd64 libcurl4t64 amd64 8.14.1-2+deb13u4 [392 kB]
#15 6.569 Get:31 http://deb.debian.org/debian trixie/main amd64 curl amd64 8.14.1-2+deb13u4 [270 kB]
#15 6.571 Get:32 http://deb.debian.org/debian trixie/main amd64 node-fast-deep-equal all 3.1.3-3 [5768 B]
#15 6.572 Get:33 http://deb.debian.org/debian trixie/main amd64 node-json-schema-traverse all 1.0.0-3 [6308 B]
#15 6.574 Get:34 http://deb.debian.org/debian trixie/main amd64 node-jsonify all 0.0.1-1 [8704 B]
#15 6.575 Get:35 http://deb.debian.org/debian trixie/main amd64 node-json-stable-stringify all 1.0.2+repack1+~cs1.0.34-2 [9496 B]
#15 6.577 Get:36 http://deb.debian.org/debian trixie/main amd64 node-punycode all 2.3.1+~2.1.4-1 [10.8 kB]
#15 6.577 Get:37 http://deb.debian.org/debian trixie/main amd64 node-uri-js all 4.4.0+dfsg-8 [47.3 kB]
#15 6.577 Get:38 http://deb.debian.org/debian trixie/main amd64 libcares2 amd64 1.34.5-1+deb13u1 [98.3 kB]
#15 6.599 Get:39 http://deb.debian.org/debian trixie/main amd64 libicu76 amd64 76.1-4 [9722 kB]
#15 6.681 Get:40 http://deb.debian.org/debian trixie/main amd64 libuv1t64 amd64 1.50.0-2 [154 kB]
#15 6.684 Get:41 http://deb.debian.org/debian trixie/main amd64 node-xtend all 4.0.2-3 [3932 B]
#15 6.684 Get:42 http://deb.debian.org/debian trixie/main amd64 node-acorn all 8.8.1+ds+~cs25.17.7-2 [128 kB]
#15 6.690 Get:43 http://deb.debian.org/debian trixie/main amd64 node-cjs-module-lexer all 1.2.3+dfsg-1 [30.6 kB]
#15 6.690 Get:44 http://deb.debian.org/debian trixie/main amd64 node-balanced-match all 2.0.0-1 [4872 B]
#15 6.690 Get:45 http://deb.debian.org/debian trixie/main amd64 node-brace-expansion all 2.0.1+~1.1.0-2 [8012 B]
#15 6.691 Get:46 http://deb.debian.org/debian trixie/main amd64 node-minimatch all 9.0.3-6 [76.8 kB]
#15 6.692 Get:47 http://deb.debian.org/debian trixie/main amd64 node-undici all 7.3.0+dfsg1+~cs24.12.11-1 [333 kB]
#15 6.713 Get:48 http://deb.debian.org/debian trixie/main amd64 libnode115 amd64 20.19.2+dfsg-1+deb13u2 [12.1 MB]
#15 6.835 Get:49 http://deb.debian.org/debian trixie/main amd64 node-corepack all 0.24.0-5 [712 kB]
#15 6.844 Get:50 http://deb.debian.org/debian trixie/main amd64 nodejs amd64 20.19.2+dfsg-1+deb13u2 [353 kB]
#15 6.851 Get:51 http://deb.debian.org/debian trixie/main amd64 node-ajv all 8.12.0~ds+~2.1.1-5 [182 kB]
#15 6.857 Get:52 http://deb.debian.org/debian trixie/main amd64 libjs-inherits all 2.0.4-6 [3548 B]
#15 6.860 Get:53 http://deb.debian.org/debian trixie/main amd64 node-inherits all 2.0.4-6 [4548 B]
#15 6.860 Get:54 http://deb.debian.org/debian trixie/main amd64 node-core-util-is all 1.0.3-1 [4072 B]
#15 6.861 Get:55 http://deb.debian.org/debian trixie/main amd64 node-safe-buffer all 5.2.1+~cs2.1.2-3 [15.5 kB]
#15 6.862 Get:56 http://deb.debian.org/debian trixie/main amd64 node-string-decoder all 1.3.0-6 [7180 B]
#15 6.862 Get:57 http://deb.debian.org/debian trixie/main amd64 node-process-nextick-args all 2.0.1-3 [3816 B]
#15 6.862 Get:58 http://deb.debian.org/debian trixie/main amd64 node-util-deprecate all 1.0.2-3 [4436 B]
#15 6.862 Get:59 http://deb.debian.org/debian trixie/main amd64 node-isarray all 2.0.5-4 [4040 B]
#15 6.865 Get:60 http://deb.debian.org/debian trixie/main amd64 node-readable-stream all 3.6.0+~cs3.0.0-4 [32.0 kB]
#15 6.865 Get:61 http://deb.debian.org/debian trixie/main amd64 node-typedarray all 0.0.7-1 [11.4 kB]
#15 6.866 Get:62 http://deb.debian.org/debian trixie/main amd64 node-concat-stream all 2.0.0+~2.0.0-2 [6388 B]
#15 6.869 Get:63 http://deb.debian.org/debian trixie/main amd64 node-ms all 2.1.3+~cs0.7.31-3 [5648 B]
#15 6.870 Get:64 http://deb.debian.org/debian trixie/main amd64 node-debug all 4.3.4+~cs4.1.7-1 [18.1 kB]
#15 6.871 Get:65 http://deb.debian.org/debian trixie/main amd64 node-esutils all 2.0.3+~2.0.0-1 [12.4 kB]
#15 6.872 Get:66 http://deb.debian.org/debian trixie/main amd64 node-doctrine all 3.0.0-4 [19.9 kB]
#15 6.874 Get:67 http://deb.debian.org/debian trixie/main amd64 node-eslint-visitor-keys all 3.3.0+~1.0.0-1 [17.1 kB]
#15 6.875 Get:68 http://deb.debian.org/debian trixie/main amd64 node-estraverse all 5.3.0+ds+~5.1.1-1 [11.6 kB]
#15 6.876 Get:69 http://deb.debian.org/debian trixie/main amd64 node-object-assign all 4.1.1-7 [4684 B]
#15 6.878 Get:70 http://deb.debian.org/debian trixie/main amd64 node-esrecurse all 4.3.0-2 [6048 B]
#15 6.881 Get:71 http://deb.debian.org/debian trixie/main amd64 node-eslint-scope all 7.1.1+~3.7.4-1 [35.6 kB]
#15 6.881 Get:72 http://deb.debian.org/debian trixie/main amd64 node-espree all 9.4.1~dfsg-2 [41.1 kB]
#15 6.881 Get:73 http://deb.debian.org/debian trixie/main amd64 node-esquery all 1.4.2~ds-1 [24.9 kB]
#15 6.882 Get:74 http://deb.debian.org/debian trixie/main amd64 node-eslint-utils all 3.0.0-3 [15.5 kB]
#15 6.883 Get:75 http://deb.debian.org/debian trixie/main amd64 node-flatted all 3.2.7~ds-1+deb13u1 [10.3 kB]
#15 6.884 Get:76 http://deb.debian.org/debian trixie/main amd64 node-fs.realpath all 1.0.0-3 [6172 B]
#15 6.885 Get:77 http://deb.debian.org/debian trixie/main amd64 node-wrappy all 1.0.2-3 [3776 B]
#15 6.891 Get:78 http://deb.debian.org/debian trixie/main amd64 node-once all 1.4.1-1 [4624 B]
#15 6.891 Get:79 http://deb.debian.org/debian trixie/main amd64 node-inflight all 1.0.6-2 [3952 B]
#15 6.891 Get:80 http://deb.debian.org/debian trixie/main amd64 node-glob all 8.1.0+~cs8.5.15-1 [134 kB]
#15 6.891 Get:81 http://deb.debian.org/debian trixie/main amd64 node-rimraf all 3.0.2-2 [11.1 kB]
#15 6.892 Get:82 http://deb.debian.org/debian trixie/main amd64 node-write all 2.0.0~6.0.1+~3.0.4+~2.0.0+~1.0.0+~2.0.1-1 [17.9 kB]
#15 6.893 Get:83 http://deb.debian.org/debian trixie/main amd64 node-flat-cache all 3.0.4~6.0.1+~3.0.4+~2.0.0+~1.0.0+~2.0.1-1 [20.2 kB]
#15 6.894 Get:84 http://deb.debian.org/debian trixie/main amd64 node-file-entry-cache all 6.0.1+~3.0.4+~2.0.0+~1.0.0+~2.0.1-1 [15.3 kB]
#15 6.896 Get:85 http://deb.debian.org/debian trixie/main amd64 node-functional-red-black-tree all 1.0.1+20181105-7 [14.1 kB]
#15 6.896 Get:86 http://deb.debian.org/debian trixie/main amd64 node-is-extglob all 2.1.1-5 [4612 B]
#15 6.897 Get:87 http://deb.debian.org/debian trixie/main amd64 node-is-glob all 4.0.3-2 [6620 B]
#15 6.900 Get:88 http://deb.debian.org/debian trixie/main amd64 node-path-dirname all 1.0.2-2 [4312 B]
#15 6.900 Get:89 http://deb.debian.org/debian trixie/main amd64 node-glob-parent all 6.0.2+~5.1.1-2 [8784 B]
#15 6.901 Get:90 http://deb.debian.org/debian trixie/main amd64 node-globals all 13.23.0-1 [11.3 kB]
#15 6.901 Get:91 http://deb.debian.org/debian trixie/main amd64 node-resolve-from all 5.0.0+~3.1.0+~3.3.0+~2.0.0-1 [7292 B]
#15 6.903 Get:92 http://deb.debian.org/debian trixie/main amd64 node-imurmurhash all 0.1.4+dfsg+~0.1.1-2 [8412 B]
#15 6.903 Get:93 http://deb.debian.org/debian trixie/main amd64 node-ignore all 5.2.1-1 [26.4 kB]
#15 6.903 Get:94 http://deb.debian.org/debian trixie/main amd64 node-prelude-ls all 1.2.1+dfsg-3 [11.3 kB]
#15 6.903 Get:95 http://deb.debian.org/debian trixie/main amd64 node-type-check all 0.4.0+dfsg-3 [9184 B]
#15 6.904 Get:96 http://deb.debian.org/debian trixie/main amd64 node-levn all 0.4.1+dfsg-2 [10.2 kB]
#15 6.906 Get:97 http://deb.debian.org/debian trixie/main amd64 node-lodash all 4.17.21+dfsg+~cs8.31.198.20210220-9 [462 kB]
#15 6.912 Get:98 http://deb.debian.org/debian trixie/main amd64 node-memfs all 3.4.12+~cs1.0.3-1 [46.8 kB]
#15 6.912 Get:99 http://deb.debian.org/debian trixie/main amd64 node-mkdirp all 2.1.6+~cs5.2.1-2 [24.1 kB]
#15 6.914 Get:100 http://deb.debian.org/debian trixie/main amd64 node-deep-is all 0.1.4-1 [5136 B]
#15 6.916 Get:101 http://deb.debian.org/debian trixie/main amd64 node-fast-levenshtein all 2.0.6+ds-3 [6040 B]
#15 6.918 Get:102 http://deb.debian.org/debian trixie/main amd64 node-optionator all 0.9.1+dfsg+~cs1.2.3-1 [17.6 kB]
#15 6.918 Get:103 http://deb.debian.org/debian trixie/main amd64 node-progress all 2.0.3-2 [8256 B]
#15 6.919 Get:104 http://deb.debian.org/debian trixie/main amd64 libjs-regenerate all 1.4.2-3 [14.3 kB]
#15 6.922 Get:105 http://deb.debian.org/debian trixie/main amd64 node-regenerate all 1.4.2-3 [7388 B]
#15 6.922 Get:106 http://deb.debian.org/debian trixie/main amd64 node-regenerate-unicode-properties all 10.1.0+ds-1 [50.7 kB]
#15 6.922 Get:107 http://deb.debian.org/debian trixie/main amd64 node-regexpp all 3.2.0-5 [27.0 kB]
#15 6.923 Get:108 http://deb.debian.org/debian trixie/main amd64 node-lru-cache all 10.0.1-3 [62.6 kB]
#15 6.924 Get:109 http://deb.debian.org/debian trixie/main amd64 node-semver all 7.6.1+~7.5.8-2 [49.5 kB]
#15 6.925 Get:110 http://deb.debian.org/debian trixie/main amd64 node-strip-json-comments all 4.0.0-4 [5668 B]
#15 6.927 Get:111 http://deb.debian.org/debian trixie/main amd64 node-json-schema all 0.4.0+~7.0.11-1 [13.1 kB]
#15 6.930 Get:112 http://deb.debian.org/debian trixie/main amd64 node-v8-compile-cache all 2.4.0-2 [8544 B]
#15 6.930 Get:113 http://deb.debian.org/debian trixie/main amd64 eslint all 6.4.0~dfsg+~6.1.9-12 [606 kB]
#15 6.933 Get:114 http://deb.debian.org/debian trixie/main amd64 python3-packaging all 25.0-1 [56.6 kB]
#15 6.933 Get:115 http://deb.debian.org/debian trixie/main amd64 gyp all 0.16.2-2 [255 kB]
#15 6.936 Get:116 http://deb.debian.org/debian trixie/main amd64 node-neo-async all 2.6.2+~cs3.0.0-3 [41.8 kB]
#15 6.937 Get:117 http://deb.debian.org/debian trixie/main amd64 node-arrify all 2.0.1-3 [3700 B]
#15 6.939 Get:118 http://deb.debian.org/debian trixie/main amd64 node-is-plain-obj all 3.0.0-2 [3972 B]
#15 6.939 Get:119 http://deb.debian.org/debian trixie/main amd64 node-is-buffer all 2.0.5-2 [4112 B]
#15 6.941 Get:120 http://deb.debian.org/debian trixie/main amd64 node-kind-of all 6.0.3+dfsg-2 [10.2 kB]
#15 6.944 Get:121 http://deb.debian.org/debian trixie/main amd64 node-minimist all 1.2.8+~cs5.3.5-1 [15.9 kB]
#15 6.952 Get:122 http://deb.debian.org/debian trixie/main amd64 node-wordwrap all 1.0.0-4 [4628 B]
#15 6.952 Get:123 http://deb.debian.org/debian trixie/main amd64 node-optimist all 0.6.1+~0.0.30-2 [13.5 kB]
#15 6.952 Get:124 http://deb.debian.org/debian trixie/main amd64 libjs-source-map all 0.7.0++dfsg2+really.0.6.1-15 [29.6 kB]
#15 6.954 Get:125 http://deb.debian.org/debian trixie/main amd64 node-source-map all 0.7.0++dfsg2+really.0.6.1-15 [41.7 kB]
#15 6.955 Get:126 http://deb.debian.org/debian trixie/main amd64 handlebars all 3:4.7.7+~4.1.0-1 [199 kB]
#15 6.958 Get:127 http://deb.debian.org/debian trixie/main amd64 libjs-events all 3.3.0+~3.0.0-3 [11.3 kB]
#15 6.962 Get:128 http://deb.debian.org/debian trixie/main amd64 libjs-is-typedarray all 1.0.0-4 [3816 B]
#15 6.966 Get:129 http://deb.debian.org/debian trixie/main amd64 libjs-prettify all 2015.12.04+dfsg-1.1 [41.7 kB]
#15 6.969 Get:130 http://deb.debian.org/debian trixie/main amd64 libjs-sprintf-js all 1.1.2+ds1+~1.1.2-1 [12.8 kB]
#15 6.969 Get:131 http://deb.debian.org/debian trixie/main amd64 libjs-typedarray-to-buffer all 4.0.0-2 [4668 B]
#15 6.972 Get:132 http://deb.debian.org/debian trixie/main amd64 node-lodash-packages all 4.17.21+dfsg+~cs8.31.198.20210220-9 [179 kB]
#15 6.972 Get:133 http://deb.debian.org/debian trixie/main amd64 node-function-bind all 1.1.2+~cs2.1.14-1 [24.6 kB]
#15 6.974 Get:134 http://deb.debian.org/debian trixie/main amd64 node-object-inspect all 1.12.2+~cs1.8.1-1 [20.8 kB]
#15 6.975 Get:135 http://deb.debian.org/debian trixie/main amd64 node-es-abstract all 1.20.4+~cs26.27.47-2 [137 kB]
#15 6.976 Get:136 http://deb.debian.org/debian trixie/main amd64 node-resolve all 1.22.8+~cs5.34.15-2 [29.8 kB]
#15 6.978 Get:137 http://deb.debian.org/debian trixie/main amd64 node-define-properties all 1.2.1+~cs2.2.3-1 [9080 B]
#15 6.980 Get:138 http://deb.debian.org/debian trixie/main amd64 node-debbundle-es-to-primitive all 1.2.1+~cs9.7.25-2 [39.9 kB]
#15 6.983 Get:139 http://deb.debian.org/debian trixie/main amd64 node-isobject all 4.0.0-2 [5332 B]
#15 6.983 Get:140 http://deb.debian.org/debian trixie/main amd64 node-is-descriptor all 3.0.0-2 [5556 B]
#15 6.984 Get:141 http://deb.debian.org/debian trixie/main amd64 node-define-property all 2.0.2+really+2.0.2-3 [6820 B]
#15 6.984 Get:142 http://deb.debian.org/debian trixie/main amd64 node-defined all 1.0.1+~1.0.0-1 [6776 B]
#15 6.985 Get:143 http://deb.debian.org/debian trixie/main amd64 node-abbrev all 1.1.1+~1.1.2-1 [5692 B]
#15 6.988 Get:144 http://deb.debian.org/debian trixie/main amd64 node-archy all 1.0.0-6 [4556 B]
#15 6.988 Get:145 http://deb.debian.org/debian trixie/main amd64 node-async all 3.2.6+dfsg-2 [96.4 kB]
#15 6.988 Get:146 http://deb.debian.org/debian trixie/main amd64 node-convert-source-map all 1.9.0+~1.5.2-1 [8176 B]
#15 6.991 Get:147 http://deb.debian.org/debian trixie/main amd64 node-decamelize all 4.0.0-2 [4080 B]
#15 6.991 Get:148 http://deb.debian.org/debian trixie/main amd64 node-es6-error all 4.1.1-5 [6148 B]
#15 6.991 Get:149 http://deb.debian.org/debian trixie/main amd64 node-esprima all 4.0.1+ds+~4.0.3-2 [69.3 kB]
#15 6.991 Get:150 http://deb.debian.org/debian trixie/main amd64 node-escodegen all 2.1.0+dfsg+~0.0.8-1 [23.0 kB]
#15 6.993 Get:151 http://deb.debian.org/debian trixie/main amd64 node-commondir all 1.0.1+~1.0.0-1 [4388 B]
#15 6.996 Get:152 http://deb.debian.org/debian trixie/main amd64 node-is-number all 7.0.0-4 [6020 B]
#15 6.996 Get:153 http://deb.debian.org/debian trixie/main amd64 node-repeat-string all 1.6.1+repack-1 [5600 B]
#15 6.996 Get:154 http://deb.debian.org/debian trixie/main amd64 node-to-regex-range all 5.0.1-4 [10.5 kB]
#15 6.998 Get:155 http://deb.debian.org/debian trixie/main amd64 node-fill-range all 7.1.1+~7.0.3-1 [8768 B]
#15 6.998 Get:156 http://deb.debian.org/debian trixie/main amd64 node-braces all 3.0.3+~3.0.5-1 [20.6 kB]
#15 6.998 Get:157 http://deb.debian.org/debian trixie/main amd64 node-normalize-path all 3.0.0+~3.0.0-1 [6608 B]
#15 6.998 Get:158 http://deb.debian.org/debian trixie/main amd64 node-anymatch all 3.1.3+~cs4.6.1-2 [33.4 kB]
#15 7.000 Get:159 http://deb.debian.org/debian trixie/main amd64 node-micromatch all 4.0.7+~4.0.9-1 [26.0 kB]
#15 7.000 Get:160 http://deb.debian.org/debian trixie/main amd64 node-pify all 5.0.0+~cs5.0.1-1 [7072 B]
#15 7.001 Get:161 http://deb.debian.org/debian trixie/main amd64 node-path-type all 4.0.0-3 [3944 B]
#15 7.002 Get:162 http://deb.debian.org/debian trixie/main amd64 node-n3 all 1.16.3+~1.2.3+~1.10.4-1 [37.0 kB]
#15 7.002 Get:163 http://deb.debian.org/debian trixie/main amd64 node-slash all 4.0.0-3 [4292 B]
#15 7.003 Get:164 http://deb.debian.org/debian trixie/main amd64 node-globby all 13.1.3+~cs16.25.40-3 [40.5 kB]
#15 7.005 Get:165 http://deb.debian.org/debian trixie/main amd64 node-graceful-fs all 4.2.10-1 [14.4 kB]
#15 7.008 Get:166 http://deb.debian.org/debian trixie/main amd64 node-is-path-cwd all 2.2.0-2 [3672 B]
#15 7.008 Get:167 http://deb.debian.org/debian trixie/main amd64 node-path-is-inside all 1.0.2+~1.0.0-1 [5072 B]
#15 7.008 Get:168 http://deb.debian.org/debian trixie/main amd64 node-is-path-inside all 3.0.3-2 [3980 B]
#15 7.009 Get:169 http://deb.debian.org/debian trixie/main amd64 node-escape-string-regexp all 4.0.0-2 [4296 B]
#15 7.009 Get:170 http://deb.debian.org/debian trixie/main amd64 node-indent-string all 4.0.0-2 [4144 B]
#15 7.010 Get:171 http://deb.debian.org/debian trixie/main amd64 node-p-map all 4.0.0+~3.1.0+~3.0.1-2 [7904 B]
#15 7.012 Get:172 http://deb.debian.org/debian trixie/main amd64 node-del all 7.1.0-1 [8020 B]
#15 7.012 Get:173 http://deb.debian.org/debian trixie/main amd64 node-make-dir all 3.1.0-3 [6040 B]
#15 7.014 Get:174 http://deb.debian.org/debian trixie/main amd64 node-p-limit all 4.0.0+~cs4.0.0-5 [7576 B]
#15 7.015 Get:175 http://deb.debian.org/debian trixie/main amd64 node-p-locate all 6.0.0-12 [5752 B]
#15 7.018 Get:176 http://deb.debian.org/debian trixie/main amd64 node-locate-path all 7.1.1-2 [5584 B]
#15 7.020 Get:177 http://deb.debian.org/debian trixie/main amd64 node-path-exists all 5.0.0-8 [4732 B]
#15 7.021 Get:178 http://deb.debian.org/debian trixie/main amd64 node-find-up all 6.3.0-7 [9388 B]
#15 7.023 Get:179 http://deb.debian.org/debian trixie/main amd64 node-pkg-dir all 5.0.0-2 [4260 B]
#15 7.023 Get:180 http://deb.debian.org/debian trixie/main amd64 node-find-cache-dir all 3.3.2+~3.2.1-1 [6152 B]
#15 7.023 Get:181 http://deb.debian.org/debian trixie/main amd64 node-signal-exit all 4.1.0-7 [14.4 kB]
#15 7.025 Get:182 http://deb.debian.org/debian trixie/main amd64 node-foreground-child all 3.1.1-2 [13.3 kB]
#15 7.026 Get:183 http://deb.debian.org/debian trixie/main amd64 node-is-stream all 3.0.0-4 [5076 B]
#15 7.029 Get:184 http://deb.debian.org/debian trixie/main amd64 node-is-windows all 1.0.2+~cs1.0.0-1 [5936 B]
#15 7.031 Get:185 http://deb.debian.org/debian trixie/main amd64 node-ampproject-remapping all 2.2.0+~cs5.15.37-1 [59.4 kB]
#15 7.033 Get:186 http://deb.debian.org/debian trixie/main amd64 node-sprintf-js all 1.1.2+ds1+~1.1.2-1 [4024 B]
#15 7.033 Get:187 http://deb.debian.org/debian trixie/main amd64 node-argparse all 2.0.1-2 [34.6 kB]
#15 7.037 Get:188 http://deb.debian.org/debian trixie/main amd64 node-js-yaml all 4.1.0+dfsg+~4.0.5-7 [66.6 kB]
#15 7.037 Get:189 http://deb.debian.org/debian trixie/main amd64 node-nopt all 5.0.0-4 [12.1 kB]
#15 7.038 Get:190 http://deb.debian.org/debian trixie/main amd64 node-npm-run-path all 5.1.0+~4.0.0-8 [6276 B]
#15 7.040 Get:191 http://deb.debian.org/debian trixie/main amd64 node-shebang-regex all 3.0.0-2 [3528 B]
#15 7.043 Get:192 http://deb.debian.org/debian trixie/main amd64 node-shebang-command all 2.0.0-1 [3500 B]
#15 7.043 Get:193 http://deb.debian.org/debian trixie/main amd64 node-strip-bom all 4.0.0-2 [4144 B]
#15 7.044 Get:194 http://deb.debian.org/debian trixie/main amd64 node-has-flag all 5.0.1-1 [4404 B]
#15 7.046 Get:195 http://deb.debian.org/debian trixie/main amd64 node-supports-color all 8.1.1+~8.1.1-1 [6920 B]
#15 7.046 Get:196 http://deb.debian.org/debian trixie/main amd64 node-util all 0.12.5+~1.0.10-1 [5700 B]
#15 7.047 Get:197 http://deb.debian.org/debian trixie/main amd64 node-assert all 2.0.0+~cs3.9.8-2 [26.8 kB]
#15 7.048 Get:198 http://deb.debian.org/debian trixie/main amd64 node-babel-plugin-add-module-exports all 1.0.4+dfsg1~cs5.8.0-4 [8672 B]
#15 7.049 Get:199 http://deb.debian.org/debian trixie/main amd64 node-regenerator-runtime all 0.15.2+~0.10.8-1 [10.7 kB]
#15 7.054 Get:200 http://deb.debian.org/debian trixie/main amd64 node-babel7-runtime all 7.20.15+ds1+~cs214.269.168-8 [116 kB]
#15 7.054 Get:201 http://deb.debian.org/debian trixie/main amd64 node-babel-helper-define-polyfill-provider all 0.3.3~0~20220913+ds1-1 [27.4 kB]
#15 7.054 Get:202 http://deb.debian.org/debian trixie/main amd64 node-babel-plugin-polyfill-corejs2 all 0.3.3~0~20220913+ds1-1 [17.1 kB]
#15 7.054 Get:203 http://deb.debian.org/debian trixie/main amd64 node-caniuse-lite all 1.0.30001723+dfsg+~1.0.5-1 [255 kB]
#15 7.057 Get:204 http://deb.debian.org/debian trixie/main amd64 node-electron-to-chromium all 1.5.166-1 [20.9 kB]
#15 7.057 Get:205 http://deb.debian.org/debian trixie/main amd64 node-picocolors all 1.0.0-4 [6652 B]
#15 7.058 Get:206 http://deb.debian.org/debian trixie/main amd64 node-browserslist all 4.25.0+~cs6.3.22-1 [72.3 kB]
#15 7.060 Get:207 http://deb.debian.org/debian trixie/main amd64 node-core-js-compat all 3.33.2-1 [78.5 kB]
#15 7.061 Get:208 http://deb.debian.org/debian trixie/main amd64 node-babel-plugin-polyfill-corejs3 all 0.6.0~0~20220913+ds1-1 [29.5 kB]
#15 7.062 Get:209 http://deb.debian.org/debian trixie/main amd64 node-babel-plugin-polyfill-regenerator all 0.4.1~0~20220913+ds1-1 [5036 B]
#15 7.064 Get:210 http://deb.debian.org/debian trixie/main amd64 node-color-name all 1.1.4+~1.1.1-2 [5920 B]
#15 7.064 Get:211 http://deb.debian.org/debian trixie/main amd64 node-color-convert all 2.0.1+~cs2.0.0-2 [13.1 kB]
#15 7.066 Get:212 http://deb.debian.org/debian trixie/main amd64 node-ansi-styles all 6.2.1-3 [8716 B]
#15 7.068 Get:213 http://deb.debian.org/debian trixie/main amd64 node-chalk all 5.3.0-1 [18.2 kB]
#15 7.070 Get:214 http://deb.debian.org/debian trixie/main amd64 node-for-in all 1.0.2-4 [4840 B]
#15 7.073 Get:215 http://deb.debian.org/debian trixie/main amd64 node-for-own all 1.0.0-3 [4800 B]
#15 7.073 Get:216 http://deb.debian.org/debian trixie/main amd64 node-is-plain-object all 5.0.0-7 [6108 B]
#15 7.078 Get:217 http://deb.debian.org/debian trixie/main amd64 node-is-extendable all 1.0.1-3 [5228 B]
#15 7.078 Get:218 http://deb.debian.org/debian trixie/main amd64 node-clone-deep all 4.0.1+~cs7.0.2-1 [6720 B]
#15 7.078 Get:219 http://deb.debian.org/debian trixie/main amd64 node-commander all 9.4.1-1 [65.3 kB]
#15 7.078 Get:220 http://deb.debian.org/debian trixie/main amd64 node-core-js all 3.33.2-1 [301 kB]
#15 7.079 Get:221 http://deb.debian.org/debian trixie/main amd64 node-core-js-pure all 3.33.2-1 [282 kB]
#15 7.082 Get:222 http://deb.debian.org/debian trixie/main amd64 node-fs-readdir-recursive all 1.1.0+~1.1.0-1 [4540 B]
#15 7.083 Get:223 http://deb.debian.org/debian trixie/main amd64 node-js-tokens all 8.0.0-2 [14.9 kB]
#15 7.085 Get:224 http://deb.debian.org/debian trixie/main amd64 node-jsesc all 3.0.2+~3.0.1-1 [17.6 kB]
#15 7.086 Get:225 http://deb.debian.org/debian trixie/main amd64 node-json5 all 2.2.3+dfsg-1 [25.6 kB]
#15 7.086 Get:226 http://deb.debian.org/debian trixie/main amd64 node-quick-lru all 6.1.1-4 [8076 B]
#15 7.088 Get:227 http://deb.debian.org/debian trixie/main amd64 node-regenerator-transform all 0.15.2+~0.10.8-1 [24.9 kB]
#15 7.089 Get:228 http://deb.debian.org/debian trixie/main amd64 node-regjsgen all 0.7.1+ds-1 [6968 B]
#15 7.090 Get:229 http://deb.debian.org/debian trixie/main amd64 node-regjsparser all 0.9.1+ds-2 [22.1 kB]
#15 7.093 Get:230 http://deb.debian.org/debian trixie/main amd64 node-unicode-canonical-property-names-ecmascript all 2.0.0-2 [4540 B]
#15 7.093 Get:231 http://deb.debian.org/debian trixie/main amd64 node-unicode-property-aliases-ecmascript all 2.1.0+ds-1 [5256 B]
#15 7.093 Get:232 http://deb.debian.org/debian trixie/main amd64 node-unicode-match-property-ecmascript all 2.0.0-2 [4440 B]
#15 7.094 Get:233 http://deb.debian.org/debian trixie/main amd64 node-unicode-match-property-value-ecmascript all 2.1.0+ds-1 [7272 B]
#15 7.095 Get:234 http://deb.debian.org/debian trixie/main amd64 node-regexpu-core all 5.2.2-3 [13.9 kB]
#15 7.096 Get:235 http://deb.debian.org/debian trixie/main amd64 node-source-map-support all 0.5.21+ds+~0.5.10-1 [15.3 kB]
#15 7.098 Get:236 http://deb.debian.org/debian trixie/main amd64 node-to-fast-properties all 3.0.1-3 [4332 B]
#15 7.098 Get:237 http://deb.debian.org/debian trixie/main amd64 node-v8flags all 3.2.0+~3.1.1-1 [7612 B]
#15 7.100 Get:238 http://deb.debian.org/debian trixie/main amd64 node-babel7 all 7.20.15+ds1+~cs214.269.168-8 [709 kB]
#15 7.103 Get:239 http://deb.debian.org/debian trixie/main amd64 node-is-arrayish all 0.3.2-3 [3960 B]
#15 7.103 Get:240 http://deb.debian.org/debian trixie/main amd64 node-error-ex all 1.3.2-4 [5656 B]
#15 7.104 Get:241 http://deb.debian.org/debian trixie/main amd64 node-json-parse-better-errors all 1.0.2+~cs3.3.1-3 [7724 B]
#15 7.106 Get:242 http://deb.debian.org/debian trixie/main amd64 node-parse-json all 5.2.0+~cs5.1.7-2 [7304 B]
#15 7.106 Get:243 http://deb.debian.org/debian trixie/main amd64 node-hosted-git-info all 6.1.1-2 [12.6 kB]
#15 7.106 Get:244 http://deb.debian.org/debian trixie/main amd64 node-spdx-license-ids all 3.0.12-1 [6276 B]
#15 7.107 Get:245 http://deb.debian.org/debian trixie/main amd64 node-spdx-exceptions all 2.3.0-2 [3992 B]
#15 7.108 Get:246 http://deb.debian.org/debian trixie/main amd64 node-spdx-expression-parse all 3.0.1+~3.0.1-1 [7532 B]
#15 7.110 Get:247 http://deb.debian.org/debian trixie/main amd64 node-spdx-correct all 3.1.1-2 [5464 B]
#15 7.110 Get:248 http://deb.debian.org/debian trixie/main amd64 node-validate-npm-package-license all 3.0.4-2 [4280 B]
#15 7.113 Get:249 http://deb.debian.org/debian trixie/main amd64 node-normalize-package-data all 4.0.1+~2.4.1-1 [13.6 kB]
#15 7.115 Get:250 http://deb.debian.org/debian trixie/main amd64 node-read-pkg all 5.2.0-2 [24.0 kB]
#15 7.115 Get:251 http://deb.debian.org/debian trixie/main amd64 node-uuid all 8.3.2+~8.3.4-1 [44.5 kB]
#15 7.115 Get:252 http://deb.debian.org/debian trixie/main amd64 node-isexe all 2.0.0+~2.0.1-5 [6084 B]
#15 7.115 Get:253 http://deb.debian.org/debian trixie/main amd64 node-which all 2.0.2+~cs1.3.2-3 [8368 B]
#15 7.115 Get:254 http://deb.debian.org/debian trixie/main amd64 node-is-typedarray all 1.0.0-4 [3292 B]
#15 7.116 Get:255 http://deb.debian.org/debian trixie/main amd64 node-typedarray-to-buffer all 4.0.0-2 [3380 B]
#15 7.118 Get:256 http://deb.debian.org/debian trixie/main amd64 node-write-file-atomic all 4.0.2+~4.0.0-2 [9308 B]
#15 7.121 Get:257 http://deb.debian.org/debian trixie/main amd64 node-slice-ansi all 5.0.0+~cs9.0.0-5 [8788 B]
#15 7.121 Get:258 http://deb.debian.org/debian trixie/main amd64 node-ansi-regex all 5.0.1-1 [4912 B]
#15 7.121 Get:259 http://deb.debian.org/debian trixie/main amd64 node-strip-ansi all 6.0.1-2 [4120 B]
#15 7.123 Get:260 http://deb.debian.org/debian trixie/main amd64 node-clone all 2.1.2+~2.1.2-1 [9140 B]
#15 7.123 Get:261 http://deb.debian.org/debian trixie/main amd64 node-defaults all 1.0.4+~1.0.3-1 [4400 B]
#15 7.125 Get:262 http://deb.debian.org/debian trixie/main amd64 node-wcwidth.js all 1.0.2-2 [7088 B]
#15 7.127 Get:263 http://deb.debian.org/debian trixie/main amd64 node-string-width all 4.2.3+~cs13.2.3-1 [10.7 kB]
#15 7.131 Get:264 http://deb.debian.org/debian trixie/main amd64 node-wrap-ansi all 8.0.1+~8.0.1-3 [11.8 kB]
#15 7.131 Get:265 http://deb.debian.org/debian trixie/main amd64 node-cliui all 7.0.4+repack+1+~cs1.4.2-2 [21.6 kB]
#15 7.131 Get:266 http://deb.debian.org/debian trixie/main amd64 node-get-caller-file all 2.0.5+~cs1.1.1-4 [5728 B]
#15 7.133 Get:267 http://deb.debian.org/debian trixie/main amd64 node-require-directory all 2.1.1+~2.1.2-1 [7092 B]
#15 7.134 Get:268 http://deb.debian.org/debian trixie/main amd64 node-y18n all 5.0.8+~5.0.0-3 [10.2 kB]
#15 7.138 Get:269 http://deb.debian.org/debian trixie/main amd64 node-camelcase all 7.0.0-3 [6032 B]
#15 7.138 Get:270 http://deb.debian.org/debian trixie/main amd64 node-yargs-parser all 21.1.1+~21.0.0-4 [28.4 kB]
#15 7.140 Get:271 http://deb.debian.org/debian trixie/main amd64 node-yargs all 16.2.0+~16.0.4-7 [128 kB]
#15 7.140 Get:272 http://deb.debian.org/debian trixie/main amd64 node-istanbul all 0.4.5+repack10+~cs98.25.59-3 [211 kB]
#15 7.145 Get:273 http://deb.debian.org/debian trixie/main amd64 node-through all 2.3.8+~cs0.0.30-1 [5452 B]
#15 7.146 Get:274 http://deb.debian.org/debian trixie/main amd64 node-resumer all 0.0.0-6 [4144 B]
#15 7.148 Get:275 http://deb.debian.org/debian trixie/main amd64 node-tape all 5.6.1+~cs8.20.19-3 [71.0 kB]
#15 7.148 Get:276 http://deb.debian.org/debian trixie/main amd64 node-deep-equal all 2.2.3+~cs43.15.94-1 [131 kB]
#15 7.150 Get:277 http://deb.debian.org/debian trixie/main amd64 libjs-util all 0.12.5+~1.0.10-1 [16.0 kB]
#15 7.152 Get:278 http://deb.debian.org/debian trixie/main amd64 libssl-dev amd64 3.5.6-1~deb13u2 [2959 kB]
#15 7.171 Get:279 http://deb.debian.org/debian trixie/main amd64 libuv1-dev amd64 1.50.0-2 [189 kB]
#15 7.174 Get:280 http://deb.debian.org/debian trixie/main amd64 libnode-dev amd64 20.19.2+dfsg-1+deb13u2 [537 kB]
#15 7.179 Get:281 http://deb.debian.org/debian trixie/main amd64 node-agent-base all 7.1.1~0~2024040606-6+deb13u1 [11.6 kB]
#15 7.179 Get:282 http://deb.debian.org/debian trixie/main amd64 node-ajv-keywords all 5.1.0-4 [32.3 kB]
#15 7.180 Get:283 http://deb.debian.org/debian trixie/main amd64 node-ansi-escapes all 5.0.0+really.4.3.1-1 [8896 B]
#15 7.180 Get:284 http://deb.debian.org/debian trixie/main amd64 node-aproba all 2.0.0-3 [5844 B]
#15 7.184 Get:285 http://deb.debian.org/debian trixie/main amd64 node-delegates all 1.0.0-3 [4528 B]
#15 7.184 Get:286 http://deb.debian.org/debian trixie/main amd64 node-are-we-there-yet all 3.0.1+~1.1.0-1 [10.0 kB]
#15 7.185 Get:287 http://deb.debian.org/debian trixie/main amd64 node-async-each all 1.0.3-3 [4292 B]
#15 7.186 Get:288 http://deb.debian.org/debian trixie/main amd64 node-babel-plugin-lodash all 3.3.4+~cs2.0.1-7 [11.0 kB]
#15 7.190 Get:289 http://deb.debian.org/debian trixie/main amd64 node-base64-js all 1.5.1+dfsg+~1.3.0-2 [7140 B]
#15 7.190 Get:290 http://deb.debian.org/debian trixie/main amd64 node-binary-extensions all 2.2.0-2 [4408 B]
#15 7.190 Get:291 http://deb.debian.org/debian trixie/main amd64 node-builtins all 5.0.1-1 [4072 B]
#15 7.190 Get:292 http://deb.debian.org/debian trixie/main amd64 node-chownr all 2.0.0-3 [4312 B]
#15 7.191 Get:293 http://deb.debian.org/debian trixie/main amd64 node-iconv-lite all 0.6.3-3 [115 kB]
#15 7.192 Get:294 http://deb.debian.org/debian trixie/main amd64 node-encoding all 0.1.13-2 [4400 B]
#15 7.193 Get:295 http://deb.debian.org/debian trixie/main amd64 node-jsonparse all 1.3.1-10 [8020 B]
#15 7.195 Get:296 http://deb.debian.org/debian trixie/main amd64 node-yallist all 4.0.0+~4.0.1-1 [8172 B]
#15 7.196 Get:297 http://deb.debian.org/debian trixie/main amd64 node-minipass all 5.0.0+~cs10.3.21-3 [46.9 kB]
#15 7.199 Get:298 http://deb.debian.org/debian trixie/main amd64 node-iferr all 1.0.2+~1.0.2-1 [4588 B]
#15 7.200 Get:299 http://deb.debian.org/debian trixie/main amd64 node-fs-write-stream-atomic all 1.0.10-6 [5316 B]
#15 7.201 Get:300 http://deb.debian.org/debian trixie/main amd64 node-run-queue all 2.0.0-3 [5156 B]
#15 7.203 Get:301 http://deb.debian.org/debian trixie/main amd64 node-copy-concurrently all 1.0.5-9 [7100 B]
#15 7.203 Get:302 http://deb.debian.org/debian trixie/main amd64 node-move-concurrently all 1.0.1-5 [5152 B]
#15 7.205 Get:303 http://deb.debian.org/debian trixie/main amd64 node-promise-inflight all 1.0.1+~1.0.0-1 [4864 B]
#15 7.205 Get:304 http://deb.debian.org/debian trixie/main amd64 node-ssri all 9.0.1-3 [18.1 kB]
#15 7.206 Get:305 http://deb.debian.org/debian trixie/main amd64 node-unique-filename all 1.1.1+ds-2 [4032 B]
#15 7.207 Get:306 http://deb.debian.org/debian trixie/main amd64 node-cacache all 17.0.3+~cs10.3.7-2 [45.2 kB]
#15 7.208 Get:307 http://deb.debian.org/debian trixie/main amd64 node-is-binary-path all 2.1.0-5 [3684 B]
#15 7.209 Get:308 http://deb.debian.org/debian trixie/main amd64 node-path-is-absolute all 2.0.0-2 [4068 B]
#15 7.210 Get:309 http://deb.debian.org/debian trixie/main amd64 node-set-immediate-shim all 2.0.0-2 [3740 B]
#15 7.210 Get:310 http://deb.debian.org/debian trixie/main amd64 node-readdirp all 3.6.0-1 [11.5 kB]
#15 7.212 Get:311 http://deb.debian.org/debian trixie/main amd64 node-chokidar all 3.6.0-3 [32.4 kB]
#15 7.213 Get:312 http://deb.debian.org/debian trixie/main amd64 node-tslib all 2.4.1-1 [19.5 kB]
#15 7.213 Get:313 http://deb.debian.org/debian trixie/main amd64 node-chrome-trace-event all 1.0.3-2 [6984 B]
#15 7.214 Get:314 http://deb.debian.org/debian trixie/main amd64 node-ci-info all 4.0.0+~cs1.1.0-1 [12.5 kB]
#15 7.215 Get:315 http://deb.debian.org/debian trixie/main amd64 node-colors all 1.4.0-4 [11.9 kB]
#15 7.216 Get:316 http://deb.debian.org/debian trixie/main amd64 node-cli-table all 0.3.11+~cs0.13.4-3 [23.6 kB]
#15 7.221 Get:317 http://deb.debian.org/debian trixie/main amd64 node-columnify all 1.6.0+~1.5.1-1 [12.4 kB]
#15 7.221 Get:318 http://deb.debian.org/debian trixie/main amd64 node-console-control-strings all 1.1.0-3 [5564 B]
#15 7.221 Get:319 http://deb.debian.org/debian trixie/main amd64 node-css-selector-tokenizer all 0.8.0+~cs4.8.3-1 [13.0 kB]
#15 7.221 Get:320 http://deb.debian.org/debian trixie/main amd64 node-postcss all 8.4.49+~cs9.2.32-1 [189 kB]
#15 7.223 Get:321 http://deb.debian.org/debian trixie/main amd64 node-icss-utils all 5.1.0+~5.1.0-1 [7564 B]
#15 7.223 Get:322 http://deb.debian.org/debian trixie/main amd64 node-postcss-modules-extract-imports all 3.0.0-2 [6584 B]
#15 7.225 Get:323 http://deb.debian.org/debian trixie/main amd64 node-postcss-modules-values all 4.0.0+~4.0.0-1 [7180 B]
#15 7.225 Get:324 http://deb.debian.org/debian trixie/main amd64 node-postcss-value-parser all 4.2.0-1 [10.4 kB]
#15 7.226 Get:325 http://deb.debian.org/debian trixie/main amd64 node-prr all 1.0.1-3 [4352 B]
#15 7.229 Get:326 http://deb.debian.org/debian trixie/main amd64 node-errno all 1.0.0-3 [7736 B]
#15 7.229 Get:327 http://deb.debian.org/debian trixie/main amd64 node-memory-fs all 0.5.0+~0.3.3-2 [7676 B]
#15 7.229 Get:328 http://deb.debian.org/debian trixie/main amd64 node-tapable all 2.2.1-3 [13.5 kB]
#15 7.230 Get:329 http://deb.debian.org/debian trixie/main amd64 node-enhanced-resolve all 5.15.0-1 [36.4 kB]
#15 7.231 Get:330 http://deb.debian.org/debian trixie/main amd64 node-es-module-lexer all 1.1.0+dfsg-3 [19.8 kB]
#15 7.232 Get:331 http://deb.debian.org/debian trixie/main amd64 node-events all 3.3.0+~3.0.0-3 [5888 B]
#15 7.233 Get:332 http://deb.debian.org/debian trixie/main amd64 node-resolve-cwd all 3.0.0-2 [4212 B]
#15 7.235 Get:333 http://deb.debian.org/debian trixie/main amd64 node-jest-debbundle all 29.6.2~ds1+~cs73.45.28-5 [135 kB]
#15 7.236 Get:334 http://deb.debian.org/debian trixie/main amd64 node-interpret all 2.2.0-3 [7660 B]
#15 7.239 Get:335 http://deb.debian.org/debian trixie/main amd64 node-merge-stream all 2.0.0+~1.1.2-2 [5124 B]
#15 7.240 Get:336 http://deb.debian.org/debian trixie/main amd64 node-jest-worker all 29.6.2~ds1+~cs73.45.28-5 [116 kB]
#15 7.241 Get:337 http://deb.debian.org/debian trixie/main amd64 node-loader-runner all 4.3.0-1 [7644 B]
#15 7.241 Get:338 http://deb.debian.org/debian trixie/main amd64 node-mime all 3.0.0+dfsg+~cs6.97.2-2 [40.3 kB]
#15 7.241 Get:339 http://deb.debian.org/debian trixie/main amd64 node-mime-types all 2.1.35-2 [8752 B]
#15 7.241 Get:340 http://deb.debian.org/debian trixie/main amd64 node-rechoir all 0.8.0+~0.6.1-2 [6628 B]
#15 7.241 Get:341 http://deb.debian.org/debian trixie/main amd64 node-schema-utils all 4.2.0~ds-3 [22.0 kB]
#15 7.243 Get:342 http://deb.debian.org/debian trixie/main amd64 node-randombytes all 2.1.0+~2.0.0-2 [4852 B]
#15 7.245 Get:343 http://deb.debian.org/debian trixie/main amd64 node-serialize-javascript all 6.0.2-1 [13.0 kB]
#15 7.245 Get:344 http://deb.debian.org/debian trixie/main amd64 node-watchpack all 2.4.0+~cs2.8.1-1 [20.2 kB]
#15 7.248 Get:345 http://deb.debian.org/debian trixie/main amd64 node-webassemblyjs all 1.11.4+dfsg+~cs10.11.17-2 [139 kB]
#15 7.249 Get:346 http://deb.debian.org/debian trixie/main amd64 node-source-list-map all 2.0.1+dfsg+~0.1.2-1 [10.1 kB]
#15 7.250 Get:347 http://deb.debian.org/debian trixie/main amd64 node-webpack-sources all 3.2.3+~3.2.0-2 [23.2 kB]
#15 7.251 Get:348 http://deb.debian.org/debian trixie/main amd64 node-terser all 5.38.0-1 [220 kB]
#15 7.253 Get:349 http://deb.debian.org/debian trixie/main amd64 terser all 5.38.0-1 [19.4 kB]
#15 7.255 Get:350 http://deb.debian.org/debian trixie/main amd64 node-get-stream all 8.0.1-11 [11.6 kB]
#15 7.255 Get:351 http://deb.debian.org/debian trixie/main amd64 node-mimic-fn all 4.0.0-5 [5492 B]
#15 7.258 Get:352 http://deb.debian.org/debian trixie/main amd64 node-strip-eof all 3.0.0-5 [4656 B]
#15 7.258 Get:353 http://deb.debian.org/debian trixie/main amd64 node-execa all 8.0.1+dfsg1+~cs12.0.0-1 [43.9 kB]
#15 7.258 Get:354 http://deb.debian.org/debian trixie/main amd64 node-envinfo all 7.11.0+~cs14.3.0-3 [32.6 kB]
#15 7.259 Get:355 http://deb.debian.org/debian trixie/main amd64 webpack all 5.97.1+dfsg1+~cs11.18.27-3 [810 kB]
#15 7.263 Get:356 http://deb.debian.org/debian trixie/main amd64 node-css-loader all 6.8.1+~cs14.0.17-1 [74.5 kB]
#15 7.265 Get:357 http://deb.debian.org/debian trixie/main amd64 node-data-uri-to-buffer all 6.0.2~0~2024040606-6+deb13u1 [9180 B]
#15 7.265 Get:358 http://deb.debian.org/debian trixie/main amd64 node-mimic-response all 3.1.0-9 [5424 B]
#15 7.266 Get:359 http://deb.debian.org/debian trixie/main amd64 node-decompress-response all 6.0.0-3 [4656 B]
#15 7.267 Get:360 http://deb.debian.org/debian trixie/main amd64 node-depd all 2.0.0-2 [11.2 kB]
#15 7.269 Get:361 http://deb.debian.org/debian trixie/main amd64 node-diff all 5.0.0~dfsg+~5.0.1-4 [69.7 kB]
#15 7.270 Get:362 http://deb.debian.org/debian trixie/main amd64 node-err-code all 2.0.3+dfsg-3 [4884 B]
#15 7.270 Get:363 http://deb.debian.org/debian trixie/main amd64 node-time-stamp all 2.2.0-2 [6016 B]
#15 7.272 Get:364 http://deb.debian.org/debian trixie/main amd64 node-fancy-log all 1.3.3+~cs1.3.1-2 [7940 B]
#15 7.273 Get:365 http://deb.debian.org/debian trixie/main amd64 node-fetch all 3.3.2+~cs11.4.11-3 [213 kB]
#15 7.274 Get:366 http://deb.debian.org/debian trixie/main amd64 node-has-unicode all 2.0.1-5 [3992 B]
#15 7.276 Get:367 http://deb.debian.org/debian trixie/main amd64 node-wide-align all 1.1.3-4 [4244 B]
#15 7.276 Get:368 http://deb.debian.org/debian trixie/main amd64 node-gauge all 4.0.4-2 [19.7 kB]
#15 7.277 Get:369 http://deb.debian.org/debian trixie/main amd64 node-lowercase-keys all 2.0.0-2 [3768 B]
#15 7.279 Get:370 http://deb.debian.org/debian trixie/main amd64 node-json-buffer all 3.0.1+~3.0.0-1 [4536 B]
#15 7.280 Get:371 http://deb.debian.org/debian trixie/main amd64 node-p-cancelable all 2.1.1-1 [7272 B]
#15 7.280 Get:372 http://deb.debian.org/debian trixie/main amd64 node-got all 11.8.5+~cs58.13.36-5 [121 kB]
#15 7.281 Get:373 http://deb.debian.org/debian trixie/main amd64 node-https-proxy-agent all 7.0.4~0~2024040606-6+deb13u1 [13.7 kB]
#15 7.282 Get:374 http://deb.debian.org/debian trixie/main amd64 node-set-blocking all 2.0.0-2 [4248 B]
#15 7.284 Get:375 http://deb.debian.org/debian trixie/main amd64 node-npmlog all 7.0.1+~4.1.4-1 [11.4 kB]
#15 7.285 Get:376 http://deb.debian.org/debian trixie/main amd64 node-osenv all 0.1.5+~0.1.1-1 [5884 B]
#15 7.286 Get:377 http://deb.debian.org/debian trixie/main amd64 node-tar all 6.2.1+~cs7.0.8-1+deb13u1 [52.7 kB]
#15 7.287 Get:378 http://deb.debian.org/debian trixie/main amd64 node-gyp all 11.1.0+~5.0.0-1 [67.6 kB]
#15 7.288 Get:379 http://deb.debian.org/debian trixie/main amd64 node-http-proxy-agent all 7.0.2~0~2024040606-6+deb13u1 [10.8 kB]
#15 7.290 Get:380 http://deb.debian.org/debian trixie/main amd64 node-ieee754 all 1.2.1-3 [5268 B]
#15 7.291 Get:381 http://deb.debian.org/debian trixie/main amd64 node-ini all 3.0.1-2 [6928 B]
#15 7.293 Get:382 http://deb.debian.org/debian trixie/main amd64 node-ip all 2.0.1+~1.1.3-3 [8616 B]
#15 7.296 Get:383 http://deb.debian.org/debian trixie/main amd64 node-ip-regex all 4.3.0+~4.1.1-1 [5188 B]
#15 7.296 Get:384 http://deb.debian.org/debian trixie/main amd64 node-mute-stream all 0.0.8+~0.0.1-3 [6232 B]
#15 7.296 Get:385 http://deb.debian.org/debian trixie/main amd64 node-negotiator all 0.6.3+~0.6.1-1 [10.8 kB]
#15 7.296 Get:386 http://deb.debian.org/debian trixie/main amd64 node-read-package-json all 5.0.2+~2.0.0-2 [11.6 kB]
#15 7.296 Get:387 http://deb.debian.org/debian trixie/main amd64 node-npm-bundled all 2.0.1-2 [6408 B]
#15 7.298 Get:388 http://deb.debian.org/debian trixie/main amd64 node-validate-npm-package-name all 5.0.0+~4.0.0-1 [7444 B]
#15 7.298 Get:389 http://deb.debian.org/debian trixie/main amd64 node-npm-package-arg all 10.0.0+~3.0.0-2 [11.4 kB]
#15 7.300 Get:390 http://deb.debian.org/debian trixie/main amd64 node-retry all 0.13.1.+~cs2.19.16-1 [14.2 kB]
#15 7.300 Get:391 http://deb.debian.org/debian trixie/main amd64 node-promise-retry all 2.0.1-4 [5016 B]
#15 7.303 Get:392 http://deb.debian.org/debian trixie/main amd64 node-read all 1.0.7-5 [5388 B]
#15 7.303 Get:393 http://deb.debian.org/debian trixie/main amd64 node-promzard all 0.3.0-2 [6788 B]
#15 7.303 Get:394 http://deb.debian.org/debian trixie/main amd64 node-text-table all 0.2.0-4 [4736 B]
#15 7.304 Get:395 http://deb.debian.org/debian trixie/main amd64 npm all 9.2.0~ds1-3 [669 kB]
#15 7.766 debconf: unable to initialize frontend: Dialog
#15 7.766 debconf: (TERM is not set, so the dialog frontend is not usable.)
#15 7.766 debconf: falling back to frontend: Readline
#15 7.767 debconf: unable to initialize frontend: Readline
#15 7.767 debconf: (Can't locate Term/ReadLine.pm in @INC (you may need to install the Term::ReadLine module) (@INC entries checked: /etc/perl /usr/local/lib/x86_64-linux-gnu/perl/5.40.1 /usr/local/share/perl/5.40.1 /usr/lib/x86_64-linux-gnu/perl5/5.40 /usr/share/perl5 /usr/lib/x86_64-linux-gnu/perl-base /usr/lib/x86_64-linux-gnu/perl/5.40 /usr/share/perl/5.40 /usr/local/lib/site_perl) at /usr/share/perl5/Debconf/FrontEnd/Readline.pm line 8, <STDIN> line 395.)
#15 7.767 debconf: falling back to frontend: Teletype
#15 7.776 debconf: unable to initialize frontend: Teletype
#15 7.776 debconf: (This frontend requires a controlling tty.)
#15 7.776 debconf: falling back to frontend: Noninteractive
#15 18.98 Fetched 49.9 MB in 1s (57.7 MB/s)
#15 19.05 Selecting previously unselected package libexpat1:amd64.
#15 19.05 (Reading database ... (Reading database ... 5%(Reading database ... 10%(Reading database ... 15%(Reading database ... 20%(Reading database ... 25%(Reading database ... 30%(Reading database ... 35%(Reading database ... 40%(Reading database ... 45%(Reading database ... 50%(Reading database ... 55%(Reading database ... 60%(Reading database ... 65%(Reading database ... 70%(Reading database ... 75%(Reading database ... 80%(Reading database ... 85%(Reading database ... 90%(Reading database ... 95%(Reading database ... 100%(Reading database ... 5645 files and directories currently installed.)
#15 19.10 Preparing to unpack .../libexpat1_2.8.2-1~deb13u1_amd64.deb ...
#15 19.11 Unpacking libexpat1:amd64 (2.8.2-1~deb13u1) ...
#15 19.21 Selecting previously unselected package libpython3.13-minimal:amd64.
#15 19.22 Preparing to unpack .../libpython3.13-minimal_3.13.5-2+deb13u4_amd64.deb ...
#15 19.22 Unpacking libpython3.13-minimal:amd64 (3.13.5-2+deb13u4) ...
#15 19.53 Selecting previously unselected package python3.13-minimal.
#15 19.53 Preparing to unpack .../python3.13-minimal_3.13.5-2+deb13u4_amd64.deb ...
#15 19.56 Unpacking python3.13-minimal (3.13.5-2+deb13u4) ...
#15 19.85 Setting up libpython3.13-minimal:amd64 (3.13.5-2+deb13u4) ...
#15 19.89 Setting up libexpat1:amd64 (2.8.2-1~deb13u1) ...
#15 19.92 Setting up python3.13-minimal (3.13.5-2+deb13u4) ...
#15 21.04 Selecting previously unselected package python3-minimal.
#15 21.04 (Reading database ... (Reading database ... 5%(Reading database ... 10%(Reading database ... 15%(Reading database ... 20%(Reading database ... 25%(Reading database ... 30%(Reading database ... 35%(Reading database ... 40%(Reading database ... 45%(Reading database ... 50%(Reading database ... 55%(Reading database ... 60%(Reading database ... 65%(Reading database ... 70%(Reading database ... 75%(Reading database ... 80%(Reading database ... 85%(Reading database ... 90%(Reading database ... 95%(Reading database ... 100%(Reading database ... 5979 files and directories currently installed.)
#15 21.06 Preparing to unpack .../python3-minimal_3.13.5-1_amd64.deb ...
#15 21.07 Unpacking python3-minimal (3.13.5-1) ...
#15 21.13 Selecting previously unselected package media-types.
#15 21.13 Preparing to unpack .../media-types_13.0.0_all.deb ...
#15 21.14 Unpacking media-types (13.0.0) ...
#15 21.20 Selecting previously unselected package libpython3.13-stdlib:amd64.
#15 21.20 Preparing to unpack .../libpython3.13-stdlib_3.13.5-2+deb13u4_amd64.deb ...
#15 21.20 Unpacking libpython3.13-stdlib:amd64 (3.13.5-2+deb13u4) ...
#15 21.60 Selecting previously unselected package python3.13.
#15 21.60 Preparing to unpack .../python3.13_3.13.5-2+deb13u4_amd64.deb ...
#15 21.60 Unpacking python3.13 (3.13.5-2+deb13u4) ...
#15 21.68 Selecting previously unselected package libpython3-stdlib:amd64.
#15 21.68 Preparing to unpack .../libpython3-stdlib_3.13.5-1_amd64.deb ...
#15 21.69 Unpacking libpython3-stdlib:amd64 (3.13.5-1) ...
#15 21.76 Setting up python3-minimal (3.13.5-1) ...
#15 22.25 Selecting previously unselected package python3.
#15 22.25 (Reading database ... (Reading database ... 5%(Reading database ... 10%(Reading database ... 15%(Reading database ... 20%(Reading database ... 25%(Reading database ... 30%(Reading database ... 35%(Reading database ... 40%(Reading database ... 45%(Reading database ... 50%(Reading database ... 55%(Reading database ... 60%(Reading database ... 65%(Reading database ... 70%(Reading database ... 75%(Reading database ... 80%(Reading database ... 85%(Reading database ... 90%(Reading database ... 95%(Reading database ... 100%(Reading database ... 6433 files and directories currently installed.)
#15 22.25 Preparing to unpack .../000-python3_3.13.5-1_amd64.deb ...
#15 22.27 Unpacking python3 (3.13.5-1) ...
#15 22.35 Selecting previously unselected package libbrotli1:amd64.
#15 22.35 Preparing to unpack .../001-libbrotli1_1.1.0-2+b7_amd64.deb ...
#15 22.35 Unpacking libbrotli1:amd64 (1.1.0-2+b7) ...
#15 22.45 Selecting previously unselected package libkrb5support0:amd64.
#15 22.45 Preparing to unpack .../002-libkrb5support0_1.21.3-5+deb13u1_amd64.deb ...
#15 22.45 Unpacking libkrb5support0:amd64 (1.21.3-5+deb13u1) ...
#15 22.51 Selecting previously unselected package libcom-err2:amd64.
#15 22.51 Preparing to unpack .../003-libcom-err2_1.47.2-3+b11_amd64.deb ...
#15 22.51 Unpacking libcom-err2:amd64 (1.47.2-3+b11) ...
#15 22.59 Selecting previously unselected package libk5crypto3:amd64.
#15 22.60 Preparing to unpack .../004-libk5crypto3_1.21.3-5+deb13u1_amd64.deb ...
#15 22.60 Unpacking libk5crypto3:amd64 (1.21.3-5+deb13u1) ...
#15 22.70 Selecting previously unselected package libkeyutils1:amd64.
#15 22.70 Preparing to unpack .../005-libkeyutils1_1.6.3-6_amd64.deb ...
#15 22.70 Unpacking libkeyutils1:amd64 (1.6.3-6) ...
#15 22.78 Selecting previously unselected package libkrb5-3:amd64.
#15 22.79 Preparing to unpack .../006-libkrb5-3_1.21.3-5+deb13u1_amd64.deb ...
#15 22.80 Unpacking libkrb5-3:amd64 (1.21.3-5+deb13u1) ...
#15 22.90 Selecting previously unselected package libgssapi-krb5-2:amd64.
#15 22.90 Preparing to unpack .../007-libgssapi-krb5-2_1.21.3-5+deb13u1_amd64.deb ...
#15 22.91 Unpacking libgssapi-krb5-2:amd64 (1.21.3-5+deb13u1) ...
#15 23.01 Selecting previously unselected package libunistring5:amd64.
#15 23.01 Preparing to unpack .../008-libunistring5_1.3-2_amd64.deb ...
#15 23.01 Unpacking libunistring5:amd64 (1.3-2) ...
#15 23.16 Selecting previously unselected package libidn2-0:amd64.
#15 23.16 Preparing to unpack .../009-libidn2-0_2.3.8-2_amd64.deb ...
#15 23.17 Unpacking libidn2-0:amd64 (2.3.8-2) ...
#15 23.23 Selecting previously unselected package libsasl2-modules-db:amd64.
#15 23.24 Preparing to unpack .../010-libsasl2-modules-db_2.1.28+dfsg1-9_amd64.deb ...
#15 23.24 Unpacking libsasl2-modules-db:amd64 (2.1.28+dfsg1-9) ...
#15 23.30 Selecting previously unselected package libsasl2-2:amd64.
#15 23.30 Preparing to unpack .../011-libsasl2-2_2.1.28+dfsg1-9_amd64.deb ...
#15 23.30 Unpacking libsasl2-2:amd64 (2.1.28+dfsg1-9) ...
#15 23.46 Selecting previously unselected package libldap2:amd64.
#15 23.46 Preparing to unpack .../012-libldap2_2.6.10+dfsg-1_amd64.deb ...
#15 23.47 Unpacking libldap2:amd64 (2.6.10+dfsg-1) ...
#15 23.58 Selecting previously unselected package libnghttp2-14:amd64.
#15 23.58 Preparing to unpack .../013-libnghttp2-14_1.64.0-1.1+deb13u1_amd64.deb ...
#15 23.58 Unpacking libnghttp2-14:amd64 (1.64.0-1.1+deb13u1) ...
#15 23.68 Selecting previously unselected package libnghttp3-9:amd64.
#15 23.68 Preparing to unpack .../014-libnghttp3-9_1.8.0-1_amd64.deb ...
#15 23.68 Unpacking libnghttp3-9:amd64 (1.8.0-1) ...
#15 23.78 Selecting previously unselected package libpsl5t64:amd64.
#15 23.78 Preparing to unpack .../015-libpsl5t64_0.21.2-1.1+b1_amd64.deb ...
#15 23.80 Unpacking libpsl5t64:amd64 (0.21.2-1.1+b1) ...
#15 23.88 Selecting previously unselected package libp11-kit0:amd64.
#15 23.88 Preparing to unpack .../016-libp11-kit0_0.25.5-3_amd64.deb ...
#15 23.89 Unpacking libp11-kit0:amd64 (0.25.5-3) ...
#15 24.03 Selecting previously unselected package libtasn1-6:amd64.
#15 24.04 Preparing to unpack .../017-libtasn1-6_4.20.0-2+deb13u1_amd64.deb ...
#15 24.06 Unpacking libtasn1-6:amd64 (4.20.0-2+deb13u1) ...
#15 24.14 Selecting previously unselected package libgnutls30t64:amd64.
#15 24.15 Preparing to unpack .../018-libgnutls30t64_3.8.9-3+deb13u4_amd64.deb ...
#15 24.16 Unpacking libgnutls30t64:amd64 (3.8.9-3+deb13u4) ...
#15 24.31 Selecting previously unselected package librtmp1:amd64.
#15 24.31 Preparing to unpack .../019-librtmp1_2.4+20151223.gitfa8646d.1-2+b5_amd64.deb ...
#15 24.32 Unpacking librtmp1:amd64 (2.4+20151223.gitfa8646d.1-2+b5) ...
#15 24.43 Selecting previously unselected package libssh2-1t64:amd64.
#15 24.43 Preparing to unpack .../020-libssh2-1t64_1.11.1-1+deb13u1_amd64.deb ...
#15 24.44 Unpacking libssh2-1t64:amd64 (1.11.1-1+deb13u1) ...
#15 24.56 Selecting previously unselected package libcurl4t64:amd64.
#15 24.56 Preparing to unpack .../021-libcurl4t64_8.14.1-2+deb13u4_amd64.deb ...
#15 24.57 Unpacking libcurl4t64:amd64 (8.14.1-2+deb13u4) ...
#15 24.69 Selecting previously unselected package curl.
#15 24.69 Preparing to unpack .../022-curl_8.14.1-2+deb13u4_amd64.deb ...
#15 24.70 Unpacking curl (8.14.1-2+deb13u4) ...
#15 24.81 Selecting previously unselected package node-fast-deep-equal.
#15 24.81 Preparing to unpack .../023-node-fast-deep-equal_3.1.3-3_all.deb ...
#15 24.83 Unpacking node-fast-deep-equal (3.1.3-3) ...
#15 24.90 Selecting previously unselected package node-json-schema-traverse.
#15 24.90 Preparing to unpack .../024-node-json-schema-traverse_1.0.0-3_all.deb ...
#15 24.93 Unpacking node-json-schema-traverse (1.0.0-3) ...
#15 25.01 Selecting previously unselected package node-jsonify.
#15 25.01 Preparing to unpack .../025-node-jsonify_0.0.1-1_all.deb ...
#15 25.03 Unpacking node-jsonify (0.0.1-1) ...
#15 25.12 Selecting previously unselected package node-json-stable-stringify.
#15 25.12 Preparing to unpack .../026-node-json-stable-stringify_1.0.2+repack1+~cs1.0.34-2_all.deb ...
#15 25.14 Unpacking node-json-stable-stringify (1.0.2+repack1+~cs1.0.34-2) ...
#15 25.20 Selecting previously unselected package node-punycode.
#15 25.21 Preparing to unpack .../027-node-punycode_2.3.1+~2.1.4-1_all.deb ...
#15 25.22 Unpacking node-punycode (2.3.1+~2.1.4-1) ...
#15 25.30 Selecting previously unselected package node-uri-js.
#15 25.31 Preparing to unpack .../028-node-uri-js_4.4.0+dfsg-8_all.deb ...
#15 25.32 Unpacking node-uri-js (4.4.0+dfsg-8) ...
#15 25.44 Selecting previously unselected package libcares2:amd64.
#15 25.44 Preparing to unpack .../029-libcares2_1.34.5-1+deb13u1_amd64.deb ...
#15 25.45 Unpacking libcares2:amd64 (1.34.5-1+deb13u1) ...
#15 25.56 Selecting previously unselected package libicu76:amd64.
#15 25.56 Preparing to unpack .../030-libicu76_76.1-4_amd64.deb ...
#15 25.56 Unpacking libicu76:amd64 (76.1-4) ...
#15 26.27 Selecting previously unselected package libuv1t64:amd64.
#15 26.27 Preparing to unpack .../031-libuv1t64_1.50.0-2_amd64.deb ...
#15 26.28 Unpacking libuv1t64:amd64 (1.50.0-2) ...
#15 26.36 Selecting previously unselected package node-xtend.
#15 26.36 Preparing to unpack .../032-node-xtend_4.0.2-3_all.deb ...
#15 26.36 Unpacking node-xtend (4.0.2-3) ...
#15 26.44 Selecting previously unselected package node-acorn.
#15 26.44 Preparing to unpack .../033-node-acorn_8.8.1+ds+~cs25.17.7-2_all.deb ...
#15 26.45 Unpacking node-acorn (8.8.1+ds+~cs25.17.7-2) ...
#15 26.64 Selecting previously unselected package node-cjs-module-lexer.
#15 26.64 Preparing to unpack .../034-node-cjs-module-lexer_1.2.3+dfsg-1_all.deb ...
#15 26.66 Unpacking node-cjs-module-lexer (1.2.3+dfsg-1) ...
#15 26.75 Selecting previously unselected package node-balanced-match.
#15 26.75 Preparing to unpack .../035-node-balanced-match_2.0.0-1_all.deb ...
#15 26.76 Unpacking node-balanced-match (2.0.0-1) ...
#15 26.83 Selecting previously unselected package node-brace-expansion.
#15 26.83 Preparing to unpack .../036-node-brace-expansion_2.0.1+~1.1.0-2_all.deb ...
#15 26.84 Unpacking node-brace-expansion (2.0.1+~1.1.0-2) ...
#15 26.90 Selecting previously unselected package node-minimatch.
#15 26.90 Preparing to unpack .../037-node-minimatch_9.0.3-6_all.deb ...
#15 26.91 Unpacking node-minimatch (9.0.3-6) ...
#15 27.04 Selecting previously unselected package node-undici.
#15 27.04 Preparing to unpack .../038-node-undici_7.3.0+dfsg1+~cs24.12.11-1_all.deb ...
#15 27.06 Unpacking node-undici (7.3.0+dfsg1+~cs24.12.11-1) ...
#15 27.28 Selecting previously unselected package libnode115:amd64.
#15 27.29 Preparing to unpack .../039-libnode115_20.19.2+dfsg-1+deb13u2_amd64.deb ...
#15 27.29 Unpacking libnode115:amd64 (20.19.2+dfsg-1+deb13u2) ...
#15 28.02 Selecting previously unselected package node-corepack.
#15 28.02 Preparing to unpack .../040-node-corepack_0.24.0-5_all.deb ...
#15 28.03 Unpacking node-corepack (0.24.0-5) ...
#15 28.17 Selecting previously unselected package nodejs.
#15 28.17 Preparing to unpack .../041-nodejs_20.19.2+dfsg-1+deb13u2_amd64.deb ...
#15 28.17 Unpacking nodejs (20.19.2+dfsg-1+deb13u2) ...
#15 28.29 Selecting previously unselected package node-ajv.
#15 28.29 Preparing to unpack .../042-node-ajv_8.12.0~ds+~2.1.1-5_all.deb ...
#15 28.30 Unpacking node-ajv (8.12.0~ds+~2.1.1-5) ...
#15 28.63 Selecting previously unselected package libjs-inherits.
#15 28.63 Preparing to unpack .../043-libjs-inherits_2.0.4-6_all.deb ...
#15 28.64 Unpacking libjs-inherits (2.0.4-6) ...
#15 28.73 Selecting previously unselected package node-inherits.
#15 28.73 Preparing to unpack .../044-node-inherits_2.0.4-6_all.deb ...
#15 28.74 Unpacking node-inherits (2.0.4-6) ...
#15 28.80 Selecting previously unselected package node-core-util-is.
#15 28.80 Preparing to unpack .../045-node-core-util-is_1.0.3-1_all.deb ...
#15 28.81 Unpacking node-core-util-is (1.0.3-1) ...
#15 28.87 Selecting previously unselected package node-safe-buffer.
#15 28.87 Preparing to unpack .../046-node-safe-buffer_5.2.1+~cs2.1.2-3_all.deb ...
#15 28.88 Unpacking node-safe-buffer (5.2.1+~cs2.1.2-3) ...
#15 28.94 Selecting previously unselected package node-string-decoder.
#15 28.95 Preparing to unpack .../047-node-string-decoder_1.3.0-6_all.deb ...
#15 28.95 Unpacking node-string-decoder (1.3.0-6) ...
#15 29.00 Selecting previously unselected package node-process-nextick-args.
#15 29.00 Preparing to unpack .../048-node-process-nextick-args_2.0.1-3_all.deb ...
#15 29.01 Unpacking node-process-nextick-args (2.0.1-3) ...
#15 29.08 Selecting previously unselected package node-util-deprecate.
#15 29.09 Preparing to unpack .../049-node-util-deprecate_1.0.2-3_all.deb ...
#15 29.10 Unpacking node-util-deprecate (1.0.2-3) ...
#15 29.17 Selecting previously unselected package node-isarray.
#15 29.17 Preparing to unpack .../050-node-isarray_2.0.5-4_all.deb ...
#15 29.17 Unpacking node-isarray (2.0.5-4) ...
#15 29.24 Selecting previously unselected package node-readable-stream.
#15 29.24 Preparing to unpack .../051-node-readable-stream_3.6.0+~cs3.0.0-4_all.deb ...
#15 29.25 Unpacking node-readable-stream (3.6.0+~cs3.0.0-4) ...
#15 29.33 Selecting previously unselected package node-typedarray.
#15 29.33 Preparing to unpack .../052-node-typedarray_0.0.7-1_all.deb ...
#15 29.34 Unpacking node-typedarray (0.0.7-1) ...
#15 29.39 Selecting previously unselected package node-concat-stream.
#15 29.39 Preparing to unpack .../053-node-concat-stream_2.0.0+~2.0.0-2_all.deb ...
#15 29.39 Unpacking node-concat-stream (2.0.0+~2.0.0-2) ...
#15 29.44 Selecting previously unselected package node-ms.
#15 29.44 Preparing to unpack .../054-node-ms_2.1.3+~cs0.7.31-3_all.deb ...
#15 29.44 Unpacking node-ms (2.1.3+~cs0.7.31-3) ...
#15 29.49 Selecting previously unselected package node-debug.
#15 29.50 Preparing to unpack .../055-node-debug_4.3.4+~cs4.1.7-1_all.deb ...
#15 29.51 Unpacking node-debug (4.3.4+~cs4.1.7-1) ...
#15 29.57 Selecting previously unselected package node-esutils.
#15 29.57 Preparing to unpack .../056-node-esutils_2.0.3+~2.0.0-1_all.deb ...
#15 29.57 Unpacking node-esutils (2.0.3+~2.0.0-1) ...
#15 29.64 Selecting previously unselected package node-doctrine.
#15 29.64 Preparing to unpack .../057-node-doctrine_3.0.0-4_all.deb ...
#15 29.64 Unpacking node-doctrine (3.0.0-4) ...
#15 29.72 Selecting previously unselected package node-eslint-visitor-keys.
#15 29.72 Preparing to unpack .../058-node-eslint-visitor-keys_3.3.0+~1.0.0-1_all.deb ...
#15 29.73 Unpacking node-eslint-visitor-keys (3.3.0+~1.0.0-1) ...
#15 29.81 Selecting previously unselected package node-estraverse.
#15 29.81 Preparing to unpack .../059-node-estraverse_5.3.0+ds+~5.1.1-1_all.deb ...
#15 29.81 Unpacking node-estraverse (5.3.0+ds+~5.1.1-1) ...
#15 29.89 Selecting previously unselected package node-object-assign.
#15 29.89 Preparing to unpack .../060-node-object-assign_4.1.1-7_all.deb ...
#15 29.90 Unpacking node-object-assign (4.1.1-7) ...
#15 29.96 Selecting previously unselected package node-esrecurse.
#15 29.96 Preparing to unpack .../061-node-esrecurse_4.3.0-2_all.deb ...
#15 29.97 Unpacking node-esrecurse (4.3.0-2) ...
#15 30.02 Selecting previously unselected package node-eslint-scope.
#15 30.03 Preparing to unpack .../062-node-eslint-scope_7.1.1+~3.7.4-1_all.deb ...
#15 30.03 Unpacking node-eslint-scope (7.1.1+~3.7.4-1) ...
#15 30.09 Selecting previously unselected package node-espree.
#15 30.10 Preparing to unpack .../063-node-espree_9.4.1~dfsg-2_all.deb ...
#15 30.11 Unpacking node-espree (9.4.1~dfsg-2) ...
#15 30.19 Selecting previously unselected package node-esquery.
#15 30.19 Preparing to unpack .../064-node-esquery_1.4.2~ds-1_all.deb ...
#15 30.20 Unpacking node-esquery (1.4.2~ds-1) ...
#15 30.31 Selecting previously unselected package node-eslint-utils.
#15 30.32 Preparing to unpack .../065-node-eslint-utils_3.0.0-3_all.deb ...
#15 30.32 Unpacking node-eslint-utils (3.0.0-3) ...
#15 30.42 Selecting previously unselected package node-flatted.
#15 30.42 Preparing to unpack .../066-node-flatted_3.2.7~ds-1+deb13u1_all.deb ...
#15 30.43 Unpacking node-flatted (3.2.7~ds-1+deb13u1) ...
#15 30.50 Selecting previously unselected package node-fs.realpath.
#15 30.50 Preparing to unpack .../067-node-fs.realpath_1.0.0-3_all.deb ...
#15 30.51 Unpacking node-fs.realpath (1.0.0-3) ...
#15 30.56 Selecting previously unselected package node-wrappy.
#15 30.56 Preparing to unpack .../068-node-wrappy_1.0.2-3_all.deb ...
#15 30.56 Unpacking node-wrappy (1.0.2-3) ...
#15 30.62 Selecting previously unselected package node-once.
#15 30.62 Preparing to unpack .../069-node-once_1.4.1-1_all.deb ...
#15 30.63 Unpacking node-once (1.4.1-1) ...
#15 30.69 Selecting previously unselected package node-inflight.
#15 30.69 Preparing to unpack .../070-node-inflight_1.0.6-2_all.deb ...
#15 30.69 Unpacking node-inflight (1.0.6-2) ...
#15 30.77 Selecting previously unselected package node-glob.
#15 30.77 Preparing to unpack .../071-node-glob_8.1.0+~cs8.5.15-1_all.deb ...
#15 30.77 Unpacking node-glob (8.1.0+~cs8.5.15-1) ...
#15 30.87 Selecting previously unselected package node-rimraf.
#15 30.87 Preparing to unpack .../072-node-rimraf_3.0.2-2_all.deb ...
#15 30.87 Unpacking node-rimraf (3.0.2-2) ...
#15 30.94 Selecting previously unselected package node-write.
#15 30.95 Preparing to unpack .../073-node-write_2.0.0~6.0.1+~3.0.4+~2.0.0+~1.0.0+~2.0.1-1_all.deb ...
#15 30.95 Unpacking node-write (2.0.0~6.0.1+~3.0.4+~2.0.0+~1.0.0+~2.0.1-1) ...
#15 31.02 Selecting previously unselected package node-flat-cache.
#15 31.02 Preparing to unpack .../074-node-flat-cache_3.0.4~6.0.1+~3.0.4+~2.0.0+~1.0.0+~2.0.1-1_all.deb ...
#15 31.03 Unpacking node-flat-cache (3.0.4~6.0.1+~3.0.4+~2.0.0+~1.0.0+~2.0.1-1) ...
#15 31.08 Selecting previously unselected package node-file-entry-cache.
#15 31.08 Preparing to unpack .../075-node-file-entry-cache_6.0.1+~3.0.4+~2.0.0+~1.0.0+~2.0.1-1_all.deb ...
#15 31.09 Unpacking node-file-entry-cache (6.0.1+~3.0.4+~2.0.0+~1.0.0+~2.0.1-1) ...
#15 31.14 Selecting previously unselected package node-functional-red-black-tree.
#15 31.14 Preparing to unpack .../076-node-functional-red-black-tree_1.0.1+20181105-7_all.deb ...
#15 31.14 Unpacking node-functional-red-black-tree (1.0.1+20181105-7) ...
#15 31.21 Selecting previously unselected package node-is-extglob.
#15 31.21 Preparing to unpack .../077-node-is-extglob_2.1.1-5_all.deb ...
#15 31.21 Unpacking node-is-extglob (2.1.1-5) ...
#15 31.27 Selecting previously unselected package node-is-glob.
#15 31.28 Preparing to unpack .../078-node-is-glob_4.0.3-2_all.deb ...
#15 31.28 Unpacking node-is-glob (4.0.3-2) ...
#15 31.32 Selecting previously unselected package node-path-dirname.
#15 31.32 Preparing to unpack .../079-node-path-dirname_1.0.2-2_all.deb ...
#15 31.33 Unpacking node-path-dirname (1.0.2-2) ...
#15 31.39 Selecting previously unselected package node-glob-parent.
#15 31.39 Preparing to unpack .../080-node-glob-parent_6.0.2+~5.1.1-2_all.deb ...
#15 31.40 Unpacking node-glob-parent (6.0.2+~5.1.1-2) ...
#15 31.45 Selecting previously unselected package node-globals.
#15 31.45 Preparing to unpack .../081-node-globals_13.23.0-1_all.deb ...
#15 31.45 Unpacking node-globals (13.23.0-1) ...
#15 31.49 Selecting previously unselected package node-resolve-from.
#15 31.50 Preparing to unpack .../082-node-resolve-from_5.0.0+~3.1.0+~3.3.0+~2.0.0-1_all.deb ...
#15 31.50 Unpacking node-resolve-from (5.0.0+~3.1.0+~3.3.0+~2.0.0-1) ...
#15 31.58 Selecting previously unselected package node-imurmurhash.
#15 31.58 Preparing to unpack .../083-node-imurmurhash_0.1.4+dfsg+~0.1.1-2_all.deb ...
#15 31.58 Unpacking node-imurmurhash (0.1.4+dfsg+~0.1.1-2) ...
#15 31.67 Selecting previously unselected package node-ignore.
#15 31.67 Preparing to unpack .../084-node-ignore_5.2.1-1_all.deb ...
#15 31.68 Unpacking node-ignore (5.2.1-1) ...
#15 31.74 Selecting previously unselected package node-prelude-ls.
#15 31.75 Preparing to unpack .../085-node-prelude-ls_1.2.1+dfsg-3_all.deb ...
#15 31.76 Unpacking node-prelude-ls (1.2.1+dfsg-3) ...
#15 31.82 Selecting previously unselected package node-type-check.
#15 31.83 Preparing to unpack .../086-node-type-check_0.4.0+dfsg-3_all.deb ...
#15 31.84 Unpacking node-type-check (0.4.0+dfsg-3) ...
#15 31.91 Selecting previously unselected package node-levn.
#15 31.91 Preparing to unpack .../087-node-levn_0.4.1+dfsg-2_all.deb ...
#15 31.92 Unpacking node-levn (0.4.1+dfsg-2) ...
#15 31.98 Selecting previously unselected package node-lodash.
#15 31.98 Preparing to unpack .../088-node-lodash_4.17.21+dfsg+~cs8.31.198.20210220-9_all.deb ...
#15 31.99 Unpacking node-lodash (4.17.21+dfsg+~cs8.31.198.20210220-9) ...
#15 33.27 Selecting previously unselected package node-memfs.
#15 33.28 Preparing to unpack .../089-node-memfs_3.4.12+~cs1.0.3-1_all.deb ...
#15 33.28 Unpacking node-memfs (3.4.12+~cs1.0.3-1) ...
#15 33.39 Selecting previously unselected package node-mkdirp.
#15 33.39 Preparing to unpack .../090-node-mkdirp_2.1.6+~cs5.2.1-2_all.deb ...
#15 33.40 Unpacking node-mkdirp (2.1.6+~cs5.2.1-2) ...
#15 33.50 Selecting previously unselected package node-deep-is.
#15 33.50 Preparing to unpack .../091-node-deep-is_0.1.4-1_all.deb ...
#15 33.51 Unpacking node-deep-is (0.1.4-1) ...
#15 33.57 Selecting previously unselected package node-fast-levenshtein.
#15 33.57 Preparing to unpack .../092-node-fast-levenshtein_2.0.6+ds-3_all.deb ...
#15 33.59 Unpacking node-fast-levenshtein (2.0.6+ds-3) ...
#15 33.66 Selecting previously unselected package node-optionator.
#15 33.67 Preparing to unpack .../093-node-optionator_0.9.1+dfsg+~cs1.2.3-1_all.deb ...
#15 33.67 Unpacking node-optionator (0.9.1+dfsg+~cs1.2.3-1) ...
#15 33.75 Selecting previously unselected package node-progress.
#15 33.75 Preparing to unpack .../094-node-progress_2.0.3-2_all.deb ...
#15 33.76 Unpacking node-progress (2.0.3-2) ...
#15 33.82 Selecting previously unselected package libjs-regenerate.
#15 33.82 Preparing to unpack .../095-libjs-regenerate_1.4.2-3_all.deb ...
#15 33.82 Unpacking libjs-regenerate (1.4.2-3) ...
#15 33.90 Selecting previously unselected package node-regenerate.
#15 33.90 Preparing to unpack .../096-node-regenerate_1.4.2-3_all.deb ...
#15 33.91 Unpacking node-regenerate (1.4.2-3) ...
#15 33.98 Selecting previously unselected package node-regenerate-unicode-properties.
#15 33.98 Preparing to unpack .../097-node-regenerate-unicode-properties_10.1.0+ds-1_all.deb ...
#15 33.98 Unpacking node-regenerate-unicode-properties (10.1.0+ds-1) ...
#15 34.29 Selecting previously unselected package node-regexpp.
#15 34.29 Preparing to unpack .../098-node-regexpp_3.2.0-5_all.deb ...
#15 34.30 Unpacking node-regexpp (3.2.0-5) ...
#15 34.39 Selecting previously unselected package node-lru-cache.
#15 34.39 Preparing to unpack .../099-node-lru-cache_10.0.1-3_all.deb ...
#15 34.40 Unpacking node-lru-cache (10.0.1-3) ...
#15 34.48 Selecting previously unselected package node-semver.
#15 34.49 Preparing to unpack .../100-node-semver_7.6.1+~7.5.8-2_all.deb ...
#15 34.49 Unpacking node-semver (7.6.1+~7.5.8-2) ...
#15 34.64 Selecting previously unselected package node-strip-json-comments.
#15 34.65 Preparing to unpack .../101-node-strip-json-comments_4.0.0-4_all.deb ...
#15 34.66 Unpacking node-strip-json-comments (4.0.0-4) ...
#15 34.73 Selecting previously unselected package node-json-schema.
#15 34.74 Preparing to unpack .../102-node-json-schema_0.4.0+~7.0.11-1_all.deb ...
#15 34.75 Unpacking node-json-schema (0.4.0+~7.0.11-1) ...
#15 34.83 Selecting previously unselected package node-v8-compile-cache.
#15 34.84 Preparing to unpack .../103-node-v8-compile-cache_2.4.0-2_all.deb ...
#15 34.85 Unpacking node-v8-compile-cache (2.4.0-2) ...
#15 34.93 Selecting previously unselected package eslint.
#15 34.94 Preparing to unpack .../104-eslint_6.4.0~dfsg+~6.1.9-12_all.deb ...
#15 34.94 Unpacking eslint (6.4.0~dfsg+~6.1.9-12) ...
#15 35.25 Selecting previously unselected package python3-packaging.
#15 35.26 Preparing to unpack .../105-python3-packaging_25.0-1_all.deb ...
#15 35.26 Unpacking python3-packaging (25.0-1) ...
#15 35.36 Selecting previously unselected package gyp.
#15 35.36 Preparing to unpack .../106-gyp_0.16.2-2_all.deb ...
#15 35.36 Unpacking gyp (0.16.2-2) ...
#15 35.51 Selecting previously unselected package node-neo-async.
#15 35.51 Preparing to unpack .../107-node-neo-async_2.6.2+~cs3.0.0-3_all.deb ...
#15 35.52 Unpacking node-neo-async (2.6.2+~cs3.0.0-3) ...
#15 35.72 Selecting previously unselected package node-arrify.
#15 35.73 Preparing to unpack .../108-node-arrify_2.0.1-3_all.deb ...
#15 35.73 Unpacking node-arrify (2.0.1-3) ...
#15 35.83 Selecting previously unselected package node-is-plain-obj.
#15 35.84 Preparing to unpack .../109-node-is-plain-obj_3.0.0-2_all.deb ...
#15 35.85 Unpacking node-is-plain-obj (3.0.0-2) ...
#15 35.95 Selecting previously unselected package node-is-buffer.
#15 35.96 Preparing to unpack .../110-node-is-buffer_2.0.5-2_all.deb ...
#15 35.97 Unpacking node-is-buffer (2.0.5-2) ...
#15 36.05 Selecting previously unselected package node-kind-of.
#15 36.06 Preparing to unpack .../111-node-kind-of_6.0.3+dfsg-2_all.deb ...
#15 36.07 Unpacking node-kind-of (6.0.3+dfsg-2) ...
#15 36.13 Selecting previously unselected package node-minimist.
#15 36.13 Preparing to unpack .../112-node-minimist_1.2.8+~cs5.3.5-1_all.deb ...
#15 36.13 Unpacking node-minimist (1.2.8+~cs5.3.5-1) ...
#15 36.20 Selecting previously unselected package node-wordwrap.
#15 36.21 Preparing to unpack .../113-node-wordwrap_1.0.0-4_all.deb ...
#15 36.21 Unpacking node-wordwrap (1.0.0-4) ...
#15 36.27 Selecting previously unselected package node-optimist.
#15 36.28 Preparing to unpack .../114-node-optimist_0.6.1+~0.0.30-2_all.deb ...
#15 36.28 Unpacking node-optimist (0.6.1+~0.0.30-2) ...
#15 36.34 Selecting previously unselected package libjs-source-map.
#15 36.35 Preparing to unpack .../115-libjs-source-map_0.7.0++dfsg2+really.0.6.1-15_all.deb ...
#15 36.35 Unpacking libjs-source-map (0.7.0++dfsg2+really.0.6.1-15) ...
#15 36.41 Selecting previously unselected package node-source-map.
#15 36.42 Preparing to unpack .../116-node-source-map_0.7.0++dfsg2+really.0.6.1-15_all.deb ...
#15 36.44 Unpacking node-source-map (0.7.0++dfsg2+really.0.6.1-15) ...
#15 36.54 Selecting previously unselected package handlebars.
#15 36.54 Preparing to unpack .../117-handlebars_3%3a4.7.7+~4.1.0-1_all.deb ...
#15 36.55 Unpacking handlebars (3:4.7.7+~4.1.0-1) ...
#15 36.69 Selecting previously unselected package libjs-events.
#15 36.69 Preparing to unpack .../118-libjs-events_3.3.0+~3.0.0-3_all.deb ...
#15 36.69 Unpacking libjs-events (3.3.0+~3.0.0-3) ...
#15 36.76 Selecting previously unselected package libjs-is-typedarray.
#15 36.76 Preparing to unpack .../119-libjs-is-typedarray_1.0.0-4_all.deb ...
#15 36.76 Unpacking libjs-is-typedarray (1.0.0-4) ...
#15 36.82 Selecting previously unselected package libjs-prettify.
#15 36.82 Preparing to unpack .../120-libjs-prettify_2015.12.04+dfsg-1.1_all.deb ...
#15 36.83 Unpacking libjs-prettify (2015.12.04+dfsg-1.1) ...
#15 36.90 Selecting previously unselected package libjs-sprintf-js.
#15 36.90 Preparing to unpack .../121-libjs-sprintf-js_1.1.2+ds1+~1.1.2-1_all.deb ...
#15 36.91 Unpacking libjs-sprintf-js (1.1.2+ds1+~1.1.2-1) ...
#15 36.97 Selecting previously unselected package libjs-typedarray-to-buffer.
#15 36.97 Preparing to unpack .../122-libjs-typedarray-to-buffer_4.0.0-2_all.deb ...
#15 36.98 Unpacking libjs-typedarray-to-buffer (4.0.0-2) ...
#15 37.04 Selecting previously unselected package node-lodash-packages.
#15 37.05 Preparing to unpack .../123-node-lodash-packages_4.17.21+dfsg+~cs8.31.198.20210220-9_all.deb ...
#15 37.05 Unpacking node-lodash-packages (4.17.21+dfsg+~cs8.31.198.20210220-9) ...
#15 38.28 Selecting previously unselected package node-function-bind.
#15 38.28 Preparing to unpack .../124-node-function-bind_1.1.2+~cs2.1.14-1_all.deb ...
#15 38.29 Unpacking node-function-bind (1.1.2+~cs2.1.14-1) ...
#15 38.38 Selecting previously unselected package node-object-inspect.
#15 38.38 Preparing to unpack .../125-node-object-inspect_1.12.2+~cs1.8.1-1_all.deb ...
#15 38.39 Unpacking node-object-inspect (1.12.2+~cs1.8.1-1) ...
#15 38.47 Selecting previously unselected package node-es-abstract.
#15 38.47 Preparing to unpack .../126-node-es-abstract_1.20.4+~cs26.27.47-2_all.deb ...
#15 38.48 Unpacking node-es-abstract (1.20.4+~cs26.27.47-2) ...
#15 39.84 Selecting previously unselected package node-resolve.
#15 39.84 Preparing to unpack .../127-node-resolve_1.22.8+~cs5.34.15-2_all.deb ...
#15 39.85 Unpacking node-resolve (1.22.8+~cs5.34.15-2) ...
#15 39.96 Selecting previously unselected package node-define-properties.
#15 39.97 Preparing to unpack .../128-node-define-properties_1.2.1+~cs2.2.3-1_all.deb ...
#15 39.97 Unpacking node-define-properties (1.2.1+~cs2.2.3-1) ...
#15 40.09 Selecting previously unselected package node-debbundle-es-to-primitive.
#15 40.10 Preparing to unpack .../129-node-debbundle-es-to-primitive_1.2.1+~cs9.7.25-2_all.deb ...
#15 40.11 Unpacking node-debbundle-es-to-primitive (1.2.1+~cs9.7.25-2) ...
#15 40.26 Selecting previously unselected package node-isobject.
#15 40.27 Preparing to unpack .../130-node-isobject_4.0.0-2_all.deb ...
#15 40.28 Unpacking node-isobject (4.0.0-2) ...
#15 40.36 Selecting previously unselected package node-is-descriptor.
#15 40.36 Preparing to unpack .../131-node-is-descriptor_3.0.0-2_all.deb ...
#15 40.37 Unpacking node-is-descriptor (3.0.0-2) ...
#15 40.44 Selecting previously unselected package node-define-property.
#15 40.45 Preparing to unpack .../132-node-define-property_2.0.2+really+2.0.2-3_all.deb ...
#15 40.46 Unpacking node-define-property (2.0.2+really+2.0.2-3) ...
#15 40.52 Selecting previously unselected package node-defined.
#15 40.53 Preparing to unpack .../133-node-defined_1.0.1+~1.0.0-1_all.deb ...
#15 40.53 Unpacking node-defined (1.0.1+~1.0.0-1) ...
#15 40.60 Selecting previously unselected package node-abbrev.
#15 40.61 Preparing to unpack .../134-node-abbrev_1.1.1+~1.1.2-1_all.deb ...
#15 40.62 Unpacking node-abbrev (1.1.1+~1.1.2-1) ...
#15 40.73 Selecting previously unselected package node-archy.
#15 40.73 Preparing to unpack .../135-node-archy_1.0.0-6_all.deb ...
#15 40.74 Unpacking node-archy (1.0.0-6) ...
#15 40.83 Selecting previously unselected package node-async.
#15 40.84 Preparing to unpack .../136-node-async_3.2.6+dfsg-2_all.deb ...
#15 40.87 Unpacking node-async (3.2.6+dfsg-2) ...
#15 41.09 Selecting previously unselected package node-convert-source-map.
#15 41.10 Preparing to unpack .../137-node-convert-source-map_1.9.0+~1.5.2-1_all.deb ...
#15 41.11 Unpacking node-convert-source-map (1.9.0+~1.5.2-1) ...
#15 41.21 Selecting previously unselected package node-decamelize.
#15 41.21 Preparing to unpack .../138-node-decamelize_4.0.0-2_all.deb ...
#15 41.23 Unpacking node-decamelize (4.0.0-2) ...
#15 41.30 Selecting previously unselected package node-es6-error.
#15 41.30 Preparing to unpack .../139-node-es6-error_4.1.1-5_all.deb ...
#15 41.31 Unpacking node-es6-error (4.1.1-5) ...
#15 41.41 Selecting previously unselected package node-esprima.
#15 41.42 Preparing to unpack .../140-node-esprima_4.0.1+ds+~4.0.3-2_all.deb ...
#15 41.48 Unpacking node-esprima (4.0.1+ds+~4.0.3-2) ...
#15 41.59 Selecting previously unselected package node-escodegen.
#15 41.59 Preparing to unpack .../141-node-escodegen_2.1.0+dfsg+~0.0.8-1_all.deb ...
#15 41.60 Unpacking node-escodegen (2.1.0+dfsg+~0.0.8-1) ...
#15 41.75 Selecting previously unselected package node-commondir.
#15 41.75 Preparing to unpack .../142-node-commondir_1.0.1+~1.0.0-1_all.deb ...
#15 41.76 Unpacking node-commondir (1.0.1+~1.0.0-1) ...
#15 41.86 Selecting previously unselected package node-is-number.
#15 41.87 Preparing to unpack .../143-node-is-number_7.0.0-4_all.deb ...
#15 41.89 Unpacking node-is-number (7.0.0-4) ...
#15 41.98 Selecting previously unselected package node-repeat-string.
#15 41.99 Preparing to unpack .../144-node-repeat-string_1.6.1+repack-1_all.deb ...
#15 42.00 Unpacking node-repeat-string (1.6.1+repack-1) ...
#15 42.11 Selecting previously unselected package node-to-regex-range.
#15 42.12 Preparing to unpack .../145-node-to-regex-range_5.0.1-4_all.deb ...
#15 42.12 Unpacking node-to-regex-range (5.0.1-4) ...
#15 42.21 Selecting previously unselected package node-fill-range.
#15 42.22 Preparing to unpack .../146-node-fill-range_7.1.1+~7.0.3-1_all.deb ...
#15 42.22 Unpacking node-fill-range (7.1.1+~7.0.3-1) ...
#15 42.32 Selecting previously unselected package node-braces.
#15 42.32 Preparing to unpack .../147-node-braces_3.0.3+~3.0.5-1_all.deb ...
#15 42.33 Unpacking node-braces (3.0.3+~3.0.5-1) ...
#15 42.44 Selecting previously unselected package node-normalize-path.
#15 42.44 Preparing to unpack .../148-node-normalize-path_3.0.0+~3.0.0-1_all.deb ...
#15 42.46 Unpacking node-normalize-path (3.0.0+~3.0.0-1) ...
#15 42.56 Selecting previously unselected package node-anymatch.
#15 42.57 Preparing to unpack .../149-node-anymatch_3.1.3+~cs4.6.1-2_all.deb ...
#15 42.58 Unpacking node-anymatch (3.1.3+~cs4.6.1-2) ...
#15 42.68 Selecting previously unselected package node-micromatch.
#15 42.69 Preparing to unpack .../150-node-micromatch_4.0.7+~4.0.9-1_all.deb ...
#15 42.70 Unpacking node-micromatch (4.0.7+~4.0.9-1) ...
#15 42.80 Selecting previously unselected package node-pify.
#15 42.81 Preparing to unpack .../151-node-pify_5.0.0+~cs5.0.1-1_all.deb ...
#15 42.82 Unpacking node-pify (5.0.0+~cs5.0.1-1) ...
#15 42.91 Selecting previously unselected package node-path-type.
#15 42.91 Preparing to unpack .../152-node-path-type_4.0.0-3_all.deb ...
#15 42.93 Unpacking node-path-type (4.0.0-3) ...
#15 43.04 Selecting previously unselected package node-n3.
#15 43.04 Preparing to unpack .../153-node-n3_1.16.3+~1.2.3+~1.10.4-1_all.deb ...
#15 43.05 Unpacking node-n3 (1.16.3+~1.2.3+~1.10.4-1) ...
#15 43.15 Selecting previously unselected package node-slash.
#15 43.15 Preparing to unpack .../154-node-slash_4.0.0-3_all.deb ...
#15 43.16 Unpacking node-slash (4.0.0-3) ...
#15 43.23 Selecting previously unselected package node-globby.
#15 43.24 Preparing to unpack .../155-node-globby_13.1.3+~cs16.25.40-3_all.deb ...
#15 43.25 Unpacking node-globby (13.1.3+~cs16.25.40-3) ...
#15 43.43 Selecting previously unselected package node-graceful-fs.
#15 43.43 Preparing to unpack .../156-node-graceful-fs_4.2.10-1_all.deb ...
#15 43.44 Unpacking node-graceful-fs (4.2.10-1) ...
#15 43.51 Selecting previously unselected package node-is-path-cwd.
#15 43.52 Preparing to unpack .../157-node-is-path-cwd_2.2.0-2_all.deb ...
#15 43.52 Unpacking node-is-path-cwd (2.2.0-2) ...
#15 43.60 Selecting previously unselected package node-path-is-inside.
#15 43.61 Preparing to unpack .../158-node-path-is-inside_1.0.2+~1.0.0-1_all.deb ...
#15 43.62 Unpacking node-path-is-inside (1.0.2+~1.0.0-1) ...
#15 43.67 Selecting previously unselected package node-is-path-inside.
#15 43.68 Preparing to unpack .../159-node-is-path-inside_3.0.3-2_all.deb ...
#15 43.69 Unpacking node-is-path-inside (3.0.3-2) ...
#15 43.78 Selecting previously unselected package node-escape-string-regexp.
#15 43.78 Preparing to unpack .../160-node-escape-string-regexp_4.0.0-2_all.deb ...
#15 43.79 Unpacking node-escape-string-regexp (4.0.0-2) ...
#15 43.89 Selecting previously unselected package node-indent-string.
#15 43.89 Preparing to unpack .../161-node-indent-string_4.0.0-2_all.deb ...
#15 43.90 Unpacking node-indent-string (4.0.0-2) ...
#15 43.99 Selecting previously unselected package node-p-map.
#15 44.00 Preparing to unpack .../162-node-p-map_4.0.0+~3.1.0+~3.0.1-2_all.deb ...
#15 44.01 Unpacking node-p-map (4.0.0+~3.1.0+~3.0.1-2) ...
#15 44.10 Selecting previously unselected package node-del.
#15 44.10 Preparing to unpack .../163-node-del_7.1.0-1_all.deb ...
#15 44.11 Unpacking node-del (7.1.0-1) ...
#15 44.20 Selecting previously unselected package node-make-dir.
#15 44.20 Preparing to unpack .../164-node-make-dir_3.1.0-3_all.deb ...
#15 44.21 Unpacking node-make-dir (3.1.0-3) ...
#15 44.29 Selecting previously unselected package node-p-limit.
#15 44.29 Preparing to unpack .../165-node-p-limit_4.0.0+~cs4.0.0-5_all.deb ...
#15 44.30 Unpacking node-p-limit (4.0.0+~cs4.0.0-5) ...
#15 44.38 Selecting previously unselected package node-p-locate.
#15 44.39 Preparing to unpack .../166-node-p-locate_6.0.0-12_all.deb ...
#15 44.40 Unpacking node-p-locate (6.0.0-12) ...
#15 44.48 Selecting previously unselected package node-locate-path.
#15 44.48 Preparing to unpack .../167-node-locate-path_7.1.1-2_all.deb ...
#15 44.52 Unpacking node-locate-path (7.1.1-2) ...
#15 44.59 Selecting previously unselected package node-path-exists.
#15 44.59 Preparing to unpack .../168-node-path-exists_5.0.0-8_all.deb ...
#15 44.60 Unpacking node-path-exists (5.0.0-8) ...
#15 44.68 Selecting previously unselected package node-find-up.
#15 44.69 Preparing to unpack .../169-node-find-up_6.3.0-7_all.deb ...
#15 44.69 Unpacking node-find-up (6.3.0-7) ...
#15 44.78 Selecting previously unselected package node-pkg-dir.
#15 44.79 Preparing to unpack .../170-node-pkg-dir_5.0.0-2_all.deb ...
#15 44.79 Unpacking node-pkg-dir (5.0.0-2) ...
#15 44.90 Selecting previously unselected package node-find-cache-dir.
#15 44.90 Preparing to unpack .../171-node-find-cache-dir_3.3.2+~3.2.1-1_all.deb ...
#15 44.91 Unpacking node-find-cache-dir (3.3.2+~3.2.1-1) ...
#15 45.01 Selecting previously unselected package node-signal-exit.
#15 45.02 Preparing to unpack .../172-node-signal-exit_4.1.0-7_all.deb ...
#15 45.02 Unpacking node-signal-exit (4.1.0-7) ...
#15 45.13 Selecting previously unselected package node-foreground-child.
#15 45.14 Preparing to unpack .../173-node-foreground-child_3.1.1-2_all.deb ...
#15 45.14 Unpacking node-foreground-child (3.1.1-2) ...
#15 45.31 Selecting previously unselected package node-is-stream.
#15 45.31 Preparing to unpack .../174-node-is-stream_3.0.0-4_all.deb ...
#15 45.33 Unpacking node-is-stream (3.0.0-4) ...
#15 45.43 Selecting previously unselected package node-is-windows.
#15 45.43 Preparing to unpack .../175-node-is-windows_1.0.2+~cs1.0.0-1_all.deb ...
#15 45.44 Unpacking node-is-windows (1.0.2+~cs1.0.0-1) ...
#15 45.55 Selecting previously unselected package node-ampproject-remapping.
#15 45.55 Preparing to unpack .../176-node-ampproject-remapping_2.2.0+~cs5.15.37-1_all.deb ...
#15 45.55 Unpacking node-ampproject-remapping (2.2.0+~cs5.15.37-1) ...
#15 45.77 Selecting previously unselected package node-sprintf-js.
#15 45.78 Preparing to unpack .../177-node-sprintf-js_1.1.2+ds1+~1.1.2-1_all.deb ...
#15 45.80 Unpacking node-sprintf-js (1.1.2+ds1+~1.1.2-1) ...
#15 45.94 Selecting previously unselected package node-argparse.
#15 45.94 Preparing to unpack .../178-node-argparse_2.0.1-2_all.deb ...
#15 45.96 Unpacking node-argparse (2.0.1-2) ...
#15 46.07 Selecting previously unselected package node-js-yaml.
#15 46.07 Preparing to unpack .../179-node-js-yaml_4.1.0+dfsg+~4.0.5-7_all.deb ...
#15 46.07 Unpacking node-js-yaml (4.1.0+dfsg+~4.0.5-7) ...
#15 46.18 Selecting previously unselected package node-nopt.
#15 46.19 Preparing to unpack .../180-node-nopt_5.0.0-4_all.deb ...
#15 46.20 Unpacking node-nopt (5.0.0-4) ...
#15 46.33 Selecting previously unselected package node-npm-run-path.
#15 46.34 Preparing to unpack .../181-node-npm-run-path_5.1.0+~4.0.0-8_all.deb ...
#15 46.35 Unpacking node-npm-run-path (5.1.0+~4.0.0-8) ...
#15 46.45 Selecting previously unselected package node-shebang-regex.
#15 46.45 Preparing to unpack .../182-node-shebang-regex_3.0.0-2_all.deb ...
#15 46.46 Unpacking node-shebang-regex (3.0.0-2) ...
#15 46.54 Selecting previously unselected package node-shebang-command.
#15 46.55 Preparing to unpack .../183-node-shebang-command_2.0.0-1_all.deb ...
#15 46.56 Unpacking node-shebang-command (2.0.0-1) ...
#15 46.64 Selecting previously unselected package node-strip-bom.
#15 46.64 Preparing to unpack .../184-node-strip-bom_4.0.0-2_all.deb ...
#15 46.65 Unpacking node-strip-bom (4.0.0-2) ...
#15 46.74 Selecting previously unselected package node-has-flag.
#15 46.74 Preparing to unpack .../185-node-has-flag_5.0.1-1_all.deb ...
#15 46.75 Unpacking node-has-flag (5.0.1-1) ...
#15 46.83 Selecting previously unselected package node-supports-color.
#15 46.84 Preparing to unpack .../186-node-supports-color_8.1.1+~8.1.1-1_all.deb ...
#15 46.84 Unpacking node-supports-color (8.1.1+~8.1.1-1) ...
#15 46.93 Selecting previously unselected package node-util.
#15 46.93 Preparing to unpack .../187-node-util_0.12.5+~1.0.10-1_all.deb ...
#15 46.95 Unpacking node-util (0.12.5+~1.0.10-1) ...
#15 47.00 Selecting previously unselected package node-assert.
#15 47.01 Preparing to unpack .../188-node-assert_2.0.0+~cs3.9.8-2_all.deb ...
#15 47.02 Unpacking node-assert (2.0.0+~cs3.9.8-2) ...
#15 47.14 Selecting previously unselected package node-babel-plugin-add-module-exports.
#15 47.14 Preparing to unpack .../189-node-babel-plugin-add-module-exports_1.0.4+dfsg1~cs5.8.0-4_all.deb ...
#15 47.16 Unpacking node-babel-plugin-add-module-exports (1.0.4+dfsg1~cs5.8.0-4) ...
#15 47.22 Selecting previously unselected package node-regenerator-runtime.
#15 47.23 Preparing to unpack .../190-node-regenerator-runtime_0.15.2+~0.10.8-1_all.deb ...
#15 47.24 Unpacking node-regenerator-runtime (0.15.2+~0.10.8-1) ...
#15 47.32 Selecting previously unselected package node-babel7-runtime.
#15 47.32 Preparing to unpack .../191-node-babel7-runtime_7.20.15+ds1+~cs214.269.168-8_all.deb ...
#15 47.34 Unpacking node-babel7-runtime (7.20.15+ds1+~cs214.269.168-8) ...
#15 47.55 Selecting previously unselected package node-babel-helper-define-polyfill-provider.
#15 47.56 Preparing to unpack .../192-node-babel-helper-define-polyfill-provider_0.3.3~0~20220913+ds1-1_all.deb ...
#15 47.57 Unpacking node-babel-helper-define-polyfill-provider (0.3.3~0~20220913+ds1-1) ...
#15 47.69 Selecting previously unselected package node-babel-plugin-polyfill-corejs2.
#15 47.70 Preparing to unpack .../193-node-babel-plugin-polyfill-corejs2_0.3.3~0~20220913+ds1-1_all.deb ...
#15 47.71 Unpacking node-babel-plugin-polyfill-corejs2 (0.3.3~0~20220913+ds1-1) ...
#15 47.82 Selecting previously unselected package node-caniuse-lite.
#15 47.83 Preparing to unpack .../194-node-caniuse-lite_1.0.30001723+dfsg+~1.0.5-1_all.deb ...
#15 47.86 Unpacking node-caniuse-lite (1.0.30001723+dfsg+~1.0.5-1) ...
#15 48.41 Selecting previously unselected package node-electron-to-chromium.
#15 48.41 Preparing to unpack .../195-node-electron-to-chromium_1.5.166-1_all.deb ...
#15 48.42 Unpacking node-electron-to-chromium (1.5.166-1) ...
#15 48.48 Selecting previously unselected package node-picocolors.
#15 48.49 Preparing to unpack .../196-node-picocolors_1.0.0-4_all.deb ...
#15 48.49 Unpacking node-picocolors (1.0.0-4) ...
#15 48.57 Selecting previously unselected package node-browserslist.
#15 48.58 Preparing to unpack .../197-node-browserslist_4.25.0+~cs6.3.22-1_all.deb ...
#15 48.58 Unpacking node-browserslist (4.25.0+~cs6.3.22-1) ...
#15 48.67 Selecting previously unselected package node-core-js-compat.
#15 48.67 Preparing to unpack .../198-node-core-js-compat_3.33.2-1_all.deb ...
#15 48.67 Unpacking node-core-js-compat (3.33.2-1) ...
#15 48.79 Selecting previously unselected package node-babel-plugin-polyfill-corejs3.
#15 48.80 Preparing to unpack .../199-node-babel-plugin-polyfill-corejs3_0.6.0~0~20220913+ds1-1_all.deb ...
#15 48.81 Unpacking node-babel-plugin-polyfill-corejs3 (0.6.0~0~20220913+ds1-1) ...
#15 48.90 Selecting previously unselected package node-babel-plugin-polyfill-regenerator.
#15 48.90 Preparing to unpack .../200-node-babel-plugin-polyfill-regenerator_0.4.1~0~20220913+ds1-1_all.deb ...
#15 48.91 Unpacking node-babel-plugin-polyfill-regenerator (0.4.1~0~20220913+ds1-1) ...
#15 48.98 Selecting previously unselected package node-color-name.
#15 48.98 Preparing to unpack .../201-node-color-name_1.1.4+~1.1.1-2_all.deb ...
#15 48.99 Unpacking node-color-name (1.1.4+~1.1.1-2) ...
#15 49.06 Selecting previously unselected package node-color-convert.
#15 49.08 Preparing to unpack .../202-node-color-convert_2.0.1+~cs2.0.0-2_all.deb ...
#15 49.08 Unpacking node-color-convert (2.0.1+~cs2.0.0-2) ...
#15 49.20 Selecting previously unselected package node-ansi-styles.
#15 49.20 Preparing to unpack .../203-node-ansi-styles_6.2.1-3_all.deb ...
#15 49.21 Unpacking node-ansi-styles (6.2.1-3) ...
#15 49.30 Selecting previously unselected package node-chalk.
#15 49.30 Preparing to unpack .../204-node-chalk_5.3.0-1_all.deb ...
#15 49.31 Unpacking node-chalk (5.3.0-1) ...
#15 49.41 Selecting previously unselected package node-for-in.
#15 49.42 Preparing to unpack .../205-node-for-in_1.0.2-4_all.deb ...
#15 49.42 Unpacking node-for-in (1.0.2-4) ...
#15 49.52 Selecting previously unselected package node-for-own.
#15 49.52 Preparing to unpack .../206-node-for-own_1.0.0-3_all.deb ...
#15 49.53 Unpacking node-for-own (1.0.0-3) ...
#15 49.59 Selecting previously unselected package node-is-plain-object.
#15 49.59 Preparing to unpack .../207-node-is-plain-object_5.0.0-7_all.deb ...
#15 49.61 Unpacking node-is-plain-object (5.0.0-7) ...
#15 49.69 Selecting previously unselected package node-is-extendable.
#15 49.70 Preparing to unpack .../208-node-is-extendable_1.0.1-3_all.deb ...
#15 49.72 Unpacking node-is-extendable (1.0.1-3) ...
#15 49.83 Selecting previously unselected package node-clone-deep.
#15 49.83 Preparing to unpack .../209-node-clone-deep_4.0.1+~cs7.0.2-1_all.deb ...
#15 49.84 Unpacking node-clone-deep (4.0.1+~cs7.0.2-1) ...
#15 49.94 Selecting previously unselected package node-commander.
#15 49.94 Preparing to unpack .../210-node-commander_9.4.1-1_all.deb ...
#15 49.96 Unpacking node-commander (9.4.1-1) ...
#15 50.08 Selecting previously unselected package node-core-js.
#15 50.08 Preparing to unpack .../211-node-core-js_3.33.2-1_all.deb ...
#15 50.10 Unpacking node-core-js (3.33.2-1) ...
#15 53.66 Selecting previously unselected package node-core-js-pure.
#15 53.67 Preparing to unpack .../212-node-core-js-pure_3.33.2-1_all.deb ...
#15 53.72 Unpacking node-core-js-pure (3.33.2-1) ...
#15 56.11 Selecting previously unselected package node-fs-readdir-recursive.
#15 56.12 Preparing to unpack .../213-node-fs-readdir-recursive_1.1.0+~1.1.0-1_all.deb ...
#15 56.13 Unpacking node-fs-readdir-recursive (1.1.0+~1.1.0-1) ...
#15 56.24 Selecting previously unselected package node-js-tokens.
#15 56.25 Preparing to unpack .../214-node-js-tokens_8.0.0-2_all.deb ...
#15 56.27 Unpacking node-js-tokens (8.0.0-2) ...
#15 56.41 Selecting previously unselected package node-jsesc.
#15 56.42 Preparing to unpack .../215-node-jsesc_3.0.2+~3.0.1-1_all.deb ...
#15 56.43 Unpacking node-jsesc (3.0.2+~3.0.1-1) ...
#15 56.52 Selecting previously unselected package node-json5.
#15 56.53 Preparing to unpack .../216-node-json5_2.2.3+dfsg-1_all.deb ...
#15 56.56 Unpacking node-json5 (2.2.3+dfsg-1) ...
#15 56.69 Selecting previously unselected package node-quick-lru.
#15 56.70 Preparing to unpack .../217-node-quick-lru_6.1.1-4_all.deb ...
#15 56.71 Unpacking node-quick-lru (6.1.1-4) ...
#15 56.83 Selecting previously unselected package node-regenerator-transform.
#15 56.84 Preparing to unpack .../218-node-regenerator-transform_0.15.2+~0.10.8-1_all.deb ...
#15 56.85 Unpacking node-regenerator-transform (0.15.2+~0.10.8-1) ...
#15 56.97 Selecting previously unselected package node-regjsgen.
#15 57.00 Preparing to unpack .../219-node-regjsgen_0.7.1+ds-1_all.deb ...
#15 57.01 Unpacking node-regjsgen (0.7.1+ds-1) ...
#15 57.11 Selecting previously unselected package node-regjsparser.
#15 57.11 Preparing to unpack .../220-node-regjsparser_0.9.1+ds-2_all.deb ...
#15 57.12 Unpacking node-regjsparser (0.9.1+ds-2) ...
#15 57.23 Selecting previously unselected package node-unicode-canonical-property-names-ecmascript.
#15 57.23 Preparing to unpack .../221-node-unicode-canonical-property-names-ecmascript_2.0.0-2_all.deb ...
#15 57.24 Unpacking node-unicode-canonical-property-names-ecmascript (2.0.0-2) ...
#15 57.31 Selecting previously unselected package node-unicode-property-aliases-ecmascript.
#15 57.33 Preparing to unpack .../222-node-unicode-property-aliases-ecmascript_2.1.0+ds-1_all.deb ...
#15 57.35 Unpacking node-unicode-property-aliases-ecmascript (2.1.0+ds-1) ...
#15 57.42 Selecting previously unselected package node-unicode-match-property-ecmascript.
#15 57.43 Preparing to unpack .../223-node-unicode-match-property-ecmascript_2.0.0-2_all.deb ...
#15 57.45 Unpacking node-unicode-match-property-ecmascript (2.0.0-2) ...
#15 57.53 Selecting previously unselected package node-unicode-match-property-value-ecmascript.
#15 57.55 Preparing to unpack .../224-node-unicode-match-property-value-ecmascript_2.1.0+ds-1_all.deb ...
#15 57.58 Unpacking node-unicode-match-property-value-ecmascript (2.1.0+ds-1) ...
#15 57.74 Selecting previously unselected package node-regexpu-core.
#15 57.74 Preparing to unpack .../225-node-regexpu-core_5.2.2-3_all.deb ...
#15 57.75 Unpacking node-regexpu-core (5.2.2-3) ...
#15 57.84 Selecting previously unselected package node-source-map-support.
#15 57.85 Preparing to unpack .../226-node-source-map-support_0.5.21+ds+~0.5.10-1_all.deb ...
#15 57.86 Unpacking node-source-map-support (0.5.21+ds+~0.5.10-1) ...
#15 57.99 Selecting previously unselected package node-to-fast-properties.
#15 58.00 Preparing to unpack .../227-node-to-fast-properties_3.0.1-3_all.deb ...
#15 58.01 Unpacking node-to-fast-properties (3.0.1-3) ...
#15 58.13 Selecting previously unselected package node-v8flags.
#15 58.14 Preparing to unpack .../228-node-v8flags_3.2.0+~3.1.1-1_all.deb ...
#15 58.15 Unpacking node-v8flags (3.2.0+~3.1.1-1) ...
#15 58.27 Selecting previously unselected package node-babel7.
#15 58.28 Preparing to unpack .../229-node-babel7_7.20.15+ds1+~cs214.269.168-8_all.deb ...
#15 58.28 Unpacking node-babel7 (7.20.15+ds1+~cs214.269.168-8) ...
#15 60.03 Selecting previously unselected package node-is-arrayish.
#15 60.03 Preparing to unpack .../230-node-is-arrayish_0.3.2-3_all.deb ...
#15 60.03 Unpacking node-is-arrayish (0.3.2-3) ...
#15 60.12 Selecting previously unselected package node-error-ex.
#15 60.13 Preparing to unpack .../231-node-error-ex_1.3.2-4_all.deb ...
#15 60.16 Unpacking node-error-ex (1.3.2-4) ...
#15 60.33 Selecting previously unselected package node-json-parse-better-errors.
#15 60.33 Preparing to unpack .../232-node-json-parse-better-errors_1.0.2+~cs3.3.1-3_all.deb ...
#15 60.35 Unpacking node-json-parse-better-errors (1.0.2+~cs3.3.1-3) ...
#15 60.48 Selecting previously unselected package node-parse-json.
#15 60.48 Preparing to unpack .../233-node-parse-json_5.2.0+~cs5.1.7-2_all.deb ...
#15 60.51 Unpacking node-parse-json (5.2.0+~cs5.1.7-2) ...
#15 60.61 Selecting previously unselected package node-hosted-git-info.
#15 60.62 Preparing to unpack .../234-node-hosted-git-info_6.1.1-2_all.deb ...
#15 60.66 Unpacking node-hosted-git-info (6.1.1-2) ...
#15 60.77 Selecting previously unselected package node-spdx-license-ids.
#15 60.78 Preparing to unpack .../235-node-spdx-license-ids_3.0.12-1_all.deb ...
#15 60.79 Unpacking node-spdx-license-ids (3.0.12-1) ...
#15 60.91 Selecting previously unselected package node-spdx-exceptions.
#15 60.91 Preparing to unpack .../236-node-spdx-exceptions_2.3.0-2_all.deb ...
#15 60.92 Unpacking node-spdx-exceptions (2.3.0-2) ...
#15 60.98 Selecting previously unselected package node-spdx-expression-parse.
#15 60.99 Preparing to unpack .../237-node-spdx-expression-parse_3.0.1+~3.0.1-1_all.deb ...
#15 61.00 Unpacking node-spdx-expression-parse (3.0.1+~3.0.1-1) ...
#15 61.07 Selecting previously unselected package node-spdx-correct.
#15 61.08 Preparing to unpack .../238-node-spdx-correct_3.1.1-2_all.deb ...
#15 61.09 Unpacking node-spdx-correct (3.1.1-2) ...
#15 61.17 Selecting previously unselected package node-validate-npm-package-license.
#15 61.17 Preparing to unpack .../239-node-validate-npm-package-license_3.0.4-2_all.deb ...
#15 61.18 Unpacking node-validate-npm-package-license (3.0.4-2) ...
#15 61.27 Selecting previously unselected package node-normalize-package-data.
#15 61.27 Preparing to unpack .../240-node-normalize-package-data_4.0.1+~2.4.1-1_all.deb ...
#15 61.28 Unpacking node-normalize-package-data (4.0.1+~2.4.1-1) ...
#15 61.37 Selecting previously unselected package node-read-pkg.
#15 61.37 Preparing to unpack .../241-node-read-pkg_5.2.0-2_all.deb ...
#15 61.38 Unpacking node-read-pkg (5.2.0-2) ...
#15 61.51 Selecting previously unselected package node-uuid.
#15 61.52 Preparing to unpack .../242-node-uuid_8.3.2+~8.3.4-1_all.deb ...
#15 61.53 Unpacking node-uuid (8.3.2+~8.3.4-1) ...
#15 61.71 Selecting previously unselected package node-isexe.
#15 61.71 Preparing to unpack .../243-node-isexe_2.0.0+~2.0.1-5_all.deb ...
#15 61.72 Unpacking node-isexe (2.0.0+~2.0.1-5) ...
#15 61.80 Selecting previously unselected package node-which.
#15 61.81 Preparing to unpack .../244-node-which_2.0.2+~cs1.3.2-3_all.deb ...
#15 61.82 Unpacking node-which (2.0.2+~cs1.3.2-3) ...
#15 61.92 Selecting previously unselected package node-is-typedarray.
#15 61.95 Preparing to unpack .../245-node-is-typedarray_1.0.0-4_all.deb ...
#15 61.96 Unpacking node-is-typedarray (1.0.0-4) ...
#15 62.04 Selecting previously unselected package node-typedarray-to-buffer.
#15 62.05 Preparing to unpack .../246-node-typedarray-to-buffer_4.0.0-2_all.deb ...
#15 62.05 Unpacking node-typedarray-to-buffer (4.0.0-2) ...
#15 62.13 Selecting previously unselected package node-write-file-atomic.
#15 62.14 Preparing to unpack .../247-node-write-file-atomic_4.0.2+~4.0.0-2_all.deb ...
#15 62.16 Unpacking node-write-file-atomic (4.0.2+~4.0.0-2) ...
#15 62.28 Selecting previously unselected package node-slice-ansi.
#15 62.29 Preparing to unpack .../248-node-slice-ansi_5.0.0+~cs9.0.0-5_all.deb ...
#15 62.30 Unpacking node-slice-ansi (5.0.0+~cs9.0.0-5) ...
#15 62.39 Selecting previously unselected package node-ansi-regex.
#15 62.40 Preparing to unpack .../249-node-ansi-regex_5.0.1-1_all.deb ...
#15 62.41 Unpacking node-ansi-regex (5.0.1-1) ...
#15 62.50 Selecting previously unselected package node-strip-ansi.
#15 62.50 Preparing to unpack .../250-node-strip-ansi_6.0.1-2_all.deb ...
#15 62.52 Unpacking node-strip-ansi (6.0.1-2) ...
#15 62.64 Selecting previously unselected package node-clone.
#15 62.64 Preparing to unpack .../251-node-clone_2.1.2+~2.1.2-1_all.deb ...
#15 62.65 Unpacking node-clone (2.1.2+~2.1.2-1) ...
#15 62.80 Selecting previously unselected package node-defaults.
#15 62.81 Preparing to unpack .../252-node-defaults_1.0.4+~1.0.3-1_all.deb ...
#15 62.82 Unpacking node-defaults (1.0.4+~1.0.3-1) ...
#15 62.89 Selecting previously unselected package node-wcwidth.js.
#15 62.90 Preparing to unpack .../253-node-wcwidth.js_1.0.2-2_all.deb ...
#15 62.92 Unpacking node-wcwidth.js (1.0.2-2) ...
#15 63.02 Selecting previously unselected package node-string-width.
#15 63.02 Preparing to unpack .../254-node-string-width_4.2.3+~cs13.2.3-1_all.deb ...
#15 63.03 Unpacking node-string-width (4.2.3+~cs13.2.3-1) ...
#15 63.13 Selecting previously unselected package node-wrap-ansi.
#15 63.14 Preparing to unpack .../255-node-wrap-ansi_8.0.1+~8.0.1-3_all.deb ...
#15 63.14 Unpacking node-wrap-ansi (8.0.1+~8.0.1-3) ...
#15 63.22 Selecting previously unselected package node-cliui.
#15 63.23 Preparing to unpack .../256-node-cliui_7.0.4+repack+1+~cs1.4.2-2_all.deb ...
#15 63.24 Unpacking node-cliui (7.0.4+repack+1+~cs1.4.2-2) ...
#15 63.34 Selecting previously unselected package node-get-caller-file.
#15 63.36 Preparing to unpack .../257-node-get-caller-file_2.0.5+~cs1.1.1-4_all.deb ...
#15 63.37 Unpacking node-get-caller-file (2.0.5+~cs1.1.1-4) ...
#15 63.48 Selecting previously unselected package node-require-directory.
#15 63.48 Preparing to unpack .../258-node-require-directory_2.1.1+~2.1.2-1_all.deb ...
#15 63.49 Unpacking node-require-directory (2.1.1+~2.1.2-1) ...
#15 63.56 Selecting previously unselected package node-y18n.
#15 63.57 Preparing to unpack .../259-node-y18n_5.0.8+~5.0.0-3_all.deb ...
#15 63.57 Unpacking node-y18n (5.0.8+~5.0.0-3) ...
#15 63.66 Selecting previously unselected package node-camelcase.
#15 63.67 Preparing to unpack .../260-node-camelcase_7.0.0-3_all.deb ...
#15 63.67 Unpacking node-camelcase (7.0.0-3) ...
#15 63.77 Selecting previously unselected package node-yargs-parser.
#15 63.78 Preparing to unpack .../261-node-yargs-parser_21.1.1+~21.0.0-4_all.deb ...
#15 63.79 Unpacking node-yargs-parser (21.1.1+~21.0.0-4) ...
#15 63.91 Selecting previously unselected package node-yargs.
#15 63.92 Preparing to unpack .../262-node-yargs_16.2.0+~16.0.4-7_all.deb ...
#15 63.94 Unpacking node-yargs (16.2.0+~16.0.4-7) ...
#15 64.11 Selecting previously unselected package node-istanbul.
#15 64.12 Preparing to unpack .../263-node-istanbul_0.4.5+repack10+~cs98.25.59-3_all.deb ...
#15 64.13 Unpacking node-istanbul (0.4.5+repack10+~cs98.25.59-3) ...
#15 64.42 Selecting previously unselected package node-through.
#15 64.43 Preparing to unpack .../264-node-through_2.3.8+~cs0.0.30-1_all.deb ...
#15 64.44 Unpacking node-through (2.3.8+~cs0.0.30-1) ...
#15 64.50 Selecting previously unselected package node-resumer.
#15 64.51 Preparing to unpack .../265-node-resumer_0.0.0-6_all.deb ...
#15 64.52 Unpacking node-resumer (0.0.0-6) ...
#15 64.61 Selecting previously unselected package node-tape.
#15 64.61 Preparing to unpack .../266-node-tape_5.6.1+~cs8.20.19-3_all.deb ...
#15 64.63 Unpacking node-tape (5.6.1+~cs8.20.19-3) ...
#15 64.79 Selecting previously unselected package node-deep-equal.
#15 64.80 Preparing to unpack .../267-node-deep-equal_2.2.3+~cs43.15.94-1_all.deb ...
#15 64.81 Unpacking node-deep-equal (2.2.3+~cs43.15.94-1) ...
#15 64.99 Selecting previously unselected package libjs-util.
#15 64.99 Preparing to unpack .../268-libjs-util_0.12.5+~1.0.10-1_all.deb ...
#15 65.00 Unpacking libjs-util (0.12.5+~1.0.10-1) ...
#15 65.07 Selecting previously unselected package libssl-dev:amd64.
#15 65.08 Preparing to unpack .../269-libssl-dev_3.5.6-1~deb13u2_amd64.deb ...
#15 65.09 Unpacking libssl-dev:amd64 (3.5.6-1~deb13u2) ...
#15 65.38 Selecting previously unselected package libuv1-dev:amd64.
#15 65.39 Preparing to unpack .../270-libuv1-dev_1.50.0-2_amd64.deb ...
#15 65.39 Unpacking libuv1-dev:amd64 (1.50.0-2) ...
#15 65.48 Selecting previously unselected package libnode-dev.
#15 65.48 Preparing to unpack .../271-libnode-dev_20.19.2+dfsg-1+deb13u2_amd64.deb ...
#15 65.49 Unpacking libnode-dev (20.19.2+dfsg-1+deb13u2) ...
#15 65.84 Selecting previously unselected package node-agent-base.
#15 65.85 Preparing to unpack .../272-node-agent-base_7.1.1~0~2024040606-6+deb13u1_all.deb ...
#15 65.86 Unpacking node-agent-base (7.1.1~0~2024040606-6+deb13u1) ...
#15 65.96 Selecting previously unselected package node-ajv-keywords.
#15 65.98 Preparing to unpack .../273-node-ajv-keywords_5.1.0-4_all.deb ...
#15 65.98 Unpacking node-ajv-keywords (5.1.0-4) ...
#15 66.21 Selecting previously unselected package node-ansi-escapes.
#15 66.21 Preparing to unpack .../274-node-ansi-escapes_5.0.0+really.4.3.1-1_all.deb ...
#15 66.22 Unpacking node-ansi-escapes (5.0.0+really.4.3.1-1) ...
#15 66.33 Selecting previously unselected package node-aproba.
#15 66.35 Preparing to unpack .../275-node-aproba_2.0.0-3_all.deb ...
#15 66.35 Unpacking node-aproba (2.0.0-3) ...
#15 66.43 Selecting previously unselected package node-delegates.
#15 66.44 Preparing to unpack .../276-node-delegates_1.0.0-3_all.deb ...
#15 66.44 Unpacking node-delegates (1.0.0-3) ...
#15 66.49 Selecting previously unselected package node-are-we-there-yet.
#15 66.51 Preparing to unpack .../277-node-are-we-there-yet_3.0.1+~1.1.0-1_all.deb ...
#15 66.51 Unpacking node-are-we-there-yet (3.0.1+~1.1.0-1) ...
#15 66.62 Selecting previously unselected package node-async-each.
#15 66.64 Preparing to unpack .../278-node-async-each_1.0.3-3_all.deb ...
#15 66.64 Unpacking node-async-each (1.0.3-3) ...
#15 66.69 Selecting previously unselected package node-babel-plugin-lodash.
#15 66.69 Preparing to unpack .../279-node-babel-plugin-lodash_3.3.4+~cs2.0.1-7_all.deb ...
#15 66.70 Unpacking node-babel-plugin-lodash (3.3.4+~cs2.0.1-7) ...
#15 66.81 Selecting previously unselected package node-base64-js.
#15 66.81 Preparing to unpack .../280-node-base64-js_1.5.1+dfsg+~1.3.0-2_all.deb ...
#15 66.81 Unpacking node-base64-js (1.5.1+dfsg+~1.3.0-2) ...
#15 66.89 Selecting previously unselected package node-binary-extensions.
#15 66.90 Preparing to unpack .../281-node-binary-extensions_2.2.0-2_all.deb ...
#15 66.90 Unpacking node-binary-extensions (2.2.0-2) ...
#15 67.00 Selecting previously unselected package node-builtins.
#15 67.00 Preparing to unpack .../282-node-builtins_5.0.1-1_all.deb ...
#15 67.00 Unpacking node-builtins (5.0.1-1) ...
#15 67.07 Selecting previously unselected package node-chownr.
#15 67.08 Preparing to unpack .../283-node-chownr_2.0.0-3_all.deb ...
#15 67.09 Unpacking node-chownr (2.0.0-3) ...
#15 67.14 Selecting previously unselected package node-iconv-lite.
#15 67.16 Preparing to unpack .../284-node-iconv-lite_0.6.3-3_all.deb ...
#15 67.16 Unpacking node-iconv-lite (0.6.3-3) ...
#15 67.31 Selecting previously unselected package node-encoding.
#15 67.32 Preparing to unpack .../285-node-encoding_0.1.13-2_all.deb ...
#15 67.33 Unpacking node-encoding (0.1.13-2) ...
#15 67.43 Selecting previously unselected package node-jsonparse.
#15 67.44 Preparing to unpack .../286-node-jsonparse_1.3.1-10_all.deb ...
#15 67.45 Unpacking node-jsonparse (1.3.1-10) ...
#15 67.52 Selecting previously unselected package node-yallist.
#15 67.53 Preparing to unpack .../287-node-yallist_4.0.0+~4.0.1-1_all.deb ...
#15 67.54 Unpacking node-yallist (4.0.0+~4.0.1-1) ...
#15 67.62 Selecting previously unselected package node-minipass.
#15 67.63 Preparing to unpack .../288-node-minipass_5.0.0+~cs10.3.21-3_all.deb ...
#15 67.63 Unpacking node-minipass (5.0.0+~cs10.3.21-3) ...
#15 67.77 Selecting previously unselected package node-iferr.
#15 67.77 Preparing to unpack .../289-node-iferr_1.0.2+~1.0.2-1_all.deb ...
#15 67.78 Unpacking node-iferr (1.0.2+~1.0.2-1) ...
#15 67.88 Selecting previously unselected package node-fs-write-stream-atomic.
#15 67.90 Preparing to unpack .../290-node-fs-write-stream-atomic_1.0.10-6_all.deb ...
#15 67.91 Unpacking node-fs-write-stream-atomic (1.0.10-6) ...
#15 68.03 Selecting previously unselected package node-run-queue.
#15 68.03 Preparing to unpack .../291-node-run-queue_2.0.0-3_all.deb ...
#15 68.04 Unpacking node-run-queue (2.0.0-3) ...
#15 68.10 Selecting previously unselected package node-copy-concurrently.
#15 68.11 Preparing to unpack .../292-node-copy-concurrently_1.0.5-9_all.deb ...
#15 68.12 Unpacking node-copy-concurrently (1.0.5-9) ...
#15 68.22 Selecting previously unselected package node-move-concurrently.
#15 68.22 Preparing to unpack .../293-node-move-concurrently_1.0.1-5_all.deb ...
#15 68.23 Unpacking node-move-concurrently (1.0.1-5) ...
#15 68.31 Selecting previously unselected package node-promise-inflight.
#15 68.32 Preparing to unpack .../294-node-promise-inflight_1.0.1+~1.0.0-1_all.deb ...
#15 68.34 Unpacking node-promise-inflight (1.0.1+~1.0.0-1) ...
#15 68.45 Selecting previously unselected package node-ssri.
#15 68.45 Preparing to unpack .../295-node-ssri_9.0.1-3_all.deb ...
#15 68.46 Unpacking node-ssri (9.0.1-3) ...
#15 68.55 Selecting previously unselected package node-unique-filename.
#15 68.57 Preparing to unpack .../296-node-unique-filename_1.1.1+ds-2_all.deb ...
#15 68.58 Unpacking node-unique-filename (1.1.1+ds-2) ...
#15 68.69 Selecting previously unselected package node-cacache.
#15 68.71 Preparing to unpack .../297-node-cacache_17.0.3+~cs10.3.7-2_all.deb ...
#15 68.72 Unpacking node-cacache (17.0.3+~cs10.3.7-2) ...
#15 68.92 Selecting previously unselected package node-is-binary-path.
#15 68.93 Preparing to unpack .../298-node-is-binary-path_2.1.0-5_all.deb ...
#15 68.97 Unpacking node-is-binary-path (2.1.0-5) ...
#15 69.10 Selecting previously unselected package node-path-is-absolute.
#15 69.11 Preparing to unpack .../299-node-path-is-absolute_2.0.0-2_all.deb ...
#15 69.12 Unpacking node-path-is-absolute (2.0.0-2) ...
#15 69.21 Selecting previously unselected package node-set-immediate-shim.
#15 69.22 Preparing to unpack .../300-node-set-immediate-shim_2.0.0-2_all.deb ...
#15 69.23 Unpacking node-set-immediate-shim (2.0.0-2) ...
#15 69.31 Selecting previously unselected package node-readdirp.
#15 69.32 Preparing to unpack .../301-node-readdirp_3.6.0-1_all.deb ...
#15 69.33 Unpacking node-readdirp (3.6.0-1) ...
#15 69.46 Selecting previously unselected package node-chokidar.
#15 69.48 Preparing to unpack .../302-node-chokidar_3.6.0-3_all.deb ...
#15 69.49 Unpacking node-chokidar (3.6.0-3) ...
#15 69.58 Selecting previously unselected package node-tslib.
#15 69.58 Preparing to unpack .../303-node-tslib_2.4.1-1_all.deb ...
#15 69.59 Unpacking node-tslib (2.4.1-1) ...
#15 69.68 Selecting previously unselected package node-chrome-trace-event.
#15 69.69 Preparing to unpack .../304-node-chrome-trace-event_1.0.3-2_all.deb ...
#15 69.69 Unpacking node-chrome-trace-event (1.0.3-2) ...
#15 69.77 Selecting previously unselected package node-ci-info.
#15 69.78 Preparing to unpack .../305-node-ci-info_4.0.0+~cs1.1.0-1_all.deb ...
#15 69.78 Unpacking node-ci-info (4.0.0+~cs1.1.0-1) ...
#15 69.88 Selecting previously unselected package node-colors.
#15 69.89 Preparing to unpack .../306-node-colors_1.4.0-4_all.deb ...
#15 69.89 Unpacking node-colors (1.4.0-4) ...
#15 70.00 Selecting previously unselected package node-cli-table.
#15 70.00 Preparing to unpack .../307-node-cli-table_0.3.11+~cs0.13.4-3_all.deb ...
#15 70.01 Unpacking node-cli-table (0.3.11+~cs0.13.4-3) ...
#15 70.10 Selecting previously unselected package node-columnify.
#15 70.11 Preparing to unpack .../308-node-columnify_1.6.0+~1.5.1-1_all.deb ...
#15 70.11 Unpacking node-columnify (1.6.0+~1.5.1-1) ...
#15 70.17 Selecting previously unselected package node-console-control-strings.
#15 70.17 Preparing to unpack .../309-node-console-control-strings_1.1.0-3_all.deb ...
#15 70.18 Unpacking node-console-control-strings (1.1.0-3) ...
#15 70.25 Selecting previously unselected package node-css-selector-tokenizer.
#15 70.26 Preparing to unpack .../310-node-css-selector-tokenizer_0.8.0+~cs4.8.3-1_all.deb ...
#15 70.26 Unpacking node-css-selector-tokenizer (0.8.0+~cs4.8.3-1) ...
#15 70.36 Selecting previously unselected package node-postcss.
#15 70.37 Preparing to unpack .../311-node-postcss_8.4.49+~cs9.2.32-1_all.deb ...
#15 70.37 Unpacking node-postcss (8.4.49+~cs9.2.32-1) ...
#15 70.53 Selecting previously unselected package node-icss-utils.
#15 70.54 Preparing to unpack .../312-node-icss-utils_5.1.0+~5.1.0-1_all.deb ...
#15 70.55 Unpacking node-icss-utils (5.1.0+~5.1.0-1) ...
#15 70.61 Selecting previously unselected package node-postcss-modules-extract-imports.
#15 70.61 Preparing to unpack .../313-node-postcss-modules-extract-imports_3.0.0-2_all.deb ...
#15 70.62 Unpacking node-postcss-modules-extract-imports (3.0.0-2) ...
#15 70.69 Selecting previously unselected package node-postcss-modules-values.
#15 70.70 Preparing to unpack .../314-node-postcss-modules-values_4.0.0+~4.0.0-1_all.deb ...
#15 70.71 Unpacking node-postcss-modules-values (4.0.0+~4.0.0-1) ...
#15 70.78 Selecting previously unselected package node-postcss-value-parser.
#15 70.79 Preparing to unpack .../315-node-postcss-value-parser_4.2.0-1_all.deb ...
#15 70.79 Unpacking node-postcss-value-parser (4.2.0-1) ...
#15 70.87 Selecting previously unselected package node-prr.
#15 70.87 Preparing to unpack .../316-node-prr_1.0.1-3_all.deb ...
#15 70.89 Unpacking node-prr (1.0.1-3) ...
#15 70.96 Selecting previously unselected package node-errno.
#15 70.96 Preparing to unpack .../317-node-errno_1.0.0-3_all.deb ...
#15 70.96 Unpacking node-errno (1.0.0-3) ...
#15 71.03 Selecting previously unselected package node-memory-fs.
#15 71.04 Preparing to unpack .../318-node-memory-fs_0.5.0+~0.3.3-2_all.deb ...
#15 71.04 Unpacking node-memory-fs (0.5.0+~0.3.3-2) ...
#15 71.13 Selecting previously unselected package node-tapable.
#15 71.14 Preparing to unpack .../319-node-tapable_2.2.1-3_all.deb ...
#15 71.14 Unpacking node-tapable (2.2.1-3) ...
#15 71.21 Selecting previously unselected package node-enhanced-resolve.
#15 71.23 Preparing to unpack .../320-node-enhanced-resolve_5.15.0-1_all.deb ...
#15 71.24 Unpacking node-enhanced-resolve (5.15.0-1) ...
#15 71.34 Selecting previously unselected package node-es-module-lexer.
#15 71.35 Preparing to unpack .../321-node-es-module-lexer_1.1.0+dfsg-3_all.deb ...
#15 71.35 Unpacking node-es-module-lexer (1.1.0+dfsg-3) ...
#15 71.43 Selecting previously unselected package node-events.
#15 71.44 Preparing to unpack .../322-node-events_3.3.0+~3.0.0-3_all.deb ...
#15 71.44 Unpacking node-events (3.3.0+~3.0.0-3) ...
#15 71.52 Selecting previously unselected package node-resolve-cwd.
#15 71.53 Preparing to unpack .../323-node-resolve-cwd_3.0.0-2_all.deb ...
#15 71.54 Unpacking node-resolve-cwd (3.0.0-2) ...
#15 71.64 Selecting previously unselected package node-jest-debbundle.
#15 71.64 Preparing to unpack .../324-node-jest-debbundle_29.6.2~ds1+~cs73.45.28-5_all.deb ...
#15 71.65 Unpacking node-jest-debbundle (29.6.2~ds1+~cs73.45.28-5) ...
#15 71.84 Selecting previously unselected package node-interpret.
#15 71.85 Preparing to unpack .../325-node-interpret_2.2.0-3_all.deb ...
#15 71.86 Unpacking node-interpret (2.2.0-3) ...
#15 71.92 Selecting previously unselected package node-merge-stream.
#15 71.93 Preparing to unpack .../326-node-merge-stream_2.0.0+~1.1.2-2_all.deb ...
#15 71.95 Unpacking node-merge-stream (2.0.0+~1.1.2-2) ...
#15 72.02 Selecting previously unselected package node-jest-worker.
#15 72.03 Preparing to unpack .../327-node-jest-worker_29.6.2~ds1+~cs73.45.28-5_all.deb ...
#15 72.05 Unpacking node-jest-worker (29.6.2~ds1+~cs73.45.28-5) ...
#15 72.18 Selecting previously unselected package node-loader-runner.
#15 72.18 Preparing to unpack .../328-node-loader-runner_4.3.0-1_all.deb ...
#15 72.19 Unpacking node-loader-runner (4.3.0-1) ...
#15 72.28 Selecting previously unselected package node-mime.
#15 72.30 Preparing to unpack .../329-node-mime_3.0.0+dfsg+~cs6.97.2-2_all.deb ...
#15 72.31 Unpacking node-mime (3.0.0+dfsg+~cs6.97.2-2) ...
#15 72.36 Selecting previously unselected package node-mime-types.
#15 72.37 Preparing to unpack .../330-node-mime-types_2.1.35-2_all.deb ...
#15 72.38 Unpacking node-mime-types (2.1.35-2) ...
#15 72.44 Selecting previously unselected package node-rechoir.
#15 72.45 Preparing to unpack .../331-node-rechoir_0.8.0+~0.6.1-2_all.deb ...
#15 72.46 Unpacking node-rechoir (0.8.0+~0.6.1-2) ...
#15 72.52 Selecting previously unselected package node-schema-utils.
#15 72.52 Preparing to unpack .../332-node-schema-utils_4.2.0~ds-3_all.deb ...
#15 72.53 Unpacking node-schema-utils (4.2.0~ds-3) ...
#15 72.60 Selecting previously unselected package node-randombytes.
#15 72.60 Preparing to unpack .../333-node-randombytes_2.1.0+~2.0.0-2_all.deb ...
#15 72.61 Unpacking node-randombytes (2.1.0+~2.0.0-2) ...
#15 72.68 Selecting previously unselected package node-serialize-javascript.
#15 72.68 Preparing to unpack .../334-node-serialize-javascript_6.0.2-1_all.deb ...
#15 72.69 Unpacking node-serialize-javascript (6.0.2-1) ...
#15 72.79 Selecting previously unselected package node-watchpack.
#15 72.79 Preparing to unpack .../335-node-watchpack_2.4.0+~cs2.8.1-1_all.deb ...
#15 72.80 Unpacking node-watchpack (2.4.0+~cs2.8.1-1) ...
#15 72.87 Selecting previously unselected package node-webassemblyjs.
#15 72.88 Preparing to unpack .../336-node-webassemblyjs_1.11.4+dfsg+~cs10.11.17-2_all.deb ...
#15 72.88 Unpacking node-webassemblyjs (1.11.4+dfsg+~cs10.11.17-2) ...
#15 73.16 Selecting previously unselected package node-source-list-map.
#15 73.16 Preparing to unpack .../337-node-source-list-map_2.0.1+dfsg+~0.1.2-1_all.deb ...
#15 73.17 Unpacking node-source-list-map (2.0.1+dfsg+~0.1.2-1) ...
#15 73.25 Selecting previously unselected package node-webpack-sources.
#15 73.25 Preparing to unpack .../338-node-webpack-sources_3.2.3+~3.2.0-2_all.deb ...
#15 73.25 Unpacking node-webpack-sources (3.2.3+~3.2.0-2) ...
#15 73.33 Selecting previously unselected package node-terser.
#15 73.34 Preparing to unpack .../339-node-terser_5.38.0-1_all.deb ...
#15 73.35 Unpacking node-terser (5.38.0-1) ...
#15 73.46 Selecting previously unselected package terser.
#15 73.46 Preparing to unpack .../340-terser_5.38.0-1_all.deb ...
#15 73.48 Unpacking terser (5.38.0-1) ...
#15 73.54 Selecting previously unselected package node-get-stream.
#15 73.54 Preparing to unpack .../341-node-get-stream_8.0.1-11_all.deb ...
#15 73.55 Unpacking node-get-stream (8.0.1-11) ...
#15 73.62 Selecting previously unselected package node-mimic-fn.
#15 73.62 Preparing to unpack .../342-node-mimic-fn_4.0.0-5_all.deb ...
#15 73.63 Unpacking node-mimic-fn (4.0.0-5) ...
#15 73.69 Selecting previously unselected package node-strip-eof.
#15 73.70 Preparing to unpack .../343-node-strip-eof_3.0.0-5_all.deb ...
#15 73.70 Unpacking node-strip-eof (3.0.0-5) ...
#15 73.76 Selecting previously unselected package node-execa.
#15 73.76 Preparing to unpack .../344-node-execa_8.0.1+dfsg1+~cs12.0.0-1_all.deb ...
#15 73.77 Unpacking node-execa (8.0.1+dfsg1+~cs12.0.0-1) ...
#15 73.84 Selecting previously unselected package node-envinfo.
#15 73.84 Preparing to unpack .../345-node-envinfo_7.11.0+~cs14.3.0-3_all.deb ...
#15 73.85 Unpacking node-envinfo (7.11.0+~cs14.3.0-3) ...
#15 73.95 Selecting previously unselected package webpack.
#15 73.96 Preparing to unpack .../346-webpack_5.97.1+dfsg1+~cs11.18.27-3_all.deb ...
#15 73.96 Unpacking webpack (5.97.1+dfsg1+~cs11.18.27-3) ...
#15 74.44 Selecting previously unselected package node-css-loader.
#15 74.45 Preparing to unpack .../347-node-css-loader_6.8.1+~cs14.0.17-1_all.deb ...
#15 74.46 Unpacking node-css-loader (6.8.1+~cs14.0.17-1) ...
#15 74.57 Selecting previously unselected package node-data-uri-to-buffer.
#15 74.58 Preparing to unpack .../348-node-data-uri-to-buffer_6.0.2~0~2024040606-6+deb13u1_all.deb ...
#15 74.59 Unpacking node-data-uri-to-buffer (6.0.2~0~2024040606-6+deb13u1) ...
#15 74.64 Selecting previously unselected package node-mimic-response.
#15 74.65 Preparing to unpack .../349-node-mimic-response_3.1.0-9_all.deb ...
#15 74.65 Unpacking node-mimic-response (3.1.0-9) ...
#15 74.70 Selecting previously unselected package node-decompress-response.
#15 74.71 Preparing to unpack .../350-node-decompress-response_6.0.0-3_all.deb ...
#15 74.72 Unpacking node-decompress-response (6.0.0-3) ...
#15 74.85 Selecting previously unselected package node-depd.
#15 74.85 Preparing to unpack .../351-node-depd_2.0.0-2_all.deb ...
#15 74.86 Unpacking node-depd (2.0.0-2) ...
#15 74.95 Selecting previously unselected package node-diff.
#15 74.95 Preparing to unpack .../352-node-diff_5.0.0~dfsg+~5.0.1-4_all.deb ...
#15 74.96 Unpacking node-diff (5.0.0~dfsg+~5.0.1-4) ...
#15 75.05 Selecting previously unselected package node-err-code.
#15 75.05 Preparing to unpack .../353-node-err-code_2.0.3+dfsg-3_all.deb ...
#15 75.06 Unpacking node-err-code (2.0.3+dfsg-3) ...
#15 75.12 Selecting previously unselected package node-time-stamp.
#15 75.13 Preparing to unpack .../354-node-time-stamp_2.2.0-2_all.deb ...
#15 75.13 Unpacking node-time-stamp (2.2.0-2) ...
#15 75.19 Selecting previously unselected package node-fancy-log.
#15 75.19 Preparing to unpack .../355-node-fancy-log_1.3.3+~cs1.3.1-2_all.deb ...
#15 75.20 Unpacking node-fancy-log (1.3.3+~cs1.3.1-2) ...
#15 75.26 Selecting previously unselected package node-fetch.
#15 75.27 Preparing to unpack .../356-node-fetch_3.3.2+~cs11.4.11-3_all.deb ...
#15 75.27 Unpacking node-fetch (3.3.2+~cs11.4.11-3) ...
#15 75.40 Selecting previously unselected package node-has-unicode.
#15 75.41 Preparing to unpack .../357-node-has-unicode_2.0.1-5_all.deb ...
#15 75.41 Unpacking node-has-unicode (2.0.1-5) ...
#15 75.46 Selecting previously unselected package node-wide-align.
#15 75.47 Preparing to unpack .../358-node-wide-align_1.1.3-4_all.deb ...
#15 75.47 Unpacking node-wide-align (1.1.3-4) ...
#15 75.52 Selecting previously unselected package node-gauge.
#15 75.52 Preparing to unpack .../359-node-gauge_4.0.4-2_all.deb ...
#15 75.53 Unpacking node-gauge (4.0.4-2) ...
#15 75.58 Selecting previously unselected package node-lowercase-keys.
#15 75.58 Preparing to unpack .../360-node-lowercase-keys_2.0.0-2_all.deb ...
#15 75.59 Unpacking node-lowercase-keys (2.0.0-2) ...
#15 75.63 Selecting previously unselected package node-json-buffer.
#15 75.64 Preparing to unpack .../361-node-json-buffer_3.0.1+~3.0.0-1_all.deb ...
#15 75.65 Unpacking node-json-buffer (3.0.1+~3.0.0-1) ...
#15 75.71 Selecting previously unselected package node-p-cancelable.
#15 75.71 Preparing to unpack .../362-node-p-cancelable_2.1.1-1_all.deb ...
#15 75.72 Unpacking node-p-cancelable (2.1.1-1) ...
#15 75.80 Selecting previously unselected package node-got.
#15 75.81 Preparing to unpack .../363-node-got_11.8.5+~cs58.13.36-5_all.deb ...
#15 75.81 Unpacking node-got (11.8.5+~cs58.13.36-5) ...
#15 75.95 Selecting previously unselected package node-https-proxy-agent.
#15 75.96 Preparing to unpack .../364-node-https-proxy-agent_7.0.4~0~2024040606-6+deb13u1_all.deb ...
#15 75.96 Unpacking node-https-proxy-agent (7.0.4~0~2024040606-6+deb13u1) ...
#15 76.10 Selecting previously unselected package node-set-blocking.
#15 76.10 Preparing to unpack .../365-node-set-blocking_2.0.0-2_all.deb ...
#15 76.11 Unpacking node-set-blocking (2.0.0-2) ...
#15 76.16 Selecting previously unselected package node-npmlog.
#15 76.17 Preparing to unpack .../366-node-npmlog_7.0.1+~4.1.4-1_all.deb ...
#15 76.18 Unpacking node-npmlog (7.0.1+~4.1.4-1) ...
#15 76.24 Selecting previously unselected package node-osenv.
#15 76.24 Preparing to unpack .../367-node-osenv_0.1.5+~0.1.1-1_all.deb ...
#15 76.25 Unpacking node-osenv (0.1.5+~0.1.1-1) ...
#15 76.35 Selecting previously unselected package node-tar.
#15 76.35 Preparing to unpack .../368-node-tar_6.2.1+~cs7.0.8-1+deb13u1_all.deb ...
#15 76.35 Unpacking node-tar (6.2.1+~cs7.0.8-1+deb13u1) ...
#15 76.46 Selecting previously unselected package node-gyp.
#15 76.46 Preparing to unpack .../369-node-gyp_11.1.0+~5.0.0-1_all.deb ...
#15 76.47 Unpacking node-gyp (11.1.0+~5.0.0-1) ...
#15 76.56 Selecting previously unselected package node-http-proxy-agent.
#15 76.57 Preparing to unpack .../370-node-http-proxy-agent_7.0.2~0~2024040606-6+deb13u1_all.deb ...
#15 76.58 Unpacking node-http-proxy-agent (7.0.2~0~2024040606-6+deb13u1) ...
#15 76.66 Selecting previously unselected package node-ieee754.
#15 76.67 Preparing to unpack .../371-node-ieee754_1.2.1-3_all.deb ...
#15 76.68 Unpacking node-ieee754 (1.2.1-3) ...
#15 76.77 Selecting previously unselected package node-ini.
#15 76.78 Preparing to unpack .../372-node-ini_3.0.1-2_all.deb ...
#15 76.78 Unpacking node-ini (3.0.1-2) ...
#15 76.87 Selecting previously unselected package node-ip.
#15 76.87 Preparing to unpack .../373-node-ip_2.0.1+~1.1.3-3_all.deb ...
#15 76.88 Unpacking node-ip (2.0.1+~1.1.3-3) ...
#15 76.96 Selecting previously unselected package node-ip-regex.
#15 76.96 Preparing to unpack .../374-node-ip-regex_4.3.0+~4.1.1-1_all.deb ...
#15 76.97 Unpacking node-ip-regex (4.3.0+~4.1.1-1) ...
#15 77.03 Selecting previously unselected package node-mute-stream.
#15 77.04 Preparing to unpack .../375-node-mute-stream_0.0.8+~0.0.1-3_all.deb ...
#15 77.05 Unpacking node-mute-stream (0.0.8+~0.0.1-3) ...
#15 77.10 Selecting previously unselected package node-negotiator.
#15 77.10 Preparing to unpack .../376-node-negotiator_0.6.3+~0.6.1-1_all.deb ...
#15 77.11 Unpacking node-negotiator (0.6.3+~0.6.1-1) ...
#15 77.20 Selecting previously unselected package node-read-package-json.
#15 77.20 Preparing to unpack .../377-node-read-package-json_5.0.2+~2.0.0-2_all.deb ...
#15 77.21 Unpacking node-read-package-json (5.0.2+~2.0.0-2) ...
#15 77.29 Selecting previously unselected package node-npm-bundled.
#15 77.29 Preparing to unpack .../378-node-npm-bundled_2.0.1-2_all.deb ...
#15 77.29 Unpacking node-npm-bundled (2.0.1-2) ...
#15 77.36 Selecting previously unselected package node-validate-npm-package-name.
#15 77.37 Preparing to unpack .../379-node-validate-npm-package-name_5.0.0+~4.0.0-1_all.deb ...
#15 77.37 Unpacking node-validate-npm-package-name (5.0.0+~4.0.0-1) ...
#15 77.48 Selecting previously unselected package node-npm-package-arg.
#15 77.49 Preparing to unpack .../380-node-npm-package-arg_10.0.0+~3.0.0-2_all.deb ...
#15 77.49 Unpacking node-npm-package-arg (10.0.0+~3.0.0-2) ...
#15 77.58 Selecting previously unselected package node-retry.
#15 77.58 Preparing to unpack .../381-node-retry_0.13.1.+~cs2.19.16-1_all.deb ...
#15 77.58 Unpacking node-retry (0.13.1.+~cs2.19.16-1) ...
#15 77.70 Selecting previously unselected package node-promise-retry.
#15 77.71 Preparing to unpack .../382-node-promise-retry_2.0.1-4_all.deb ...
#15 77.72 Unpacking node-promise-retry (2.0.1-4) ...
#15 77.80 Selecting previously unselected package node-read.
#15 77.80 Preparing to unpack .../383-node-read_1.0.7-5_all.deb ...
#15 77.81 Unpacking node-read (1.0.7-5) ...
#15 77.89 Selecting previously unselected package node-promzard.
#15 77.90 Preparing to unpack .../384-node-promzard_0.3.0-2_all.deb ...
#15 77.91 Unpacking node-promzard (0.3.0-2) ...
#15 77.98 Selecting previously unselected package node-text-table.
#15 77.99 Preparing to unpack .../385-node-text-table_0.2.0-4_all.deb ...
#15 78.01 Unpacking node-text-table (0.2.0-4) ...
#15 78.12 Selecting previously unselected package npm.
#15 78.12 Preparing to unpack .../386-npm_9.2.0~ds1-3_all.deb ...
#15 78.14 Unpacking npm (9.2.0~ds1-3) ...
#15 78.68 Setting up media-types (13.0.0) ...
#15 78.71 Setting up node-colors (1.4.0-4) ...
#15 78.73 Setting up node-fs.realpath (1.0.0-3) ...
#15 78.74 Setting up node-ampproject-remapping (2.2.0+~cs5.15.37-1) ...
#15 78.75 Setting up node-diff (5.0.0~dfsg+~5.0.1-4) ...
#15 78.77 Setting up node-lru-cache (10.0.1-3) ...
#15 78.78 Setting up libkeyutils1:amd64 (1.6.3-6) ...
#15 78.79 Setting up node-abbrev (1.1.1+~1.1.2-1) ...
#15 78.81 Setting up node-path-is-inside (1.0.2+~1.0.0-1) ...
#15 78.83 Setting up libjs-sprintf-js (1.1.2+ds1+~1.1.2-1) ...
#15 78.86 Setting up node-pify (5.0.0+~cs5.0.1-1) ...
#15 78.87 Setting up node-p-limit (4.0.0+~cs4.0.0-5) ...
#15 78.89 Setting up node-yallist (4.0.0+~4.0.1-1) ...
#15 78.90 Setting up libjs-inherits (2.0.4-6) ...
#15 78.92 Setting up node-p-cancelable (2.1.1-1) ...
#15 78.93 Setting up node-is-windows (1.0.2+~cs1.0.0-1) ...
#15 78.95 Setting up node-ansi-regex (5.0.1-1) ...
#15 78.96 Setting up node-loader-runner (4.3.0-1) ...
#15 78.98 Setting up node-object-inspect (1.12.2+~cs1.8.1-1) ...
#15 78.99 Setting up node-slash (4.0.0-3) ...
#15 79.01 Setting up node-util-deprecate (1.0.2-3) ...
#15 79.01 Setting up node-ieee754 (1.2.1-3) ...
#15 79.03 Setting up node-fs-readdir-recursive (1.1.0+~1.1.0-1) ...
#15 79.04 Setting up node-v8flags (3.2.0+~3.1.1-1) ...
#15 79.05 Setting up node-retry (0.13.1.+~cs2.19.16-1) ...
#15 79.07 Setting up node-get-caller-file (2.0.5+~cs1.1.1-4) ...
#15 79.09 Setting up node-arrify (2.0.1-3) ...
#15 79.12 Setting up node-eslint-visitor-keys (3.3.0+~1.0.0-1) ...
#15 79.15 Setting up node-caniuse-lite (1.0.30001723+dfsg+~1.0.5-1) ...
#15 79.17 Setting up node-isobject (4.0.0-2) ...
#15 79.19 Setting up node-delegates (1.0.0-3) ...
#15 79.20 Setting up node-depd (2.0.0-2) ...
#15 79.22 Setting up node-isexe (2.0.0+~2.0.1-5) ...
#15 79.24 Setting up libbrotli1:amd64 (1.1.0-2+b7) ...
#15 79.27 Setting up node-resolve (1.22.8+~cs5.34.15-2) ...
#15 79.29 Setting up node-jsonparse (1.3.1-10) ...
#15 79.32 Setting up node-core-js-pure (3.33.2-1) ...
#15 79.34 Setting up node-es-module-lexer (1.1.0+dfsg-3) ...
#15 79.37 Setting up node-path-exists (5.0.0-8) ...
#15 79.41 Setting up libuv1t64:amd64 (1.50.0-2) ...
#15 79.42 Setting up node-unicode-match-property-value-ecmascript (2.1.0+ds-1) ...
#15 79.45 Setting up node-escape-string-regexp (4.0.0-2) ...
#15 79.48 Setting up node-through (2.3.8+~cs0.0.30-1) ...
#15 79.50 Setting up libjs-source-map (0.7.0++dfsg2+really.0.6.1-15) ...
#15 79.52 Setting up node-p-locate (6.0.0-12) ...
#15 79.54 Setting up node-negotiator (0.6.3+~0.6.1-1) ...
#15 79.55 Setting up node-tslib (2.4.1-1) ...
#15 79.57 Setting up libnghttp2-14:amd64 (1.64.0-1.1+deb13u1) ...
#15 79.58 Setting up node-strip-bom (4.0.0-2) ...
#15 79.62 Setting up node-ci-info (4.0.0+~cs1.1.0-1) ...
#15 79.66 Setting up node-color-name (1.1.4+~1.1.1-2) ...
#15 79.68 Setting up node-chrome-trace-event (1.0.3-2) ...
#15 79.71 Setting up node-json-buffer (3.0.1+~3.0.0-1) ...
#15 79.73 Setting up node-electron-to-chromium (1.5.166-1) ...
#15 79.76 Setting up node-cjs-module-lexer (1.2.3+dfsg-1) ...
#15 79.78 Setting up node-console-control-strings (1.1.0-3) ...
#15 79.80 Setting up node-source-list-map (2.0.1+dfsg+~0.1.2-1) ...
#15 79.81 Setting up libcom-err2:amd64 (1.47.2-3+b11) ...
#15 79.84 Setting up node-camelcase (7.0.0-3) ...
#15 79.86 Setting up node-resumer (0.0.0-6) ...
#15 79.87 Setting up node-uuid (8.3.2+~8.3.4-1) ...
#15 79.90 Setting up node-terser (5.38.0-1) ...
#15 79.92 Setting up node-path-type (4.0.0-3) ...
#15 79.94 Setting up node-indent-string (4.0.0-2) ...
#15 79.98 Setting up node-typedarray (0.0.7-1) ...
#15 80.01 Setting up node-function-bind (1.1.2+~cs2.1.14-1) ...
#15 80.04 Setting up node-clone (2.1.2+~2.1.2-1) ...
#15 80.07 Setting up node-p-map (4.0.0+~3.1.0+~3.0.1-2) ...
#15 80.10 Setting up node-iferr (1.0.2+~1.0.2-1) ...
#15 80.12 Setting up libkrb5support0:amd64 (1.21.3-5+deb13u1) ...
#15 80.15 Setting up node-chownr (2.0.0-3) ...
#15 80.16 Setting up node-has-flag (5.0.1-1) ...
#15 80.18 Setting up node-estraverse (5.3.0+ds+~5.1.1-1) ...
#15 80.20 Setting up libsasl2-modules-db:amd64 (2.1.28+dfsg1-9) ...
#15 80.23 Setting up node-regjsgen (0.7.1+ds-1) ...
#15 80.25 Setting up node-lodash-packages (4.17.21+dfsg+~cs8.31.198.20210220-9) ...
#15 80.28 Setting up node-json-schema-traverse (1.0.0-3) ...
#15 80.30 Setting up node-inherits (2.0.4-6) ...
#15 80.33 Setting up node-path-is-absolute (2.0.0-2) ...
#15 80.35 Setting up node-locate-path (7.1.1-2) ...
#15 80.38 Setting up node-ini (3.0.1-2) ...
#15 80.41 Setting up node-postcss-value-parser (4.2.0-1) ...
#15 80.41 Setting up node-is-descriptor (3.0.0-2) ...
#15 80.44 Setting up node-safe-buffer (5.2.1+~cs2.1.2-3) ...
#15 80.49 Setting up node-promise-inflight (1.0.1+~1.0.0-1) ...
#15 80.50 Setting up node-rechoir (0.8.0+~0.6.1-2) ...
#15 80.51 Setting up node-json-parse-better-errors (1.0.2+~cs3.3.1-3) ...
#15 80.54 Setting up node-unicode-canonical-property-names-ecmascript (2.0.0-2) ...
#15 80.57 Setting up node-sprintf-js (1.1.2+ds1+~1.1.2-1) ...
#15 80.61 Setting up node-flatted (3.2.7~ds-1+deb13u1) ...
#15 80.66 Setting up node-y18n (5.0.8+~5.0.0-3) ...
#15 80.67 Setting up node-fast-deep-equal (3.1.3-3) ...
#15 80.68 Setting up node-shebang-regex (3.0.0-2) ...
#15 80.69 Setting up node-err-code (2.0.3+dfsg-3) ...
#15 80.72 Setting up node-resolve-from (5.0.0+~3.1.0+~3.3.0+~2.0.0-1) ...
#15 80.74 Setting up node-balanced-match (2.0.0-1) ...
#15 80.75 Setting up node-convert-source-map (1.9.0+~1.5.2-1) ...
#15 80.76 Setting up node-brace-expansion (2.0.1+~1.1.0-2) ...
#15 80.78 Setting up node-is-stream (3.0.0-4) ...
#15 80.80 Setting up node-spdx-exceptions (2.3.0-2) ...
#15 80.82 Setting up node-get-stream (8.0.1-11) ...
#15 80.84 Setting up libp11-kit0:amd64 (0.25.5-3) ...
#15 80.87 Setting up node-js-tokens (8.0.0-2) ...
#15 80.90 Setting up node-core-js (3.33.2-1) ...
#15 80.92 Setting up node-interpret (2.2.0-3) ...
#15 80.93 Setting up node-set-blocking (2.0.0-2) ...
#15 80.95 Setting up libunistring5:amd64 (1.3-2) ...
#15 80.98 Setting up node-prr (1.0.1-3) ...
#15 80.99 Setting up libssl-dev:amd64 (3.5.6-1~deb13u2) ...
#15 81.01 Setting up libcares2:amd64 (1.34.5-1+deb13u1) ...
#15 81.06 Setting up node-repeat-string (1.6.1+repack-1) ...
#15 81.09 Setting up node-globals (13.23.0-1) ...
#15 81.11 Setting up node-deep-is (0.1.4-1) ...
#15 81.13 Setting up node-async (3.2.6+dfsg-2) ...
#15 81.14 Setting up node-signal-exit (4.1.0-7) ...
#15 81.15 Setting up node-randombytes (2.1.0+~2.0.0-2) ...
#15 81.16 Setting up libk5crypto3:amd64 (1.21.3-5+deb13u1) ...
#15 81.18 Setting up node-source-map (0.7.0++dfsg2+really.0.6.1-15) ...
#15 81.20 Setting up node-wrappy (1.0.2-3) ...
#15 81.22 Setting up node-text-table (0.2.0-4) ...
#15 81.23 Setting up libsasl2-2:amd64 (2.1.28+dfsg1-9) ...
#15 81.25 Setting up libnghttp3-9:amd64 (1.8.0-1) ...
#15 81.26 Setting up node-require-directory (2.1.1+~2.1.2-1) ...
#15 81.28 Setting up node-ip (2.0.1+~1.1.3-3) ...
#15 81.30 Setting up node-quick-lru (6.1.1-4) ...
#15 81.32 Setting up node-regenerator-runtime (0.15.2+~0.10.8-1) ...
#15 81.34 Setting up node-punycode (2.3.1+~2.1.4-1) ...
#15 81.36 Setting up node-to-fast-properties (3.0.1-3) ...
#15 81.38 Setting up node-defaults (1.0.4+~1.0.3-1) ...
#15 81.39 Setting up node-mute-stream (0.0.8+~0.0.1-3) ...
#15 81.41 Setting up node-memfs (3.4.12+~cs1.0.3-1) ...
#15 81.42 Setting up node-mimic-response (3.1.0-9) ...
#15 81.44 Setting up node-commander (9.4.1-1) ...
#15 81.45 Setting up node-undici (7.3.0+dfsg1+~cs24.12.11-1) ...
#15 81.48 Setting up libjs-typedarray-to-buffer (4.0.0-2) ...
#15 81.49 Setting up node-graceful-fs (4.2.10-1) ...
#15 81.51 Setting up node-merge-stream (2.0.0+~1.1.2-2) ...
#15 81.52 Setting up node-is-path-cwd (2.2.0-2) ...
#15 81.53 Setting up node-jsonify (0.0.1-1) ...
#15 81.54 Setting up node-json-stable-stringify (1.0.2+repack1+~cs1.0.34-2) ...
#15 81.56 Setting up node-fast-levenshtein (2.0.6+ds-3) ...
#15 81.58 Setting up libjs-regenerate (1.4.2-3) ...
#15 81.60 Setting up node-hosted-git-info (6.1.1-2) ...
#15 81.61 Setting up node-aproba (2.0.0-3) ...
#15 81.63 Setting up node-unicode-property-aliases-ecmascript (2.1.0+ds-1) ...
#15 81.65 Setting up node-binary-extensions (2.2.0-2) ...
#15 81.67 Setting up node-is-plain-object (5.0.0-7) ...
#15 81.68 Setting up node-eslint-utils (3.0.0-3) ...
#15 81.71 Setting up libtasn1-6:amd64 (4.20.0-2+deb13u1) ...
#15 81.73 Setting up node-mimic-fn (4.0.0-5) ...
#15 81.75 Setting up node-path-dirname (1.0.2-2) ...
#15 81.76 Setting up node-ip-regex (4.3.0+~4.1.1-1) ...
#15 81.78 Setting up node-spdx-license-ids (3.0.12-1) ...
#15 81.79 Setting up node-string-decoder (1.3.0-6) ...
#15 81.79 Setting up node-esutils (2.0.3+~2.0.0-1) ...
#15 81.80 Setting up node-time-stamp (2.2.0-2) ...
#15 81.82 Setting up node-commondir (1.0.1+~1.0.0-1) ...
#15 81.83 Setting up libjs-prettify (2015.12.04+dfsg-1.1) ...
#15 81.85 Setting up libjs-events (3.3.0+~3.0.0-3) ...
#15 81.86 Setting up node-run-queue (2.0.0-3) ...
#15 81.87 Setting up libkrb5-3:amd64 (1.21.3-5+deb13u1) ...
#15 81.88 Setting up node-core-util-is (1.0.3-1) ...
#15 81.89 Setting up node-json-schema (0.4.0+~7.0.11-1) ...
#15 81.90 Setting up node-uri-js (4.4.0+dfsg-8) ...
#15 81.91 Setting up node-prelude-ls (1.2.1+dfsg-3) ...
#15 81.91 Setting up libicu76:amd64 (76.1-4) ...
#15 81.93 Setting up node-minimatch (9.0.3-6) ...
#15 81.95 Setting up libssh2-1t64:amd64 (1.11.1-1+deb13u1) ...
#15 81.95 Setting up node-imurmurhash (0.1.4+dfsg+~0.1.1-2) ...
#15 81.96 Setting up node-xtend (4.0.2-3) ...
#15 81.96 Setting up node-set-immediate-shim (2.0.0-2) ...
#15 81.97 Setting up node-foreground-child (3.1.1-2) ...
#15 81.98 Setting up node-wordwrap (1.0.0-4) ...
#15 82.00 Setting up node-read (1.0.7-5) ...
#15 82.00 Setting up node-regexpp (3.2.0-5) ...
#15 82.01 Setting up node-is-arrayish (0.3.2-3) ...
#15 82.01 Setting up node-base64-js (1.5.1+dfsg+~1.3.0-2) ...
#15 82.02 Setting up node-esquery (1.4.2~ds-1) ...
#15 82.03 Setting up libpython3.13-stdlib:amd64 (3.13.5-2+deb13u4) ...
#15 82.03 Setting up node-npm-run-path (5.1.0+~4.0.0-8) ...
#15 82.05 Setting up node-is-buffer (2.0.5-2) ...
#15 82.05 Setting up node-color-convert (2.0.1+~cs2.0.0-2) ...
#15 82.06 Setting up libldap2:amd64 (2.6.10+dfsg-1) ...
#15 82.07 Setting up node-data-uri-to-buffer (6.0.2~0~2024040606-6+deb13u1) ...
#15 82.09 Setting up node-async-each (1.0.3-3) ...
#15 82.10 Setting up node-isarray (2.0.5-4) ...
#15 82.11 Setting up node-osenv (0.1.5+~0.1.1-1) ...
#15 82.12 Setting up node-is-plain-obj (3.0.0-2) ...
#15 82.13 Setting up node-is-extglob (2.1.1-5) ...
#15 82.14 Setting up libpython3-stdlib:amd64 (3.13.5-1) ...
#15 82.15 Setting up node-tapable (2.2.1-3) ...
#15 82.16 Setting up node-shebang-command (2.0.0-1) ...
#15 82.16 Setting up libjs-is-typedarray (1.0.0-4) ...
#15 82.17 Setting up node-lowercase-keys (2.0.0-2) ...
#15 82.18 Setting up node-babel-plugin-add-module-exports (1.0.4+dfsg1~cs5.8.0-4) ...
#15 82.19 Setting up node-decompress-response (6.0.0-3) ...
#15 82.20 Setting up node-strip-eof (3.0.0-5) ...
#15 82.21 Setting up node-process-nextick-args (2.0.1-3) ...
#15 82.21 Setting up node-has-unicode (2.0.1-5) ...
#15 82.23 Setting up libuv1-dev:amd64 (1.50.0-2) ...
#15 82.24 Setting up node-readable-stream (3.6.0+~cs3.0.0-4) ...
#15 82.25 Setting up node-promise-retry (2.0.1-4) ...
#15 82.26 Setting up node-supports-color (8.1.1+~8.1.1-1) ...
#15 82.27 Setting up node-error-ex (1.3.2-4) ...
#15 82.28 Setting up node-once (1.4.1-1) ...
#15 82.30 Setting up node-webpack-sources (3.2.3+~3.2.0-2) ...
#15 82.31 Setting up node-n3 (1.16.3+~1.2.3+~1.10.4-1) ...
#15 82.32 Setting up python3.13 (3.13.5-2+deb13u4) ...
#15 83.35 Setting up node-serialize-javascript (6.0.2-1) ...
#15 83.37 Setting up node-are-we-there-yet (3.0.1+~1.1.0-1) ...
#15 83.40 Setting up node-find-up (6.3.0-7) ...
#15 83.42 Setting up node-kind-of (6.0.3+dfsg-2) ...
#15 83.45 Setting up python3 (3.13.5-1) ...
#15 83.48 running python rtupdate hooks for python3.13...
#15 83.48 running python post-rtupdate hooks for python3.13...
#15 83.59 Setting up libidn2-0:amd64 (2.3.8-2) ...
#15 83.60 Setting up node-is-binary-path (2.1.0-5) ...
#15 83.62 Setting up node-events (3.3.0+~3.0.0-3) ...
#15 83.63 Setting up node-minimist (1.2.8+~cs5.3.5-1) ...
#15 83.64 Setting up node-fancy-log (1.3.3+~cs1.3.1-2) ...
#15 83.66 Setting up node-define-property (2.0.2+really+2.0.2-3) ...
#15 83.67 Setting up node-promzard (0.3.0-2) ...
#15 83.68 Setting up node-wcwidth.js (1.0.2-2) ...
#15 83.70 Setting up node-resolve-cwd (3.0.0-2) ...
#15 83.71 Setting up node-fetch (3.3.2+~cs11.4.11-3) ...
#15 83.72 Setting up node-babel7-runtime (7.20.15+ds1+~cs214.269.168-8) ...
#15 83.75 Setting up node-iconv-lite (0.6.3-3) ...
#15 83.76 Setting up node-type-check (0.4.0+dfsg-3) ...
#15 83.78 Setting up python3-packaging (25.0-1) ...
#15 84.00 Setting up node-ansi-styles (6.2.1-3) ...
#15 84.01 Setting up node-pkg-dir (5.0.0-2) ...
#15 84.02 Setting up node-got (11.8.5+~cs58.13.36-5) ...
#15 84.03 Setting up libgssapi-krb5-2:amd64 (1.21.3-5+deb13u1) ...
#15 84.05 Setting up node-optimist (0.6.1+~0.0.30-2) ...
#15 84.07 Setting up node-spdx-expression-parse (3.0.1+~3.0.1-1) ...
#15 84.09 Setting up node-concat-stream (2.0.0+~2.0.0-2) ...
#15 84.12 Setting up node-is-typedarray (1.0.0-4) ...
#15 84.15 Setting up node-inflight (1.0.6-2) ...
#15 84.16 Setting up node-encoding (0.1.13-2) ...
#15 84.20 Setting up node-slice-ansi (5.0.0+~cs9.0.0-5) ...
#15 84.21 Setting up node-fs-write-stream-atomic (1.0.10-6) ...
#15 84.22 Setting up gyp (0.16.2-2) ...
#15 84.55 Setting up libgnutls30t64:amd64 (3.8.9-3+deb13u4) ...
#15 84.56 Setting up node-regenerator-transform (0.15.2+~0.10.8-1) ...
#15 84.57 Setting up libpsl5t64:amd64 (0.21.2-1.1+b1) ...
#15 84.58 Setting up node-levn (0.4.1+dfsg-2) ...
#15 84.59 Setting up node-spdx-correct (3.1.1-2) ...
#15 84.61 Setting up node-glob (8.1.0+~cs8.5.15-1) ...
#15 84.62 Setting up librtmp1:amd64 (2.4+20151223.gitfa8646d.1-2+b5) ...
#15 84.64 Setting up node-typedarray-to-buffer (4.0.0-2) ...
#15 84.66 Setting up node-minipass (5.0.0+~cs10.3.21-3) ...
#15 84.67 Setting up node-validate-npm-package-license (3.0.4-2) ...
#15 84.70 Setting up node-optionator (0.9.1+dfsg+~cs1.2.3-1) ...
#15 84.73 Setting up node-ssri (9.0.1-3) ...
#15 84.76 Setting up node-write-file-atomic (4.0.2+~4.0.0-2) ...
#15 84.78 Setting up libcurl4t64:amd64 (8.14.1-2+deb13u4) ...
#15 84.79 Setting up curl (8.14.1-2+deb13u4) ...
#15 84.81 Setting up node-corepack (0.24.0-5) ...
#15 84.83 Setting up node-define-properties (1.2.1+~cs2.2.3-1) ...
#15 84.86 Setting up node-acorn (8.8.1+ds+~cs25.17.7-2) ...
#15 84.89 Setting up node-espree (9.4.1~dfsg-2) ...
#15 84.91 Setting up node-debbundle-es-to-primitive (1.2.1+~cs9.7.25-2) ...
#15 84.94 Setting up libnode115:amd64 (20.19.2+dfsg-1+deb13u2) ...
#15 84.96 Setting up libnode-dev (20.19.2+dfsg-1+deb13u2) ...
#15 84.99 Setting up nodejs (20.19.2+dfsg-1+deb13u2) ...
#15 85.03 update-alternatives: using /usr/bin/nodejs to provide /usr/bin/js (js) in auto mode
#15 85.03 update-alternatives: warning: skip creation of /usr/share/man/man1/js.1.gz because associated file /usr/share/man/man1/nodejs.1.gz (of link group js) doesn't exist
#15 85.06 Setting up node-argparse (2.0.1-2) ...
#15 85.08 Setting up terser (5.38.0-1) ...
#15 85.11 Setting up node-mime (3.0.0+dfsg+~cs6.97.2-2) ...
#15 85.14 Setting up node-source-map-support (0.5.21+ds+~0.5.10-1) ...
#15 85.17 Setting up node-unique-filename (1.1.1+ds-2) ...
#15 85.19 Setting up node-unicode-match-property-ecmascript (2.0.0-2) ...
#15 85.21 Setting up node-defined (1.0.1+~1.0.0-1) ...
#15 85.23 Setting up node-mime-types (2.1.35-2) ...
#15 85.26 Setting up node-ansi-escapes (5.0.0+really.4.3.1-1) ...
#15 85.27 Setting up node-strip-ansi (6.0.1-2) ...
#15 85.28 Setting up node-write (2.0.0~6.0.1+~3.0.4+~2.0.0+~1.0.0+~2.0.1-1) ...
#15 85.30 Setting up node-ignore (5.2.1-1) ...
#15 85.31 Setting up node-chalk (5.3.0-1) ...
#15 85.32 Setting up node-which (2.0.2+~cs1.3.2-3) ...
#15 85.33 Setting up node-css-selector-tokenizer (0.8.0+~cs4.8.3-1) ...
#15 85.34 Setting up node-esprima (4.0.1+ds+~4.0.3-2) ...
#15 85.39 Setting up node-is-path-inside (3.0.3-2) ...
#15 85.41 Setting up node-neo-async (2.6.2+~cs3.0.0-3) ...
#15 85.43 Setting up node-mkdirp (2.1.6+~cs5.2.1-2) ...
#15 85.44 Setting up node-es6-error (4.1.1-5) ...
#15 85.45 Setting up node-archy (1.0.0-6) ...
#15 85.47 Setting up node-js-yaml (4.1.0+dfsg+~4.0.5-7) ...
#15 85.48 Setting up node-nopt (5.0.0-4) ...
#15 85.50 Setting up node-lodash (4.17.21+dfsg+~cs8.31.198.20210220-9) ...
#15 85.51 Setting up node-progress (2.0.3-2) ...
#15 85.53 Setting up node-json5 (2.2.3+dfsg-1) ...
#15 85.55 Setting up node-ms (2.1.3+~cs0.7.31-3) ...
#15 85.57 Setting up node-rimraf (3.0.2-2) ...
#15 85.60 Setting up node-string-width (4.2.3+~cs13.2.3-1) ...
#15 85.62 Setting up node-regenerate (1.4.2-3) ...
#15 85.65 Setting up node-semver (7.6.1+~7.5.8-2) ...
#15 85.68 Setting up node-picocolors (1.0.0-4) ...
#15 85.71 Setting up node-es-abstract (1.20.4+~cs26.27.47-2) ...
#15 85.75 Setting up node-builtins (5.0.1-1) ...
#15 85.77 Setting up handlebars (3:4.7.7+~4.1.0-1) ...
#15 85.79 Setting up node-object-assign (4.1.1-7) ...
#15 85.81 Setting up node-is-glob (4.0.3-2) ...
#15 85.84 Setting up node-v8-compile-cache (2.4.0-2) ...
#15 85.87 Setting up node-flat-cache (3.0.4~6.0.1+~3.0.4+~2.0.0+~1.0.0+~2.0.1-1) ...
#15 85.90 Setting up node-is-number (7.0.0-4) ...
#15 85.93 Setting up node-babel-plugin-polyfill-corejs2 (0.3.3~0~20220913+ds1-1) ...
#15 85.96 Setting up node-for-in (1.0.2-4) ...
#15 85.98 Setting up node-webassemblyjs (1.11.4+dfsg+~cs10.11.17-2) ...
#15 86.03 Setting up node-execa (8.0.1+dfsg1+~cs12.0.0-1) ...
#15 86.08 Setting up node-strip-json-comments (4.0.0-4) ...
#15 86.12 Setting up node-is-extendable (1.0.1-3) ...
#15 86.15 Setting up node-columnify (1.6.0+~1.5.1-1) ...
#15 86.17 Setting up node-doctrine (3.0.0-4) ...
#15 86.20 Setting up node-copy-concurrently (1.0.5-9) ...
#15 86.22 Setting up node-ajv (8.12.0~ds+~2.1.1-5) ...
#15 86.24 Setting up node-jsesc (3.0.2+~3.0.1-1) ...
#15 86.27 Setting up node-regjsparser (0.9.1+ds-2) ...
#15 86.28 Setting up node-errno (1.0.0-3) ...
#15 86.31 Setting up node-decamelize (4.0.0-2) ...
#15 86.33 Setting up node-move-concurrently (1.0.1-5) ...
#15 86.34 Setting up node-normalize-path (3.0.0+~3.0.0-1) ...
#15 86.37 Setting up node-functional-red-black-tree (1.0.1+20181105-7) ...
#15 86.39 Setting up node-debug (4.3.4+~cs4.1.7-1) ...
#15 86.43 Setting up node-agent-base (7.1.1~0~2024040606-6+deb13u1) ...
#15 86.48 Setting up node-browserslist (4.25.0+~cs6.3.22-1) ...
#15 86.51 Setting up node-yargs-parser (21.1.1+~21.0.0-4) ...
#15 86.55 Setting up node-make-dir (3.1.0-3) ...
#15 86.58 Setting up node-validate-npm-package-name (5.0.0+~4.0.0-1) ...
#15 86.60 Setting up node-esrecurse (4.3.0-2) ...
#15 86.63 Setting up node-file-entry-cache (6.0.1+~3.0.4+~2.0.0+~1.0.0+~2.0.1-1) ...
#15 86.65 Setting up node-wrap-ansi (8.0.1+~8.0.1-3) ...
#15 86.67 Setting up node-normalize-package-data (4.0.1+~2.4.1-1) ...
#15 86.69 Setting up node-for-own (1.0.0-3) ...
#15 86.73 Setting up node-eslint-scope (7.1.1+~3.7.4-1) ...
#15 86.77 Setting up node-escodegen (2.1.0+dfsg+~0.0.8-1) ...
#15 86.78 Setting up node-memory-fs (0.5.0+~0.3.3-2) ...
#15 86.80 Setting up node-babel-helper-define-polyfill-provider (0.3.3~0~20220913+ds1-1) ...
#15 86.85 Setting up node-cli-table (0.3.11+~cs0.13.4-3) ...
#15 86.88 Setting up node-tar (6.2.1+~cs7.0.8-1+deb13u1) ...
#15 86.91 Setting up node-regenerate-unicode-properties (10.1.0+ds-1) ...
#15 86.93 Setting up node-glob-parent (6.0.2+~5.1.1-2) ...
#15 86.96 Setting up node-enhanced-resolve (5.15.0-1) ...
#15 86.99 Setting up node-postcss (8.4.49+~cs9.2.32-1) ...
#15 87.02 Setting up node-wide-align (1.1.3-4) ...
#15 87.04 Setting up node-npm-package-arg (10.0.0+~3.0.0-2) ...
#15 87.06 Setting up node-anymatch (3.1.3+~cs4.6.1-2) ...
#15 87.08 Setting up node-postcss-modules-extract-imports (3.0.0-2) ...
#15 87.10 Setting up node-read-pkg (5.2.0-2) ...
#15 87.11 Setting up node-https-proxy-agent (7.0.4~0~2024040606-6+deb13u1) ...
#15 87.12 Setting up node-cliui (7.0.4+repack+1+~cs1.4.2-2) ...
#15 87.15 Setting up node-regexpu-core (5.2.2-3) ...
#15 87.16 Setting up node-yargs (16.2.0+~16.0.4-7) ...
#15 87.19 Setting up node-to-regex-range (5.0.1-4) ...
#15 87.20 Setting up node-cacache (17.0.3+~cs10.3.7-2) ...
#15 87.22 Setting up node-envinfo (7.11.0+~cs14.3.0-3) ...
#15 87.24 Setting up node-ajv-keywords (5.1.0-4) ...
#15 87.25 Setting up node-read-package-json (5.0.2+~2.0.0-2) ...
#15 87.27 Setting up node-core-js-compat (3.33.2-1) ...
#15 87.28 Setting up node-http-proxy-agent (7.0.2~0~2024040606-6+deb13u1) ...
#15 87.30 Setting up node-clone-deep (4.0.1+~cs7.0.2-1) ...
#15 87.31 Setting up eslint (6.4.0~dfsg+~6.1.9-12) ...
#15 87.35 Setting up node-babel-plugin-polyfill-regenerator (0.4.1~0~20220913+ds1-1) ...
#15 87.38 Setting up node-gauge (4.0.4-2) ...
#15 87.39 Setting up node-readdirp (3.6.0-1) ...
#15 87.41 Setting up node-icss-utils (5.1.0+~5.1.0-1) ...
#15 87.44 Setting up node-npm-bundled (2.0.1-2) ...
#15 87.46 Setting up node-schema-utils (4.2.0~ds-3) ...
#15 87.48 Setting up node-jest-worker (29.6.2~ds1+~cs73.45.28-5) ...
#15 87.50 Setting up node-npmlog (7.0.1+~4.1.4-1) ...
#15 87.51 Setting up node-babel-plugin-polyfill-corejs3 (0.6.0~0~20220913+ds1-1) ...
#15 87.52 Setting up node-postcss-modules-values (4.0.0+~4.0.0-1) ...
#15 87.55 Setting up node-fill-range (7.1.1+~7.0.3-1) ...
#15 87.58 Setting up node-gyp (11.1.0+~5.0.0-1) ...
#15 87.60 Setting up node-braces (3.0.3+~3.0.5-1) ...
#15 87.63 Setting up node-chokidar (3.6.0-3) ...
#15 87.65 Setting up node-watchpack (2.4.0+~cs2.8.1-1) ...
#15 87.68 Setting up node-micromatch (4.0.7+~4.0.9-1) ...
#15 87.70 Setting up node-globby (13.1.3+~cs16.25.40-3) ...
#15 87.74 Setting up node-del (7.1.0-1) ...
#15 87.76 Setting up node-find-cache-dir (3.3.2+~3.2.1-1) ...
#15 87.80 Setting up node-istanbul (0.4.5+repack10+~cs98.25.59-3) ...
#15 87.83 Setting up node-tape (5.6.1+~cs8.20.19-3) ...
#15 87.86 Setting up node-babel7 (7.20.15+ds1+~cs214.269.168-8) ...
#15 87.88 update-alternatives: using /usr/bin/babeljs-7 to provide /usr/bin/babeljs (babeljs) in auto mode
#15 87.89 update-alternatives: using /usr/bin/babeljs-7-external-helpers to provide /usr/bin/babeljs-external-helpers (babeljs-external-helpers) in auto mode
#15 87.90 update-alternatives: using /usr/bin/babeljs-7-node to provide /usr/bin/babeljs-node (babeljs-node) in auto mode
#15 87.92 update-alternatives: using /usr/bin/babeljs-7-parser to provide /usr/bin/babeljs-parser (babeljs-parser) in auto mode
#15 87.94 Setting up node-deep-equal (2.2.3+~cs43.15.94-1) ...
#15 87.96 Setting up libjs-util (0.12.5+~1.0.10-1) ...
#15 88.00 Setting up node-babel-plugin-lodash (3.3.4+~cs2.0.1-7) ...
#15 88.03 Setting up node-jest-debbundle (29.6.2~ds1+~cs73.45.28-5) ...
#15 88.05 Setting up node-util (0.12.5+~1.0.10-1) ...
#15 88.07 Setting up webpack (5.97.1+dfsg1+~cs11.18.27-3) ...
#15 88.09 Setting up node-assert (2.0.0+~cs3.9.8-2) ...
#15 88.10 Setting up node-css-loader (6.8.1+~cs14.0.17-1) ...
#15 88.11 Setting up node-parse-json (5.2.0+~cs5.1.7-2) ...
#15 88.15 Setting up npm (9.2.0~ds1-3) ...
#15 88.20 Processing triggers for libc-bin (2.41-12+deb13u3) ...
#15 DONE 88.8s

#16 [trading-chart internal] load build context
#16 transferring context: 41.42MB 4.0s
#16 transferring context: 63.55MB 5.4s done
#16 DONE 6.4s

#17 [trading-chart v9_react  4/26] WORKDIR /build/talaria-design
#17 CACHED

#18 [trading-chart v9_react  5/26] RUN npm ci
#18 7.343 
#18 7.343 > esbuild@0.21.5 postinstall
#18 7.343 > node install.js
#18 7.343 
#18 7.506 
#18 7.506 added 63 packages, and audited 64 packages in 6s
#18 7.507 
#18 7.507 7 packages are looking for funding
#18 7.507   run `npm fund` for details
#18 7.540 
#18 7.540 4 vulnerabilities (1 low, 1 moderate, 2 high)
#18 7.540 
#18 7.540 To address issues that do not require attention, run:
#18 7.540   npm audit fix
#18 7.540 
#18 7.540 To address all issues (including breaking changes), run:
#18 7.540   npm audit fix --force
#18 7.540 
#18 7.540 Run `npm audit` for details.
#18 DONE 7.7s

#19 [trading-chart v9_react  6/26] WORKDIR /build
#19 DONE 0.2s

#20 [trading-chart v9_react  7/26] COPY [scripts/checkpoint-build-assert.mjs, ./checkpoint-tools/checkpoint-build-assert.mjs]
#20 DONE 0.1s

#12 [homepage internal] load build context
#12 ...

#21 [trading-chart v9_react  8/26] COPY [scripts/lib/checkpoint-provenance.mjs, ./checkpoint-tools/lib/checkpoint-provenance.mjs]
#21 DONE 0.1s

#22 [trading-chart v9_react  9/26] COPY [scripts/lib/homepage-forwarding-contracts.mjs, ./checkpoint-tools/lib/homepage-forwarding-contracts.mjs]
#22 DONE 0.1s

#23 [trading-chart v9_react 10/26] COPY [scripts/lib/homepage-forwarding-contracts.mjs, /scripts/lib/homepage-forwarding-contracts.mjs]
#23 DONE 0.1s

#24 [trading-chart stage-1  4/23] COPY [chart v 1.4/chart/requirements.txt, ./requirements.txt]
#24 DONE 0.6s

#25 [trading-chart v9_react 11/26] COPY [scripts/module-contract-preflight.mjs, /scripts/module-contract-preflight.mjs]
#25 DONE 0.1s

#26 [trading-chart v9_react 12/26] COPY [scripts/module-contracts.json, /scripts/module-contracts.json]
#26 DONE 0.1s

#27 [trading-chart v9_react 13/26] COPY [scripts/clean-build-tree-guard.mjs, /scripts/clean-build-tree-guard.mjs]
#27 DONE 0.1s

#28 [trading-chart v9_react 14/26] COPY [scripts/lib/m19-e-hotpath-console-exemptions.mjs, /scripts/lib/m19-e-hotpath-console-exemptions.mjs]
#28 DONE 0.1s

#29 [trading-chart v9_react  4/26] WORKDIR /build/talaria-design
#29 CACHED

#30 [trading-chart v9_react 10/26] COPY [scripts/lib/homepage-forwarding-contracts.mjs, /scripts/lib/homepage-forwarding-contracts.mjs]
#30 CACHED

#31 [trading-chart v9_react 12/26] COPY [scripts/module-contracts.json, /scripts/module-contracts.json]
#31 CACHED

#32 [trading-chart v9_react  5/26] RUN npm ci
#32 CACHED

#33 [trading-chart v9_react 13/26] COPY [scripts/clean-build-tree-guard.mjs, /scripts/clean-build-tree-guard.mjs]
#33 CACHED

#34 [trading-chart v9_react  7/26] COPY [scripts/checkpoint-build-assert.mjs, ./checkpoint-tools/checkpoint-build-assert.mjs]
#34 CACHED

#35 [trading-chart v9_react  3/26] COPY [chart v 1.4/talaria-design/package.json, chart v 1.4/talaria-design/package-lock.json, ./talaria-design/]
#35 CACHED

#36 [trading-chart chart_assets  2/26] WORKDIR /build
#36 CACHED

#37 [trading-chart v9_react  9/26] COPY [scripts/lib/homepage-forwarding-contracts.mjs, ./checkpoint-tools/lib/homepage-forwarding-contracts.mjs]
#37 CACHED

#38 [trading-chart v9_react 14/26] COPY [scripts/lib/m19-e-hotpath-console-exemptions.mjs, /scripts/lib/m19-e-hotpath-console-exemptions.mjs]
#38 CACHED

#39 [trading-chart v9_react  8/26] COPY [scripts/lib/checkpoint-provenance.mjs, ./checkpoint-tools/lib/checkpoint-provenance.mjs]
#39 CACHED

#40 [trading-chart v9_react  6/26] WORKDIR /build
#40 CACHED

#41 [trading-chart v9_react 11/26] COPY [scripts/module-contract-preflight.mjs, /scripts/module-contract-preflight.mjs]
#41 CACHED

#42 [trading-chart stage-1  5/23] RUN pip install --no-cache-dir -r requirements.txt
#42 3.547 Collecting fastapi==0.104.1 (from -r requirements.txt (line 1))
#42 3.575   Downloading fastapi-0.104.1-py3-none-any.whl.metadata (24 kB)
#42 3.626 Collecting uvicorn==0.24.0 (from uvicorn[standard]==0.24.0->-r requirements.txt (line 2))
#42 3.636   Downloading uvicorn-0.24.0-py3-none-any.whl.metadata (6.4 kB)
#42 3.670 Collecting gunicorn==21.2.0 (from -r requirements.txt (line 3))
#42 3.780   Downloading gunicorn-21.2.0-py3-none-any.whl.metadata (4.1 kB)
#42 3.800 Collecting python-multipart==0.0.6 (from -r requirements.txt (line 4))
#42 3.805   Downloading python_multipart-0.0.6-py3-none-any.whl.metadata (2.5 kB)
#42 4.169 Collecting sqlalchemy==2.0.23 (from -r requirements.txt (line 5))
#42 4.177   Downloading SQLAlchemy-2.0.23-cp311-cp311-manylinux_2_17_x86_64.manylinux2014_x86_64.whl.metadata (9.6 kB)
#42 4.259 Collecting psycopg2-binary==2.9.9 (from -r requirements.txt (line 6))
#42 4.269   Downloading psycopg2_binary-2.9.9-cp311-cp311-manylinux_2_17_x86_64.manylinux2014_x86_64.whl.metadata (4.4 kB)
#42 4.308 Collecting werkzeug==3.0.1 (from -r requirements.txt (line 7))
#42 4.311   Downloading werkzeug-3.0.1-py3-none-any.whl.metadata (4.1 kB)
#42 4.412 Collecting passlib==1.7.4 (from passlib[bcrypt]==1.7.4->-r requirements.txt (line 8))
#42 4.416   Downloading passlib-1.7.4-py2.py3-none-any.whl.metadata (1.7 kB)
#42 4.465 Collecting bcrypt==3.2.2 (from -r requirements.txt (line 9))
#42 4.473   Downloading bcrypt-3.2.2-cp36-abi3-manylinux_2_17_x86_64.manylinux2014_x86_64.manylinux_2_24_x86_64.whl.metadata (8.3 kB)
#42 4.557 Collecting google-api-python-client==2.114.0 (from -r requirements.txt (line 10))
#42 4.561   Downloading google_api_python_client-2.114.0-py2.py3-none-any.whl.metadata (6.6 kB)
#42 4.644 Collecting google-auth==2.25.2 (from -r requirements.txt (line 11))
#42 4.649   Downloading google_auth-2.25.2-py2.py3-none-any.whl.metadata (4.7 kB)
#42 4.672 Collecting google-auth-httplib2==0.2.0 (from -r requirements.txt (line 12))
#42 4.675   Downloading google_auth_httplib2-0.2.0-py2.py3-none-any.whl.metadata (2.2 kB)
#42 4.763 Collecting msgpack==1.0.7 (from -r requirements.txt (line 13))
#42 4.769   Downloading msgpack-1.0.7-cp311-cp311-manylinux_2_17_x86_64.manylinux2014_x86_64.whl.metadata (9.1 kB)
#42 4.924 Collecting stripe (from -r requirements.txt (line 14))
#42 4.942   Downloading stripe-15.4.0-py3-none-any.whl.metadata (18 kB)
#42 5.069 Collecting pytest (from -r requirements.txt (line 15))
#42 5.076   Downloading pytest-9.1.1-py3-none-any.whl.metadata (7.6 kB)
#42 5.181 Collecting binance-historical-data==0.1.14 (from -r requirements.txt (line 16))
#42 5.187   Downloading binance_historical_data-0.1.14-py3-none-any.whl.metadata (8.3 kB)
#42 5.230 Collecting yfinance==0.2.55 (from -r requirements.txt (line 17))
#42 5.316   Downloading yfinance-0.2.55-py2.py3-none-any.whl.metadata (5.8 kB)
#42 5.411 Collecting psutil==6.1.0 (from -r requirements.txt (line 18))
#42 5.420   Downloading psutil-6.1.0-cp36-abi3-manylinux_2_12_x86_64.manylinux2010_x86_64.manylinux_2_17_x86_64.manylinux2014_x86_64.whl.metadata (22 kB)
#42 5.716 Collecting numpy==1.26.4 (from -r requirements.txt (line 19))
#42 5.724   Downloading numpy-1.26.4-cp311-cp311-manylinux_2_17_x86_64.manylinux2014_x86_64.whl.metadata (61 kB)
#42 5.731      ━━━━━━━━━━━━━━━━━━━━━━━━━━━━━━━━━━━━━━━ 61.0/61.0 kB 190.0 MB/s eta 0:00:00
#42 5.809 Collecting redis==5.0.8 (from -r requirements.txt (line 20))
#42 5.812   Downloading redis-5.0.8-py3-none-any.whl.metadata (9.2 kB)
#42 5.882 Collecting fakeredis==2.23.3 (from -r requirements.txt (line 21))
#42 5.891   Downloading fakeredis-2.23.3-py3-none-any.whl.metadata (3.6 kB)
#42 5.912 Collecting PyJWT==2.10.1 (from -r requirements.txt (line 22))
#42 5.917   Downloading PyJWT-2.10.1-py3-none-any.whl.metadata (4.0 kB)
#42 6.083 Collecting sentry-sdk==2.63.0 (from -r requirements.txt (line 23))
#42 6.089   Downloading sentry_sdk-2.63.0-py3-none-any.whl.metadata (10 kB)
#42 6.139 Collecting anyio<4.0.0,>=3.7.1 (from fastapi==0.104.1->-r requirements.txt (line 1))
#42 6.151   Downloading anyio-3.7.1-py3-none-any.whl.metadata (4.7 kB)
#42 6.356 Collecting pydantic!=1.8,!=1.8.1,!=2.0.0,!=2.0.1,!=2.1.0,<3.0.0,>=1.7.4 (from fastapi==0.104.1->-r requirements.txt (line 1))
#42 6.361   Downloading pydantic-2.13.4-py3-none-any.whl.metadata (109 kB)
#42 6.365      ━━━━━━━━━━━━━━━━━━━━━━━━━━━━━━━━━━━━━ 109.4/109.4 kB 102.4 MB/s eta 0:00:00
#42 6.421 Collecting starlette<0.28.0,>=0.27.0 (from fastapi==0.104.1->-r requirements.txt (line 1))
#42 6.429   Downloading starlette-0.27.0-py3-none-any.whl.metadata (5.8 kB)
#42 6.465 Collecting typing-extensions>=4.8.0 (from fastapi==0.104.1->-r requirements.txt (line 1))
#42 6.468   Downloading typing_extensions-4.16.0-py3-none-any.whl.metadata (3.3 kB)
#42 6.509 Collecting click>=7.0 (from uvicorn==0.24.0->uvicorn[standard]==0.24.0->-r requirements.txt (line 2))
#42 6.518   Downloading click-8.4.2-py3-none-any.whl.metadata (2.6 kB)
#42 6.537 Collecting h11>=0.8 (from uvicorn==0.24.0->uvicorn[standard]==0.24.0->-r requirements.txt (line 2))
#42 6.541   Downloading h11-0.16.0-py3-none-any.whl.metadata (8.3 kB)
#42 6.556 Requirement already satisfied: packaging in /usr/local/lib/python3.11/site-packages (from gunicorn==21.2.0->-r requirements.txt (line 3)) (26.2)
#42 6.811 Collecting greenlet!=0.4.17 (from sqlalchemy==2.0.23->-r requirements.txt (line 5))
#42 6.818   Downloading greenlet-3.5.4-cp311-cp311-manylinux_2_24_x86_64.manylinux_2_28_x86_64.whl.metadata (3.8 kB)
#42 6.996 Collecting MarkupSafe>=2.1.1 (from werkzeug==3.0.1->-r requirements.txt (line 7))
#42 7.002   Downloading markupsafe-3.0.3-cp311-cp311-manylinux2014_x86_64.manylinux_2_17_x86_64.manylinux_2_28_x86_64.whl.metadata (2.7 kB)
#42 7.163 Collecting cffi>=1.1 (from bcrypt==3.2.2->-r requirements.txt (line 9))
#42 7.165   Downloading cffi-2.1.1-cp311-cp311-manylinux2014_x86_64.manylinux_2_17_x86_64.whl.metadata (2.5 kB)
#42 7.204 Collecting httplib2<1.dev0,>=0.15.0 (from google-api-python-client==2.114.0->-r requirements.txt (line 10))
#42 7.210   Downloading httplib2-0.32.0-py3-none-any.whl.metadata (2.2 kB)
#42 7.364 Collecting google-api-core!=2.0.*,!=2.1.*,!=2.2.*,!=2.3.0,<3.0.0.dev0,>=1.31.5 (from google-api-python-client==2.114.0->-r requirements.txt (line 10))
#42 7.375   Downloading google_api_core-2.33.0-py3-none-any.whl.metadata (3.2 kB)
#42 7.405 Collecting uritemplate<5,>=3.0.1 (from google-api-python-client==2.114.0->-r requirements.txt (line 10))
#42 7.416   Downloading uritemplate-4.2.0-py3-none-any.whl.metadata (2.6 kB)
#42 7.462 Collecting cachetools<6.0,>=2.0.0 (from google-auth==2.25.2->-r requirements.txt (line 11))
#42 7.469   Downloading cachetools-5.5.2-py3-none-any.whl.metadata (5.4 kB)
#42 7.503 Collecting pyasn1-modules>=0.2.1 (from google-auth==2.25.2->-r requirements.txt (line 11))
#42 7.507   Downloading pyasn1_modules-0.4.2-py3-none-any.whl.metadata (3.5 kB)
#42 7.534 Collecting rsa<5,>=3.1.4 (from google-auth==2.25.2->-r requirements.txt (line 11))
#42 7.539   Downloading rsa-4.9.1-py3-none-any.whl.metadata (5.6 kB)
#42 7.661 Collecting char<0.2.0,>=0.1.2 (from binance-historical-data==0.1.14->-r requirements.txt (line 16))
#42 7.670   Downloading char-0.1.2-py2.py3-none-any.whl.metadata (8.5 kB)
#42 7.732 Collecting ipywidgets<8.0.0,>=7.6.5 (from binance-historical-data==0.1.14->-r requirements.txt (line 16))
#42 7.738   Downloading ipywidgets-7.8.5-py2.py3-none-any.whl.metadata (1.9 kB)
#42 7.765 Collecting mpire<3.0.0,>=2.3.3 (from binance-historical-data==0.1.14->-r requirements.txt (line 16))
#42 7.770   Downloading mpire-2.10.2-py3-none-any.whl.metadata (14 kB)
#42 7.846 Collecting tqdm<5.0.0,>=4.62.3 (from binance-historical-data==0.1.14->-r requirements.txt (line 16))
#42 7.852   Downloading tqdm-4.70.0-py3-none-any.whl.metadata (57 kB)
#42 7.857      ━━━━━━━━━━━━━━━━━━━━━━━━━━━━━━━━━━━━━━━ 57.3/57.3 kB 225.7 MB/s eta 0:00:00
#42 8.032 Collecting pandas>=1.3.0 (from yfinance==0.2.55->-r requirements.txt (line 17))
#42 8.039   Downloading pandas-3.0.5-cp311-cp311-manylinux_2_24_x86_64.manylinux_2_28_x86_64.whl.metadata (79 kB)
#42 8.044      ━━━━━━━━━━━━━━━━━━━━━━━━━━━━━━━━━━━━━━━ 79.5/79.5 kB 226.8 MB/s eta 0:00:00
#42 8.250 Collecting requests>=2.31 (from yfinance==0.2.55->-r requirements.txt (line 17))
#42 8.254   Downloading requests-2.34.2-py3-none-any.whl.metadata (4.8 kB)
#42 8.277 Collecting multitasking>=0.0.7 (from yfinance==0.2.55->-r requirements.txt (line 17))
#42 8.285   Downloading multitasking-0.0.13-py3-none-any.whl.metadata (16 kB)
#42 8.332 Collecting platformdirs>=2.0.0 (from yfinance==0.2.55->-r requirements.txt (line 17))
#42 8.336   Downloading platformdirs-4.11.0-py3-none-any.whl.metadata (5.5 kB)
#42 8.398 Collecting pytz>=2022.5 (from yfinance==0.2.55->-r requirements.txt (line 17))
#42 8.403   Downloading pytz-2026.3.post1-py2.py3-none-any.whl.metadata (22 kB)
#42 8.464 Collecting frozendict>=2.3.4 (from yfinance==0.2.55->-r requirements.txt (line 17))
#42 8.470   Downloading frozendict-2.4.7-py3-none-any.whl.metadata (23 kB)
#42 8.507 Collecting peewee>=3.16.2 (from yfinance==0.2.55->-r requirements.txt (line 17))
#42 8.515   Downloading peewee-4.3.0-py3-none-any.whl.metadata (10 kB)
#42 8.549 Collecting beautifulsoup4>=4.11.1 (from yfinance==0.2.55->-r requirements.txt (line 17))
#42 8.555   Downloading beautifulsoup4-4.15.0-py3-none-any.whl.metadata (3.8 kB)
#42 8.611 Collecting sortedcontainers<3,>=2 (from fakeredis==2.23.3->-r requirements.txt (line 21))
#42 8.615   Downloading sortedcontainers-2.4.0-py2.py3-none-any.whl.metadata (10 kB)
#42 8.718 Collecting urllib3>=1.26.11 (from sentry-sdk==2.63.0->-r requirements.txt (line 23))
#42 8.725   Downloading urllib3-2.7.0-py3-none-any.whl.metadata (6.9 kB)
#42 8.761 Collecting certifi (from sentry-sdk==2.63.0->-r requirements.txt (line 23))
#42 8.766   Downloading certifi-2026.7.22-py3-none-any.whl.metadata (2.5 kB)
#42 8.839 Collecting httptools>=0.5.0 (from uvicorn[standard]==0.24.0->-r requirements.txt (line 2))
#42 8.845   Downloading httptools-0.8.0-cp311-cp311-manylinux1_x86_64.manylinux_2_28_x86_64.manylinux_2_5_x86_64.whl.metadata (3.5 kB)
#42 8.873 Collecting python-dotenv>=0.13 (from uvicorn[standard]==0.24.0->-r requirements.txt (line 2))
#42 8.883   Downloading python_dotenv-1.2.2-py3-none-any.whl.metadata (27 kB)
#42 8.962 Collecting pyyaml>=5.1 (from uvicorn[standard]==0.24.0->-r requirements.txt (line 2))
#42 8.970   Downloading pyyaml-6.0.3-cp311-cp311-manylinux2014_x86_64.manylinux_2_17_x86_64.manylinux_2_28_x86_64.whl.metadata (2.4 kB)
#42 9.053 Collecting uvloop!=0.15.0,!=0.15.1,>=0.14.0 (from uvicorn[standard]==0.24.0->-r requirements.txt (line 2))
#42 9.053   Downloading uvloop-0.22.1-cp311-cp311-manylinux2014_x86_64.manylinux_2_17_x86_64.manylinux_2_28_x86_64.whl.metadata (4.9 kB)
#42 9.186 Collecting watchfiles>=0.13 (from uvicorn[standard]==0.24.0->-r requirements.txt (line 2))
#42 9.192   Downloading watchfiles-1.2.0-cp311-cp311-manylinux_2_17_x86_64.manylinux2014_x86_64.whl.metadata (4.9 kB)
#42 9.347 Collecting websockets>=10.4 (from uvicorn[standard]==0.24.0->-r requirements.txt (line 2))
#42 9.351   Downloading websockets-17.0.1-cp311-cp311-manylinux1_x86_64.manylinux_2_28_x86_64.manylinux_2_5_x86_64.whl.metadata (6.3 kB)
#42 9.392 Collecting iniconfig>=1.0.1 (from pytest->-r requirements.txt (line 15))
#42 9.397   Downloading iniconfig-2.3.0-py3-none-any.whl.metadata (2.5 kB)
#42 9.423 Collecting pluggy<2,>=1.5 (from pytest->-r requirements.txt (line 15))
#42 9.432   Downloading pluggy-1.6.0-py3-none-any.whl.metadata (4.8 kB)
#42 9.465 Collecting pygments>=2.7.2 (from pytest->-r requirements.txt (line 15))
#42 9.468   Downloading pygments-2.20.0-py3-none-any.whl.metadata (2.5 kB)
#42 9.529 Collecting idna>=2.8 (from anyio<4.0.0,>=3.7.1->fastapi==0.104.1->-r requirements.txt (line 1))
#42 9.534   Downloading idna-3.18-py3-none-any.whl.metadata (6.1 kB)
#42 9.550 Collecting sniffio>=1.1 (from anyio<4.0.0,>=3.7.1->fastapi==0.104.1->-r requirements.txt (line 1))
#42 9.554   Downloading sniffio-1.3.1-py3-none-any.whl.metadata (3.9 kB)
#42 9.593 Collecting soupsieve>=1.6.1 (from beautifulsoup4>=4.11.1->yfinance==0.2.55->-r requirements.txt (line 17))
#42 9.613   Downloading soupsieve-2.9.1-py3-none-any.whl.metadata (4.6 kB)
#42 9.653 Collecting pycparser (from cffi>=1.1->bcrypt==3.2.2->-r requirements.txt (line 9))
#42 9.663   Downloading pycparser-3.0-py3-none-any.whl.metadata (8.2 kB)
#42 9.735 Collecting googleapis-common-protos<2.0.0,>=1.63.2 (from google-api-core!=2.0.*,!=2.1.*,!=2.2.*,!=2.3.0,<3.0.0.dev0,>=1.31.5->google-api-python-client==2.114.0->-r requirements.txt (line 10))
#42 9.744   Downloading googleapis_common_protos-1.75.0-py3-none-any.whl.metadata (8.6 kB)
#42 10.11 Collecting protobuf<8.0.0,>=5.29.6 (from google-api-core!=2.0.*,!=2.1.*,!=2.2.*,!=2.3.0,<3.0.0.dev0,>=1.31.5->google-api-python-client==2.114.0->-r requirements.txt (line 10))
#42 10.12   Downloading protobuf-7.35.1-cp310-abi3-manylinux2014_x86_64.whl.metadata (595 bytes)
#42 10.15 Collecting proto-plus<2.0.0,>=1.24.0 (from google-api-core!=2.0.*,!=2.1.*,!=2.2.*,!=2.3.0,<3.0.0.dev0,>=1.31.5->google-api-python-client==2.114.0->-r requirements.txt (line 10))
#42 10.16   Downloading proto_plus-1.28.2-py3-none-any.whl.metadata (2.2 kB)
#42 10.29 Collecting pyparsing<4,>=3.1 (from httplib2<1.dev0,>=0.15.0->google-api-python-client==2.114.0->-r requirements.txt (line 10))
#42 10.29   Downloading pyparsing-3.3.2-py3-none-any.whl.metadata (5.8 kB)
#42 10.34 Collecting comm>=0.1.3 (from ipywidgets<8.0.0,>=7.6.5->binance-historical-data==0.1.14->-r requirements.txt (line 16))
#42 10.35   Downloading comm-0.2.3-py3-none-any.whl.metadata (3.7 kB)
#42 10.37 Collecting ipython-genutils~=0.2.0 (from ipywidgets<8.0.0,>=7.6.5->binance-historical-data==0.1.14->-r requirements.txt (line 16))
#42 10.38   Downloading ipython_genutils-0.2.0-py2.py3-none-any.whl.metadata (755 bytes)
#42 10.41 Collecting traitlets>=4.3.1 (from ipywidgets<8.0.0,>=7.6.5->binance-historical-data==0.1.14->-r requirements.txt (line 16))
#42 10.42   Downloading traitlets-5.16.1-py3-none-any.whl.metadata (10 kB)
#42 10.46 Collecting widgetsnbextension~=3.6.10 (from ipywidgets<8.0.0,>=7.6.5->binance-historical-data==0.1.14->-r requirements.txt (line 16))
#42 10.47   Downloading widgetsnbextension-3.6.10-py2.py3-none-any.whl.metadata (1.3 kB)
#42 10.56 Collecting ipython>=4.0.0 (from ipywidgets<8.0.0,>=7.6.5->binance-historical-data==0.1.14->-r requirements.txt (line 16))
#42 10.57   Downloading ipython-9.16.1-py3-none-any.whl.metadata (4.6 kB)
#42 10.61 Collecting jupyterlab-widgets<3,>=1.0.0 (from ipywidgets<8.0.0,>=7.6.5->binance-historical-data==0.1.14->-r requirements.txt (line 16))
#42 10.61   Downloading jupyterlab_widgets-1.1.11-py3-none-any.whl.metadata (3.7 kB)
#42 10.80 Collecting python-dateutil>=2.8.2 (from pandas>=1.3.0->yfinance==0.2.55->-r requirements.txt (line 17))
#42 10.81   Downloading python_dateutil-2.9.0.post0-py2.py3-none-any.whl.metadata (8.4 kB)
#42 10.91 Collecting pyasn1<0.7.0,>=0.6.1 (from pyasn1-modules>=0.2.1->google-auth==2.25.2->-r requirements.txt (line 11))
#42 10.92   Downloading pyasn1-0.6.4-py3-none-any.whl.metadata (8.4 kB)
#42 10.97 Collecting annotated-types>=0.6.0 (from pydantic!=1.8,!=1.8.1,!=2.0.0,!=2.0.1,!=2.1.0,<3.0.0,>=1.7.4->fastapi==0.104.1->-r requirements.txt (line 1))
#42 10.99   Downloading annotated_types-0.8.0-py3-none-any.whl.metadata (15 kB)
#42 12.06 Collecting pydantic-core==2.46.4 (from pydantic!=1.8,!=1.8.1,!=2.0.0,!=2.0.1,!=2.1.0,<3.0.0,>=1.7.4->fastapi==0.104.1->-r requirements.txt (line 1))
#42 12.06   Downloading pydantic_core-2.46.4-cp311-cp311-manylinux_2_17_x86_64.manylinux2014_x86_64.whl.metadata (6.6 kB)
#42 12.09 Collecting typing-inspection>=0.4.2 (from pydantic!=1.8,!=1.8.1,!=2.0.0,!=2.0.1,!=2.1.0,<3.0.0,>=1.7.4->fastapi==0.104.1->-r requirements.txt (line 1))
#42 12.10   Downloading typing_inspection-0.4.2-py3-none-any.whl.metadata (2.6 kB)
#42 12.31 Collecting charset_normalizer<4,>=2 (from requests>=2.31->yfinance==0.2.55->-r requirements.txt (line 17))
#42 12.32   Downloading charset_normalizer-3.4.9-cp311-cp311-manylinux2014_x86_64.manylinux_2_17_x86_64.manylinux_2_28_x86_64.whl.metadata (41 kB)
#42 12.33      ━━━━━━━━━━━━━━━━━━━━━━━━━━━━━━━━━━━━━━━ 41.7/41.7 kB 196.9 MB/s eta 0:00:00
#42 12.64 Collecting ipython-pygments-lexers>=1.0.0 (from ipython>=4.0.0->ipywidgets<8.0.0,>=7.6.5->binance-historical-data==0.1.14->-r requirements.txt (line 16))
#42 12.65   Downloading ipython_pygments_lexers-1.1.1-py3-none-any.whl.metadata (1.1 kB)
#42 12.68 Collecting jedi>=0.18.2 (from ipython>=4.0.0->ipywidgets<8.0.0,>=7.6.5->binance-historical-data==0.1.14->-r requirements.txt (line 16))
#42 12.68   Downloading jedi-0.20.0-py2.py3-none-any.whl.metadata (23 kB)
#42 12.70 Collecting matplotlib-inline>=0.1.6 (from ipython>=4.0.0->ipywidgets<8.0.0,>=7.6.5->binance-historical-data==0.1.14->-r requirements.txt (line 16))
#42 12.71   Downloading matplotlib_inline-0.2.2-py3-none-any.whl.metadata (2.4 kB)
#42 12.73 Collecting pexpect>4.6 (from ipython>=4.0.0->ipywidgets<8.0.0,>=7.6.5->binance-historical-data==0.1.14->-r requirements.txt (line 16))
#42 12.73   Downloading pexpect-4.9.0-py2.py3-none-any.whl.metadata (2.5 kB)
#42 12.78 Collecting prompt_toolkit<3.1.0,>=3.0.41 (from ipython>=4.0.0->ipywidgets<8.0.0,>=7.6.5->binance-historical-data==0.1.14->-r requirements.txt (line 16))
#42 12.78   Downloading prompt_toolkit-3.0.53-py3-none-any.whl.metadata (6.4 kB)
#42 12.79 INFO: pip is looking at multiple versions of ipython to determine which version is compatible with other requirements. This could take a while.
#42 12.80 Collecting ipython>=4.0.0 (from ipywidgets<8.0.0,>=7.6.5->binance-historical-data==0.1.14->-r requirements.txt (line 16))
#42 12.80   Downloading ipython-9.16.0-py3-none-any.whl.metadata (4.6 kB)
#42 12.84   Downloading ipython-9.15.0-py3-none-any.whl.metadata (4.7 kB)
#42 12.89 Collecting decorator>=5.1.0 (from ipython>=4.0.0->ipywidgets<8.0.0,>=7.6.5->binance-historical-data==0.1.14->-r requirements.txt (line 16))
#42 12.90   Downloading decorator-5.3.1-py3-none-any.whl.metadata (3.9 kB)
#42 12.91 Collecting ipython>=4.0.0 (from ipywidgets<8.0.0,>=7.6.5->binance-historical-data==0.1.14->-r requirements.txt (line 16))
#42 12.92   Downloading ipython-9.14.1-py3-none-any.whl.metadata (4.7 kB)
#42 12.96   Downloading ipython-9.14.0-py3-none-any.whl.metadata (4.7 kB)
#42 13.01   Downloading ipython-9.13.0-py3-none-any.whl.metadata (4.6 kB)
#42 13.06   Downloading ipython-9.10.1-py3-none-any.whl.metadata (4.6 kB)
#42 13.11 Collecting stack_data>=0.6.0 (from ipython>=4.0.0->ipywidgets<8.0.0,>=7.6.5->binance-historical-data==0.1.14->-r requirements.txt (line 16))
#42 13.12   Downloading stack_data-0.6.3-py3-none-any.whl.metadata (18 kB)
#42 13.24 Collecting six>=1.5 (from python-dateutil>=2.8.2->pandas>=1.3.0->yfinance==0.2.55->-r requirements.txt (line 17))
#42 13.24   Downloading six-1.17.0-py2.py3-none-any.whl.metadata (1.7 kB)
#42 13.41 Collecting notebook>=4.4.1 (from widgetsnbextension~=3.6.10->ipywidgets<8.0.0,>=7.6.5->binance-historical-data==0.1.14->-r requirements.txt (line 16))
#42 13.43   Downloading notebook-7.6.1-py3-none-any.whl.metadata (10 kB)
#42 13.52 Collecting parso<0.9.0,>=0.8.6 (from jedi>=0.18.2->ipython>=4.0.0->ipywidgets<8.0.0,>=7.6.5->binance-historical-data==0.1.14->-r requirements.txt (line 16))
#42 13.53   Downloading parso-0.8.7-py2.py3-none-any.whl.metadata (8.2 kB)
#42 13.61 Collecting jupyter-builder<2,>=1.0.2 (from notebook>=4.4.1->widgetsnbextension~=3.6.10->ipywidgets<8.0.0,>=7.6.5->binance-historical-data==0.1.14->-r requirements.txt (line 16))
#42 13.61   Downloading jupyter_builder-1.2.1-py3-none-any.whl.metadata (7.7 kB)
#42 13.66 Collecting jupyter-server<3,>=2.19.0 (from notebook>=4.4.1->widgetsnbextension~=3.6.10->ipywidgets<8.0.0,>=7.6.5->binance-historical-data==0.1.14->-r requirements.txt (line 16))
#42 13.67   Downloading jupyter_server-2.20.0-py3-none-any.whl.metadata (8.5 kB)
#42 13.71 Collecting jupyterlab-server<3,>=2.28.0 (from notebook>=4.4.1->widgetsnbextension~=3.6.10->ipywidgets<8.0.0,>=7.6.5->binance-historical-data==0.1.14->-r requirements.txt (line 16))
#42 13.72   Downloading jupyterlab_server-2.28.0-py3-none-any.whl.metadata (5.9 kB)
#42 13.87 Collecting jupyterlab<4.7,>=4.6.2 (from notebook>=4.4.1->widgetsnbextension~=3.6.10->ipywidgets<8.0.0,>=7.6.5->binance-historical-data==0.1.14->-r requirements.txt (line 16))
#42 13.88   Downloading jupyterlab-4.6.2-py3-none-any.whl.metadata (16 kB)
#42 13.90 Collecting notebook-shim<0.3,>=0.2 (from notebook>=4.4.1->widgetsnbextension~=3.6.10->ipywidgets<8.0.0,>=7.6.5->binance-historical-data==0.1.14->-r requirements.txt (line 16))
#42 13.91   Downloading notebook_shim-0.2.4-py3-none-any.whl.metadata (4.0 kB)
#42 13.97 Collecting tornado>=6.2.0 (from notebook>=4.4.1->widgetsnbextension~=3.6.10->ipywidgets<8.0.0,>=7.6.5->binance-historical-data==0.1.14->-r requirements.txt (line 16))
#42 13.98   Downloading tornado-6.5.7-cp39-abi3-manylinux1_x86_64.manylinux_2_28_x86_64.manylinux_2_5_x86_64.whl.metadata (2.8 kB)
#42 14.01 Collecting ptyprocess>=0.5 (from pexpect>4.6->ipython>=4.0.0->ipywidgets<8.0.0,>=7.6.5->binance-historical-data==0.1.14->-r requirements.txt (line 16))
#42 14.02   Downloading ptyprocess-0.7.0-py2.py3-none-any.whl.metadata (1.3 kB)
#42 14.06 Collecting wcwidth>=0.1.4 (from prompt_toolkit<3.1.0,>=3.0.41->ipython>=4.0.0->ipywidgets<8.0.0,>=7.6.5->binance-historical-data==0.1.14->-r requirements.txt (line 16))
#42 14.06   Downloading wcwidth-0.8.2-py3-none-any.whl.metadata (43 kB)
#42 14.06      ━━━━━━━━━━━━━━━━━━━━━━━━━━━━━━━━━━━━━━━ 43.3/43.3 kB 216.3 MB/s eta 0:00:00
#42 14.13 Collecting executing>=1.2.0 (from stack_data>=0.6.0->ipython>=4.0.0->ipywidgets<8.0.0,>=7.6.5->binance-historical-data==0.1.14->-r requirements.txt (line 16))
#42 14.13   Downloading executing-2.2.1-py2.py3-none-any.whl.metadata (8.9 kB)
#42 14.16 Collecting asttokens>=2.1.0 (from stack_data>=0.6.0->ipython>=4.0.0->ipywidgets<8.0.0,>=7.6.5->binance-historical-data==0.1.14->-r requirements.txt (line 16))
#42 14.16   Downloading asttokens-3.0.2-py3-none-any.whl.metadata (5.7 kB)
#42 14.18 Collecting pure-eval (from stack_data>=0.6.0->ipython>=4.0.0->ipywidgets<8.0.0,>=7.6.5->binance-historical-data==0.1.14->-r requirements.txt (line 16))
#42 14.18   Downloading pure_eval-0.2.3-py3-none-any.whl.metadata (6.3 kB)
#42 14.34 Collecting jupyter-core (from jupyter-builder<2,>=1.0.2->notebook>=4.4.1->widgetsnbextension~=3.6.10->ipywidgets<8.0.0,>=7.6.5->binance-historical-data==0.1.14->-r requirements.txt (line 16))
#42 14.35   Downloading jupyter_core-5.9.1-py3-none-any.whl.metadata (1.5 kB)
#42 14.44 Collecting argon2-cffi>=21.1 (from jupyter-server<3,>=2.19.0->notebook>=4.4.1->widgetsnbextension~=3.6.10->ipywidgets<8.0.0,>=7.6.5->binance-historical-data==0.1.14->-r requirements.txt (line 16))
#42 14.46   Downloading argon2_cffi-25.1.0-py3-none-any.whl.metadata (4.1 kB)
#42 14.49 Collecting jinja2>=3.0.3 (from jupyter-server<3,>=2.19.0->notebook>=4.4.1->widgetsnbextension~=3.6.10->ipywidgets<8.0.0,>=7.6.5->binance-historical-data==0.1.14->-r requirements.txt (line 16))
#42 14.50   Downloading jinja2-3.1.6-py3-none-any.whl.metadata (2.9 kB)
#42 14.75 Collecting jupyter-client>=7.4.4 (from jupyter-server<3,>=2.19.0->notebook>=4.4.1->widgetsnbextension~=3.6.10->ipywidgets<8.0.0,>=7.6.5->binance-historical-data==0.1.14->-r requirements.txt (line 16))
#42 14.76   Downloading jupyter_client-8.9.1-py3-none-any.whl.metadata (8.5 kB)
#42 14.79 Collecting jupyter-events>=0.11.0 (from jupyter-server<3,>=2.19.0->notebook>=4.4.1->widgetsnbextension~=3.6.10->ipywidgets<8.0.0,>=7.6.5->binance-historical-data==0.1.14->-r requirements.txt (line 16))
#42 14.80   Downloading jupyter_events-0.12.1-py3-none-any.whl.metadata (5.8 kB)
#42 14.83 Collecting jupyter-server-terminals>=0.4.4 (from jupyter-server<3,>=2.19.0->notebook>=4.4.1->widgetsnbextension~=3.6.10->ipywidgets<8.0.0,>=7.6.5->binance-historical-data==0.1.14->-r requirements.txt (line 16))
#42 14.85   Downloading jupyter_server_terminals-0.5.4-py3-none-any.whl.metadata (5.9 kB)
#42 14.91 Collecting nbconvert>=6.4.4 (from jupyter-server<3,>=2.19.0->notebook>=4.4.1->widgetsnbextension~=3.6.10->ipywidgets<8.0.0,>=7.6.5->binance-historical-data==0.1.14->-r requirements.txt (line 16))
#42 14.91   Downloading nbconvert-7.17.1-py3-none-any.whl.metadata (8.4 kB)
#42 14.95 Collecting nbformat>=5.3.0 (from jupyter-server<3,>=2.19.0->notebook>=4.4.1->widgetsnbextension~=3.6.10->ipywidgets<8.0.0,>=7.6.5->binance-historical-data==0.1.14->-r requirements.txt (line 16))
#42 14.95   Downloading nbformat-5.10.4-py3-none-any.whl.metadata (3.6 kB)
#42 15.00 Collecting overrides>=5.0 (from jupyter-server<3,>=2.19.0->notebook>=4.4.1->widgetsnbextension~=3.6.10->ipywidgets<8.0.0,>=7.6.5->binance-historical-data==0.1.14->-r requirements.txt (line 16))
#42 15.01   Downloading overrides-7.7.0-py3-none-any.whl.metadata (5.8 kB)
#42 15.04 Collecting prometheus-client>=0.9 (from jupyter-server<3,>=2.19.0->notebook>=4.4.1->widgetsnbextension~=3.6.10->ipywidgets<8.0.0,>=7.6.5->binance-historical-data==0.1.14->-r requirements.txt (line 16))
#42 15.04   Downloading prometheus_client-0.26.0-py3-none-any.whl.metadata (2.1 kB)
#42 15.32 Collecting pyzmq>=24 (from jupyter-server<3,>=2.19.0->notebook>=4.4.1->widgetsnbextension~=3.6.10->ipywidgets<8.0.0,>=7.6.5->binance-historical-data==0.1.14->-r requirements.txt (line 16))
#42 15.33   Downloading pyzmq-27.1.0-cp311-cp311-manylinux_2_26_x86_64.manylinux_2_28_x86_64.whl.metadata (6.0 kB)
#42 15.36 Collecting send2trash>=1.8.2 (from jupyter-server<3,>=2.19.0->notebook>=4.4.1->widgetsnbextension~=3.6.10->ipywidgets<8.0.0,>=7.6.5->binance-historical-data==0.1.14->-r requirements.txt (line 16))
#42 15.36   Downloading send2trash-2.1.0-py3-none-any.whl.metadata (4.1 kB)
#42 15.39 Collecting terminado>=0.8.3 (from jupyter-server<3,>=2.19.0->notebook>=4.4.1->widgetsnbextension~=3.6.10->ipywidgets<8.0.0,>=7.6.5->binance-historical-data==0.1.14->-r requirements.txt (line 16))
#42 15.40   Downloading terminado-0.18.1-py3-none-any.whl.metadata (5.8 kB)
#42 15.43 Collecting websocket-client>=1.7 (from jupyter-server<3,>=2.19.0->notebook>=4.4.1->widgetsnbextension~=3.6.10->ipywidgets<8.0.0,>=7.6.5->binance-historical-data==0.1.14->-r requirements.txt (line 16))
#42 15.44   Downloading websocket_client-1.9.0-py3-none-any.whl.metadata (8.3 kB)
#42 15.51 Collecting async-lru>=1.0.0 (from jupyterlab<4.7,>=4.6.2->notebook>=4.4.1->widgetsnbextension~=3.6.10->ipywidgets<8.0.0,>=7.6.5->binance-historical-data==0.1.14->-r requirements.txt (line 16))
#42 15.52   Downloading async_lru-2.3.0-py3-none-any.whl.metadata (7.6 kB)
#42 15.56 Collecting httpx<1,>=0.25.0 (from jupyterlab<4.7,>=4.6.2->notebook>=4.4.1->widgetsnbextension~=3.6.10->ipywidgets<8.0.0,>=7.6.5->binance-historical-data==0.1.14->-r requirements.txt (line 16))
#42 15.57   Downloading httpx-0.28.1-py3-none-any.whl.metadata (7.1 kB)
#42 15.62 Collecting ipykernel!=6.30.0,>=6.5.0 (from jupyterlab<4.7,>=4.6.2->notebook>=4.4.1->widgetsnbextension~=3.6.10->ipywidgets<8.0.0,>=7.6.5->binance-historical-data==0.1.14->-r requirements.txt (line 16))
#42 15.63   Downloading ipykernel-7.3.0-py3-none-any.whl.metadata (4.5 kB)
#42 15.66 Collecting jupyter-lsp>=2.0.0 (from jupyterlab<4.7,>=4.6.2->notebook>=4.4.1->widgetsnbextension~=3.6.10->ipywidgets<8.0.0,>=7.6.5->binance-historical-data==0.1.14->-r requirements.txt (line 16))
#42 15.67   Downloading jupyter_lsp-2.3.1-py3-none-any.whl.metadata (1.8 kB)
#42 15.74 Collecting babel>=2.10 (from jupyterlab-server<3,>=2.28.0->notebook>=4.4.1->widgetsnbextension~=3.6.10->ipywidgets<8.0.0,>=7.6.5->binance-historical-data==0.1.14->-r requirements.txt (line 16))
#42 15.74   Downloading babel-2.18.0-py3-none-any.whl.metadata (2.2 kB)
#42 15.78 Collecting json5>=0.9.0 (from jupyterlab-server<3,>=2.28.0->notebook>=4.4.1->widgetsnbextension~=3.6.10->ipywidgets<8.0.0,>=7.6.5->binance-historical-data==0.1.14->-r requirements.txt (line 16))
#42 15.79   Downloading json5-0.15.0-py3-none-any.whl.metadata (37 kB)
#42 15.84 Collecting jsonschema>=4.18.0 (from jupyterlab-server<3,>=2.28.0->notebook>=4.4.1->widgetsnbextension~=3.6.10->ipywidgets<8.0.0,>=7.6.5->binance-historical-data==0.1.14->-r requirements.txt (line 16))
#42 15.86   Downloading jsonschema-4.26.0-py3-none-any.whl.metadata (7.6 kB)
#42 16.03 Collecting argon2-cffi-bindings (from argon2-cffi>=21.1->jupyter-server<3,>=2.19.0->notebook>=4.4.1->widgetsnbextension~=3.6.10->ipywidgets<8.0.0,>=7.6.5->binance-historical-data==0.1.14->-r requirements.txt (line 16))
#42 16.03   Downloading argon2_cffi_bindings-25.1.0-cp39-abi3-manylinux_2_26_x86_64.manylinux_2_28_x86_64.whl.metadata (7.4 kB)
#42 16.15 Collecting httpcore==1.* (from httpx<1,>=0.25.0->jupyterlab<4.7,>=4.6.2->notebook>=4.4.1->widgetsnbextension~=3.6.10->ipywidgets<8.0.0,>=7.6.5->binance-historical-data==0.1.14->-r requirements.txt (line 16))
#42 16.15   Downloading httpcore-1.0.9-py3-none-any.whl.metadata (21 kB)
#42 16.33 Collecting debugpy>=1.6.5 (from ipykernel!=6.30.0,>=6.5.0->jupyterlab<4.7,>=4.6.2->notebook>=4.4.1->widgetsnbextension~=3.6.10->ipywidgets<8.0.0,>=7.6.5->binance-historical-data==0.1.14->-r requirements.txt (line 16))
#42 16.34   Downloading debugpy-1.8.21-cp311-cp311-manylinux_2_34_x86_64.whl.metadata (1.4 kB)
#42 16.39 Collecting nest-asyncio2>=1.7.0 (from ipykernel!=6.30.0,>=6.5.0->jupyterlab<4.7,>=4.6.2->notebook>=4.4.1->widgetsnbextension~=3.6.10->ipywidgets<8.0.0,>=7.6.5->binance-historical-data==0.1.14->-r requirements.txt (line 16))
#42 16.40   Downloading nest_asyncio2-1.7.2-py3-none-any.whl.metadata (6.3 kB)
#42 16.51 Collecting attrs>=22.2.0 (from jsonschema>=4.18.0->jupyterlab-server<3,>=2.28.0->notebook>=4.4.1->widgetsnbextension~=3.6.10->ipywidgets<8.0.0,>=7.6.5->binance-historical-data==0.1.14->-r requirements.txt (line 16))
#42 16.51   Downloading attrs-26.1.0-py3-none-any.whl.metadata (8.8 kB)
#42 16.53 Collecting jsonschema-specifications>=2023.03.6 (from jsonschema>=4.18.0->jupyterlab-server<3,>=2.28.0->notebook>=4.4.1->widgetsnbextension~=3.6.10->ipywidgets<8.0.0,>=7.6.5->binance-historical-data==0.1.14->-r requirements.txt (line 16))
#42 16.54   Downloading jsonschema_specifications-2025.9.1-py3-none-any.whl.metadata (2.9 kB)
#42 16.58 Collecting referencing>=0.28.4 (from jsonschema>=4.18.0->jupyterlab-server<3,>=2.28.0->notebook>=4.4.1->widgetsnbextension~=3.6.10->ipywidgets<8.0.0,>=7.6.5->binance-historical-data==0.1.14->-r requirements.txt (line 16))
#42 16.58   Downloading referencing-0.37.0-py3-none-any.whl.metadata (2.8 kB)
#42 16.96 Collecting rpds-py>=0.25.0 (from jsonschema>=4.18.0->jupyterlab-server<3,>=2.28.0->notebook>=4.4.1->widgetsnbextension~=3.6.10->ipywidgets<8.0.0,>=7.6.5->binance-historical-data==0.1.14->-r requirements.txt (line 16))
#42 16.97   Downloading rpds_py-2026.6.3-cp311-cp311-manylinux_2_17_x86_64.manylinux2014_x86_64.whl.metadata (4.1 kB)
#42 17.13 Collecting python-json-logger>=2.0.4 (from jupyter-events>=0.11.0->jupyter-server<3,>=2.19.0->notebook>=4.4.1->widgetsnbextension~=3.6.10->ipywidgets<8.0.0,>=7.6.5->binance-historical-data==0.1.14->-r requirements.txt (line 16))
#42 17.14   Downloading python_json_logger-4.1.0-py3-none-any.whl.metadata (3.7 kB)
#42 17.16 Collecting rfc3339-validator (from jupyter-events>=0.11.0->jupyter-server<3,>=2.19.0->notebook>=4.4.1->widgetsnbextension~=3.6.10->ipywidgets<8.0.0,>=7.6.5->binance-historical-data==0.1.14->-r requirements.txt (line 16))
#42 17.18   Downloading rfc3339_validator-0.1.4-py2.py3-none-any.whl.metadata (1.5 kB)
#42 17.20 Collecting rfc3986-validator>=0.1.1 (from jupyter-events>=0.11.0->jupyter-server<3,>=2.19.0->notebook>=4.4.1->widgetsnbextension~=3.6.10->ipywidgets<8.0.0,>=7.6.5->binance-historical-data==0.1.14->-r requirements.txt (line 16))
#42 17.20   Downloading rfc3986_validator-0.1.1-py2.py3-none-any.whl.metadata (1.7 kB)
#42 17.39 Collecting bleach!=5.0.0 (from bleach[css]!=5.0.0->nbconvert>=6.4.4->jupyter-server<3,>=2.19.0->notebook>=4.4.1->widgetsnbextension~=3.6.10->ipywidgets<8.0.0,>=7.6.5->binance-historical-data==0.1.14->-r requirements.txt (line 16))
#42 17.39   Downloading bleach-6.4.0-py3-none-any.whl.metadata (32 kB)
#42 17.43 Collecting defusedxml (from nbconvert>=6.4.4->jupyter-server<3,>=2.19.0->notebook>=4.4.1->widgetsnbextension~=3.6.10->ipywidgets<8.0.0,>=7.6.5->binance-historical-data==0.1.14->-r requirements.txt (line 16))
#42 17.44   Downloading defusedxml-0.7.1-py2.py3-none-any.whl.metadata (32 kB)
#42 17.48 Collecting jupyterlab-pygments (from nbconvert>=6.4.4->jupyter-server<3,>=2.19.0->notebook>=4.4.1->widgetsnbextension~=3.6.10->ipywidgets<8.0.0,>=7.6.5->binance-historical-data==0.1.14->-r requirements.txt (line 16))
#42 17.49   Downloading jupyterlab_pygments-0.3.0-py3-none-any.whl.metadata (4.4 kB)
#42 17.51 Collecting mistune<4,>=2.0.3 (from nbconvert>=6.4.4->jupyter-server<3,>=2.19.0->notebook>=4.4.1->widgetsnbextension~=3.6.10->ipywidgets<8.0.0,>=7.6.5->binance-historical-data==0.1.14->-r requirements.txt (line 16))
#42 17.52   Downloading mistune-3.3.4-py3-none-any.whl.metadata (1.9 kB)
#42 17.58 Collecting nbclient>=0.5.0 (from nbconvert>=6.4.4->jupyter-server<3,>=2.19.0->notebook>=4.4.1->widgetsnbextension~=3.6.10->ipywidgets<8.0.0,>=7.6.5->binance-historical-data==0.1.14->-r requirements.txt (line 16))
#42 17.58   Downloading nbclient-0.11.0-py3-none-any.whl.metadata (7.3 kB)
#42 17.61 Collecting pandocfilters>=1.4.1 (from nbconvert>=6.4.4->jupyter-server<3,>=2.19.0->notebook>=4.4.1->widgetsnbextension~=3.6.10->ipywidgets<8.0.0,>=7.6.5->binance-historical-data==0.1.14->-r requirements.txt (line 16))
#42 17.62   Downloading pandocfilters-1.5.1-py2.py3-none-any.whl.metadata (9.0 kB)
#42 17.69 Collecting fastjsonschema>=2.15 (from nbformat>=5.3.0->jupyter-server<3,>=2.19.0->notebook>=4.4.1->widgetsnbextension~=3.6.10->ipywidgets<8.0.0,>=7.6.5->binance-historical-data==0.1.14->-r requirements.txt (line 16))
#42 17.70   Downloading fastjsonschema-2.22.1-py3-none-any.whl.metadata (2.1 kB)
#42 17.94 Collecting webencodings (from bleach!=5.0.0->bleach[css]!=5.0.0->nbconvert>=6.4.4->jupyter-server<3,>=2.19.0->notebook>=4.4.1->widgetsnbextension~=3.6.10->ipywidgets<8.0.0,>=7.6.5->binance-historical-data==0.1.14->-r requirements.txt (line 16))
#42 17.94   Downloading webencodings-0.5.1-py2.py3-none-any.whl.metadata (2.1 kB)
#42 17.98 Collecting tinycss2>=1.1.0 (from bleach[css]!=5.0.0->nbconvert>=6.4.4->jupyter-server<3,>=2.19.0->notebook>=4.4.1->widgetsnbextension~=3.6.10->ipywidgets<8.0.0,>=7.6.5->binance-historical-data==0.1.14->-r requirements.txt (line 16))
#42 17.99   Downloading tinycss2-1.5.1-py3-none-any.whl.metadata (3.0 kB)
#42 18.10 Collecting fqdn (from jsonschema[format-nongpl]>=4.18.0->jupyter-events>=0.11.0->jupyter-server<3,>=2.19.0->notebook>=4.4.1->widgetsnbextension~=3.6.10->ipywidgets<8.0.0,>=7.6.5->binance-historical-data==0.1.14->-r requirements.txt (line 16))
#42 18.11   Downloading fqdn-1.5.1-py3-none-any.whl.metadata (1.4 kB)
#42 18.12 Collecting isoduration (from jsonschema[format-nongpl]>=4.18.0->jupyter-events>=0.11.0->jupyter-server<3,>=2.19.0->notebook>=4.4.1->widgetsnbextension~=3.6.10->ipywidgets<8.0.0,>=7.6.5->binance-historical-data==0.1.14->-r requirements.txt (line 16))
#42 18.13   Downloading isoduration-20.11.0-py3-none-any.whl.metadata (5.7 kB)
#42 18.16 Collecting jsonpointer>1.13 (from jsonschema[format-nongpl]>=4.18.0->jupyter-events>=0.11.0->jupyter-server<3,>=2.19.0->notebook>=4.4.1->widgetsnbextension~=3.6.10->ipywidgets<8.0.0,>=7.6.5->binance-historical-data==0.1.14->-r requirements.txt (line 16))
#42 18.16   Downloading jsonpointer-3.1.1-py3-none-any.whl.metadata (2.4 kB)
#42 18.19 Collecting rfc3987-syntax>=1.1.0 (from jsonschema[format-nongpl]>=4.18.0->jupyter-events>=0.11.0->jupyter-server<3,>=2.19.0->notebook>=4.4.1->widgetsnbextension~=3.6.10->ipywidgets<8.0.0,>=7.6.5->binance-historical-data==0.1.14->-r requirements.txt (line 16))
#42 18.19   Downloading rfc3987_syntax-1.1.0-py3-none-any.whl.metadata (7.7 kB)
#42 18.21 Collecting uri-template (from jsonschema[format-nongpl]>=4.18.0->jupyter-events>=0.11.0->jupyter-server<3,>=2.19.0->notebook>=4.4.1->widgetsnbextension~=3.6.10->ipywidgets<8.0.0,>=7.6.5->binance-historical-data==0.1.14->-r requirements.txt (line 16))
#42 18.23   Downloading uri_template-1.3.0-py3-none-any.whl.metadata (8.8 kB)
#42 18.25 Collecting webcolors>=24.6.0 (from jsonschema[format-nongpl]>=4.18.0->jupyter-events>=0.11.0->jupyter-server<3,>=2.19.0->notebook>=4.4.1->widgetsnbextension~=3.6.10->ipywidgets<8.0.0,>=7.6.5->binance-historical-data==0.1.14->-r requirements.txt (line 16))
#42 18.25   Downloading webcolors-25.10.0-py3-none-any.whl.metadata (2.2 kB)
#42 18.63 Collecting lark>=1.2.2 (from rfc3987-syntax>=1.1.0->jsonschema[format-nongpl]>=4.18.0->jupyter-events>=0.11.0->jupyter-server<3,>=2.19.0->notebook>=4.4.1->widgetsnbextension~=3.6.10->ipywidgets<8.0.0,>=7.6.5->binance-historical-data==0.1.14->-r requirements.txt (line 16))
#42 18.64   Downloading lark-1.3.1-py3-none-any.whl.metadata (1.8 kB)
#42 19.06 Collecting arrow>=0.15.0 (from isoduration->jsonschema[format-nongpl]>=4.18.0->jupyter-events>=0.11.0->jupyter-server<3,>=2.19.0->notebook>=4.4.1->widgetsnbextension~=3.6.10->ipywidgets<8.0.0,>=7.6.5->binance-historical-data==0.1.14->-r requirements.txt (line 16))
#42 19.07   Downloading arrow-1.4.0-py3-none-any.whl.metadata (7.7 kB)
#42 19.19 Collecting tzdata (from arrow>=0.15.0->isoduration->jsonschema[format-nongpl]>=4.18.0->jupyter-events>=0.11.0->jupyter-server<3,>=2.19.0->notebook>=4.4.1->widgetsnbextension~=3.6.10->ipywidgets<8.0.0,>=7.6.5->binance-historical-data==0.1.14->-r requirements.txt (line 16))
#42 19.20   Downloading tzdata-2026.3-py2.py3-none-any.whl.metadata (1.4 kB)
#42 19.31 Downloading fastapi-0.104.1-py3-none-any.whl (92 kB)
#42 19.31    ━━━━━━━━━━━━━━━━━━━━━━━━━━━━━━━━━━━━━━━━ 92.9/92.9 kB 278.5 MB/s eta 0:00:00
#42 19.32 Downloading uvicorn-0.24.0-py3-none-any.whl (59 kB)
#42 19.32    ━━━━━━━━━━━━━━━━━━━━━━━━━━━━━━━━━━━━━━━━ 59.6/59.6 kB 235.6 MB/s eta 0:00:00
#42 19.32 Downloading gunicorn-21.2.0-py3-none-any.whl (80 kB)
#42 19.33    ━━━━━━━━━━━━━━━━━━━━━━━━━━━━━━━━━━━━━━━━ 80.2/80.2 kB 11.7 MB/s eta 0:00:00
#42 19.34 Downloading python_multipart-0.0.6-py3-none-any.whl (45 kB)
#42 19.35    ━━━━━━━━━━━━━━━━━━━━━━━━━━━━━━━━━━━━━━━━ 45.7/45.7 kB 88.0 MB/s eta 0:00:00
#42 19.36 Downloading SQLAlchemy-2.0.23-cp311-cp311-manylinux_2_17_x86_64.manylinux2014_x86_64.whl (3.2 MB)
#42 19.43    ━━━━━━━━━━━━━━━━━━━━━━━━━━━━━━━━━━━━━━━━ 3.2/3.2 MB 45.7 MB/s eta 0:00:00
#42 19.44 Downloading psycopg2_binary-2.9.9-cp311-cp311-manylinux_2_17_x86_64.manylinux2014_x86_64.whl (3.0 MB)
#42 19.49    ━━━━━━━━━━━━━━━━━━━━━━━━━━━━━━━━━━━━━━━━ 3.0/3.0 MB 66.0 MB/s eta 0:00:00
#42 19.50 Downloading werkzeug-3.0.1-py3-none-any.whl (226 kB)
#42 19.51    ━━━━━━━━━━━━━━━━━━━━━━━━━━━━━━━━━━━━━━━━ 226.7/226.7 kB 63.2 MB/s eta 0:00:00
#42 19.52 Downloading passlib-1.7.4-py2.py3-none-any.whl (525 kB)
#42 19.53    ━━━━━━━━━━━━━━━━━━━━━━━━━━━━━━━━━━━━━━━━ 525.6/525.6 kB 38.0 MB/s eta 0:00:00
#42 19.54 Downloading bcrypt-3.2.2-cp36-abi3-manylinux_2_17_x86_64.manylinux2014_x86_64.manylinux_2_24_x86_64.whl (62 kB)
#42 19.54    ━━━━━━━━━━━━━━━━━━━━━━━━━━━━━━━━━━━━━━━━ 62.3/62.3 kB 168.4 MB/s eta 0:00:00
#42 19.55 Downloading google_api_python_client-2.114.0-py2.py3-none-any.whl (12.0 MB)
#42 20.11    ━━━━━━━━━━━━━━━━━━━━━━━━━━━━━━━━━━━━━━━━ 12.0/12.0 MB 22.3 MB/s eta 0:00:00
#42 20.12 Downloading google_auth-2.25.2-py2.py3-none-any.whl (184 kB)
#42 20.13    ━━━━━━━━━━━━━━━━━━━━━━━━━━━━━━━━━━━━━━━━ 184.2/184.2 kB 87.3 MB/s eta 0:00:00
#42 20.13 Downloading google_auth_httplib2-0.2.0-py2.py3-none-any.whl (9.3 kB)
#42 20.14 Downloading msgpack-1.0.7-cp311-cp311-manylinux_2_17_x86_64.manylinux2014_x86_64.whl (557 kB)
#42 20.16    ━━━━━━━━━━━━━━━━━━━━━━━━━━━━━━━━━━━━━━━ 558.0/558.0 kB 107.3 MB/s eta 0:00:00
#42 20.16 Downloading binance_historical_data-0.1.14-py3-none-any.whl (12 kB)
#42 20.17 Downloading yfinance-0.2.55-py2.py3-none-any.whl (109 kB)
#42 20.18    ━━━━━━━━━━━━━━━━━━━━━━━━━━━━━━━━━━━━━━━━ 109.8/109.8 kB 96.3 MB/s eta 0:00:00
#42 20.19 Downloading psutil-6.1.0-cp36-abi3-manylinux_2_12_x86_64.manylinux2010_x86_64.manylinux_2_17_x86_64.manylinux2014_x86_64.whl (287 kB)
#42 20.20    ━━━━━━━━━━━━━━━━━━━━━━━━━━━━━━━━━━━━━━━ 287.3/287.3 kB 127.4 MB/s eta 0:00:00
#42 20.21 Downloading numpy-1.26.4-cp311-cp311-manylinux_2_17_x86_64.manylinux2014_x86_64.whl (18.3 MB)
#42 20.85    ━━━━━━━━━━━━━━━━━━━━━━━━━━━━━━━━━━━━━━━━ 18.3/18.3 MB 41.2 MB/s eta 0:00:00
#42 20.86 Downloading redis-5.0.8-py3-none-any.whl (255 kB)
#42 20.86    ━━━━━━━━━━━━━━━━━━━━━━━━━━━━━━━━━━━━━━━ 255.6/255.6 kB 215.2 MB/s eta 0:00:00
#42 20.87 Downloading fakeredis-2.23.3-py3-none-any.whl (87 kB)
#42 20.87    ━━━━━━━━━━━━━━━━━━━━━━━━━━━━━━━━━━━━━━━━ 87.9/87.9 kB 170.7 MB/s eta 0:00:00
#42 20.88 Downloading PyJWT-2.10.1-py3-none-any.whl (22 kB)
#42 20.89 Downloading sentry_sdk-2.63.0-py3-none-any.whl (495 kB)
#42 20.90    ━━━━━━━━━━━━━━━━━━━━━━━━━━━━━━━━━━━━━━━━ 495.9/495.9 kB 64.2 MB/s eta 0:00:00
#42 20.91 Downloading stripe-15.4.0-py3-none-any.whl (2.2 MB)
#42 20.94    ━━━━━━━━━━━━━━━━━━━━━━━━━━━━━━━━━━━━━━━━ 2.2/2.2 MB 67.0 MB/s eta 0:00:00
#42 20.95 Downloading pytest-9.1.1-py3-none-any.whl (386 kB)
#42 20.96    ━━━━━━━━━━━━━━━━━━━━━━━━━━━━━━━━━━━━━━━━ 386.5/386.5 kB 97.3 MB/s eta 0:00:00
#42 20.98 Downloading anyio-3.7.1-py3-none-any.whl (80 kB)
#42 20.98    ━━━━━━━━━━━━━━━━━━━━━━━━━━━━━━━━━━━━━━━━ 80.9/80.9 kB 155.4 MB/s eta 0:00:00
#42 20.98 Downloading beautifulsoup4-4.15.0-py3-none-any.whl (109 kB)
#42 20.99    ━━━━━━━━━━━━━━━━━━━━━━━━━━━━━━━━━━━━━━━ 109.9/109.9 kB 249.2 MB/s eta 0:00:00
#42 21.00 Downloading cachetools-5.5.2-py3-none-any.whl (10 kB)
#42 21.00 Downloading cffi-2.1.1-cp311-cp311-manylinux2014_x86_64.manylinux_2_17_x86_64.whl (217 kB)
#42 21.01    ━━━━━━━━━━━━━━━━━━━━━━━━━━━━━━━━━━━━━━━ 217.8/217.8 kB 230.8 MB/s eta 0:00:00
#42 21.09 Downloading char-0.1.2-py2.py3-none-any.whl (7.0 kB)
#42 21.10 Downloading click-8.4.2-py3-none-any.whl (119 kB)
#42 21.11    ━━━━━━━━━━━━━━━━━━━━━━━━━━━━━━━━━━━━━━━━ 119.2/119.2 kB 71.9 MB/s eta 0:00:00
#42 21.12 Downloading frozendict-2.4.7-py3-none-any.whl (16 kB)
#42 21.12 Downloading google_api_core-2.33.0-py3-none-any.whl (176 kB)
#42 21.14    ━━━━━━━━━━━━━━━━━━━━━━━━━━━━━━━━━━━━━━━ 176.5/176.5 kB 231.9 MB/s eta 0:00:00
#42 21.14 Downloading greenlet-3.5.4-cp311-cp311-manylinux_2_24_x86_64.manylinux_2_28_x86_64.whl (624 kB)
#42 21.16    ━━━━━━━━━━━━━━━━━━━━━━━━━━━━━━━━━━━━━━━━ 624.7/624.7 kB 74.0 MB/s eta 0:00:00
#42 21.17 Downloading h11-0.16.0-py3-none-any.whl (37 kB)
#42 21.17 Downloading httplib2-0.32.0-py3-none-any.whl (93 kB)
#42 21.19    ━━━━━━━━━━━━━━━━━━━━━━━━━━━━━━━━━━━━━━━━ 93.1/93.1 kB 151.4 MB/s eta 0:00:00
#42 21.19 Downloading httptools-0.8.0-cp311-cp311-manylinux1_x86_64.manylinux_2_28_x86_64.manylinux_2_5_x86_64.whl (464 kB)
#42 21.20    ━━━━━━━━━━━━━━━━━━━━━━━━━━━━━━━━━━━━━━━━ 464.7/464.7 kB 55.4 MB/s eta 0:00:00
#42 21.21 Downloading iniconfig-2.3.0-py3-none-any.whl (7.5 kB)
#42 21.22 Downloading ipywidgets-7.8.5-py2.py3-none-any.whl (124 kB)
#42 21.23    ━━━━━━━━━━━━━━━━━━━━━━━━━━━━━━━━━━━━━━━ 124.1/124.1 kB 156.6 MB/s eta 0:00:00
#42 21.25 Downloading markupsafe-3.0.3-cp311-cp311-manylinux2014_x86_64.manylinux_2_17_x86_64.manylinux_2_28_x86_64.whl (22 kB)
#42 21.26 Downloading mpire-2.10.2-py3-none-any.whl (272 kB)
#42 21.27    ━━━━━━━━━━━━━━━━━━━━━━━━━━━━━━━━━━━━━━━━ 272.8/272.8 kB 75.1 MB/s eta 0:00:00
#42 21.28 Downloading multitasking-0.0.13-py3-none-any.whl (16 kB)
#42 21.29 Downloading pandas-3.0.5-cp311-cp311-manylinux_2_24_x86_64.manylinux_2_28_x86_64.whl (11.3 MB)
#42 21.54    ━━━━━━━━━━━━━━━━━━━━━━━━━━━━━━━━━━━━━━━━ 11.3/11.3 MB 45.8 MB/s eta 0:00:00
#42 21.55 Downloading peewee-4.3.0-py3-none-any.whl (179 kB)
#42 21.55    ━━━━━━━━━━━━━━━━━━━━━━━━━━━━━━━━━━━━━━━━ 179.5/179.5 kB 93.3 MB/s eta 0:00:00
#42 21.55 Downloading platformdirs-4.11.0-py3-none-any.whl (23 kB)
#42 21.56 Downloading pluggy-1.6.0-py3-none-any.whl (20 kB)
#42 21.58 Downloading pyasn1_modules-0.4.2-py3-none-any.whl (181 kB)
#42 21.58    ━━━━━━━━━━━━━━━━━━━━━━━━━━━━━━━━━━━━━━━ 181.3/181.3 kB 165.6 MB/s eta 0:00:00
#42 21.59 Downloading pydantic-2.13.4-py3-none-any.whl (472 kB)
#42 21.62    ━━━━━━━━━━━━━━━━━━━━━━━━━━━━━━━━━━━━━━━━ 472.3/472.3 kB 33.8 MB/s eta 0:00:00
#42 21.63 Downloading pydantic_core-2.46.4-cp311-cp311-manylinux_2_17_x86_64.manylinux2014_x86_64.whl (2.1 MB)
#42 21.69    ━━━━━━━━━━━━━━━━━━━━━━━━━━━━━━━━━━━━━━━━ 2.1/2.1 MB 41.3 MB/s eta 0:00:00
#42 21.70 Downloading pygments-2.20.0-py3-none-any.whl (1.2 MB)
#42 21.72    ━━━━━━━━━━━━━━━━━━━━━━━━━━━━━━━━━━━━━━━━ 1.2/1.2 MB 59.8 MB/s eta 0:00:00
#42 21.73 Downloading python_dotenv-1.2.2-py3-none-any.whl (22 kB)
#42 21.74 Downloading pytz-2026.3.post1-py2.py3-none-any.whl (508 kB)
#42 21.78    ━━━━━━━━━━━━━━━━━━━━━━━━━━━━━━━━━━━━━━━━ 508.3/508.3 kB 27.4 MB/s eta 0:00:00
#42 21.78 Downloading pyyaml-6.0.3-cp311-cp311-manylinux2014_x86_64.manylinux_2_17_x86_64.manylinux_2_28_x86_64.whl (806 kB)
#42 21.81    ━━━━━━━━━━━━━━━━━━━━━━━━━━━━━━━━━━━━━━━━ 806.6/806.6 kB 47.0 MB/s eta 0:00:00
#42 21.82 Downloading requests-2.34.2-py3-none-any.whl (73 kB)
#42 21.82    ━━━━━━━━━━━━━━━━━━━━━━━━━━━━━━━━━━━━━━━━ 73.1/73.1 kB 242.3 MB/s eta 0:00:00
#42 21.83 Downloading certifi-2026.7.22-py3-none-any.whl (136 kB)
#42 21.84    ━━━━━━━━━━━━━━━━━━━━━━━━━━━━━━━━━━━━━━━ 137.0/137.0 kB 299.1 MB/s eta 0:00:00
#42 21.84 Downloading rsa-4.9.1-py3-none-any.whl (34 kB)
#42 21.85 Downloading sortedcontainers-2.4.0-py2.py3-none-any.whl (29 kB)
#42 21.86 Downloading starlette-0.27.0-py3-none-any.whl (66 kB)
#42 21.87    ━━━━━━━━━━━━━━━━━━━━━━━━━━━━━━━━━━━━━━━━ 67.0/67.0 kB 231.4 MB/s eta 0:00:00
#42 21.87 Downloading tqdm-4.70.0-py3-none-any.whl (80 kB)
#42 21.88    ━━━━━━━━━━━━━━━━━━━━━━━━━━━━━━━━━━━━━━━━ 80.2/80.2 kB 174.4 MB/s eta 0:00:00
#42 21.88 Downloading typing_extensions-4.16.0-py3-none-any.whl (45 kB)
#42 21.89    ━━━━━━━━━━━━━━━━━━━━━━━━━━━━━━━━━━━━━━━━ 45.6/45.6 kB 172.1 MB/s eta 0:00:00
#42 21.89 Downloading uritemplate-4.2.0-py3-none-any.whl (11 kB)
#42 21.90 Downloading urllib3-2.7.0-py3-none-any.whl (131 kB)
#42 21.90    ━━━━━━━━━━━━━━━━━━━━━━━━━━━━━━━━━━━━━━━━ 131.1/131.1 kB 74.2 MB/s eta 0:00:00
#42 21.91 Downloading uvloop-0.22.1-cp311-cp311-manylinux2014_x86_64.manylinux_2_17_x86_64.manylinux_2_28_x86_64.whl (3.8 MB)
#42 22.11    ━━━━━━━━━━━━━━━━━━━━━━━━━━━━━━━━━━━━━━━━ 3.8/3.8 MB 20.3 MB/s eta 0:00:00
#42 22.11 Downloading watchfiles-1.2.0-cp311-cp311-manylinux_2_17_x86_64.manylinux2014_x86_64.whl (456 kB)
#42 22.13    ━━━━━━━━━━━━━━━━━━━━━━━━━━━━━━━━━━━━━━━━ 456.9/456.9 kB 42.5 MB/s eta 0:00:00
#42 22.13 Downloading websockets-17.0.1-cp311-cp311-manylinux1_x86_64.manylinux_2_28_x86_64.manylinux_2_5_x86_64.whl (219 kB)
#42 22.15    ━━━━━━━━━━━━━━━━━━━━━━━━━━━━━━━━━━━━━━━━ 219.9/219.9 kB 43.8 MB/s eta 0:00:00
#42 22.15 Downloading annotated_types-0.8.0-py3-none-any.whl (13 kB)
#42 22.16 Downloading charset_normalizer-3.4.9-cp311-cp311-manylinux2014_x86_64.manylinux_2_17_x86_64.manylinux_2_28_x86_64.whl (221 kB)
#42 22.18    ━━━━━━━━━━━━━━━━━━━━━━━━━━━━━━━━━━━━━━━━ 221.3/221.3 kB 52.1 MB/s eta 0:00:00
#42 22.18 Downloading comm-0.2.3-py3-none-any.whl (7.3 kB)
#42 22.19 Downloading googleapis_common_protos-1.75.0-py3-none-any.whl (300 kB)
#42 22.21    ━━━━━━━━━━━━━━━━━━━━━━━━━━━━━━━━━━━━━━━━ 300.6/300.6 kB 40.0 MB/s eta 0:00:00
#42 22.21 Downloading idna-3.18-py3-none-any.whl (65 kB)
#42 22.22    ━━━━━━━━━━━━━━━━━━━━━━━━━━━━━━━━━━━━━━━━ 65.5/65.5 kB 351.4 MB/s eta 0:00:00
#42 22.22 Downloading ipython-9.10.1-py3-none-any.whl (622 kB)
#42 22.25    ━━━━━━━━━━━━━━━━━━━━━━━━━━━━━━━━━━━━━━━━ 622.8/622.8 kB 29.1 MB/s eta 0:00:00
#42 22.26 Downloading ipython_genutils-0.2.0-py2.py3-none-any.whl (26 kB)
#42 22.27 Downloading jupyterlab_widgets-1.1.11-py3-none-any.whl (246 kB)
#42 22.28    ━━━━━━━━━━━━━━━━━━━━━━━━━━━━━━━━━━━━━━━━ 246.9/246.9 kB 55.6 MB/s eta 0:00:00
#42 22.29 Downloading proto_plus-1.28.2-py3-none-any.whl (50 kB)
#42 22.30    ━━━━━━━━━━━━━━━━━━━━━━━━━━━━━━━━━━━━━━━━ 50.7/50.7 kB 173.6 MB/s eta 0:00:00
#42 22.30 Downloading protobuf-7.35.1-cp310-abi3-manylinux2014_x86_64.whl (327 kB)
#42 22.32    ━━━━━━━━━━━━━━━━━━━━━━━━━━━━━━━━━━━━━━━━ 327.1/327.1 kB 41.2 MB/s eta 0:00:00
#42 22.33 Downloading pyasn1-0.6.4-py3-none-any.whl (84 kB)
#42 22.33    ━━━━━━━━━━━━━━━━━━━━━━━━━━━━━━━━━━━━━━━━ 84.4/84.4 kB 178.7 MB/s eta 0:00:00
#42 22.34 Downloading pyparsing-3.3.2-py3-none-any.whl (122 kB)
#42 22.35    ━━━━━━━━━━━━━━━━━━━━━━━━━━━━━━━━━━━━━━━ 122.8/122.8 kB 309.1 MB/s eta 0:00:00
#42 22.35 Downloading python_dateutil-2.9.0.post0-py2.py3-none-any.whl (229 kB)
#42 22.37    ━━━━━━━━━━━━━━━━━━━━━━━━━━━━━━━━━━━━━━━━ 229.9/229.9 kB 24.1 MB/s eta 0:00:00
#42 22.37 Downloading sniffio-1.3.1-py3-none-any.whl (10 kB)
#42 22.38 Downloading soupsieve-2.9.1-py3-none-any.whl (37 kB)
#42 22.40 Downloading traitlets-5.16.1-py3-none-any.whl (86 kB)
#42 22.40    ━━━━━━━━━━━━━━━━━━━━━━━━━━━━━━━━━━━━━━━━ 86.2/86.2 kB 222.7 MB/s eta 0:00:00
#42 22.42 Downloading typing_inspection-0.4.2-py3-none-any.whl (14 kB)
#42 22.44 Downloading widgetsnbextension-3.6.10-py2.py3-none-any.whl (1.6 MB)
#42 22.51    ━━━━━━━━━━━━━━━━━━━━━━━━━━━━━━━━━━━━━━━━ 1.6/1.6 MB 26.6 MB/s eta 0:00:00
#42 22.52 Downloading pycparser-3.0-py3-none-any.whl (48 kB)
#42 22.52    ━━━━━━━━━━━━━━━━━━━━━━━━━━━━━━━━━━━━━━━━ 48.2/48.2 kB 205.2 MB/s eta 0:00:00
#42 22.53 Downloading decorator-5.3.1-py3-none-any.whl (10 kB)
#42 22.54 Downloading ipython_pygments_lexers-1.1.1-py3-none-any.whl (8.1 kB)
#42 22.55 Downloading jedi-0.20.0-py2.py3-none-any.whl (4.9 MB)
#42 22.86    ━━━━━━━━━━━━━━━━━━━━━━━━━━━━━━━━━━━━━━━━ 4.9/4.9 MB 16.6 MB/s eta 0:00:00
#42 22.87 Downloading matplotlib_inline-0.2.2-py3-none-any.whl (9.5 kB)
#42 22.88 Downloading notebook-7.6.1-py3-none-any.whl (5.5 MB)
#42 23.21    ━━━━━━━━━━━━━━━━━━━━━━━━━━━━━━━━━━━━━━━━ 5.5/5.5 MB 18.4 MB/s eta 0:00:00
#42 23.21 Downloading pexpect-4.9.0-py2.py3-none-any.whl (63 kB)
#42 23.22    ━━━━━━━━━━━━━━━━━━━━━━━━━━━━━━━━━━━━━━━━ 63.8/63.8 kB 30.0 MB/s eta 0:00:00
#42 23.22 Downloading prompt_toolkit-3.0.53-py3-none-any.whl (392 kB)
#42 23.26    ━━━━━━━━━━━━━━━━━━━━━━━━━━━━━━━━━━━━━━━━ 392.3/392.3 kB 14.7 MB/s eta 0:00:00
#42 23.34 Downloading six-1.17.0-py2.py3-none-any.whl (11 kB)
#42 23.34 Downloading stack_data-0.6.3-py3-none-any.whl (24 kB)
#42 23.37 Downloading asttokens-3.0.2-py3-none-any.whl (28 kB)
#42 23.38 Downloading executing-2.2.1-py2.py3-none-any.whl (28 kB)
#42 23.42 Downloading jupyter_builder-1.2.1-py3-none-any.whl (915 kB)
#42 23.62    ━━━━━━━━━━━━━━━━━━━━━━━━━━━━━━━━━━━━━━━━ 915.1/915.1 kB 4.5 MB/s eta 0:00:00
#42 23.63 Downloading jupyter_server-2.20.0-py3-none-any.whl (393 kB)
#42 23.68    ━━━━━━━━━━━━━━━━━━━━━━━━━━━━━━━━━━━━━━━━ 393.1/393.1 kB 11.9 MB/s eta 0:00:00
#42 23.69 Downloading jupyterlab-4.6.2-py3-none-any.whl (17.2 MB)
#42 24.25    ━━━━━━━━━━━━━━━━━━━━━━━━━━━━━━━━━━━━━━━━ 17.2/17.2 MB 31.1 MB/s eta 0:00:00
#42 24.26 Downloading jupyterlab_server-2.28.0-py3-none-any.whl (59 kB)
#42 24.26    ━━━━━━━━━━━━━━━━━━━━━━━━━━━━━━━━━━━━━━━━ 59.8/59.8 kB 195.8 MB/s eta 0:00:00
#42 24.27 Downloading notebook_shim-0.2.4-py3-none-any.whl (13 kB)
#42 24.28 Downloading parso-0.8.7-py2.py3-none-any.whl (107 kB)
#42 24.28    ━━━━━━━━━━━━━━━━━━━━━━━━━━━━━━━━━━━━━━━ 107.0/107.0 kB 262.2 MB/s eta 0:00:00
#42 24.29 Downloading ptyprocess-0.7.0-py2.py3-none-any.whl (13 kB)
#42 24.29 Downloading tornado-6.5.7-cp39-abi3-manylinux1_x86_64.manylinux_2_28_x86_64.manylinux_2_5_x86_64.whl (449 kB)
#42 24.30    ━━━━━━━━━━━━━━━━━━━━━━━━━━━━━━━━━━━━━━━━ 449.8/449.8 kB 54.2 MB/s eta 0:00:00
#42 24.31 Downloading wcwidth-0.8.2-py3-none-any.whl (323 kB)
#42 24.32    ━━━━━━━━━━━━━━━━━━━━━━━━━━━━━━━━━━━━━━━━ 323.2/323.2 kB 57.9 MB/s eta 0:00:00
#42 24.33 Downloading pure_eval-0.2.3-py3-none-any.whl (11 kB)
#42 24.34 Downloading argon2_cffi-25.1.0-py3-none-any.whl (14 kB)
#42 24.35 Downloading async_lru-2.3.0-py3-none-any.whl (8.4 kB)
#42 24.36 Downloading babel-2.18.0-py3-none-any.whl (10.2 MB)
#42 24.89    ━━━━━━━━━━━━━━━━━━━━━━━━━━━━━━━━━━━━━━━━ 10.2/10.2 MB 19.2 MB/s eta 0:00:00
#42 24.91 Downloading httpx-0.28.1-py3-none-any.whl (73 kB)
#42 24.93    ━━━━━━━━━━━━━━━━━━━━━━━━━━━━━━━━━━━━━━━━ 73.5/73.5 kB 2.9 MB/s eta 0:00:00
#42 24.94 Downloading httpcore-1.0.9-py3-none-any.whl (78 kB)
#42 24.95    ━━━━━━━━━━━━━━━━━━━━━━━━━━━━━━━━━━━━━━━━ 78.8/78.8 kB 171.5 MB/s eta 0:00:00
#42 24.96 Downloading ipykernel-7.3.0-py3-none-any.whl (120 kB)
#42 24.97    ━━━━━━━━━━━━━━━━━━━━━━━━━━━━━━━━━━━━━━━━ 120.6/120.6 kB 18.5 MB/s eta 0:00:00
#42 24.97 Downloading jinja2-3.1.6-py3-none-any.whl (134 kB)
#42 24.99    ━━━━━━━━━━━━━━━━━━━━━━━━━━━━━━━━━━━━━━━━ 134.9/134.9 kB 11.4 MB/s eta 0:00:00
#42 25.00 Downloading json5-0.15.0-py3-none-any.whl (36 kB)
#42 25.01 Downloading jsonschema-4.26.0-py3-none-any.whl (90 kB)
#42 25.02    ━━━━━━━━━━━━━━━━━━━━━━━━━━━━━━━━━━━━━━━━ 90.6/90.6 kB 26.9 MB/s eta 0:00:00
#42 25.03 Downloading jupyter_client-8.9.1-py3-none-any.whl (109 kB)
#42 25.04    ━━━━━━━━━━━━━━━━━━━━━━━━━━━━━━━━━━━━━━━━ 109.8/109.8 kB 40.6 MB/s eta 0:00:00
#42 25.05 Downloading jupyter_core-5.9.1-py3-none-any.whl (29 kB)
#42 25.06 Downloading jupyter_events-0.12.1-py3-none-any.whl (19 kB)
#42 25.07 Downloading jupyter_lsp-2.3.1-py3-none-any.whl (77 kB)
#42 25.08    ━━━━━━━━━━━━━━━━━━━━━━━━━━━━━━━━━━━━━━━━ 77.5/77.5 kB 167.8 MB/s eta 0:00:00
#42 25.09 Downloading jupyter_server_terminals-0.5.4-py3-none-any.whl (13 kB)
#42 25.10 Downloading nbconvert-7.17.1-py3-none-any.whl (261 kB)
#42 25.11    ━━━━━━━━━━━━━━━━━━━━━━━━━━━━━━━━━━━━━━━━ 261.9/261.9 kB 33.5 MB/s eta 0:00:00
#42 25.12 Downloading nbformat-5.10.4-py3-none-any.whl (78 kB)
#42 25.12    ━━━━━━━━━━━━━━━━━━━━━━━━━━━━━━━━━━━━━━━━ 78.5/78.5 kB 217.1 MB/s eta 0:00:00
#42 25.14 Downloading overrides-7.7.0-py3-none-any.whl (17 kB)
#42 25.15 Downloading prometheus_client-0.26.0-py3-none-any.whl (64 kB)
#42 25.15    ━━━━━━━━━━━━━━━━━━━━━━━━━━━━━━━━━━━━━━━━ 64.5/64.5 kB 234.6 MB/s eta 0:00:00
#42 25.16 Downloading pyzmq-27.1.0-cp311-cp311-manylinux_2_26_x86_64.manylinux_2_28_x86_64.whl (857 kB)
#42 25.19    ━━━━━━━━━━━━━━━━━━━━━━━━━━━━━━━━━━━━━━━━ 857.0/857.0 kB 36.9 MB/s eta 0:00:00
#42 25.20 Downloading send2trash-2.1.0-py3-none-any.whl (17 kB)
#42 25.22 Downloading terminado-0.18.1-py3-none-any.whl (14 kB)
#42 25.22 Downloading websocket_client-1.9.0-py3-none-any.whl (82 kB)
#42 25.23    ━━━━━━━━━━━━━━━━━━━━━━━━━━━━━━━━━━━━━━━━ 82.6/82.6 kB 212.5 MB/s eta 0:00:00
#42 25.25 Downloading attrs-26.1.0-py3-none-any.whl (67 kB)
#42 25.25    ━━━━━━━━━━━━━━━━━━━━━━━━━━━━━━━━━━━━━━━━ 67.5/67.5 kB 280.5 MB/s eta 0:00:00
#42 25.26 Downloading bleach-6.4.0-py3-none-any.whl (165 kB)
#42 25.29    ━━━━━━━━━━━━━━━━━━━━━━━━━━━━━━━━━━━━━━━━ 165.1/165.1 kB 6.5 MB/s eta 0:00:00
#42 25.30 Downloading debugpy-1.8.21-cp311-cp311-manylinux_2_34_x86_64.whl (3.1 MB)
#42 25.42    ━━━━━━━━━━━━━━━━━━━━━━━━━━━━━━━━━━━━━━━━ 3.1/3.1 MB 27.9 MB/s eta 0:00:00
#42 25.42 Downloading fastjsonschema-2.22.1-py3-none-any.whl (26 kB)
#42 25.43 Downloading jsonschema_specifications-2025.9.1-py3-none-any.whl (18 kB)
#42 25.44 Downloading mistune-3.3.4-py3-none-any.whl (66 kB)
#42 25.44    ━━━━━━━━━━━━━━━━━━━━━━━━━━━━━━━━━━━━━━━━ 66.9/66.9 kB 246.0 MB/s eta 0:00:00
#42 25.45 Downloading nbclient-0.11.0-py3-none-any.whl (25 kB)
#42 25.46 Downloading nest_asyncio2-1.7.2-py3-none-any.whl (7.8 kB)
#42 25.46 Downloading pandocfilters-1.5.1-py2.py3-none-any.whl (8.7 kB)
#42 25.47 Downloading python_json_logger-4.1.0-py3-none-any.whl (15 kB)
#42 25.47 Downloading referencing-0.37.0-py3-none-any.whl (26 kB)
#42 25.48 Downloading rfc3986_validator-0.1.1-py2.py3-none-any.whl (4.2 kB)
#42 25.48 Downloading rpds_py-2026.6.3-cp311-cp311-manylinux_2_17_x86_64.manylinux2014_x86_64.whl (371 kB)
#42 25.49    ━━━━━━━━━━━━━━━━━━━━━━━━━━━━━━━━━━━━━━━━ 371.3/371.3 kB 49.0 MB/s eta 0:00:00
#42 25.50 Downloading argon2_cffi_bindings-25.1.0-cp39-abi3-manylinux_2_26_x86_64.manylinux_2_28_x86_64.whl (87 kB)
#42 25.51    ━━━━━━━━━━━━━━━━━━━━━━━━━━━━━━━━━━━━━━━━ 87.1/87.1 kB 296.8 MB/s eta 0:00:00
#42 25.52 Downloading defusedxml-0.7.1-py2.py3-none-any.whl (25 kB)
#42 25.53 Downloading jupyterlab_pygments-0.3.0-py3-none-any.whl (15 kB)
#42 25.53 Downloading rfc3339_validator-0.1.4-py2.py3-none-any.whl (3.5 kB)
#42 25.54 Downloading jsonpointer-3.1.1-py3-none-any.whl (7.7 kB)
#42 25.55 Downloading rfc3987_syntax-1.1.0-py3-none-any.whl (8.0 kB)
#42 25.56 Downloading tinycss2-1.5.1-py3-none-any.whl (28 kB)
#42 25.56 Downloading webcolors-25.10.0-py3-none-any.whl (14 kB)
#42 25.57 Downloading webencodings-0.5.1-py2.py3-none-any.whl (11 kB)
#42 25.58 Downloading fqdn-1.5.1-py3-none-any.whl (9.1 kB)
#42 25.59 Downloading isoduration-20.11.0-py3-none-any.whl (11 kB)
#42 25.62 Downloading uri_template-1.3.0-py3-none-any.whl (11 kB)
#42 25.63 Downloading arrow-1.4.0-py3-none-any.whl (68 kB)
#42 25.65    ━━━━━━━━━━━━━━━━━━━━━━━━━━━━━━━━━━━━━━━━ 68.8/68.8 kB 5.5 MB/s eta 0:00:00
#42 25.66 Downloading lark-1.3.1-py3-none-any.whl (113 kB)
#42 25.66    ━━━━━━━━━━━━━━━━━━━━━━━━━━━━━━━━━━━━━━━━ 113.2/113.2 kB 58.2 MB/s eta 0:00:00
#42 25.67 Downloading tzdata-2026.3-py2.py3-none-any.whl (348 kB)
#42 25.70    ━━━━━━━━━━━━━━━━━━━━━━━━━━━━━━━━━━━━━━━━ 348.2/348.2 kB 16.4 MB/s eta 0:00:00
#42 27.04 Installing collected packages: webencodings, sortedcontainers, pytz, pure-eval, ptyprocess, passlib, multitasking, ipython-genutils, char, websockets, websocket-client, webcolors, wcwidth, uvloop, urllib3, uritemplate, uri-template, tzdata, typing-extensions, traitlets, tqdm, tornado, tinycss2, soupsieve, sniffio, six, send2trash, rpds-py, rfc3986-validator, redis, pyzmq, pyyaml, python-multipart, python-json-logger, python-dotenv, pyparsing, PyJWT, pygments, pycparser, pyasn1, psycopg2-binary, psutil, protobuf, prometheus-client, pluggy, platformdirs, pexpect, peewee, parso, pandocfilters, overrides, numpy, nest-asyncio2, msgpack, mistune, MarkupSafe, lark, jupyterlab-widgets, jupyterlab-pygments, jsonpointer, json5, iniconfig, idna, httptools, h11, gunicorn, greenlet, frozendict, fqdn, fastjsonschema, executing, defusedxml, decorator, debugpy, comm, click, charset_normalizer, certifi, cachetools, bleach, babel, attrs, async-lru, asttokens, annotated-types, werkzeug, uvicorn, typing-inspection, terminado, stack_data, sqlalchemy, sentry-sdk, rsa, rfc3987-syntax, rfc3339-validator, requests, referencing, python-dateutil, pytest, pydantic-core, pyasn1-modules, proto-plus, prompt_toolkit, mpire, matplotlib-inline, jupyter-core, jinja2, jedi, ipython-pygments-lexers, httplib2, httpcore, googleapis-common-protos, fakeredis, cffi, beautifulsoup4, anyio, watchfiles, stripe, starlette, pydantic, pandas, jupyter-server-terminals, jupyter-client, jupyter-builder, jsonschema-specifications, ipython, httpx, google-auth, bcrypt, arrow, argon2-cffi-bindings, yfinance, jsonschema, isoduration, ipykernel, google-auth-httplib2, google-api-core, fastapi, argon2-cffi, nbformat, google-api-python-client, nbclient, jupyter-events, nbconvert, jupyter-server, notebook-shim, jupyterlab-server, jupyter-lsp, jupyterlab, notebook, widgetsnbextension, ipywidgets, binance-historical-data
#42 ...

#12 [homepage internal] load build context
#12 transferring context: 96.24MB 7.1s done
#12 DONE 7.3s

#17 [homepage v9_react  4/26] WORKDIR /build/talaria-design
#17 CACHED

#43 [homepage builder  4/22] RUN npm ci
#43 CACHED

#18 [homepage v9_react  5/26] RUN npm ci
#18 DONE 7.7s

#19 [homepage v9_react  6/26] WORKDIR /build
#19 DONE 0.2s

#20 [homepage v9_react  7/26] COPY [scripts/checkpoint-build-assert.mjs, ./checkpoint-tools/checkpoint-build-assert.mjs]
#20 DONE 0.1s

#21 [homepage v9_react  8/26] COPY [scripts/lib/checkpoint-provenance.mjs, ./checkpoint-tools/lib/checkpoint-provenance.mjs]
#21 DONE 0.1s

#22 [homepage v9_react  9/26] COPY [scripts/lib/homepage-forwarding-contracts.mjs, ./checkpoint-tools/lib/homepage-forwarding-contracts.mjs]
#22 DONE 0.1s

#23 [homepage v9_react 10/26] COPY [scripts/lib/homepage-forwarding-contracts.mjs, /scripts/lib/homepage-forwarding-contracts.mjs]
#23 DONE 0.2s

#25 [homepage v9_react 11/26] COPY [scripts/module-contract-preflight.mjs, /scripts/module-contract-preflight.mjs]
#25 DONE 0.1s

#26 [homepage v9_react 12/26] COPY [scripts/module-contracts.json, /scripts/module-contracts.json]
#26 DONE 0.1s

#27 [homepage v9_react 13/26] COPY [scripts/clean-build-tree-guard.mjs, /scripts/clean-build-tree-guard.mjs]
#27 DONE 0.1s

#28 [homepage v9_react 14/26] COPY [scripts/lib/m19-e-hotpath-console-exemptions.mjs, /scripts/lib/m19-e-hotpath-console-exemptions.mjs]
#28 DONE 0.1s

#44 [homepage builder  4/22] RUN npm ci
#44 CACHED

#45 [homepage builder  3/22] COPY homepage/package*.json ./
#45 CACHED

#46 [homepage builder  2/22] WORKDIR /app/homepage
#46 CACHED

#47 [homepage builder  5/22] COPY homepage/ ./
#47 ...

#48 [trading-chart v9_react 15/26] COPY [chart v 1.4/talaria-design, ./talaria-design/]
#48 DONE 3.6s

#49 [homepage v9_react 16/26] COPY [chart v 1.4/chart, ./chart/]
#49 ...

#47 [homepage builder  5/22] COPY homepage/ ./
#47 DONE 5.3s

#50 [homepage builder  6/22] COPY shared/constants.json /app/shared/constants.json
#50 DONE 0.4s

#49 [trading-chart v9_react 16/26] COPY [chart v 1.4/chart, ./chart/]
#49 DONE 2.6s

#51 [homepage v9_react 17/26] COPY [homepage/public/chart/modules/m20-q6-replay-lifecycle-binding.test.mjs, /homepage/public/chart/modules/m20-q6-replay-lifecycle-binding.test.mjs]
#51 DONE 0.3s

#52 [homepage v9_react 18/26] COPY [homepage/public/chart/modules/module-presence-runtime.js, /contract-root/homepage/public/chart/modules/module-presence-runtime.js]
#52 DONE 0.1s

#53 [trading-chart v9_react 19/26] COPY [homepage/public/chart/modules/indicator-performance.js, /contract-root/homepage/public/chart/modules/indicator-performance.js]
#53 DONE 0.2s

#54 [homepage v9_react 20/26] COPY [homepage/public/chart/modules/session-calendar.js, /contract-root/homepage/public/chart/modules/session-calendar.js]
#54 DONE 0.3s

#55 [trading-chart v9_react 21/26] COPY [homepage/public/chart/dist-v9, /contract-root/homepage/public/chart/dist-v9]
#55 DONE 0.3s

#56 [homepage v9_react 22/26] COPY [homepage/public/chart/multichart-prod, /contract-root/homepage/public/chart/multichart-prod]
#56 DONE 0.5s

#42 [trading-chart stage-1  5/23] RUN pip install --no-cache-dir -r requirements.txt
#42 70.03 Successfully installed MarkupSafe-3.0.3 PyJWT-2.10.1 annotated-types-0.8.0 anyio-3.7.1 argon2-cffi-25.1.0 argon2-cffi-bindings-25.1.0 arrow-1.4.0 asttokens-3.0.2 async-lru-2.3.0 attrs-26.1.0 babel-2.18.0 bcrypt-3.2.2 beautifulsoup4-4.15.0 binance-historical-data-0.1.14 bleach-6.4.0 cachetools-5.5.2 certifi-2026.7.22 cffi-2.1.1 char-0.1.2 charset_normalizer-3.4.9 click-8.4.2 comm-0.2.3 debugpy-1.8.21 decorator-5.3.1 defusedxml-0.7.1 executing-2.2.1 fakeredis-2.23.3 fastapi-0.104.1 fastjsonschema-2.22.1 fqdn-1.5.1 frozendict-2.4.7 google-api-core-2.33.0 google-api-python-client-2.114.0 google-auth-2.25.2 google-auth-httplib2-0.2.0 googleapis-common-protos-1.75.0 greenlet-3.5.4 gunicorn-21.2.0 h11-0.16.0 httpcore-1.0.9 httplib2-0.32.0 httptools-0.8.0 httpx-0.28.1 idna-3.18 iniconfig-2.3.0 ipykernel-7.3.0 ipython-9.10.1 ipython-genutils-0.2.0 ipython-pygments-lexers-1.1.1 ipywidgets-7.8.5 isoduration-20.11.0 jedi-0.20.0 jinja2-3.1.6 json5-0.15.0 jsonpointer-3.1.1 jsonschema-4.26.0 jsonschema-specifications-2025.9.1 jupyter-builder-1.2.1 jupyter-client-8.9.1 jupyter-core-5.9.1 jupyter-events-0.12.1 jupyter-lsp-2.3.1 jupyter-server-2.20.0 jupyter-server-terminals-0.5.4 jupyterlab-4.6.2 jupyterlab-pygments-0.3.0 jupyterlab-server-2.28.0 jupyterlab-widgets-1.1.11 lark-1.3.1 matplotlib-inline-0.2.2 mistune-3.3.4 mpire-2.10.2 msgpack-1.0.7 multitasking-0.0.13 nbclient-0.11.0 nbconvert-7.17.1 nbformat-5.10.4 nest-asyncio2-1.7.2 notebook-7.6.1 notebook-shim-0.2.4 numpy-1.26.4 overrides-7.7.0 pandas-3.0.5 pandocfilters-1.5.1 parso-0.8.7 passlib-1.7.4 peewee-4.3.0 pexpect-4.9.0 platformdirs-4.11.0 pluggy-1.6.0 prometheus-client-0.26.0 prompt_toolkit-3.0.53 proto-plus-1.28.2 protobuf-7.35.1 psutil-6.1.0 psycopg2-binary-2.9.9 ptyprocess-0.7.0 pure-eval-0.2.3 pyasn1-0.6.4 pyasn1-modules-0.4.2 pycparser-3.0 pydantic-2.13.4 pydantic-core-2.46.4 pygments-2.20.0 pyparsing-3.3.2 pytest-9.1.1 python-dateutil-2.9.0.post0 python-dotenv-1.2.2 python-json-logger-4.1.0 python-multipart-0.0.6 pytz-2026.3.post1 pyyaml-6.0.3 pyzmq-27.1.0 redis-5.0.8 referencing-0.37.0 requests-2.34.2 rfc3339-validator-0.1.4 rfc3986-validator-0.1.1 rfc3987-syntax-1.1.0 rpds-py-2026.6.3 rsa-4.9.1 send2trash-2.1.0 sentry-sdk-2.63.0 six-1.17.0 sniffio-1.3.1 sortedcontainers-2.4.0 soupsieve-2.9.1 sqlalchemy-2.0.23 stack_data-0.6.3 starlette-0.27.0 stripe-15.4.0 terminado-0.18.1 tinycss2-1.5.1 tornado-6.5.7 tqdm-4.70.0 traitlets-5.16.1 typing-extensions-4.16.0 typing-inspection-0.4.2 tzdata-2026.3 uri-template-1.3.0 uritemplate-4.2.0 urllib3-2.7.0 uvicorn-0.24.0 uvloop-0.22.1 watchfiles-1.2.0 wcwidth-0.8.2 webcolors-25.10.0 webencodings-0.5.1 websocket-client-1.9.0 websockets-17.0.1 werkzeug-3.0.1 widgetsnbextension-3.6.10 yfinance-0.2.55
#42 70.03 WARNING: Running pip as the 'root' user can result in broken permissions and conflicting behaviour with the system package manager. It is recommended to use a virtual environment instead: https://pip.pypa.io/warnings/venv
#42 DONE 73.0s

#57 [trading-chart v9_react 23/26] COPY [homepage/public/chart/multichart/chart-host.html, /contract-root/homepage/public/chart/multichart/chart-host.html]
#57 ...

#58 [trading-chart stage-1  6/23] COPY [securty/python, /opt/talaria_security_lib]
#58 DONE 0.6s

#57 [homepage v9_react 23/26] COPY [homepage/public/chart/multichart/chart-host.html, /contract-root/homepage/public/chart/multichart/chart-host.html]
#57 DONE 0.7s

#59 [trading-chart stage-1  7/23] COPY [chart v 1.4/chart/package.json, chart v 1.4/chart/package-lock.json, ./]
#59 DONE 0.1s

#60 [trading-chart v9_react 24/26] RUN mkdir -p "/contract-root/chart v 1.4"   && ln -sfn /build/chart "/contract-root/chart v 1.4/chart"   && ln -sfn /build/talaria-design "/contract-root/chart v 1.4/talaria-design"   && rm -rf /build/chart/dist-v9   && cp -a /contract-root/homepage/public/chart/dist-v9 /build/chart/dist-v9
#60 DONE 0.5s

#61 [homepage v9_react 25/26] WORKDIR /build/talaria-design
#61 DONE 0.1s

#62 [homepage v9_react 26/26] RUN if [ "1" = "1" ]; then       node /build/checkpoint-tools/checkpoint-build-assert.mjs inputs         --strict="1"         --build-id="20260804b127"         --source-sha="101fe7e50d6f98fc8fb0ab326ace742753d0b23b";     elif [ -n "20260804b127" ]; then       echo "CHART_BUILD_ID requires CHECKPOINT_BUILD=1" >&2; exit 1;     fi     && if [ "1" = "1" ]; then       node /build/chart/modules/m19-progressive-session-soak.test.mjs;     fi     && if [ "1" = "1" ]; then       BUILD_ID="20260804b127"       SOURCE_COMMIT_SHA="101fe7e50d6f98fc8fb0ab326ace742753d0b23b"       CHECKPOINT_BUILD="1"       node /build/chart/scripts/bump-chart-engine-build.mjs;     fi     && npm run build:live:chart     && if [ "1" = "1" ]; then       node /build/checkpoint-tools/checkpoint-build-assert.mjs layout         --build-id="20260804b127"         --source-sha="101fe7e50d6f98fc8fb0ab326ace742753d0b23b"         --chart-root=/build/chart         --live-root=/build/talaria-design/live         --homepage-chart-root=/homepage/public/chart;     fi
#62 0.531 {"signature":"TALARIA_CHECKPOINT_BUILD_INPUTS_V1","ok":true,"buildId":"20260804b127","sourceSha":"101fe7e50d6f98fc8fb0ab326ace742753d0b23b"}
#62 ...

#63 [trading-chart stage-1  8/23] RUN npm ci
#63 4.168 
#63 4.168 added 40 packages, and audited 41 packages in 2s
#63 4.168 
#63 4.168 1 package is looking for funding
#63 4.168   run `npm fund` for details
#63 4.173 
#63 4.173 found 0 vulnerabilities
#63 DONE 4.6s

#64 [trading-chart stage-1  4/23] COPY [chart v 1.4/chart/requirements.txt, ./requirements.txt]
#64 CACHED

#65 [trading-chart stage-1  7/23] COPY [chart v 1.4/chart/package.json, chart v 1.4/chart/package-lock.json, ./]
#65 CACHED

#66 [trading-chart stage-1  8/23] RUN npm ci
#66 CACHED

#67 [trading-chart stage-1  5/23] RUN pip install --no-cache-dir -r requirements.txt
#67 CACHED

#68 [trading-chart stage-1  6/23] COPY [securty/python, /opt/talaria_security_lib]
#68 CACHED

#69 [trading-chart stage-1  9/23] COPY [chart v 1.4/chart, ./]
#69 DONE 1.1s

#62 [homepage v9_react 26/26] RUN if [ "1" = "1" ]; then       node /build/checkpoint-tools/checkpoint-build-assert.mjs inputs         --strict="1"         --build-id="20260804b127"         --source-sha="101fe7e50d6f98fc8fb0ab326ace742753d0b23b";     elif [ -n "20260804b127" ]; then       echo "CHART_BUILD_ID requires CHECKPOINT_BUILD=1" >&2; exit 1;     fi     && if [ "1" = "1" ]; then       node /build/chart/modules/m19-progressive-session-soak.test.mjs;     fi     && if [ "1" = "1" ]; then       BUILD_ID="20260804b127"       SOURCE_COMMIT_SHA="101fe7e50d6f98fc8fb0ab326ace742753d0b23b"       CHECKPOINT_BUILD="1"       node /build/chart/scripts/bump-chart-engine-build.mjs;     fi     && npm run build:live:chart     && if [ "1" = "1" ]; then       node /build/checkpoint-tools/checkpoint-build-assert.mjs layout         --build-id="20260804b127"         --source-sha="101fe7e50d6f98fc8fb0ab326ace742753d0b23b"         --chart-root=/build/chart         --live-root=/build/talaria-design/live         --homepage-chart-root=/homepage/public/chart;     fi
#62 ...

#70 [trading-chart stage-1 10/23] COPY [shared/entitlements.json, ./shared/entitlements.json]
#70 DONE 0.1s

#71 [trading-chart stage-1 11/23] COPY [homepage/src/app/dashboard/analytics/backend, ./analytics_backend]
#71 DONE 0.1s

#62 [homepage v9_react 26/26] RUN if [ "1" = "1" ]; then       node /build/checkpoint-tools/checkpoint-build-assert.mjs inputs         --strict="1"         --build-id="20260804b127"         --source-sha="101fe7e50d6f98fc8fb0ab326ace742753d0b23b";     elif [ -n "20260804b127" ]; then       echo "CHART_BUILD_ID requires CHECKPOINT_BUILD=1" >&2; exit 1;     fi     && if [ "1" = "1" ]; then       node /build/chart/modules/m19-progressive-session-soak.test.mjs;     fi     && if [ "1" = "1" ]; then       BUILD_ID="20260804b127"       SOURCE_COMMIT_SHA="101fe7e50d6f98fc8fb0ab326ace742753d0b23b"       CHECKPOINT_BUILD="1"       node /build/chart/scripts/bump-chart-engine-build.mjs;     fi     && npm run build:live:chart     && if [ "1" = "1" ]; then       node /build/checkpoint-tools/checkpoint-build-assert.mjs layout         --build-id="20260804b127"         --source-sha="101fe7e50d6f98fc8fb0ab326ace742753d0b23b"         --chart-root=/build/chart         --live-root=/build/talaria-design/live         --homepage-chart-root=/homepage/public/chart;     fi
#62 ...

#72 [trading-chart stage-1 12/23] RUN test -f ./analytics_backend/backtest_whatif.py     && test -d ./analytics_backend/analytics_core     && python3 -c "import _analytics_bootstrap; p=_analytics_bootstrap.install(); import analytics_core; print('analytics backend:', p)"
#72 0.741 analytics backend: /app/analytics_backend
#72 DONE 0.8s

#62 [homepage v9_react 26/26] RUN if [ "1" = "1" ]; then       node /build/checkpoint-tools/checkpoint-build-assert.mjs inputs         --strict="1"         --build-id="20260804b127"         --source-sha="101fe7e50d6f98fc8fb0ab326ace742753d0b23b";     elif [ -n "20260804b127" ]; then       echo "CHART_BUILD_ID requires CHECKPOINT_BUILD=1" >&2; exit 1;     fi     && if [ "1" = "1" ]; then       node /build/chart/modules/m19-progressive-session-soak.test.mjs;     fi     && if [ "1" = "1" ]; then       BUILD_ID="20260804b127"       SOURCE_COMMIT_SHA="101fe7e50d6f98fc8fb0ab326ace742753d0b23b"       CHECKPOINT_BUILD="1"       node /build/chart/scripts/bump-chart-engine-build.mjs;     fi     && npm run build:live:chart     && if [ "1" = "1" ]; then       node /build/checkpoint-tools/checkpoint-build-assert.mjs layout         --build-id="20260804b127"         --source-sha="101fe7e50d6f98fc8fb0ab326ace742753d0b23b"         --chart-root=/build/chart         --live-root=/build/talaria-design/live         --homepage-chart-root=/homepage/public/chart;     fi
#62 7.136 {
#62 7.136   "verdict": "M19-GREEN",
#62 7.136   "detail": "A–E held; hot session ≤ 524288; open excursion ≤ 256; panel rebuilds 0; D/E cleared",
#62 7.136   "fixAAllPass": true,
#62 7.136   "fixBAllPass": true,
#62 7.136   "fixCAllPass": true,
#62 7.136   "fixDAllPass": true,
#62 7.136   "fixEAllPass": true,
#62 7.136   "negativeSelfTest": {
#62 7.136     "pass": true,
#62 7.136     "results": [
#62 7.136       {
#62 7.136         "name": "abc-green-d-absent",
#62 7.136         "pass": true,
#62 7.136         "verdict": "M19-FAIL",
#62 7.136         "detail": "A/B/C green but D/E failing: fixDAllPass=false; fixEAllPass=true; d={\"integrated\":false,\"kill\":false,\"d_markerFullScan\":false,\"journalRowsVisited\":0,\"visitsOnMax\":80,\"pass\":false}; e={\"integrated\":true,\"kill\":false,\"e_hotpathConsole\":false,\"consoleCalls\":0,\"pass\":true}"
#62 7.136       },
#62 7.136       {
#62 7.136         "name": "abc-green-e-failing",
#62 7.136         "pass": true,
#62 7.136         "verdict": "M19-FAIL",
#62 7.136         "detail": "A/B/C green but D/E failing: fixDAllPass=true; fixEAllPass=false; d={\"integrated\":true,\"kill\":false,\"d_markerFullScan\":false,\"journalRowsVisited\":50,\"visitsOnMax\":80,\"pass\":true}; e={\"integrated\":true,\"kill\":false,\"e_hotpathConsole\":true,\"consoleCalls\":100,\"pass\":false}"
#62 7.136       }
#62 7.136     ]
#62 7.136   },
#62 7.136   "panelKill": false,
#62 7.136   "excursionKill": false,
#62 7.136   "persistKill": false,
#62 7.136   "markerKill": false,
#62 7.136   "hotpathKill": false,
#62 7.136   "baselineBeforeFixA": {
#62 7.136     "panelRebuilds": 5500,
#62 7.136     "ratio": [
#62 7.136       5.159,
#62 7.136       5.371,
#62 7.136       5.44
#62 7.136     ],
#62 7.136     "slopeFrac": [
#62 7.136       0.884,
#62 7.136       0.988,
#62 7.136       0.999
#62 7.136     ],
#62 7.136     "endRuntimeBytes": 706962,
#62 7.136     "endSessionBytes": 1752034
#62 7.136   },
#62 7.136   "elapsedMs": 6179,
#62 7.136   "headSha": null,
#62 7.136   "fileHashes": {
#62 7.136     "order-manager.js": "115345aaabe904bc344f7a7088b127b0a8fb92b6e5cd313c78ac8bb6703349b7",
#62 7.136     "replay-system.js": "b52c868c9c141fa5247fb917cd4c5dee84f0f64e940a0ed93bea044596556f1b",
#62 7.136     "chart.js": "84fef3d4042bfcdbb09b629ad92d28cdce2d597392ccc8e2de96a30c4a0ae2ac"
#62 7.136   },
#62 7.136   "persistedFormatHash": "f4d392c89dca0cf5befa8f3765b86be0171aa7badd0fe08fc46a18ee27f19038",
#62 7.136   "evidence": "/docs/plan3/evidence/L2-M19-AE-20260723b04-on.json",
#62 7.136   "report": "/docs/plan3/worker-reports/L2-M19-AE-20260723b04-ON.md",
#62 7.136   "canonical": [
#62 7.136     {
#62 7.136       "label": "canonical-playing-single#1",
#62 7.136       "ratio": 0.3068286926303453,
#62 7.136       "slopeFracOfFirst": -0.1338096301261005,
#62 7.136       "frameSlopeFail": false,
#62 7.136       "persistFail": false,
#62 7.136       "endRuntimeBytes": 64494,
#62 7.136       "endSessionBytes": 64683,
#62 7.136       "allFivePaths": true,
#62 7.136       "journalCount": 50,
#62 7.136       "panelRebuilds": 0,
#62 7.136       "maxOpenExcursion": 256,
#62 7.136       "fixB": {
#62 7.136         "excursionKill": false,
#62 7.136         "maxOpenExcursion": 256,
#62 7.136         "tailMax": 256,
#62 7.136         "arraysBounded": true,
#62 7.136         "arraysUnbounded": false,
#62 7.136         "pass": true
#62 7.136       },
#62 7.136       "fixA": {
#62 7.136         "panelKill": false,
#62 7.136         "panelRebuilds": 0,
#62 7.136         "runtimePanelSchedules": 5500,
#62 7.136         "runtimePanelLite": 5500,
#62 7.136         "dockStructuralRenders": 0,
#62 7.136         "dockInnerHtmlWritesDuringLite": 0,
#62 7.136         "dockLiteClean": true,
#62 7.136         "panelBoundedByStructural": true,
#62 7.136         "panelReconstructsPerTick": false,
#62 7.136         "frameSlopePass": true,
#62 7.136         "absFlat": true,
#62 7.136         "pass": true
#62 7.136       },
#62 7.136       "fixC": {
#62 7.136         "persistKill": false,
#62 7.136         "sessionAbsMax": 524288,
#62 7.136         "endSessionBytes": 64683,
#62 7.136         "sessionBounded": true,
#62 7.136         "sessionUnbounded": false,
#62 7.136         "hotJournalHasScreenshots": false,
#62 7.136         "inMemoryJournalHasScreenshots": true,
#62 7.136         "pass": true
#62 7.136       },
#62 7.136       "fixD": {
#62 7.136         "integrated": true,
#62 7.136         "kill": false,
#62 7.136         "d_markerFullScan": false,
#62 7.136         "journalRowsVisited": 50,
#62 7.136         "journalRowsVisitedMeasured": 50,
#62 7.136         "visitsOnMax": 80,
#62 7.136         "pass": true
#62 7.136       },
#62 7.136       "fixE": {
#62 7.136         "integrated": true,
#62 7.136         "kill": false,
#62 7.136         "e_hotpathConsole": false,
#62 7.136         "consoleCalls": 0,
#62 7.136         "pass": true
#62 7.136       }
#62 7.136     },
#62 7.136     {
#62 7.136       "label": "canonical-playing-single#2",
#62 7.136       "ratio": 0.7028093222687071,
#62 7.136       "slopeFracOfFirst": -0.08544782550324528,
#62 7.136       "frameSlopeFail": false,
#62 7.136       "persistFail": false,
#62 7.136       "endRuntimeBytes": 64494,
#62 7.136       "endSessionBytes": 64683,
#62 7.136       "allFivePaths": true,
#62 7.136       "journalCount": 50,
#62 7.136       "panelRebuilds": 0,
#62 7.136       "maxOpenExcursion": 256,
#62 7.136       "fixB": {
#62 7.136         "excursionKill": false,
#62 7.136         "maxOpenExcursion": 256,
#62 7.136         "tailMax": 256,
#62 7.136         "arraysBounded": true,
#62 7.136         "arraysUnbounded": false,
#62 7.136         "pass": true
#62 7.136       },
#62 7.136       "fixA": {
#62 7.136         "panelKill": false,
#62 7.136         "panelRebuilds": 0,
#62 7.136         "runtimePanelSchedules": 5500,
#62 7.136         "runtimePanelLite": 5500,
#62 7.136         "dockStructuralRenders": 0,
#62 7.136         "dockInnerHtmlWritesDuringLite": 0,
#62 7.136         "dockLiteClean": true,
#62 7.136         "panelBoundedByStructural": true,
#62 7.136         "panelReconstructsPerTick": false,
#62 7.136         "frameSlopePass": true,
#62 7.136         "absFlat": true,
#62 7.136         "pass": true
#62 7.136       },
#62 7.136       "fixC": {
#62 7.136         "persistKill": false,
#62 7.136         "sessionAbsMax": 524288,
#62 7.136         "endSessionBytes": 64683,
#62 7.136         "sessionBounded": true,
#62 7.136         "sessionUnbounded": false,
#62 7.136         "hotJournalHasScreenshots": false,
#62 7.136         "inMemoryJournalHasScreenshots": true,
#62 7.136         "pass": true
#62 7.136       },
#62 7.136       "fixD": {
#62 7.136         "integrated": true,
#62 7.136         "kill": false,
#62 7.136         "d_markerFullScan": false,
#62 7.136         "journalRowsVisited": 50,
#62 7.136         "journalRowsVisitedMeasured": 50,
#62 7.136         "visitsOnMax": 80,
#62 7.136         "pass": true
#62 7.136       },
#62 7.136       "fixE": {
#62 7.136         "integrated": true,
#62 7.136         "kill": false,
#62 7.136         "e_hotpathConsole": false,
#62 7.136         "consoleCalls": 0,
#62 7.136         "pass": true
#62 7.136       }
#62 7.136     },
#62 7.136     {
#62 7.136       "label": "canonical-playing-single#3",
#62 7.136       "ratio": 0.8898114139500919,
#62 7.136       "slopeFracOfFirst": -0.016296799282227353,
#62 7.136       "frameSlopeFail": false,
#62 7.136       "persistFail": false,
#62 7.136       "endRuntimeBytes": 64494,
#62 7.136       "endSessionBytes": 64683,
#62 7.136       "allFivePaths": true,
#62 7.136       "journalCount": 50,
#62 7.136       "panelRebuilds": 0,
#62 7.136       "maxOpenExcursion": 256,
#62 7.136       "fixB": {
#62 7.136         "excursionKill": false,
#62 7.136         "maxOpenExcursion": 256,
#62 7.136         "tailMax": 256,
#62 7.136         "arraysBounded": true,
#62 7.136         "arraysUnbounded": false,
#62 7.136         "pass": true
#62 7.136       },
#62 7.136       "fixA": {
#62 7.136         "panelKill": false,
#62 7.136         "panelRebuilds": 0,
#62 7.136         "runtimePanelSchedules": 5500,
#62 7.136         "runtimePanelLite": 5500,
#62 7.136         "dockStructuralRenders": 0,
#62 7.136         "dockInnerHtmlWritesDuringLite": 0,
#62 7.136         "dockLiteClean": true,
#62 7.136         "panelBoundedByStructural": true,
#62 7.136         "panelReconstructsPerTick": false,
#62 7.136         "frameSlopePass": true,
#62 7.136         "absFlat": true,
#62 7.136         "pass": true
#62 7.136       },
#62 7.136       "fixC": {
#62 7.136         "persistKill": false,
#62 7.136         "sessionAbsMax": 524288,
#62 7.136         "endSessionBytes": 64683,
#62 7.136         "sessionBounded": true,
#62 7.136         "sessionUnbounded": false,
#62 7.136         "hotJournalHasScreenshots": false,
#62 7.136         "inMemoryJournalHasScreenshots": true,
#62 7.136         "pass": true
#62 7.136       },
#62 7.136       "fixD": {
#62 7.136         "integrated": true,
#62 7.136         "kill": false,
#62 7.136         "d_markerFullScan": false,
#62 7.136         "journalRowsVisited": 50,
#62 7.136         "journalRowsVisitedMeasured": 50,
#62 7.136         "visitsOnMax": 80,
#62 7.136         "pass": true
#62 7.136       },
#62 7.136       "fixE": {
#62 7.136         "integrated": true,
#62 7.136         "kill": false,
#62 7.136         "e_hotpathConsole": false,
#62 7.136         "consoleCalls": 0,
#62 7.136         "pass": true
#62 7.136       }
#62 7.136     }
#62 7.136   ]
#62 7.136 }
#62 32.68   canonical: 302 files
#62 32.68 
#62 32.68   302 files checked across 1 mirrors, baseline from none available
#62 32.68   parse failures 0   truncated-against-committed 0   empty 0
#62 32.68   mirror parity: 0 of 0 pairs differ (reported, not blocking)
#62 32.68 
#62 32.68 PRE-CUT GATE PASSED — mirrors parse and none has lost material size against its committed state.
#62 32.68 
#62 32.70 [bump-chart-engine-build] (1/2) CHART_ENGINE_BUILD: 20260804b127 → 20260804b127
#62 32.70 [bump-chart-engine-build] (2/2) build-info.json: 20260804b127 101fe7e50d6f98fc8fb0ab326ace742753d0b23b
#62 33.19 
#62 33.19 > talaria@0.0.2 build:live:chart
#62 33.19 > npm run preflight:module-contracts && node scripts/bump-dist-v9-cache.mjs --live && vite build --config vite.config.live.js && node scripts/bump-dist-v9-cache.mjs --dist && node scripts/sync-v9-to-homepage.mjs
#62 33.19 
#62 33.49 
#62 33.49 > talaria@0.0.2 preflight:module-contracts
#62 33.49 > node ../../scripts/module-contract-preflight.mjs
#62 33.49 
#62 33.62 {
#62 33.62   "signature": "TALARIA_MODULE_CONTRACT_PREFLIGHT_V1",
#62 33.62   "ok": true,
#62 33.62   "checked": [
#62 33.62     {
#62 33.62       "surface": "source-host",
#62 33.62       "module": "ModulePresenceRuntime",
#62 33.62       "index": 39
#62 33.62     },
#62 33.62     {
#62 33.62       "surface": "source-host",
#62 33.62       "module": "IndicatorPerf",
#62 33.62       "index": 56
#62 33.62     },
#62 33.62     {
#62 33.62       "surface": "source-host",
#62 33.62       "module": "SessionCalendar",
#62 33.62       "index": 40
#62 33.62     },
#62 33.62     {
#62 33.62       "surface": "chart-host",
#62 33.62       "module": "ModulePresenceRuntime",
#62 33.62       "index": 39
#62 33.62     },
#62 33.62     {
#62 33.62       "surface": "chart-host",
#62 33.62       "module": "IndicatorPerf",
#62 33.62       "index": 56
#62 33.62     },
#62 33.62     {
#62 33.62       "surface": "chart-host",
#62 33.62       "module": "SessionCalendar",
#62 33.62       "index": 40
#62 33.62     },
#62 33.62     {
#62 33.62       "surface": "public-host",
#62 33.62       "module": "ModulePresenceRuntime",
#62 33.62       "index": 39
#62 33.62     },
#62 33.62     {
#62 33.62       "surface": "public-host",
#62 33.62       "module": "IndicatorPerf",
#62 33.62       "index": 56
#62 33.62     },
#62 33.62     {
#62 33.62       "surface": "public-host",
#62 33.62       "module": "SessionCalendar",
#62 33.62       "index": 40
#62 33.62     },
#62 33.62     {
#62 33.62       "surface": "chart-panel",
#62 33.62       "module": "ModulePresenceRuntime",
#62 33.62       "index": 37
#62 33.62     },
#62 33.62     {
#62 33.62       "surface": "chart-panel",
#62 33.62       "module": "IndicatorPerf",
#62 33.62       "index": 46
#62 33.62     },
#62 33.62     {
#62 33.62       "surface": "chart-panel",
#62 33.62       "module": "SessionCalendar",
#62 33.62       "index": 38
#62 33.62     },
#62 33.62     {
#62 33.62       "surface": "public-panel",
#62 33.62       "module": "ModulePresenceRuntime",
#62 33.62       "index": 37
#62 33.62     },
#62 33.62     {
#62 33.62       "surface": "public-panel",
#62 33.62       "module": "IndicatorPerf",
#62 33.62       "index": 46
#62 33.62     },
#62 33.62     {
#62 33.62       "surface": "public-panel",
#62 33.62       "module": "SessionCalendar",
#62 33.62       "index": 38
#62 33.62     },
#62 33.62     {
#62 33.62       "surface": "multichart-panel-shell-source",
#62 33.62       "module": "ModulePresenceRuntime",
#62 33.62       "index": 1
#62 33.62     },
#62 33.62     {
#62 33.62       "surface": "multichart-panel-shell-source",
#62 33.62       "module": "IndicatorPerf",
#62 33.62       "index": 5
#62 33.62     },
#62 33.62     {
#62 33.62       "surface": "multichart-panel-shell-source",
#62 33.62       "module": "SessionCalendar",
#62 33.62       "index": 3
#62 33.62     },
#62 33.62     {
#62 33.62       "surface": "multichart-panel-shell-public",
#62 33.62       "module": "ModulePresenceRuntime",
#62 33.62       "index": 1
#62 33.62     },
#62 33.62     {
#62 33.62       "surface": "multichart-panel-shell-public",
#62 33.62       "module": "IndicatorPerf",
#62 33.62       "index": 5
#62 33.62     },
#62 33.62     {
#62 33.62       "surface": "multichart-panel-shell-public",
#62 33.62       "module": "SessionCalendar",
#62 33.62       "index": 3
#62 33.62     }
#62 33.62   ]
#62 33.62 }
#62 33.75 [bump-dist-v9-cache] No /chart/ asset references matched in /build/talaria-design/live/index.html
#62 33.75 [bump-dist-v9-cache] build id 20260804b127 (from BUILD_ID)
#62 33.76 [bump-dist-v9-cache] Active build id: 20260804b127
#62 34.28 vite v5.4.21 building for production...
#62 34.49 <script src="/chart/modules/chart-window-limit.js?v=20260804b127"> in "/index.html" can't be bundled without type="module" attribute
#62 34.49 <script src="/chart/vendor/d3.min.js?v=20260804b127"> in "/index.html" can't be bundled without type="module" attribute
#62 34.49 <script src="/chart/vendor/lz-string.min.js?v=20260804b127"> in "/index.html" can't be bundled without type="module" attribute
#62 34.49 <script src="/chart/modules/server-write-failure-ledger.js?v=20260804b127"> in "/index.html" can't be bundled without type="module" attribute
#62 34.49 <script src="/chart/modules/settings-write-breaker.js?v=20260804b127"> in "/index.html" can't be bundled without type="module" attribute
#62 34.49 <script src="/chart/modules/preferences-sync.js?v=20260804b127"> in "/index.html" can't be bundled without type="module" attribute
#62 34.49 <script src="/chart/modules/preferences-init.js?v=20260804b127"> in "/index.html" can't be bundled without type="module" attribute
#62 34.49 <script src="/chart/modules/market-calculations.js?v=20260804b127"> in "/index.html" can't be bundled without type="module" attribute
#62 34.49 <script src="/chart/modules/chart-env.defaults.js?v=20260804b127"> in "/index.html" can't be bundled without type="module" attribute
#62 34.49 <script src="/chart/modules/chart-env.generated.js?v=20260804b127"> in "/index.html" can't be bundled without type="module" attribute
#62 34.49 <script src="/chart/modules/drawing-tools-base.js?v=20260804b127"> in "/index.html" can't be bundled without type="module" attribute
#62 34.49 <script src="/chart/modules/drawing-tools-lines.js?v=20260804b127"> in "/index.html" can't be bundled without type="module" attribute
#62 34.49 <script src="/chart/modules/drawing-tools-shapes.js?v=20260804b127"> in "/index.html" can't be bundled without type="module" attribute
#62 34.49 <script src="/chart/modules/drawing-tools-fibonacci.js?v=20260804b127"> in "/index.html" can't be bundled without type="module" attribute
#62 34.49 <script src="/chart/modules/drawing-tools-text.js?v=20260804b127"> in "/index.html" can't be bundled without type="module" attribute
#62 34.49 <script src="/chart/modules/drawing-tools-emoji.js?v=20260804b127"> in "/index.html" can't be bundled without type="module" attribute
#62 34.49 <script src="/chart/modules/drawing-tools-image.js?v=20260804b127"> in "/index.html" can't be bundled without type="module" attribute
#62 34.49 <script src="/chart/modules/emoji-picker.js?v=20260804b127"> in "/index.html" can't be bundled without type="module" attribute
#62 34.49 <script src="/chart/modules/emoji-picker-simple.js?v=20260804b127"> in "/index.html" can't be bundled without type="module" attribute
#62 34.49 <script src="/chart/modules/drawing-tools-advanced-volume.js?v=20260804b127"> in "/index.html" can't be bundled without type="module" attribute
#62 34.49 <script src="/chart/modules/drawing-tools-advanced.js?v=20260804b127"> in "/index.html" can't be bundled without type="module" attribute
#62 34.49 <script src="/chart/modules/drawing-tools-extended.js?v=20260804b127"> in "/index.html" can't be bundled without type="module" attribute
#62 34.49 <script src="/chart/modules/drawing-tools-patterns.js?v=20260804b127"> in "/index.html" can't be bundled without type="module" attribute
#62 34.49 <script src="/chart/modules/drawing-tools-fib-gann.js?v=20260804b127"> in "/index.html" can't be bundled without type="module" attribute
#62 34.49 <script src="/chart/modules/drawing-tools-channels.js?v=20260804b127"> in "/index.html" can't be bundled without type="module" attribute
#62 34.49 <script src="/chart/modules/drawing-tools-ui.js?v=20260804b127"> in "/index.html" can't be bundled without type="module" attribute
#62 34.49 <script src="/chart/modules/color-picker.js?v=20260804b127"> in "/index.html" can't be bundled without type="module" attribute
#62 34.49 <script src="/chart/modules/drawing-toolbar.js?v=20260804b127"> in "/index.html" can't be bundled without type="module" attribute
#62 34.49 <script src="/chart/modules/undo-redo-manager.js?v=20260804b127"> in "/index.html" can't be bundled without type="module" attribute
#62 34.49 <script src="/chart/modules/tool-lifecycle-store.js?v=20260804b127"> in "/index.html" can't be bundled without type="module" attribute
#62 34.49 <script src="/chart/modules/drawing-tools-manager.js?v=20260804b127"> in "/index.html" can't be bundled without type="module" attribute
#62 34.49 <script src="/chart/modules/chart-regression-cases.js?v=20260804b127"> in "/index.html" can't be bundled without type="module" attribute
#62 34.49 <script src="/chart/modules/chart-regression-smoke.js?v=20260804b127"> in "/index.html" can't be bundled without type="module" attribute
#62 34.49 <script src="/chart/modules/favorites-manager.js?v=20260804b127"> in "/index.html" can't be bundled without type="module" attribute
#62 34.49 <script src="/chart/modules/keyboard-shortcuts.js?v=20260804b127"> in "/index.html" can't be bundled without type="module" attribute
#62 34.49 <script src="/chart/modules/timezone-manager.js?v=20260804b127"> in "/index.html" can't be bundled without type="module" attribute
#62 34.49 <script src="/chart/modules/viewport-data-manager.js?v=20260804b127"> in "/index.html" can't be bundled without type="module" attribute
#62 34.49 <script src="/chart/modules/chart-data-pipeline.js?v=20260804b127"> in "/index.html" can't be bundled without type="module" attribute
#62 34.49 <script src="/chart/modules/talaria-toast-stack.js?v=20260804b127"> in "/index.html" can't be bundled without type="module" attribute
#62 34.49 <script src="/chart/modules/module-presence-runtime.js?v=20260804b127"> in "/index.html" can't be bundled without type="module" attribute
#62 34.49 <script src="/chart/modules/session-calendar.js?v=20260804b127"> in "/index.html" can't be bundled without type="module" attribute
#62 34.49 <script src="/chart/chart.js?v=20260804b127"> in "/index.html" can't be bundled without type="module" attribute
#62 34.49 <script src="/chart/modules/v9-theme-bridge.js?v=20260804b127"> in "/index.html" can't be bundled without type="module" attribute
#62 34.49 <script src="/chart/modules/replay-system.js?v=20260804b127"> in "/index.html" can't be bundled without type="module" attribute
#62 34.49 <script src="/chart/modules/replay-dashboard-sync.js?v=20260804b127"> in "/index.html" can't be bundled without type="module" attribute
#62 34.49 <script src="/chart/modules/order-event-bus.js?v=20260804b127"> in "/index.html" can't be bundled without type="module" attribute
#62 34.49 <script src="/chart/modules/order-service.js?v=20260804b127"> in "/index.html" can't be bundled without type="module" attribute
#62 34.49 <script src="/chart/modules/order-manager.js?v=20260804b127"> in "/index.html" can't be bundled without type="module" attribute
#62 34.49 <script src="/chart/modules/indicator-persist-rehydrate.js?v=20260804b127"> in "/index.html" can't be bundled without type="module" attribute
#62 34.49 <script src="/chart/modules/indicator-settings-apply.js?v=20260804b127"> in "/index.html" can't be bundled without type="module" attribute
#62 34.49 <script src="/chart/modules/indicator-visibility.js?v=20260804b127"> in "/index.html" can't be bundled without type="module" attribute
#62 34.49 <script src="/chart/modules/indicator-lifecycle-store.js?v=20260804b127"> in "/index.html" can't be bundled without type="module" attribute
#62 34.49 <script src="/chart/modules/talaria-fvg-indicator.js?v=20260804b127"> in "/index.html" can't be bundled without type="module" attribute
#62 34.49 <script src="/chart/modules/talaria-ratio-gap-indicator.js?v=20260804b127"> in "/index.html" can't be bundled without type="module" attribute
#62 34.49 <script src="/chart/modules/talaria-weekly-map-indicator.js?v=20260804b127"> in "/index.html" can't be bundled without type="module" attribute
#62 34.49 <script src="/chart/modules/talaria-simple-smc-indicator.js?v=20260804b127"> in "/index.html" can't be bundled without type="module" attribute
#62 34.49 <script src="/chart/modules/indicator-performance.js?v=20260804b127"> in "/index.html" can't be bundled without type="module" attribute
#62 34.49 <script src="/chart/modules/chart-indicators-full.js?v=20260804b127"> in "/index.html" can't be bundled without type="module" attribute
#62 34.49 <script src="/chart/modules/indicator-ui.js?v=20260804b127"> in "/index.html" can't be bundled without type="module" attribute
#62 34.49 <script src="/chart/modules/economic-news-sidebar.js?v=20260804b127"> in "/index.html" can't be bundled without type="module" attribute
#62 34.50 <script src="/chart/pwa-install.js?v=20260804b127"> in "/index.html" can't be bundled without type="module" attribute
#62 34.54 
#62 34.54 /chart/fonts/talaria-fonts.css?v=20260804b127 doesn't exist at build time, it will remain unchanged to be resolved at runtime
#62 34.54 transforming...
#62 42.62 ✓ 49 modules transformed.
#62 44.02 rendering chunks...
#62 44.03 computing gzip size...
#62 44.11 
#62 44.11 (!) Some chunks are larger than 500 kB after minification. Consider:
#62 44.11 - Using dynamic import() to code-split the application
#62 44.11 - Use build.rollupOptions.output.manualChunks to improve chunking: https://rollupjs.org/configuration-options/#output-manualchunks
#62 44.11 - Adjust chunk size limit for this warning via build.chunkSizeWarningLimit.
#62 44.12 ../../chart/dist-v9/index.html                    91.91 kB │ gzip:  18.31 kB
#62 44.12 ../../chart/dist-v9/assets/talaria-v9-live.js  1,733.05 kB │ gzip: 410.42 kB
#62 44.12 ✓ built in 9.79s
#62 44.27 [bump-dist-v9-cache] build id 20260804b127 (from BUILD_ID)
#62 44.27 [bump-dist-v9-cache] Set ?v=20260804b127 on chart assets in /build/chart/dist-v9/index.html
#62 44.29 [bump-dist-v9-cache] No /chart/ asset references matched in /build/talaria-design/live/index.html
#62 44.32 [bump-dist-v9-cache] Active build id: 20260804b127
#62 44.41 [sync-v9-to-homepage] Copied /build/chart/dist-v9 → /homepage/public/chart/dist-v9
#62 44.43 [sync-v9-to-homepage] Copied chart/vendor /build/chart/vendor → /homepage/public/chart/vendor
#62 44.47 [sync-v9-to-homepage] Copied chart/fonts /build/chart/fonts → /homepage/public/chart/fonts
#62 44.48 [sync-v9-to-homepage] Copied chart engine /build/chart/chart.js → /homepage/public/chart/chart.js
#62 44.48 [sync-v9-to-homepage] Copied compare-overlay /build/chart/modules/compare-overlay.js → /homepage/public/chart/modules/compare-overlay.js
#62 44.67 [sync-v9-to-homepage] Copied chart/modules /build/chart/modules → /homepage/public/chart/modules
#62 44.67 [sync-v9-to-homepage] Copied chart/workers /build/chart/workers → /homepage/public/chart/workers
#62 44.84 [sync-v9-to-homepage] Copied multichart-prod /build/chart/multichart-prod → /homepage/public/chart/multichart-prod
#62 44.85 [sync-v9-to-homepage] Copied legacy-index (CHECKPOINT_BUILD) /build/chart/legacy-index.html → /homepage/public/chart/legacy-index.html
#62 44.89 [sync-v9-to-homepage] Copied PWA assets → /build/chart
#62 44.89 [sync-v9-to-homepage] Copied PWA assets → /homepage/public/chart
#62 45.01 [bump-dist-v9-cache] build id 20260804b127 (from BUILD_ID)
#62 45.01 [bump-dist-v9-cache] No /chart/ asset references matched in /build/chart/dist-v9/index.html
#62 45.01 [bump-dist-v9-cache] No /chart/ asset references matched in /build/talaria-design/live/index.html
#62 45.02 [bump-dist-v9-cache] No /chart/ asset references matched in /homepage/public/chart/dist-v9/index.html
#62 45.13 [bump-dist-v9-cache] No changes needed (already bumped)
#62 45.13 [bump-dist-v9-cache] Active build id: 20260804b127
#62 45.48 {
#62 45.48   "signature": "TALARIA_CHECKPOINT_UNIFORMITY_V2",
#62 45.48   "expectedBuildId": "20260804b127",
#62 45.48   "sourceSha": "101fe7e50d6f98fc8fb0ab326ace742753d0b23b",
#62 45.48   "forwardingMirrors": [
#62 45.48     {
#62 45.48       "path": "modules/m20-q6-replay-lifecycle-binding.test.mjs",
#62 45.48       "contractId": "q6-canonical-harness/homepage-forwarding-wrapper-v1",
#62 45.48       "importTarget": "../../../../chart v 1.4/chart/modules/m20-q6-replay-lifecycle-binding.test.mjs",
#62 45.48       "canonicalHash": "20dc8e49a58186e59a54c418dcfd684c1c3ec73642a7d3954bd47058672d685d",
#62 45.48       "wrapperHash": "5c360a8c7878ab031daf9177fca77c4978e6e4fe43aa2d38edf1fcf66e5e773a",
#62 45.48       "effectiveCanonicalTargetHash": "20dc8e49a58186e59a54c418dcfd684c1c3ec73642a7d3954bd47058672d685d"
#62 45.48     }
#62 45.48   ],
#62 45.48   "ok": true,
#62 45.48   "checks": [
#62 45.48     {
#62 45.48       "name": "canonical dist window build",
#62 45.48       "actual": "20260804b127",
#62 45.48       "expected": "20260804b127",
#62 45.48       "ok": true
#62 45.48     },
#62 45.48     {
#62 45.48       "name": "canonical dist drawing module query",
#62 45.48       "actual": "20260804b127",
#62 45.48       "expected": "20260804b127",
#62 45.48       "ok": true
#62 45.48     },
#62 45.48     {
#62 45.48       "name": "canonical dist cache ids",
#62 45.48       "actual": "20260804b127",
#62 45.48       "expected": "20260804b127",
#62 45.48       "ok": true
#62 45.48     },
#62 45.48     {
#62 45.48       "name": "homepage dist window build",
#62 45.48       "actual": "20260804b127",
#62 45.48       "expected": "20260804b127",
#62 45.48       "ok": true
#62 45.48     },
#62 45.48     {
#62 45.48       "name": "homepage dist drawing module query",
#62 45.48       "actual": "20260804b127",
#62 45.48       "expected": "20260804b127",
#62 45.48       "ok": true
#62 45.48     },
#62 45.48     {
#62 45.48       "name": "homepage dist cache ids",
#62 45.48       "actual": "20260804b127",
#62 45.48       "expected": "20260804b127",
#62 45.48       "ok": true
#62 45.48     },
#62 45.48     {
#62 45.48       "name": "live source window build",
#62 45.48       "actual": "20260804b127",
#62 45.48       "expected": "20260804b127",
#62 45.48       "ok": true
#62 45.48     },
#62 45.48     {
#62 45.48       "name": "live source drawing module query",
#62 45.48       "actual": "20260804b127",
#62 45.48       "expected": "20260804b127",
#62 45.48       "ok": true
#62 45.48     },
#62 45.48     {
#62 45.48       "name": "live source cache ids",
#62 45.48       "actual": "20260804b127",
#62 45.48       "expected": "20260804b127",
#62 45.48       "ok": true
#62 45.48     },
#62 45.48     {
#62 45.48       "name": "chart index stub window build",
#62 45.48       "actual": "20260804b127",
#62 45.48       "expected": "20260804b127",
#62 45.48       "ok": true
#62 45.48     },
#62 45.48     {
#62 45.48       "name": "canonical engine",
#62 45.48       "actual": "20260804b127",
#62 45.48       "expected": "20260804b127",
#62 45.48       "ok": true
#62 45.48     },
#62 45.48     {
#62 45.48       "name": "homepage engine",
#62 45.48       "actual": "20260804b127",
#62 45.48       "expected": "20260804b127",
#62 45.48       "ok": true
#62 45.48     },
#62 45.48     {
#62 45.48       "name": "canonical embed default",
#62 45.48       "actual": "20260804b127",
#62 45.48       "expected": "20260804b127",
#62 45.48       "ok": true
#62 45.48     },
#62 45.48     {
#62 45.48       "name": "canonical embed cache ids",
#62 45.48       "actual": "20260804b127",
#62 45.48       "expected": "20260804b127",
#62 45.48       "ok": true
#62 45.48     },
#62 45.48     {
#62 45.48       "name": "homepage embed default",
#62 45.48       "actual": "20260804b127",
#62 45.48       "expected": "20260804b127",
#62 45.48       "ok": true
#62 45.48     },
#62 45.48     {
#62 45.48       "name": "homepage embed cache ids",
#62 45.48       "actual": "20260804b127",
#62 45.48       "expected": "20260804b127",
#62 45.48       "ok": true
#62 45.48     },
#62 45.48     {
#62 45.48       "name": "canonical harness",
#62 45.48       "actual": "20260804b127",
#62 45.48       "expected": "20260804b127",
#62 45.48       "ok": true
#62 45.48     },
#62 45.48     {
#62 45.48       "name": "homepage harness",
#62 45.48       "actual": "20260804b127",
#62 45.48       "expected": "20260804b127",
#62 45.48       "ok": true
#62 45.48     },
#62 45.48     {
#62 45.48       "name": "canonical SW",
#62 45.48       "actual": "20260804b127",
#62 45.48       "expected": "20260804b127",
#62 45.48       "ok": true
#62 45.48     },
#62 45.48     {
#62 45.48       "name": "canonical dist SW",
#62 45.48       "actual": "20260804b127",
#62 45.48       "expected": "20260804b127",
#62 45.48       "ok": true
#62 45.48     },
#62 45.48     {
#62 45.48       "name": "homepage SW",
#62 45.48       "actual": "20260804b127",
#62 45.48       "expected": "20260804b127",
#62 45.48       "ok": true
#62 45.48     },
#62 45.48     {
#62 45.48       "name": "homepage dist SW",
#62 45.48       "actual": "20260804b127",
#62 45.48       "expected": "20260804b127",
#62 45.48       "ok": true
#62 45.48     },
#62 45.48     {
#62 45.48       "name": "live SW",
#62 45.48       "actual": "20260804b127",
#62 45.48       "expected": "20260804b127",
#62 45.48       "ok": true
#62 45.48     },
#62 45.48     {
#62 45.48       "name": "canonical legacy window build",
#62 45.48       "actual": "20260804b127",
#62 45.48       "expected": "20260804b127",
#62 45.48       "ok": true
#62 45.48     },
#62 45.48     {
#62 45.48       "name": "canonical legacy cache ids",
#62 45.48       "actual": "20260804b127",
#62 45.48       "expected": "20260804b127",
#62 45.48       "ok": true
#62 45.48     },
#62 45.48     {
#62 45.48       "name": "homepage legacy window build",
#62 45.48       "actual": "20260804b127",
#62 45.48       "expected": "20260804b127",
#62 45.48       "ok": true
#62 45.48     },
#62 45.48     {
#62 45.48       "name": "homepage legacy cache ids",
#62 45.48       "actual": "20260804b127",
#62 45.48       "expected": "20260804b127",
#62 45.48       "ok": true
#62 45.48     },
#62 45.48     {
#62 45.48       "name": "I8 dist-v9 (8 files)",
#62 45.48       "actual": "20260804b127",
#62 45.48       "expected": "20260804b127",
#62 45.48       "ok": true
#62 45.48     },
#62 45.48     {
#62 45.48       "name": "I8 modules/m20-q6-replay-lifecycle-binding.test.mjs forwarding-contract",
#62 45.48       "mode": "contract-bound-forwarding-mirror",
#62 45.48       "contractId": "q6-canonical-harness/homepage-forwarding-wrapper-v1",
#62 45.48       "canonicalHash": "20dc8e49a58186e59a54c418dcfd684c1c3ec73642a7d3954bd47058672d685d",
#62 45.48       "wrapperHash": "5c360a8c7878ab031daf9177fca77c4978e6e4fe43aa2d38edf1fcf66e5e773a",
#62 45.48       "ok": true
#62 45.48     },
#62 45.48     {
#62 45.48       "name": "I8 modules (325 files)",
#62 45.48       "actual": "20260804b127",
#62 45.48       "expected": "20260804b127",
#62 45.48       "ok": true
#62 45.48     },
#62 45.48     {
#62 45.48       "name": "I8 workers (3 files)",
#62 45.48       "actual": "20260804b127",
#62 45.48       "expected": "20260804b127",
#62 45.48       "ok": true
#62 45.48     },
#62 45.48     {
#62 45.48       "name": "I8 vendor (2 files)",
#62 45.48       "actual": "20260804b127",
#62 45.48       "expected": "20260804b127",
#62 45.48       "ok": true
#62 45.48     },
#62 45.48     {
#62 45.48       "name": "I8 fonts (41 files)",
#62 45.48       "actual": "20260804b127",
#62 45.48       "expected": "20260804b127",
#62 45.48       "ok": true
#62 45.48     },
#62 45.48     {
#62 45.48       "name": "I8 multichart-prod (74 files)",
#62 45.48       "actual": "20260804b127",
#62 45.48       "expected": "20260804b127",
#62 45.48       "ok": true
#62 45.48     },
#62 45.48     {
#62 45.48       "name": "I8 chart.js",
#62 45.48       "actual": "20260804b127",
#62 45.48       "expected": "20260804b127",
#62 45.48       "ok": true
#62 45.48     },
#62 45.48     {
#62 45.48       "name": "I8 sw.js",
#62 45.48       "actual": "20260804b127",
#62 45.48       "expected": "20260804b127",
#62 45.48       "ok": true
#62 45.48     }
#62 45.48   ],
#62 45.48   "failures": []
#62 45.48 }
#62 DONE 45.6s

#73 [trading-chart stage-1 13/23] COPY --from=v9_react /build/chart/dist-v9 ./dist-v9
#73 ...

#74 [homepage chart_assets 26/26] RUN if [ "1" = "1" ]; then       node /build/checkpoint-tools/checkpoint-build-assert.mjs inputs         --strict="1"         --build-id="20260804b127"         --source-sha="101fe7e50d6f98fc8fb0ab326ace742753d0b23b";     elif [ -n "20260804b127" ]; then       echo "CHART_BUILD_ID requires CHECKPOINT_BUILD=1" >&2; exit 1;     fi     && if [ "1" = "1" ]; then       node /build/chart/modules/m19-progressive-session-soak.test.mjs;     fi     && if [ "1" = "1" ]; then       BUILD_ID="20260804b127"       SOURCE_COMMIT_SHA="101fe7e50d6f98fc8fb0ab326ace742753d0b23b"       CHECKPOINT_BUILD="1"       node /build/chart/scripts/bump-chart-engine-build.mjs;     fi     && npm run build:live:chart     && if [ "1" = "1" ]; then       node /build/checkpoint-tools/checkpoint-build-assert.mjs layout         --build-id="20260804b127"         --source-sha="101fe7e50d6f98fc8fb0ab326ace742753d0b23b"         --chart-root=/build/chart         --live-root=/build/talaria-design/live         --homepage-chart-root=/homepage/public/chart;     fi
#74 CACHED

#36 [homepage chart_assets  2/26] WORKDIR /build
#36 CACHED

#75 [homepage chart_assets 13/26] COPY [scripts/clean-build-tree-guard.mjs, /scripts/clean-build-tree-guard.mjs]
#75 CACHED

#76 [homepage chart_assets 23/26] COPY [homepage/public/chart/multichart/chart-host.html, /contract-root/homepage/public/chart/multichart/chart-host.html]
#76 CACHED

#77 [homepage chart_assets  9/26] COPY [scripts/lib/homepage-forwarding-contracts.mjs, ./checkpoint-tools/lib/homepage-forwarding-contracts.mjs]
#77 CACHED

#78 [homepage chart_assets 11/26] COPY [scripts/module-contract-preflight.mjs, /scripts/module-contract-preflight.mjs]
#78 CACHED

#79 [homepage chart_assets 14/26] COPY [scripts/lib/m19-e-hotpath-console-exemptions.mjs, /scripts/lib/m19-e-hotpath-console-exemptions.mjs]
#79 CACHED

#80 [homepage chart_assets 16/26] COPY [chart v 1.4/chart, ./chart/]
#80 CACHED

#81 [homepage chart_assets 21/26] COPY [homepage/public/chart/dist-v9, /contract-root/homepage/public/chart/dist-v9]
#81 CACHED

#82 [homepage chart_assets  6/26] WORKDIR /build
#82 CACHED

#83 [homepage chart_assets 15/26] COPY [chart v 1.4/talaria-design, ./talaria-design/]
#83 CACHED

#84 [homepage chart_assets 19/26] COPY [homepage/public/chart/modules/indicator-performance.js, /contract-root/homepage/public/chart/modules/indicator-performance.js]
#84 CACHED

#85 [homepage chart_assets 20/26] COPY [homepage/public/chart/modules/session-calendar.js, /contract-root/homepage/public/chart/modules/session-calendar.js]
#85 CACHED

#86 [homepage chart_assets  5/26] RUN npm ci
#86 CACHED

#87 [homepage chart_assets  7/26] COPY [scripts/checkpoint-build-assert.mjs, ./checkpoint-tools/checkpoint-build-assert.mjs]
#87 CACHED

#88 [homepage chart_assets 17/26] COPY [homepage/public/chart/modules/m20-q6-replay-lifecycle-binding.test.mjs, /homepage/public/chart/modules/m20-q6-replay-lifecycle-binding.test.mjs]
#88 CACHED

#89 [homepage chart_assets 24/26] RUN mkdir -p "/contract-root/chart v 1.4"   && ln -sfn /build/chart "/contract-root/chart v 1.4/chart"   && ln -sfn /build/talaria-design "/contract-root/chart v 1.4/talaria-design"   && rm -rf /build/chart/dist-v9   && cp -a /contract-root/homepage/public/chart/dist-v9 /build/chart/dist-v9
#89 CACHED

#90 [homepage chart_assets 10/26] COPY [scripts/lib/homepage-forwarding-contracts.mjs, /scripts/lib/homepage-forwarding-contracts.mjs]
#90 CACHED

#91 [homepage chart_assets 22/26] COPY [homepage/public/chart/multichart-prod, /contract-root/homepage/public/chart/multichart-prod]
#91 CACHED

#92 [homepage chart_assets  4/26] WORKDIR /build/talaria-design
#92 CACHED

#93 [homepage chart_assets 25/26] WORKDIR /build/talaria-design
#93 CACHED

#94 [homepage chart_assets 12/26] COPY [scripts/module-contracts.json, /scripts/module-contracts.json]
#94 CACHED

#95 [homepage chart_assets  3/26] COPY [chart v 1.4/talaria-design/package.json, chart v 1.4/talaria-design/package-lock.json, ./talaria-design/]
#95 CACHED

#96 [homepage chart_assets 18/26] COPY [homepage/public/chart/modules/module-presence-runtime.js, /contract-root/homepage/public/chart/modules/module-presence-runtime.js]
#96 CACHED

#97 [homepage chart_assets  8/26] COPY [scripts/lib/checkpoint-provenance.mjs, ./checkpoint-tools/lib/checkpoint-provenance.mjs]
#97 CACHED

#98 [homepage builder  7/22] COPY --from=chart_assets /build/chart/dist-v9 ./public/chart/dist-v9
#98 ...

#73 [trading-chart stage-1 13/23] COPY --from=v9_react /build/chart/dist-v9 ./dist-v9
#73 DONE 0.5s

#98 [homepage builder  7/22] COPY --from=chart_assets /build/chart/dist-v9 ./public/chart/dist-v9
#98 DONE 0.5s

#99 [homepage builder  8/22] COPY --from=chart_assets /build/chart/modules ./public/chart/modules
#99 ...

#100 [trading-chart stage-1 14/23] COPY --from=v9_react /build/chart/modules ./modules
#100 DONE 1.4s

#99 [homepage builder  8/22] COPY --from=chart_assets /build/chart/modules ./public/chart/modules
#99 DONE 1.5s

#101 [homepage builder  9/22] COPY --from=chart_assets /build/chart/chart.js ./public/chart/chart.js
#101 DONE 0.3s

#102 [trading-chart stage-1 15/23] COPY --from=v9_react /build/chart/chart.js ./chart.js
#102 DONE 0.3s

#103 [trading-chart stage-1 16/23] COPY --from=v9_react /build/chart/multichart-prod ./multichart-prod
#103 DONE 1.0s

#104 [homepage builder 10/22] COPY --from=chart_assets /build/chart/multichart-prod ./public/chart/multichart-prod
#104 DONE 1.0s

#105 [homepage builder 11/22] COPY --from=chart_assets /build/chart/workers ./public/chart/workers
#105 ...

#106 [trading-chart stage-1 17/23] COPY --from=v9_react /build/chart/workers ./workers
#106 DONE 0.3s

#105 [homepage builder 11/22] COPY --from=chart_assets /build/chart/workers ./public/chart/workers
#105 DONE 0.3s

#107 [homepage builder 12/22] COPY --from=chart_assets /build/chart/vendor ./public/chart/vendor
#107 ...

#108 [trading-chart stage-1 18/23] COPY --from=v9_react /build/chart/vendor ./vendor
#108 DONE 0.3s

#107 [homepage builder 12/22] COPY --from=chart_assets /build/chart/vendor ./public/chart/vendor
#107 DONE 0.3s

#109 [homepage builder 13/22] COPY --from=chart_assets /build/chart/fonts ./public/chart/fonts
#109 ...

#110 [trading-chart stage-1 19/23] COPY --from=v9_react /build/chart/fonts ./fonts
#110 DONE 0.3s

#109 [homepage builder 13/22] COPY --from=chart_assets /build/chart/fonts ./public/chart/fonts
#109 DONE 0.3s

#111 [trading-chart stage-1 20/23] COPY --from=v9_react /build/chart/sw.js ./sw.js
#111 DONE 0.2s

#112 [trading-chart stage-1 21/23] COPY --from=v9_react /build/chart/build-info.jso[n] ./
#112 ...

#113 [homepage builder 14/22] COPY --from=chart_assets /build/chart/sw.js ./public/chart/sw.js
#113 DONE 0.3s

#114 [homepage builder 15/22] COPY --from=chart_assets /build/talaria-design/live ./public/chart/talaria-design/live
#114 ...

#112 [trading-chart stage-1 21/23] COPY --from=v9_react /build/chart/build-info.jso[n] ./
#112 DONE 0.6s

#114 [homepage builder 15/22] COPY --from=chart_assets /build/talaria-design/live ./public/chart/talaria-design/live
#114 DONE 0.3s

#115 [homepage builder 16/22] COPY [Sources Handoff/TalariaV16.jsx, /app/Sources Handoff/TalariaV16.jsx]
#115 DONE 0.3s

#116 [trading-chart stage-1 22/23] RUN if [ "0" = "1" ]; then         npm run build:chart-client;     else         echo "Skipping build:chart-client — dist-v9 is the canonical served app";     fi
#116 0.708 Skipping build:chart-client — dist-v9 is the canonical served app
#116 DONE 0.8s

#117 [homepage builder 17/22] COPY [Sources Handoff/scoreEngine.js, /app/Sources Handoff/scoreEngine.js]
#117 DONE 0.4s

#118 [homepage builder 18/22] COPY [Sources Handoff/metrics/index.js, /app/Sources Handoff/metrics/index.js]
#118 DONE 0.3s

#119 [trading-chart stage-1 23/23] RUN mkdir -p uploads/bin uploads/tiles uploads/aggregates data db indicators
#119 ...

#120 [homepage builder 19/22] COPY [Sources Handoff/v16AppliedSourceStorage.js, /app/Sources Handoff/v16AppliedSourceStorage.js]
#120 DONE 0.2s

#121 [homepage builder 20/22] COPY [chart v 1.4/talaria-design/src/v9ChartTemplatesStorage.js, /app/Sources Handoff/v9ChartTemplatesStorage.js]
#121 ...

#119 [trading-chart stage-1 23/23] RUN mkdir -p uploads/bin uploads/tiles uploads/aggregates data db indicators
#119 DONE 0.7s

#121 [homepage builder 20/22] COPY [chart v 1.4/talaria-design/src/v9ChartTemplatesStorage.js, /app/Sources Handoff/v9ChartTemplatesStorage.js]
#121 DONE 0.2s

#122 [trading-chart] exporting to image
#122 exporting layers
#122 ...

#123 [homepage builder 21/22] COPY [chart v 1.4/talaria-design/src/v9UiSettingsStorage.js, /app/Sources Handoff/v9UiSettingsStorage.js]
#123 DONE 0.8s

#124 [homepage builder 22/22] RUN npm run build
#124 1.265 
#124 1.265 > talaria-homepage@0.1.0 build
#124 1.265 > next build
#124 1.265 
#124 3.011  ⚠ Specified "rewrites" will not automatically work with "output: export". See more info here: https://nextjs.org/docs/messages/export-no-custom-routes
#124 3.015  ⚠ Specified "redirects" will not automatically work with "output: export". See more info here: https://nextjs.org/docs/messages/export-no-custom-routes
#124 3.030 ⚠ No build cache found. Please configure build caching for faster rebuilds. Read more: https://nextjs.org/docs/messages/no-cache
#124 3.206    ▲ Next.js 15.5.18
#124 3.206 
#124 3.409    Creating an optimized production build ...
#124 ...

#9 [homepage stage-2 1/6] FROM docker.io/library/nginx:alpine@sha256:4a73073bd557c65b759505da037898b61f1be6cbcc3c2c3aeac22d2a470c1752
#9 CACHED

#122 [trading-chart] exporting to image
#122 ...

#124 [homepage builder 22/22] RUN npm run build
#124 76.66  ✓ Compiled successfully in 73s
#124 76.67    Linting and checking validity of types ...
#124 ...

#122 [trading-chart] exporting to image
#122 exporting layers 85.3s done
#122 exporting manifest sha256:9063f9a02d460d951678902757ffcae15d5999ab1691f3199a80c96c3ae0b0db 0.1s done
#122 exporting config sha256:32c8bec52db71f97c802109d132e56d3632699a9166886ed1e011bc621e00d52
#122 exporting config sha256:32c8bec52db71f97c802109d132e56d3632699a9166886ed1e011bc621e00d52 0.0s done
#122 exporting attestation manifest sha256:c74ca6b6b8efa59d862fa82176e0672d714113da535bd3adb5b085d6fc349848 0.1s done
#122 exporting manifest list sha256:d7966ccea4fdd23b60227fa3ed08b23ff9176fc7829d3396f71871d0a321ac68
#122 exporting manifest list sha256:d7966ccea4fdd23b60227fa3ed08b23ff9176fc7829d3396f71871d0a321ac68 0.0s done
#122 naming to docker.io/library/talaria-trading-chart:canary-20260803b126 0.0s done
#122 unpacking to docker.io/library/talaria-trading-chart:canary-20260803b126
#122 ...

#124 [homepage builder 22/22] RUN npm run build
#124 102.6    Collecting page data ...
#124 110.5    Generating static pages (0/54) ...
#124 112.9  ⚠ Unsupported metadata themeColor is configured in metadata export in /dashboard/sessions/[id]/analytics. Please move it to viewport export instead.
#124 112.9 Read more: https://nextjs.org/docs/app/api-reference/functions/generate-viewport
#124 113.0  ⚠ Unsupported metadata themeColor is configured in metadata export in /_not-found. Please move it to viewport export instead.
#124 113.0 Read more: https://nextjs.org/docs/app/api-reference/functions/generate-viewport
#124 113.3  ⚠ Unsupported metadata themeColor is configured in metadata export in /backtest/analytics. Please move it to viewport export instead.
#124 113.3 Read more: https://nextjs.org/docs/app/api-reference/functions/generate-viewport
#124 113.3  ⚠ Unsupported metadata themeColor is configured in metadata export in /forbidden. Please move it to viewport export instead.
#124 113.3 Read more: https://nextjs.org/docs/app/api-reference/functions/generate-viewport
#124 113.3  ⚠ Unsupported metadata themeColor is configured in metadata export in /journal/pricing. Please move it to viewport export instead.
#124 113.3 Read more: https://nextjs.org/docs/app/api-reference/functions/generate-viewport
#124 113.3  ⚠ Unsupported metadata themeColor is configured in metadata export in /dashboard/journal/trades. Please move it to viewport export instead.
#124 113.3 Read more: https://nextjs.org/docs/app/api-reference/functions/generate-viewport
#124 113.3  ⚠ Unsupported metadata themeColor is configured in metadata export in /dashboard/journal. Please move it to viewport export instead.
#124 113.3 Read more: https://nextjs.org/docs/app/api-reference/functions/generate-viewport
#124 113.3  ⚠ Unsupported metadata themeColor is configured in metadata export in /dashboard/journal/settings. Please move it to viewport export instead.
#124 113.3 Read more: https://nextjs.org/docs/app/api-reference/functions/generate-viewport
#124 113.4  ⚠ Unsupported metadata themeColor is configured in metadata export in /dashboard/journal/analytics/calendar. Please move it to viewport export instead.
#124 113.4 Read more: https://nextjs.org/docs/app/api-reference/functions/generate-viewport
#124 113.5  ⚠ Unsupported metadata themeColor is configured in metadata export in /dashboard. Please move it to viewport export instead.
#124 113.5 Read more: https://nextjs.org/docs/app/api-reference/functions/generate-viewport
#124 113.5  ⚠ Unsupported metadata themeColor is configured in metadata export in /dashboard/support. Please move it to viewport export instead.
#124 113.5 Read more: https://nextjs.org/docs/app/api-reference/functions/generate-viewport
#124 113.5  ⚠ Unsupported metadata themeColor is configured in metadata export in /dashboard/profile. Please move it to viewport export instead.
#124 113.5 Read more: https://nextjs.org/docs/app/api-reference/functions/generate-viewport
#124 113.7  ⚠ Unsupported metadata themeColor is configured in metadata export in /dashboard/journal/analytics/daily-limit-optimization. Please move it to viewport export instead.
#124 113.7 Read more: https://nextjs.org/docs/app/api-reference/functions/generate-viewport
#124 113.7  ⚠ Unsupported metadata themeColor is configured in metadata export in /dashboard/journal/analytics/equity. Please move it to viewport export instead.
#124 113.7 Read more: https://nextjs.org/docs/app/api-reference/functions/generate-viewport
#124 113.7  ⚠ Unsupported metadata themeColor is configured in metadata export in /dashboard/journal/analytics/exitanalysis-amelioration. Please move it to viewport export instead.
#124 113.7 Read more: https://nextjs.org/docs/app/api-reference/functions/generate-viewport
#124 113.7  ⚠ Unsupported metadata themeColor is configured in metadata export in /dashboard/sessions/analytics. Please move it to viewport export instead.
#124 113.7 Read more: https://nextjs.org/docs/app/api-reference/functions/generate-viewport
#124 114.0  ⚠ Unsupported metadata themeColor is configured in metadata export in /dashboard/design/handoff. Please move it to viewport export instead.
#124 114.0 Read more: https://nextjs.org/docs/app/api-reference/functions/generate-viewport
#124 114.0  ⚠ Unsupported metadata themeColor is configured in metadata export in /dashboard/journal/analytics/pnl-distribution. Please move it to viewport export instead.
#124 114.0 Read more: https://nextjs.org/docs/app/api-reference/functions/generate-viewport
#124 114.0  ⚠ Unsupported metadata themeColor is configured in metadata export in /dashboard/journal/analytics/performance-analysis. Please move it to viewport export instead.
#124 114.0 Read more: https://nextjs.org/docs/app/api-reference/functions/generate-viewport
#124 114.0  ⚠ Unsupported metadata themeColor is configured in metadata export in /backtest. Please move it to viewport export instead.
#124 114.0 Read more: https://nextjs.org/docs/app/api-reference/functions/generate-viewport
#124 114.0  ⚠ Unsupported metadata themeColor is configured in metadata export in /journal/subscription-status. Please move it to viewport export instead.
#124 114.0 Read more: https://nextjs.org/docs/app/api-reference/functions/generate-viewport
#124 114.0  ⚠ Unsupported metadata themeColor is configured in metadata export in /bootcamp. Please move it to viewport export instead.
#124 114.0 Read more: https://nextjs.org/docs/app/api-reference/functions/generate-viewport
#124 114.0  ⚠ Unsupported metadata themeColor is configured in metadata export in /. Please move it to viewport export instead.
#124 114.0 Read more: https://nextjs.org/docs/app/api-reference/functions/generate-viewport
#124 114.0    Generating static pages (13/54) 
#124 114.2  ⚠ Unsupported metadata themeColor is configured in metadata export in /dashboard/journal/analytics. Please move it to viewport export instead.
#124 114.2 Read more: https://nextjs.org/docs/app/api-reference/functions/generate-viewport
#124 114.2  ⚠ Unsupported metadata themeColor is configured in metadata export in /ninjatrader. Please move it to viewport export instead.
#124 114.2 Read more: https://nextjs.org/docs/app/api-reference/functions/generate-viewport
#124 114.2  ⚠ Unsupported metadata themeColor is configured in metadata export in /dashboard/backtest/design. Please move it to viewport export instead.
#124 114.2 Read more: https://nextjs.org/docs/app/api-reference/functions/generate-viewport
#124 114.6  ⚠ Unsupported metadata themeColor is configured in metadata export in /backtest/design. Please move it to viewport export instead.
#124 114.6 Read more: https://nextjs.org/docs/app/api-reference/functions/generate-viewport
#124 114.6  ⚠ Unsupported metadata themeColor is configured in metadata export in /dashboard/admin. Please move it to viewport export instead.
#124 114.6 Read more: https://nextjs.org/docs/app/api-reference/functions/generate-viewport
#124 114.6  ⚠ Unsupported metadata themeColor is configured in metadata export in /dashboard/cot. Please move it to viewport export instead.
#124 114.6 Read more: https://nextjs.org/docs/app/api-reference/functions/generate-viewport
#124 114.6  ⚠ Unsupported metadata themeColor is configured in metadata export in /pricing. Please move it to viewport export instead.
#124 114.6 Read more: https://nextjs.org/docs/app/api-reference/functions/generate-viewport
#124 114.6  ⚠ Unsupported metadata themeColor is configured in metadata export in /login. Please move it to viewport export instead.
#124 114.6 Read more: https://nextjs.org/docs/app/api-reference/functions/generate-viewport
#124 114.6  ⚠ Unsupported metadata themeColor is configured in metadata export in /privacy. Please move it to viewport export instead.
#124 114.6 Read more: https://nextjs.org/docs/app/api-reference/functions/generate-viewport
#124 114.6  ⚠ Unsupported metadata themeColor is configured in metadata export in /terms. Please move it to viewport export instead.
#124 114.6 Read more: https://nextjs.org/docs/app/api-reference/functions/generate-viewport
#124 114.9    Generating static pages (26/54) 
#124 114.9  ⚠ Unsupported metadata themeColor is configured in metadata export in /refunds. Please move it to viewport export instead.
#124 114.9 Read more: https://nextjs.org/docs/app/api-reference/functions/generate-viewport
#124 114.9  ⚠ Unsupported metadata themeColor is configured in metadata export in /dashboard/journal/analytics/variables. Please move it to viewport export instead.
#124 114.9 Read more: https://nextjs.org/docs/app/api-reference/functions/generate-viewport
#124 114.9  ⚠ Unsupported metadata themeColor is configured in metadata export in /disclaimer. Please move it to viewport export instead.
#124 114.9 Read more: https://nextjs.org/docs/app/api-reference/functions/generate-viewport
#124 114.9  ⚠ Unsupported metadata themeColor is configured in metadata export in /dashboard/journal/analytics/streaks. Please move it to viewport export instead.
#124 114.9 Read more: https://nextjs.org/docs/app/api-reference/functions/generate-viewport
#124 114.9  ⚠ Unsupported metadata themeColor is configured in metadata export in /dashboard/journal/analytics/symbols. Please move it to viewport export instead.
#124 114.9 Read more: https://nextjs.org/docs/app/api-reference/functions/generate-viewport
#124 114.9  ⚠ Unsupported metadata themeColor is configured in metadata export in /dashboard/journal/analytics/exitanalysis. Please move it to viewport export instead.
#124 114.9 Read more: https://nextjs.org/docs/app/api-reference/functions/generate-viewport
#124 114.9  ⚠ Unsupported metadata themeColor is configured in metadata export in /dashboard/journal/analytics/trade-duration. Please move it to viewport export instead.
#124 114.9 Read more: https://nextjs.org/docs/app/api-reference/functions/generate-viewport
#124 115.0  ⚠ Unsupported metadata themeColor is configured in metadata export in /dashboard/journal/analytics/all-metrics. Please move it to viewport export instead.
#124 115.0 Read more: https://nextjs.org/docs/app/api-reference/functions/generate-viewport
#124 115.0  ⚠ Unsupported metadata themeColor is configured in metadata export in /dashboard/journal/ai-dashboard. Please move it to viewport export instead.
#124 115.0 Read more: https://nextjs.org/docs/app/api-reference/functions/generate-viewport
#124 115.5  ⚠ Unsupported metadata themeColor is configured in metadata export in /dashboard/journal/import-trades. Please move it to viewport export instead.
#124 115.5 Read more: https://nextjs.org/docs/app/api-reference/functions/generate-viewport
#124 115.5  ⚠ Unsupported metadata themeColor is configured in metadata export in /dashboard/journal/journal. Please move it to viewport export instead.
#124 115.5 Read more: https://nextjs.org/docs/app/api-reference/functions/generate-viewport
#124 115.5  ⚠ Unsupported metadata themeColor is configured in metadata export in /dashboard/journal/manage-profiles. Please move it to viewport export instead.
#124 115.5 Read more: https://nextjs.org/docs/app/api-reference/functions/generate-viewport
#124 115.5  ⚠ Unsupported metadata themeColor is configured in metadata export in /dashboard/journal/learn. Please move it to viewport export instead.
#124 115.5 Read more: https://nextjs.org/docs/app/api-reference/functions/generate-viewport
#124 115.5  ⚠ Unsupported metadata themeColor is configured in metadata export in /dashboard/journal/notes. Please move it to viewport export instead.
#124 115.5 Read more: https://nextjs.org/docs/app/api-reference/functions/generate-viewport
#124 115.5  ⚠ Unsupported metadata themeColor is configured in metadata export in /dashboard/journal/select-profile. Please move it to viewport export instead.
#124 115.5 Read more: https://nextjs.org/docs/app/api-reference/functions/generate-viewport
#124 115.6    Generating static pages (40/54) 
#124 115.6  ✓ Generating static pages (54/54)
#124 115.6  ⚠ Unsupported metadata themeColor is configured in metadata export in /pricing/success. Please move it to viewport export instead.
#124 115.6 Read more: https://nextjs.org/docs/app/api-reference/functions/generate-viewport
#124 115.6  ⚠ Unsupported metadata themeColor is configured in metadata export in /register. Please move it to viewport export instead.
#124 115.6 Read more: https://nextjs.org/docs/app/api-reference/functions/generate-viewport
#124 116.8    Finalizing page optimization ...
#124 116.8    Collecting build traces ...
#124 127.2  ⚠ rewrites, redirects, and headers are not applied when exporting your application, detected (rewrites, redirects). See more info here: https://nextjs.org/docs/messages/export-no-custom-routes
#124 127.4    Exporting (0/2) ...
#124 128.1  ✓ Exporting (2/2)
#124 128.2 
#124 128.2 Route (app)                                                    Size  First Load JS
#124 128.2 ┌ ○ /                                                       11.7 kB         215 kB
#124 128.2 ├ ○ /_not-found                                               159 B         103 kB
#124 128.2 ├ ○ /backtest                                                 600 B         104 kB
#124 128.2 ├ ○ /backtest/analytics                                       591 B         104 kB
#124 128.2 ├ ○ /backtest/design                                          600 B         104 kB
#124 128.2 ├ ○ /bootcamp                                                 459 B         103 kB
#124 128.2 ├ ○ /dashboard                                              28.1 kB         275 kB
#124 128.2 ├ ○ /dashboard/admin                                        13.5 kB         116 kB
#124 128.2 ├ ○ /dashboard/backtest/design                                837 B         104 kB
#124 128.2 ├ ○ /dashboard/cot                                          6.74 kB         110 kB
#124 128.2 ├ ○ /dashboard/design/handoff                                 790 B         104 kB
#124 128.2 ├ ○ /dashboard/journal                                      14.4 kB         205 kB
#124 128.2 ├ ○ /dashboard/journal/ai-dashboard                           703 B         104 kB
#124 128.2 ├ ○ /dashboard/journal/analytics                              703 B         104 kB
#124 128.2 ├ ○ /dashboard/journal/analytics/all-metrics                  703 B         104 kB
#124 128.2 ├ ○ /dashboard/journal/analytics/calendar                     703 B         104 kB
#124 128.2 ├ ○ /dashboard/journal/analytics/daily-limit-optimization     703 B         104 kB
#124 128.2 ├ ○ /dashboard/journal/analytics/equity                       703 B         104 kB
#124 128.2 ├ ○ /dashboard/journal/analytics/exitanalysis                 703 B         104 kB
#124 128.2 ├ ○ /dashboard/journal/analytics/exitanalysis-amelioration    703 B         104 kB
#124 128.2 ├ ○ /dashboard/journal/analytics/performance-analysis         703 B         104 kB
#124 128.2 ├ ○ /dashboard/journal/analytics/pnl-distribution             703 B         104 kB
#124 128.2 ├ ○ /dashboard/journal/analytics/streaks                      703 B         104 kB
#124 128.2 ├ ○ /dashboard/journal/analytics/symbols                      703 B         104 kB
#124 128.2 ├ ○ /dashboard/journal/analytics/trade-duration               703 B         104 kB
#124 128.2 ├ ○ /dashboard/journal/analytics/variables                    703 B         104 kB
#124 128.2 ├ ○ /dashboard/journal/import-trades                          703 B         104 kB
#124 128.2 ├ ○ /dashboard/journal/journal                                703 B         104 kB
#124 128.2 ├ ○ /dashboard/journal/learn                                  703 B         104 kB
#124 128.2 ├ ○ /dashboard/journal/manage-profiles                        703 B         104 kB
#124 128.2 ├ ○ /dashboard/journal/notes                                  703 B         104 kB
#124 128.2 ├ ○ /dashboard/journal/select-profile                         703 B         104 kB
#124 128.2 ├ ○ /dashboard/journal/settings                               703 B         104 kB
#124 128.2 ├ ○ /dashboard/journal/trades                                 703 B         104 kB
#124 128.2 ├ ○ /dashboard/profile                                        986 B         119 kB
#124 128.2 ├ ● /dashboard/sessions/[id]/analytics                        374 B         103 kB
#124 128.2 ├   └ /dashboard/sessions/0/analytics
#124 128.2 ├ ○ /dashboard/sessions/analytics                             526 B         103 kB
#124 128.2 ├ ○ /dashboard/support                                        573 B         104 kB
#124 128.2 ├ ○ /disclaimer                                             4.71 kB         167 kB
#124 128.2 ├ ○ /forbidden                                                174 B         147 kB
#124 128.2 ├ ○ /journal/pricing                                          551 B         103 kB
#124 128.2 ├ ○ /journal/subscription-status                              384 B         103 kB
#124 128.2 ├ ○ /login                                                  12.7 kB         127 kB
#124 128.2 ├ ○ /ninjatrader                                            8.55 kB         212 kB
#124 128.2 ├ ○ /pricing                                                8.98 kB         121 kB
#124 128.2 ├ ○ /pricing/success                                        3.07 kB         109 kB
#124 128.2 ├ ○ /privacy                                                3.46 kB         166 kB
#124 128.2 ├ ○ /refunds                                                3.43 kB         166 kB
#124 128.2 ├ ○ /register                                               17.8 kB         221 kB
#124 128.2 ├ ○ /robots.txt                                               159 B         103 kB
#124 128.2 ├ ○ /sitemap.xml                                              159 B         103 kB
#124 128.2 └ ○ /terms                                                  3.62 kB         166 kB
#124 128.2 + First Load JS shared by all                                103 kB
#124 128.2   ├ chunks/1255-7e99df2b3ee3a393.js                         46.1 kB
#124 128.2   ├ chunks/4bd1b696-100b9d70ed4e49c1.js                     54.2 kB
#124 128.2   └ other shared chunks (total)                             2.62 kB
#124 128.2 
#124 128.2 
#124 128.2 ○  (Static)  prerendered as static content
#124 128.2 ●  (SSG)     prerendered as static HTML (uses generateStaticParams)
#124 128.2 
#124 DONE 129.0s

#122 [trading-chart] exporting to image
#122 unpacking to docker.io/library/talaria-trading-chart:canary-20260803b126 49.8s done
#122 DONE 135.8s

#125 [homepage stage-2 2/6] COPY --from=builder /app/homepage/out /usr/share/nginx/html
#125 DONE 1.1s

#126 [trading-chart] resolving provenance for metadata file
#126 DONE 0.1s

#127 [homepage stage-2 3/6] COPY deploy/strip-nonserved-chart-assets.sh /usr/local/bin/strip-nonserved-chart-assets.sh
#127 DONE 0.5s

#128 [homepage stage-2 4/6] RUN chmod +x /usr/local/bin/strip-nonserved-chart-assets.sh     && if [ "1" = "1" ]; then          /usr/local/bin/strip-nonserved-chart-assets.sh /usr/share/nginx/html/chart;        else          echo "strip: SKIPPED (STRIP_NONSERVED_CHART_ASSETS=1)";        fi
#128 0.594 strip: /usr/share/nginx/html/chart  37437397 -> 18001395 bytes (saved 19436002, entry points kept: dist-v9/index.html chart.js multichart-prod/chart-embed.html multichart-prod/embed-bridge.js multichart-prod/panel-cmd-bridge.js multichart-prod/sync-bridge.js multichart-prod/multichart-manager.js dist-v9/assets)
#128 DONE 0.6s

#129 [homepage stage-2 5/6] COPY homepage/nginx.local.conf /etc/nginx/conf.d/default.conf
#129 DONE 0.3s

#130 [homepage stage-2 6/6] COPY securty/nginx-security-headers.conf /etc/nginx/conf.d/security-headers.conf
#130 DONE 0.1s

#131 [homepage] exporting to image
#131 exporting layers
#131 exporting layers 2.7s done
#131 exporting manifest sha256:6c43f6240d3a6af460d578ec059e969059d997ae0cb3d650b96739c6392bcf2e 0.0s done
#131 exporting config sha256:f52bf7804c4775f7f9d02f8650c70ad8de6a0cc4db6cc5e17325406141f70052 0.0s done
#131 exporting attestation manifest sha256:9ae86f184ca99c0d6928159941a9e4f60bc8626210f841f0227a30d4d21b482d 0.1s done
#131 exporting manifest list sha256:d443bed2e120863116a731b02c675bca49e56bb324da983e4d7e48277b458a2a
#131 exporting manifest list sha256:d443bed2e120863116a731b02c675bca49e56bb324da983e4d7e48277b458a2a 0.0s done
#131 naming to docker.io/library/talaria-homepage:canary-20260803b126 0.0s done
#131 unpacking to docker.io/library/talaria-homepage:canary-20260803b126
#131 unpacking to docker.io/library/talaria-homepage:canary-20260803b126 1.0s done
#131 DONE 4.0s

#132 [homepage] resolving provenance for metadata file
#132 DONE 0.0s
 Image talaria-trading-chart:canary-20260803b126 Built 
 Image talaria-homepage:canary-20260803b126 Built 
BUILD_DONE=2026-08-04T12:33:10Z
Error response from daemon: No such image: talaria-trading-chart:latest
��━━━━━━━━━━━━━━━━━━━━━━━━ 323.2/323.2 kB 57.9 MB/s eta 0:00:00
#88 24.33 Downloading pure_eval-0.2.3-py3-none-any.whl (11 kB)
#88 24.34 Downloading argon2_cffi-25.1.0-py3-none-any.whl (14 kB)
#88 24.35 Downloading async_lru-2.3.0-py3-none-any.whl (8.4 kB)
#88 24.36 Downloading babel-2.18.0-py3-none-any.whl (10.2 MB)
#88 24.89    ━━━━━━━━━━━━━━━━━━━━━━━━━━━━━━━━━━━━━━━━ 10.2/10.2 MB 19.2 MB/s eta 0:00:00
#88 24.91 Downloading httpx-0.28.1-py3-none-any.whl (73 kB)
#88 24.93    ━━━━━━━━━━━━━━━━━━━━━━━━━━━━━━━━━━━━━━━━ 73.5/73.5 kB 2.9 MB/s eta 0:00:00
#88 24.94 Downloading httpcore-1.0.9-py3-none-any.whl (78 kB)
#88 24.95    ━━━━━━━━━━━━━━━━━━━━━━━━━━━━━━━━━━━━━━━━ 78.8/78.8 kB 171.5 MB/s eta 0:00:00
#88 24.96 Downloading ipykernel-7.3.0-py3-none-any.whl (120 kB)
#88 24.97    ━━━━━━━━━━━━━━━━━━━━━━━━━━━━━━━━━━━━━━━━ 120.6/120.6 kB 18.5 MB/s eta 0:00:00
#88 24.97 Downloading jinja2-3.1.6-py3-none-any.whl (134 kB)
#88 24.99    ━━━━━━━━━━━━━━━━━━━━━━━━━━━━━━━━━━━━━━━━ 134.9/134.9 kB 11.4 MB/s eta 0:00:00
#88 25.00 Downloading json5-0.15.0-py3-none-any.whl (36 kB)
#88 25.01 Downloading jsonschema-4.26.0-py3-none-any.whl (90 kB)
#88 25.02    ━━━━━━━━━━━━━━━━━━━━━━━━━━━━━━━━━━━━━━━━ 90.6/90.6 kB 26.9 MB/s eta 0:00:00
#88 25.03 Downloading jupyter_client-8.9.1-py3-none-any.whl (109 kB)
#88 25.04    ━━━━━━━━━━━━━━━━━━━━━━━━━━━━━━━━━━━━━━━━ 109.8/109.8 kB 40.6 MB/s eta 0:00:00
#88 25.05 Downloading jupyter_core-5.9.1-py3-none-any.whl (29 kB)
#88 25.06 Downloading jupyter_events-0.12.1-py3-none-any.whl (19 kB)
#88 25.07 Downloading jupyter_lsp-2.3.1-py3-none-any.whl (77 kB)
#88 25.08    ━━━━━━━━━━━━━━━━━━━━━━━━━━━━━━━━━━━━━━━━ 77.5/77.5 kB 167.8 MB/s eta 0:00:00
#88 25.09 Downloading jupyter_server_terminals-0.5.4-py3-none-any.whl (13 kB)
#88 25.10 Downloading nbconvert-7.17.1-py3-none-any.whl (261 kB)
#88 25.11    ━━━━━━━━━━━━━━━━━━━━━━━━━━━━━━━━━━━━━━━━ 261.9/261.9 kB 33.5 MB/s eta 0:00:00
#88 25.12 Downloading nbformat-5.10.4-py3-none-any.whl (78 kB)
#88 25.12    ━━━━━━━━━━━━━━━━━━━━━━━━━━━━━━━━━━━━━━━━ 78.5/78.5 kB 217.1 MB/s eta 0:00:00
#88 25.14 Downloading overrides-7.7.0-py3-none-any.whl (17 kB)
#88 25.15 Downloading prometheus_client-0.26.0-py3-none-any.whl (64 kB)
#88 25.15    ━━━━━━━━━━━━━━━━━━━━━━━━━━━━━━━━━━━━━━━━ 64.5/64.5 kB 234.6 MB/s eta 0:00:00
#88 25.16 Downloading pyzmq-27.1.0-cp311-cp311-manylinux_2_26_x86_64.manylinux_2_28_x86_64.whl (857 kB)
#88 25.19    ━━━━━━━━━━━━━━━━━━━━━━━━━━━━━━━━━━━━━━━━ 857.0/857.0 kB 36.9 MB/s eta 0:00:00
#88 25.20 Downloading send2trash-2.1.0-py3-none-any.whl (17 kB)
#88 25.22 Downloading terminado-0.18.1-py3-none-any.whl (14 kB)
#88 25.22 Downloading websocket_client-1.9.0-py3-none-any.whl (82 kB)
#88 25.23    ━━━━━━━━━━━━━━━━━━━━━━━━━━━━━━━━━━━━━━━━ 82.6/82.6 kB 212.5 MB/s eta 0:00:00
#88 25.25 Downloading attrs-26.1.0-py3-none-any.whl (67 kB)
#88 25.25    ━━━━━━━━━━━━━━━━━━━━━━━━━━━━━━━━━━━━━━━━ 67.5/67.5 kB 280.5 MB/s eta 0:00:00
#88 25.26 Downloading bleach-6.4.0-py3-none-any.whl (165 kB)
#88 25.29    ━━━━━━━━━━━━━━━━━━━━━━━━━━━━━━━━━━━━━━━━ 165.1/165.1 kB 6.5 MB/s eta 0:00:00
#88 25.30 Downloading debugpy-1.8.21-cp311-cp311-manylinux_2_34_x86_64.whl (3.1 MB)
#88 25.42    ━━━━━━━━━━━━━━━━━━━━━━━━━━━━━━━━━━━━━━━━ 3.1/3.1 MB 27.9 MB/s eta 0:00:00
#88 25.42 Downloading fastjsonschema-2.22.1-py3-none-any.whl (26 kB)
#88 25.43 Downloading jsonschema_specifications-2025.9.1-py3-none-any.whl (18 kB)
#88 25.44 Downloading mistune-3.3.4-py3-none-any.whl (66 kB)
#88 25.44    ━━━━━━━━━━━━━━━━━━━━━━━━━━━━━━━━━━━━━━━━ 66.9/66.9 kB 246.0 MB/s eta 0:00:00
#88 25.45 Downloading nbclient-0.11.0-py3-none-any.whl (25 kB)
#88 25.46 Downloading nest_asyncio2-1.7.2-py3-none-any.whl (7.8 kB)
#88 25.46 Downloading pandocfilters-1.5.1-py2.py3-none-any.whl (8.7 kB)
#88 25.47 Downloading python_json_logger-4.1.0-py3-none-any.whl (15 kB)
#88 25.47 Downloading referencing-0.37.0-py3-none-any.whl (26 kB)
#88 25.48 Downloading rfc3986_validator-0.1.1-py2.py3-none-any.whl (4.2 kB)
#88 25.48 Downloading rpds_py-2026.6.3-cp311-cp311-manylinux_2_17_x86_64.manylinux2014_x86_64.whl (371 kB)
#88 25.49    ━━━━━━━━━━━━━━━━━━━━━━━━━━━━━━━━━━━━━━━━ 371.3/371.3 kB 49.0 MB/s eta 0:00:00
#88 25.50 Downloading argon2_cffi_bindings-25.1.0-cp39-abi3-manylinux_2_26_x86_64.manylinux_2_28_x86_64.whl (87 kB)
#88 25.51    ━━━━━━━━━━━━━━━━━━━━━━━━━━━━━━━━━━━━━━━━ 87.1/87.1 kB 296.8 MB/s eta 0:00:00
#88 25.52 Downloading defusedxml-0.7.1-py2.py3-none-any.whl (25 kB)
#88 25.53 Downloading jupyterlab_pygments-0.3.0-py3-none-any.whl (15 kB)
#88 25.53 Downloading rfc3339_validator-0.1.4-py2.py3-none-any.whl (3.5 kB)
#88 25.54 Downloading jsonpointer-3.1.1-py3-none-any.whl (7.7 kB)
#88 25.55 Downloading rfc3987_syntax-1.1.0-py3-none-any.whl (8.0 kB)
#88 25.56 Downloading tinycss2-1.5.1-py3-none-any.whl (28 kB)
#88 25.56 Downloading webcolors-25.10.0-py3-none-any.whl (14 kB)
#88 25.57 Downloading webencodings-0.5.1-py2.py3-none-any.whl (11 kB)
#88 25.58 Downloading fqdn-1.5.1-py3-none-any.whl (9.1 kB)
#88 25.59 Downloading isoduration-20.11.0-py3-none-any.whl (11 kB)
#88 25.62 Downloading uri_template-1.3.0-py3-none-any.whl (11 kB)
#88 25.63 Downloading arrow-1.4.0-py3-none-any.whl (68 kB)
#88 25.65    ━━━━━━━━━━━━━━━━━━━━━━━━━━━━━━━━━━━━━━━━ 68.8/68.8 kB 5.5 MB/s eta 0:00:00
#88 25.66 Downloading lark-1.3.1-py3-none-any.whl (113 kB)
#88 25.66    ━━━━━━━━━━━━━━━━━━━━━━━━━━━━━━━━━━━━━━━━ 113.2/113.2 kB 58.2 MB/s eta 0:00:00
#88 25.67 Downloading tzdata-2026.3-py2.py3-none-any.whl (348 kB)
#88 25.70    ━━━━━━━━━━━━━━━━━━━━━━━━━━━━━━━━━━━━━━━━ 348.2/348.2 kB 16.4 MB/s eta 0:00:00
#88 27.04 Installing collected packages: webencodings, sortedcontainers, pytz, pure-eval, ptyprocess, passlib, multitasking, ipython-genutils, char, websockets, websocket-client, webcolors, wcwidth, uvloop, urllib3, uritemplate, uri-template, tzdata, typing-extensions, traitlets, tqdm, tornado, tinycss2, soupsieve, sniffio, six, send2trash, rpds-py, rfc3986-validator, redis, pyzmq, pyyaml, python-multipart, python-json-logger, python-dotenv, pyparsing, PyJWT, pygments, pycparser, pyasn1, psycopg2-binary, psutil, protobuf, prometheus-client, pluggy, platformdirs, pexpect, peewee, parso, pandocfilters, overrides, numpy, nest-asyncio2, msgpack, mistune, MarkupSafe, lark, jupyterlab-widgets, jupyterlab-pygments, jsonpointer, json5, iniconfig, idna, httptools, h11, gunicorn, greenlet, frozendict, fqdn, fastjsonschema, executing, defusedxml, decorator, debugpy, comm, click, charset_normalizer, certifi, cachetools, bleach, babel, attrs, async-lru, asttokens, annotated-types, werkzeug, uvicorn, typing-inspection, terminado, stack_data, sqlalchemy, sentry-sdk, rsa, rfc3987-syntax, rfc3339-validator, requests, referencing, python-dateutil, pytest, pydantic-core, pyasn1-modules, proto-plus, prompt_toolkit, mpire, matplotlib-inline, jupyter-core, jinja2, jedi, ipython-pygments-lexers, httplib2, httpcore, googleapis-common-protos, fakeredis, cffi, beautifulsoup4, anyio, watchfiles, stripe, starlette, pydantic, pandas, jupyter-server-terminals, jupyter-client, jupyter-builder, jsonschema-specifications, ipython, httpx, google-auth, bcrypt, arrow, argon2-cffi-bindings, yfinance, jsonschema, isoduration, ipykernel, google-auth-httplib2, google-api-core, fastapi, argon2-cffi, nbformat, google-api-python-client, nbclient, jupyter-events, nbconvert, jupyter-server, notebook-shim, jupyterlab-server, jupyter-lsp, jupyterlab, notebook, widgetsnbextension, ipywidgets, binance-historical-data
#88 70.03 Successfully installed MarkupSafe-3.0.3 PyJWT-2.10.1 annotated-types-0.8.0 anyio-3.7.1 argon2-cffi-25.1.0 argon2-cffi-bindings-25.1.0 arrow-1.4.0 asttokens-3.0.2 async-lru-2.3.0 attrs-26.1.0 babel-2.18.0 bcrypt-3.2.2 beautifulsoup4-4.15.0 binance-historical-data-0.1.14 bleach-6.4.0 cachetools-5.5.2 certifi-2026.7.22 cffi-2.1.1 char-0.1.2 charset_normalizer-3.4.9 click-8.4.2 comm-0.2.3 debugpy-1.8.21 decorator-5.3.1 defusedxml-0.7.1 executing-2.2.1 fakeredis-2.23.3 fastapi-0.104.1 fastjsonschema-2.22.1 fqdn-1.5.1 frozendict-2.4.7 google-api-core-2.33.0 google-api-python-client-2.114.0 google-auth-2.25.2 google-auth-httplib2-0.2.0 googleapis-common-protos-1.75.0 greenlet-3.5.4 gunicorn-21.2.0 h11-0.16.0 httpcore-1.0.9 httplib2-0.32.0 httptools-0.8.0 httpx-0.28.1 idna-3.18 iniconfig-2.3.0 ipykernel-7.3.0 ipython-9.10.1 ipython-genutils-0.2.0 ipython-pygments-lexers-1.1.1 ipywidgets-7.8.5 isoduration-20.11.0 jedi-0.20.0 jinja2-3.1.6 json5-0.15.0 jsonpointer-3.1.1 jsonschema-4.26.0 jsonschema-specifications-2025.9.1 jupyter-builder-1.2.1 jupyter-client-8.9.1 jupyter-core-5.9.1 jupyter-events-0.12.1 jupyter-lsp-2.3.1 jupyter-server-2.20.0 jupyter-server-terminals-0.5.4 jupyterlab-4.6.2 jupyterlab-pygments-0.3.0 jupyterlab-server-2.28.0 jupyterlab-widgets-1.1.11 lark-1.3.1 matplotlib-inline-0.2.2 mistune-3.3.4 mpire-2.10.2 msgpack-1.0.7 multitasking-0.0.13 nbclient-0.11.0 nbconvert-7.17.1 nbformat-5.10.4 nest-asyncio2-1.7.2 notebook-7.6.1 notebook-shim-0.2.4 numpy-1.26.4 overrides-7.7.0 pandas-3.0.5 pandocfilters-1.5.1 parso-0.8.7 passlib-1.7.4 peewee-4.3.0 pexpect-4.9.0 platformdirs-4.11.0 pluggy-1.6.0 prometheus-client-0.26.0 prompt_toolkit-3.0.53 proto-plus-1.28.2 protobuf-7.35.1 psutil-6.1.0 psycopg2-binary-2.9.9 ptyprocess-0.7.0 pure-eval-0.2.3 pyasn1-0.6.4 pyasn1-modules-0.4.2 pycparser-3.0 pydantic-2.13.4 pydantic-core-2.46.4 pygments-2.20.0 pyparsing-3.3.2 pytest-9.1.1 python-dateutil-2.9.0.post0 python-dotenv-1.2.2 python-json-logger-4.1.0 python-multipart-0.0.6 pytz-2026.3.post1 pyyaml-6.0.3 pyzmq-27.1.0 redis-5.0.8 referencing-0.37.0 requests-2.34.2 rfc3339-validator-0.1.4 rfc3986-validator-0.1.1 rfc3987-syntax-1.1.0 rpds-py-2026.6.3 rsa-4.9.1 send2trash-2.1.0 sentry-sdk-2.63.0 six-1.17.0 sniffio-1.3.1 sortedcontainers-2.4.0 soupsieve-2.9.1 sqlalchemy-2.0.23 stack_data-0.6.3 starlette-0.27.0 stripe-15.4.0 terminado-0.18.1 tinycss2-1.5.1 tornado-6.5.7 tqdm-4.70.0 traitlets-5.16.1 typing-extensions-4.16.0 typing-inspection-0.4.2 tzdata-2026.3 uri-template-1.3.0 uritemplate-4.2.0 urllib3-2.7.0 uvicorn-0.24.0 uvloop-0.22.1 watchfiles-1.2.0 wcwidth-0.8.2 webcolors-25.10.0 webencodings-0.5.1 websocket-client-1.9.0 websockets-17.0.1 werkzeug-3.0.1 widgetsnbextension-3.6.10 yfinance-0.2.55
#88 70.03 WARNING: Running pip as the 'root' user can result in broken permissions and conflicting behaviour with the system package manager. It is recommended to use a virtual environment instead: https://pip.pypa.io/warnings/venv
#88 DONE 73.0s

#86 [homepage builder 22/22] RUN npm run build
#86 ...

#89 [trading-chart stage-1  6/23] COPY [securty/python, /opt/talaria_security_lib]
#89 DONE 0.6s

#86 [homepage builder 22/22] RUN npm run build
#86 ...

#90 [trading-chart stage-1  7/23] COPY [chart v 1.4/chart/package.json, chart v 1.4/chart/package-lock.json, ./]
#90 DONE 0.1s

#91 [trading-chart stage-1  8/23] RUN npm ci
#91 4.168 
#91 4.168 added 40 packages, and audited 41 packages in 2s
#91 4.168 
#91 4.168 1 package is looking for funding
#91 4.168   run `npm fund` for details
#91 4.173 
#91 4.173 found 0 vulnerabilities
#91 DONE 4.6s

#86 [homepage builder 22/22] RUN npm run build
#86 85.23  ✓ Compiled successfully in 81s
#86 85.24    Linting and checking validity of types ...
#86 ...

#92 [trading-chart stage-1  9/23] COPY [chart v 1.4/chart, ./]
#92 DONE 1.6s

#93 [trading-chart stage-1 10/23] COPY [shared/entitlements.json, ./shared/entitlements.json]
#93 DONE 0.2s

#86 [homepage builder 22/22] RUN npm run build
#86 ...

#94 [trading-chart stage-1 11/23] COPY [homepage/src/app/dashboard/analytics/backend, ./analytics_backend]
#94 DONE 0.2s

#95 [trading-chart stage-1 12/23] RUN test -f ./analytics_backend/backtest_whatif.py     && test -d ./analytics_backend/analytics_core     && python3 -c "import _analytics_bootstrap; p=_analytics_bootstrap.install(); import analytics_core; print('analytics backend:', p)"
#95 0.666 analytics backend: /app/analytics_backend
#95 DONE 0.7s

#96 [trading-chart stage-1 13/23] COPY --from=v9_react /build/chart/dist-v9 ./dist-v9
#96 DONE 0.3s

#86 [homepage builder 22/22] RUN npm run build
#86 ...

#97 [trading-chart stage-1 14/23] COPY --from=v9_react /build/chart/modules ./modules
#97 DONE 1.1s

#86 [homepage builder 22/22] RUN npm run build
#86 ...

#98 [trading-chart stage-1 15/23] COPY --from=v9_react /build/chart/chart.js ./chart.js
#98 DONE 2.2s

#86 [homepage builder 22/22] RUN npm run build
#86 ...

#99 [trading-chart stage-1 16/23] COPY --from=v9_react /build/chart/multichart-prod ./multichart-prod
#99 DONE 2.3s

#86 [homepage builder 22/22] RUN npm run build
#86 ...

#100 [trading-chart stage-1 17/23] COPY --from=v9_react /build/chart/workers ./workers
#100 DONE 0.4s

#86 [homepage builder 22/22] RUN npm run build
#86 ...

#101 [trading-chart stage-1 18/23] COPY --from=v9_react /build/chart/vendor ./vendor
#101 DONE 0.3s

#86 [homepage builder 22/22] RUN npm run build
#86 ...

#102 [trading-chart stage-1 19/23] COPY --from=v9_react /build/chart/fonts ./fonts
#102 DONE 0.5s

#86 [homepage builder 22/22] RUN npm run build
#86 ...

#103 [trading-chart stage-1 20/23] COPY --from=v9_react /build/chart/sw.js ./sw.js
#103 DONE 0.3s

#86 [homepage builder 22/22] RUN npm run build
#86 ...

#104 [trading-chart stage-1 21/23] COPY --from=v9_react /build/chart/build-info.jso[n] ./
#104 DONE 0.5s

#86 [homepage builder 22/22] RUN npm run build
#86 ...

#105 [trading-chart stage-1 22/23] RUN if [ "0" = "1" ]; then         npm run build:chart-client;     else         echo "Skipping build:chart-client — dist-v9 is the canonical served app";     fi
#105 0.657 Skipping build:chart-client — dist-v9 is the canonical served app
#105 DONE 0.8s

#106 [trading-chart stage-1 23/23] RUN mkdir -p uploads/bin uploads/tiles uploads/aggregates data db indicators
#106 DONE 1.1s

#86 [homepage builder 22/22] RUN npm run build
#86 ...

#107 [trading-chart] exporting to image
#107 exporting layers
#107 ...

#86 [homepage builder 22/22] RUN npm run build
#86 122.0    Collecting page data ...
#86 130.1    Generating static pages (0/54) ...
#86 131.4  ⚠ Unsupported metadata themeColor is configured in metadata export in /dashboard/journal/analytics/daily-limit-optimization. Please move it to viewport export instead.
#86 131.4 Read more: https://nextjs.org/docs/app/api-reference/functions/generate-viewport
#86 131.5  ⚠ Unsupported metadata themeColor is configured in metadata export in /dashboard/journal/analytics/equity. Please move it to viewport export instead.
#86 131.5 Read more: https://nextjs.org/docs/app/api-reference/functions/generate-viewport
#86 132.1  ⚠ Unsupported metadata themeColor is configured in metadata export in /dashboard/journal/analytics/exitanalysis-amelioration. Please move it to viewport export instead.
#86 132.1 Read more: https://nextjs.org/docs/app/api-reference/functions/generate-viewport
#86 132.1  ⚠ Unsupported metadata themeColor is configured in metadata export in /dashboard/journal/analytics/exitanalysis. Please move it to viewport export instead.
#86 132.1 Read more: https://nextjs.org/docs/app/api-reference/functions/generate-viewport
#86 132.1  ⚠ Unsupported metadata themeColor is configured in metadata export in /dashboard/journal/analytics. Please move it to viewport export instead.
#86 132.1 Read more: https://nextjs.org/docs/app/api-reference/functions/generate-viewport
#86 132.1  ⚠ Unsupported metadata themeColor is configured in metadata export in /dashboard/backtest/design. Please move it to viewport export instead.
#86 132.1 Read more: https://nextjs.org/docs/app/api-reference/functions/generate-viewport
#86 132.1  ⚠ Unsupported metadata themeColor is configured in metadata export in /dashboard/journal/analytics/performance-analysis. Please move it to viewport export instead.
#86 132.1 Read more: https://nextjs.org/docs/app/api-reference/functions/generate-viewport
#86 132.1  ⚠ Unsupported metadata themeColor is configured in metadata export in /dashboard/journal/analytics/pnl-distribution. Please move it to viewport export instead.
#86 132.1 Read more: https://nextjs.org/docs/app/api-reference/functions/generate-viewport
#86 132.1  ⚠ Unsupported metadata themeColor is configured in metadata export in /dashboard/journal/analytics/streaks. Please move it to viewport export instead.
#86 132.1 Read more: https://nextjs.org/docs/app/api-reference/functions/generate-viewport
#86 132.1  ⚠ Unsupported metadata themeColor is configured in metadata export in /dashboard/journal/analytics/symbols. Please move it to viewport export instead.
#86 132.1 Read more: https://nextjs.org/docs/app/api-reference/functions/generate-viewport
#86 132.2  ⚠ Unsupported metadata themeColor is configured in metadata export in /backtest/analytics. Please move it to viewport export instead.
#86 132.2 Read more: https://nextjs.org/docs/app/api-reference/functions/generate-viewport
#86 132.2  ⚠ Unsupported metadata themeColor is configured in metadata export in /dashboard/journal/analytics/trade-duration. Please move it to viewport export instead.
#86 132.2 Read more: https://nextjs.org/docs/app/api-reference/functions/generate-viewport
#86 132.2  ⚠ Unsupported metadata themeColor is configured in metadata export in /dashboard/journal/analytics/all-metrics. Please move it to viewport export instead.
#86 132.2 Read more: https://nextjs.org/docs/app/api-reference/functions/generate-viewport
#86 132.2  ⚠ Unsupported metadata themeColor is configured in metadata export in /dashboard/journal/analytics/variables. Please move it to viewport export instead.
#86 132.2 Read more: https://nextjs.org/docs/app/api-reference/functions/generate-viewport
#86 132.5  ⚠ Unsupported metadata themeColor is configured in metadata export in /dashboard/journal/import-trades. Please move it to viewport export instead.
#86 132.5 Read more: https://nextjs.org/docs/app/api-reference/functions/generate-viewport
#86 132.5  ⚠ Unsupported metadata themeColor is configured in metadata export in /dashboard/journal/journal. Please move it to viewport export instead.
#86 132.5 Read more: https://nextjs.org/docs/app/api-reference/functions/generate-viewport
#86 132.5  ⚠ Unsupported metadata themeColor is configured in metadata export in /dashboard/journal/manage-profiles. Please move it to viewport export instead.
#86 132.5 Read more: https://nextjs.org/docs/app/api-reference/functions/generate-viewport
#86 132.5  ⚠ Unsupported metadata themeColor is configured in metadata export in /_not-found. Please move it to viewport export instead.
#86 132.5 Read more: https://nextjs.org/docs/app/api-reference/functions/generate-viewport
#86 132.5  ⚠ Unsupported metadata themeColor is configured in metadata export in /backtest/design. Please move it to viewport export instead.
#86 132.5 Read more: https://nextjs.org/docs/app/api-reference/functions/generate-viewport
#86 132.5  ⚠ Unsupported metadata themeColor is configured in metadata export in /forbidden. Please move it to viewport export instead.
#86 132.5 Read more: https://nextjs.org/docs/app/api-reference/functions/generate-viewport
#86 132.5  ⚠ Unsupported metadata themeColor is configured in metadata export in /dashboard/sessions/[id]/analytics. Please move it to viewport export instead.
#86 132.5 Read more: https://nextjs.org/docs/app/api-reference/functions/generate-viewport
#86 132.6  ⚠ Unsupported metadata themeColor is configured in metadata export in /backtest. Please move it to viewport export instead.
#86 132.6 Read more: https://nextjs.org/docs/app/api-reference/functions/generate-viewport
#86 132.6  ⚠ Unsupported metadata themeColor is configured in metadata export in /journal/pricing. Please move it to viewport export instead.
#86 132.6 Read more: https://nextjs.org/docs/app/api-reference/functions/generate-viewport
#86 132.6    Generating static pages (13/54) 
#86 132.7  ⚠ Unsupported metadata themeColor is configured in metadata export in /dashboard/journal/learn. Please move it to viewport export instead.
#86 132.7 Read more: https://nextjs.org/docs/app/api-reference/functions/generate-viewport
#86 132.7  ⚠ Unsupported metadata themeColor is configured in metadata export in /dashboard/journal/notes. Please move it to viewport export instead.
#86 132.7 Read more: https://nextjs.org/docs/app/api-reference/functions/generate-viewport
#86 132.7  ⚠ Unsupported metadata themeColor is configured in metadata export in /dashboard/journal/settings. Please move it to viewport export instead.
#86 132.7 Read more: https://nextjs.org/docs/app/api-reference/functions/generate-viewport
#86 132.7  ⚠ Unsupported metadata themeColor is configured in metadata export in /dashboard/journal/select-profile. Please move it to viewport export instead.
#86 132.7 Read more: https://nextjs.org/docs/app/api-reference/functions/generate-viewport
#86 132.7  ⚠ Unsupported metadata themeColor is configured in metadata export in /dashboard/journal/trades. Please move it to viewport export instead.
#86 132.7 Read more: https://nextjs.org/docs/app/api-reference/functions/generate-viewport
#86 132.7  ⚠ Unsupported metadata themeColor is configured in metadata export in /dashboard/journal. Please move it to viewport export instead.
#86 132.7 Read more: https://nextjs.org/docs/app/api-reference/functions/generate-viewport
#86 132.7    Generating static pages (26/54) 
#86 132.8  ⚠ Unsupported metadata themeColor is configured in metadata export in /dashboard/profile. Please move it to viewport export instead.
#86 132.8 Read more: https://nextjs.org/docs/app/api-reference/functions/generate-viewport
#86 132.8  ⚠ Unsupported metadata themeColor is configured in metadata export in /dashboard. Please move it to viewport export instead.
#86 132.8 Read more: https://nextjs.org/docs/app/api-reference/functions/generate-viewport
#86 133.0  ⚠ Unsupported metadata themeColor is configured in metadata export in /dashboard/support. Please move it to viewport export instead.
#86 133.0 Read more: https://nextjs.org/docs/app/api-reference/functions/generate-viewport
#86 133.1  ⚠ Unsupported metadata themeColor is configured in metadata export in /journal/subscription-status. Please move it to viewport export instead.
#86 133.1 Read more: https://nextjs.org/docs/app/api-reference/functions/generate-viewport
#86 133.1  ⚠ Unsupported metadata themeColor is configured in metadata export in /. Please move it to viewport export instead.
#86 133.1 Read more: https://nextjs.org/docs/app/api-reference/functions/generate-viewport
#86 133.3  ⚠ Unsupported metadata themeColor is configured in metadata export in /dashboard/sessions/analytics. Please move it to viewport export instead.
#86 133.3 Read more: https://nextjs.org/docs/app/api-reference/functions/generate-viewport
#86 133.3  ⚠ Unsupported metadata themeColor is configured in metadata export in /disclaimer. Please move it to viewport export instead.
#86 133.3 Read more: https://nextjs.org/docs/app/api-reference/functions/generate-viewport
#86 133.3  ⚠ Unsupported metadata themeColor is configured in metadata export in /login. Please move it to viewport export instead.
#86 133.3 Read more: https://nextjs.org/docs/app/api-reference/functions/generate-viewport
#86 133.3  ⚠ Unsupported metadata themeColor is configured in metadata export in /pricing. Please move it to viewport export instead.
#86 133.3 Read more: https://nextjs.org/docs/app/api-reference/functions/generate-viewport
#86 133.3  ⚠ Unsupported metadata themeColor is configured in metadata export in /ninjatrader. Please move it to viewport export instead.
#86 133.3 Read more: https://nextjs.org/docs/app/api-reference/functions/generate-viewport
#86 133.3  ⚠ Unsupported metadata themeColor is configured in metadata export in /register. Please move it to viewport export instead.
#86 133.3 Read more: https://nextjs.org/docs/app/api-reference/functions/generate-viewport
#86 133.3  ⚠ Unsupported metadata themeColor is configured in metadata export in /bootcamp. Please move it to viewport export instead.
#86 133.3 Read more: https://nextjs.org/docs/app/api-reference/functions/generate-viewport
#86 133.3  ⚠ Unsupported metadata themeColor is configured in metadata export in /dashboard/admin. Please move it to viewport export instead.
#86 133.3 Read more: https://nextjs.org/docs/app/api-reference/functions/generate-viewport
#86 133.3  ⚠ Unsupported metadata themeColor is configured in metadata export in /dashboard/cot. Please move it to viewport export instead.
#86 133.3 Read more: https://nextjs.org/docs/app/api-reference/functions/generate-viewport
#86 133.3  ⚠ Unsupported metadata themeColor is configured in metadata export in /dashboard/design/handoff. Please move it to viewport export instead.
#86 133.3 Read more: https://nextjs.org/docs/app/api-reference/functions/generate-viewport
#86 133.5    Generating static pages (40/54) 
#86 133.5  ⚠ Unsupported metadata themeColor is configured in metadata export in /privacy. Please move it to viewport export instead.
#86 133.5 Read more: https://nextjs.org/docs/app/api-reference/functions/generate-viewport
#86 133.5  ⚠ Unsupported metadata themeColor is configured in metadata export in /refunds. Please move it to viewport export instead.
#86 133.5 Read more: https://nextjs.org/docs/app/api-reference/functions/generate-viewport
#86 133.5  ⚠ Unsupported metadata themeColor is configured in metadata export in /dashboard/journal/ai-dashboard. Please move it to viewport export instead.
#86 133.5 Read more: https://nextjs.org/docs/app/api-reference/functions/generate-viewport
#86 133.5  ⚠ Unsupported metadata themeColor is configured in metadata export in /dashboard/journal/analytics/calendar. Please move it to viewport export instead.
#86 133.5 Read more: https://nextjs.org/docs/app/api-reference/functions/generate-viewport
#86 134.0  ⚠ Unsupported metadata themeColor is configured in metadata export in /terms. Please move it to viewport export instead.
#86 134.0 Read more: https://nextjs.org/docs/app/api-reference/functions/generate-viewport
#86 134.0  ⚠ Unsupported metadata themeColor is configured in metadata export in /pricing/success. Please move it to viewport export instead.
#86 134.0 Read more: https://nextjs.org/docs/app/api-reference/functions/generate-viewport
#86 134.0  ✓ Generating static pages (54/54)
#86 135.2    Finalizing page optimization ...
#86 135.2    Collecting build traces ...
#86 145.5  ⚠ rewrites, redirects, and headers are not applied when exporting your application, detected (rewrites, redirects). See more info here: https://nextjs.org/docs/messages/export-no-custom-routes
#86 145.9    Exporting (0/2) ...
#86 146.5  ✓ Exporting (2/2)
#86 146.6 
#86 146.6 Route (app)                                                    Size  First Load JS
#86 146.6 ┌ ○ /                                                       11.7 kB         215 kB
#86 146.6 ├ ○ /_not-found                                               159 B         103 kB
#86 146.6 ├ ○ /backtest                                                 600 B         104 kB
#86 146.6 ├ ○ /backtest/analytics                                       591 B         104 kB
#86 146.6 ├ ○ /backtest/design                                          600 B         104 kB
#86 146.6 ├ ○ /bootcamp                                                 459 B         103 kB
#86 146.6 ├ ○ /dashboard                                              28.1 kB         275 kB
#86 146.6 ├ ○ /dashboard/admin                                        13.5 kB         116 kB
#86 146.6 ├ ○ /dashboard/backtest/design                                837 B         104 kB
#86 146.6 ├ ○ /dashboard/cot                                          6.74 kB         110 kB
#86 146.6 ├ ○ /dashboard/design/handoff                                 790 B         104 kB
#86 146.6 ├ ○ /dashboard/journal                                      14.4 kB         205 kB
#86 146.6 ├ ○ /dashboard/journal/ai-dashboard                           703 B         104 kB
#86 146.6 ├ ○ /dashboard/journal/analytics                              703 B         104 kB
#86 146.6 ├ ○ /dashboard/journal/analytics/all-metrics                  703 B         104 kB
#86 146.6 ├ ○ /dashboard/journal/analytics/calendar                     703 B         104 kB
#86 146.6 ├ ○ /dashboard/journal/analytics/daily-limit-optimization     703 B         104 kB
#86 146.6 ├ ○ /dashboard/journal/analytics/equity                       703 B         104 kB
#86 146.6 ├ ○ /dashboard/journal/analytics/exitanalysis                 703 B         104 kB
#86 146.6 ├ ○ /dashboard/journal/analytics/exitanalysis-amelioration    703 B         104 kB
#86 146.6 ├ ○ /dashboard/journal/analytics/performance-analysis         703 B         104 kB
#86 146.6 ├ ○ /dashboard/journal/analytics/pnl-distribution             703 B         104 kB
#86 146.6 ├ ○ /dashboard/journal/analytics/streaks                      703 B         104 kB
#86 146.6 ├ ○ /dashboard/journal/analytics/symbols                      703 B         104 kB
#86 146.6 ├ ○ /dashboard/journal/analytics/trade-duration               703 B         104 kB
#86 146.6 ├ ○ /dashboard/journal/analytics/variables                    703 B         104 kB
#86 146.6 ├ ○ /dashboard/journal/import-trades                          703 B         104 kB
#86 146.6 ├ ○ /dashboard/journal/journal                                703 B         104 kB
#86 146.6 ├ ○ /dashboard/journal/learn                                  703 B         104 kB
#86 146.6 ├ ○ /dashboard/journal/manage-profiles                        703 B         104 kB
#86 146.6 ├ ○ /dashboard/journal/notes                                  703 B         104 kB
#86 146.6 ├ ○ /dashboard/journal/select-profile                         703 B         104 kB
#86 146.6 ├ ○ /dashboard/journal/settings                               703 B         104 kB
#86 146.6 ├ ○ /dashboard/journal/trades                                 703 B         104 kB
#86 146.6 ├ ○ /dashboard/profile                                        986 B         119 kB
#86 146.6 ├ ● /dashboard/sessions/[id]/analytics                        374 B         103 kB
#86 146.6 ├   └ /dashboard/sessions/0/analytics
#86 146.6 ├ ○ /dashboard/sessions/analytics                             526 B         103 kB
#86 146.6 ├ ○ /dashboard/support                                        573 B         104 kB
#86 146.6 ├ ○ /disclaimer                                             4.71 kB         167 kB
#86 146.6 ├ ○ /forbidden                                                174 B         147 kB
#86 146.6 ├ ○ /journal/pricing                                          551 B         103 kB
#86 146.6 ├ ○ /journal/subscription-status                              384 B         103 kB
#86 146.6 ├ ○ /login                                                  12.7 kB         127 kB
#86 146.6 ├ ○ /ninjatrader                                            8.55 kB         212 kB
#86 146.6 ├ ○ /pricing                                                8.98 kB         121 kB
#86 146.6 ├ ○ /pricing/success                                        3.07 kB         109 kB
#86 146.6 ├ ○ /privacy                                                3.46 kB         166 kB
#86 146.6 ├ ○ /refunds                                                3.43 kB         166 kB
#86 146.6 ├ ○ /register                                               17.8 kB         221 kB
#86 146.6 ├ ○ /robots.txt                                               159 B         103 kB
#86 146.6 ├ ○ /sitemap.xml                                              159 B         103 kB
#86 146.6 └ ○ /terms                                                  3.62 kB         166 kB
#86 146.6 + First Load JS shared by all                                103 kB
#86 146.6   ├ chunks/1255-7e99df2b3ee3a393.js                         46.1 kB
#86 146.6   ├ chunks/4bd1b696-100b9d70ed4e49c1.js                     54.2 kB
#86 146.6   └ other shared chunks (total)                             2.62 kB
#86 146.6 
#86 146.6 
#86 146.6 ○  (Static)  prerendered as static content
#86 146.6 ●  (SSG)     prerendered as static HTML (uses generateStaticParams)
#86 146.6 
#86 DONE 147.1s

#107 [trading-chart] exporting to image
#107 ...

#13 [homepage stage-2 1/6] FROM docker.io/library/nginx:alpine@sha256:4a73073bd557c65b759505da037898b61f1be6cbcc3c2c3aeac22d2a470c1752
#13 CACHED

#108 [homepage stage-2 2/6] COPY --from=builder /app/homepage/out /usr/share/nginx/html
#108 DONE 1.2s

#107 [trading-chart] exporting to image
#107 ...

#109 [homepage stage-2 3/6] COPY deploy/strip-nonserved-chart-assets.sh /usr/local/bin/strip-nonserved-chart-assets.sh
#109 DONE 0.1s

#110 [homepage stage-2 4/6] RUN chmod +x /usr/local/bin/strip-nonserved-chart-assets.sh     && if [ "1" = "1" ]; then          /usr/local/bin/strip-nonserved-chart-assets.sh /usr/share/nginx/html/chart;        else          echo "strip: SKIPPED (STRIP_NONSERVED_CHART_ASSETS=1)";        fi
#110 0.660 strip: /usr/share/nginx/html/chart  37437397 -> 18001395 bytes (saved 19436002, entry points kept: dist-v9/index.html chart.js multichart-prod/chart-embed.html multichart-prod/embed-bridge.js multichart-prod/panel-cmd-bridge.js multichart-prod/sync-bridge.js multichart-prod/multichart-manager.js dist-v9/assets)
#110 DONE 0.7s

#111 [homepage stage-2 5/6] COPY homepage/nginx.local.conf /etc/nginx/conf.d/default.conf
#111 DONE 0.2s

#107 [trading-chart] exporting to image
#107 ...

#112 [homepage stage-2 6/6] COPY securty/nginx-security-headers.conf /etc/nginx/conf.d/security-headers.conf
#112 DONE 0.2s

#107 [trading-chart] exporting to image
#107 ...

#113 [homepage] exporting to image
#113 exporting layers
#113 exporting layers 5.9s done
#113 exporting manifest sha256:e18623eee97ed9ebe88b49867e364989754faaa77907609ea7772dec52cb70ed
#113 exporting manifest sha256:e18623eee97ed9ebe88b49867e364989754faaa77907609ea7772dec52cb70ed 0.0s done
#113 exporting config sha256:a4fb23aa33c0c25d89a24465528ad1140173cdda00e8bdfd0c289e30cb0a0591 0.0s done
#113 exporting attestation manifest sha256:d8107517a3d6aa88e4e9d51a70696e6fa108203aa7ac5f62029c11dbec711077
#113 exporting attestation manifest sha256:d8107517a3d6aa88e4e9d51a70696e6fa108203aa7ac5f62029c11dbec711077 0.1s done
#113 exporting manifest list sha256:2aa4618e71626f73ffc8cb9313e5ccc53ece7ae60462856378d5d10110fbf273 0.0s done
#113 naming to docker.io/library/talaria-homepage:canary-20260803b126 done
#113 unpacking to docker.io/library/talaria-homepage:canary-20260803b126
#113 unpacking to docker.io/library/talaria-homepage:canary-20260803b126 1.3s done
#113 DONE 7.6s

#107 [trading-chart] exporting to image
#107 ...

#114 [homepage] resolving provenance for metadata file
#114 DONE 0.1s

#107 [trading-chart] exporting to image
#107 exporting layers 122.8s done
#107 exporting manifest sha256:a3fca32bc8690c6afb33b76571758d2a949f8d9af5a0db1126c57b1b0353dfad
#107 exporting manifest sha256:a3fca32bc8690c6afb33b76571758d2a949f8d9af5a0db1126c57b1b0353dfad 0.1s done
#107 exporting config sha256:075c75e41ff891f54363905ceaf60987b56acc2599be0c1205b214f2a3d8d01e
#107 exporting config sha256:075c75e41ff891f54363905ceaf60987b56acc2599be0c1205b214f2a3d8d01e 0.0s done
#107 exporting attestation manifest sha256:db99e45d84f63545f93b75fe582cb0ffac2bafaf16ce23e1e53c0e099de32dfb 0.1s done
#107 exporting manifest list sha256:be0e7c7f7da0182cdb3307fbc507da43eb7dfc91166e26fcb36bea7449494cb5
#107 exporting manifest list sha256:be0e7c7f7da0182cdb3307fbc507da43eb7dfc91166e26fcb36bea7449494cb5 0.0s done
#107 naming to docker.io/library/talaria-trading-chart:canary-20260803b126 done
#107 unpacking to docker.io/library/talaria-trading-chart:canary-20260803b126
#107 unpacking to docker.io/library/talaria-trading-chart:canary-20260803b126 49.8s done
#107 DONE 172.9s

#115 [trading-chart] resolving provenance for metadata file
#115 DONE 0.4s
 Image talaria-trading-chart:canary-20260803b126 Built 
 Image talaria-homepage:canary-20260803b126 Built 
BUILD_DONE=2026-08-04T12:33:04Z
Error response from daemon: No such image: talaria-trading-chart:latest
